ActiveEnchantedItem_Spells_ovr142_32D	DataCopy_seg005_105F_36BD
AddAnimationOverlay_seg044_368F_43E	GetNextOrLinkedObject_seg029_2A8E_8BE
AddFileToTable_seg005_105F_7FC	MaybeGetFreeOffset_seg005_105F_7DA
AddFileToTable_seg005_105F_7FC	OpenAndAddHandleToFileTable_seg005_105F_742
AddImportedFunction_ovr095_2046	StringCompare_seg017_2179_1F7
AddItemToContainer_ovr121_B76	AddRuneStonesToRuneBag_ovr123_0
AddItemToContainer_ovr121_B76	AddToFreeObjectLists_seg029_2A8E_508
AddItemToContainer_ovr121_B76	CanObjectBeAddedToSlot_ovr125_BB1
AddItemToContainer_ovr121_B76	CanObjectStackInContainer_ovr125_12AC
AddItemToContainer_ovr121_B76	GetNextOrLinkedObject_seg029_2A8E_8BE
AddItemToContainer_ovr121_B76	GetObjectMass_ovr124_DF2
AddItemToContainer_ovr121_B76	LinkObjectToList_seg029_2A8E_5FA
AddItemToContainer_ovr121_B76	OpenFont_ovr118_772BW_9B
AddItemToContainer_ovr121_B76	PrintStringFromBlock1_seg039_3452_4A4
AddItemToContainer_ovr121_B76	ReverseObjectLookup_seg029_2A8E_927
AddItemToContainer_ovr121_B76	UpdateInventorySlots_ovr121_4D8
AddRuneStonesToRuneBag_ovr123_0	AddToFreeObjectLists_seg029_2A8E_508
AddTimeToClock_ovr110_949	BitLShift_seg005_105F_35D3
AddTimeToClock_ovr110_949	BitShiftR_AXDX_BY_CX_seg005_105F_3614
AddTimeToClock_ovr110_949	Divide32BitNumbers_cx1_seg005_105F_352C
AddTimeToClock_ovr110_949	ModulusDivision_seg005_105F_353C
AddTimeToClock_ovr110_949	ProcessSCDARK_ovr151_3A6
AddToFreeObjectLists_seg029_2A8E_508	Divide32BitNumbers_seg005_105F_3525
AddToFreeObjectLists_seg029_2A8E_508	MakeObjectTheCamera_ovr143_D46
AddToFreeObjectLists_seg029_2A8E_508	RemoveFromMobilesList_seg029_2A8E_AB8
AdvanceSkill_ovr154_273	ClearHeadingBit2FromAllObjects_ovr110_280F
AdvanceSkill_ovr154_273	GetGoverningStatForSkill_ovr154_194
AdvanceSkill_ovr154_273	RNG_seg005_105F_DE7
AllocateMemoryBlockOfSize_seg005_2716	File_Error_Handler_seg005_1C27
AllocateMemory_seg042_35ED_151	MapMemory_seg013_1D3C_C7
AltarasWand_ovr157_19B1	PlaySoundEffectAtAvatar_seg016_1E73_1DB2
AltarasWand_ovr157_19B1	PrintStringFromBlock1_seg039_3452_4A4
AltarasWand_ovr157_19B1	RunCodeOnTargetsAroundObject_ovr156_13AF
AltarasWand_ovr157_1A0A	AddToFreeObjectLists_seg029_2A8E_508
AltarasWand_ovr157_1A0A	SpawnClass7_ObjectAtTarget_seg044_368F_B8D
AltarasWand_ovr157_1A0A	UnlinkObjectFromLinkedList_seg029_2A8E_684
AngerNPCByIllegalAction_ovr107_EAB	AppendItemName_seg039_3452_327
AngerNPCByIllegalAction_ovr107_EAB	AppendString_seg039_3452_90B
AngerNPCByIllegalAction_ovr107_EAB	GetStringByID_seg039_3452_8E
AngerNPCByIllegalAction_ovr107_EAB	TestBetweenCoordinates_seg006_1413_22F7
AngerNPCByIllegalAction_ovr107_EAB	WriteTextToMessageScroll_seg043_3619_1A0
AnimoUpdate_seg044_368F_55C	GetNextOrLinkedObject_seg029_2A8E_8BE
AnimoUpdate_seg044_368F_55C	MovingDoor_seg044_368F_EAA
AnimoUpdate_seg044_368F_55C	RNG_seg005_105F_DE7
AppendItemName_seg039_3452_327	CopyStringToLocation_seg017_2179_13F
AppendItemName_seg039_3452_327	GetStringByID_seg039_3452_8E
AppendItemName_seg039_3452_327	SplitObjectNames_seg039_3452_3ED
Append_ovr095_D0A	CopyStringToLocation_seg017_2179_13F
Append_ovr095_D0A	CreateAGameString_seg039_3452_117
Append_ovr095_D0A	GetConvoMemoryValue_ovr095_2007
Append_ovr095_D0A	GetStringByID_seg039_3452_8E
Append_ovr095_D0A	MaybeAllocateSpace_ovr095_86
Append_ovr095_D0A	StrLen_seg017_2179_109
ApplyAttitudeChangingSpellToNPC__ovr156_95A	ScaleDamageAgainstObject_seg025_26A1_493
ApplyAttitudeChangingSpellToNPC__ovr156_95A	SetGoalAndGTargForNPC_ovr107_0
ApplyAttitudeChangingSpellToNPC__ovr156_95A	SpawnClass7_ObjectAtTarget_seg044_368F_B8D
ApplyCutscenePalette_ovr118_19F	ApplyPalette_seg017_2179_220
ApplyCutscenePalette_ovr118_19F	MoveDataBySize_seg005_105F_1DF9
ApplyDefenceStealthBonuses_ovr142_615	ProbablyLoadSpellIconArt_seg037_32C0_1141
ApplyDefenceStealthBonuses_ovr142_615	RetrieveActiveSpells_ovr142_591
ApplyPlayerMotion_seg008_1B09_D1D	CheckIfPlayerIsNoLongerLost_seg008_1B09_1019
ApplyPlayerMotion_seg008_1B09_D1D	DamageObject_seg025_527
ApplyPlayerMotion_seg008_1B09_D1D	PlacePlayerInTile_seg008_1B09_137B
ApplyPlayerMotion_seg008_1B09_D1D	PlaySoundEffectAtAvatar_seg016_1E73_1DB2
ApplyPlayerMotion_seg008_1B09_D1D	PressureTriggerZChange_seg008_1B09_14B1
ApplyPlayerMotion_seg008_1B09_D1D	ProcessPlayerTileState_seg008_1B09_3F
ApplyPlayerMotion_seg008_1B09_D1D	SkillCheck_seg038_342C_9
ApplyProjectileMotion_seg030_2BB7_689	DamageObject_seg025_527
ApplyProjectileMotion_seg030_2BB7_689	GetTile_seg036_32A9_F
ApplyProjectileMotion_seg030_2BB7_689	InsertObjectToList_seg029_2A8E_58C
ApplyProjectileMotion_seg030_2BB7_689	MoveObjectToMobileObjectList_seg030_2BB7_B0C
ApplyProjectileMotion_seg030_2BB7_689	ObjectHitsFloorTile_seg030_2BB7_DDF
ApplyProjectileMotion_seg030_2BB7_689	PlacedObjectCollision_seg030_2BB7_10BC
ApplyProjectileMotion_seg030_2BB7_689	PlaySoundEffectAtObject_seg016_1E73_1E7E
ApplyProjectileMotion_seg030_2BB7_689	PressureTriggerZChange_seg008_1B09_14B1
ApplyProjectileMotion_seg030_2BB7_689	RNG_seg005_105F_DE7
ApplyProjectileMotion_seg030_2BB7_689	RunPressureEnterExitTriggersInChain_ovr166_28F3
ApplyProjectileMotion_seg030_2BB7_689	UnlinkObjectFromLinkedList_seg029_2A8E_684
ApplyProjectileMotion_seg030_2BB7_689	seg030_2BB7_107A
ApplyWaterCurrentIceSliding_seg008_1B09_5C4	Divide32BitNumbers_seg005_105F_3525
ApplyWaterCurrentIceSliding_seg008_1B09_5C4	GetSquareRoot_seg021_22FD_F3F
ApplyWaterCurrentIceSliding_seg008_1B09_5C4	GetVectorForDirection_seg021_22FD_E63
ApplyWaterCurrentIceSliding_seg008_1B09_5C4	MaybeGetTangent_seg021_22FD_EFB
ApplyWaterCurrentIceSliding_seg008_1B09_5C4	MultiplyAXByBX_seg005_105F_350B
ArrowTrap_seg027_2856_858	MakeASound_seg016_1E73_1EE7
ArrowTrap_seg027_2856_858	PrepareProjectileObject_seg027_2856_8DA
AttackGoalSearchForTarget_seg007_17A2_C7E	NPC_GOTO_seg006_1413_3008
AttackGoalSearchForTarget_seg007_17A2_C7E	RNG_seg005_105F_DE7
AttackGoalSearchForTarget_seg007_17A2_C7E	ResetGoalAndTarget_seg007_17A2_31AE
AttackGoalSearchForTarget_seg007_17A2_C7E	SearchForGoalTarget_seg007_17A2_18AD
AttackGoalSearchForTarget_seg007_17A2_C7E	SetNPCTargetDestination_seg006_1413_2F51
AttackerAppliesFinalDamage_seg024_24E9_983	DamageObject_seg025_527
AttackerAppliesFinalDamage_seg024_24E9_983	DiceRoll_seg041_35D7_11F
AttackerAppliesFinalDamage_seg024_24E9_983	Divide32BitNumbers_seg005_105F_3525
AttackerAppliesFinalDamage_seg024_24E9_983	LoadSoundEffectAtCoordinate_seg016_1E73_1C50
AttackerAppliesFinalDamage_seg024_24E9_983	LookupObjectByIndex_seg029_2A8E_971
AttackerAppliesFinalDamage_seg024_24E9_983	PlaySoundEffectAtAvatar_seg016_1E73_1DB2
AttackerAppliesFinalDamage_seg024_24E9_983	RNG_seg005_105F_DE7
AttackerAppliesFinalDamage_seg024_24E9_983	SetScreenShake_seg035_31AB_CA3
AttackerAppliesFinalDamage_seg024_24E9_983	SpawnClass7_ObjectAtTarget_seg044_368F_B8D
AttackerAppliesFinalDamage_seg024_24E9_983	UpdateUIAnim_seg037_32C0_2C8
AutomapRelated_ovr094_BDF	ChangeCursor_seg015_1D7C_67D
AutomapRelated_ovr094_BDF	CopyStringToLocation_seg017_2179_13F
AutomapRelated_ovr094_BDF	GetCommand_seg015_1D7C_5A1
AutomapRelated_ovr094_BDF	GetMouseButtonStatus_seg015_1D7C_287
AutomapRelated_ovr094_BDF	GetPositionIn3dWindow_seg015_1D7C_1FB
AutomapRelated_ovr094_BDF	LikelyDrawCursor_seg015_1D7C_C0
AutomapRelated_ovr094_BDF	LikelyResetCursor_seg015_1D7C_6AF
AutomapRelated_ovr094_BDF	MouseClickRelated_seg015_1D7C_2A9
AutomapRelated_ovr094_BDF	OpenFont_ovr118_772BW_9B
AutomapRelated_ovr094_BDF	SomethingWithMousePos_seg015_1D7C_DA7
AutomapRelated_ovr094_BDF	WriteMapNotesToScreen_ovr094_1147
AutomapRelated_ovr094_BDF	WriteTextToScreen_seg003_0272_446D
AutomapRelated_ovr094_BDF	WritingTextToScreen_seg003_0272_454B
AutomapRelated_ovr094_BDF	ovr094_155B
AutomapRelated_ovr094_BDF	ovr094_A19
AutomapRelated_ovr094_BDF	ovr094_B11
AutomapRelated_ovr094_BDF	seg003_0272_48F4
AutomapRelated_ovr094_BDF	seg003_0272_4CF2
AutomapRelated_ovr094_BDF	seg005_105F_142C
AutomapRelated_ovr094_BDF	seg015_1D7C_25A
AutomapRelated_ovr094_BDF	seg015_1D7C_3B0
AutomapRelated_ovr094_BDF	seg015_1D7C_4AE
AutomapRelated_ovr094_BDF	seg015_1D7C_D6
AvatarIsACowardInThePits_ovr110_46AF	LookupObjectByIndex_seg029_2A8E_971
AvatarIsACowardInThePits_ovr110_46AF	TalkTo_ovr103_0
AwakeFromVoidDream_ovr154_145D	PrintStringFromBlock1_seg039_3452_4A4
AwakeFromVoidDream_ovr154_145D	ReinitialisePlayerOnLevelOrPositionChange_seg008_1B09_AD8
AwakeFromVoidDream_ovr154_145D	SetGameLoopBitField_seg012_1D31_AE
AwakeFromVoidDream_ovr154_145D	Teleport_ovr110_9C2
AwakeFromVoidDream_ovr154_145D	ovr154_1401
AwardKillEXP_seg024_24E9_1AF7	ChangeThemeMusic_seg016_1E73_2B0C
AwardKillEXP_seg024_24E9_1AF7	DiceRoll_seg041_35D7_11F
AwardKillEXP_seg024_24E9_1AF7	Divide32BitNumbers_seg005_105F_3525
AwardKillEXP_seg024_24E9_1AF7	Experience_seg038_342C_45
AwardKillEXP_seg024_24E9_1AF7	MultiplyAXByBX_seg005_105F_350B
AwardKillEXP_seg024_24E9_1AF7	RNG_seg005_105F_DE7
BeginConversation_ovr103_1F0	AppendItemName_seg039_3452_327
BeginConversation_ovr103_1F0	CopyStringToLocation_seg017_2179_13F
BeginConversation_ovr103_1F0	DrawArtToScreen_seg003_0272_4FC2
BeginConversation_ovr103_1F0	ErrorCanNoLongerRun_ovr114_D1
BeginConversation_ovr103_1F0	GetStringByID_seg039_3452_8E
BeginConversation_ovr103_1F0	GraphicsCall_seg003_0272_46E6
BeginConversation_ovr103_1F0	InitConversation_ovr103_53C
BeginConversation_ovr103_1F0	LikelyDrawCursor_seg015_1D7C_C0
BeginConversation_ovr103_1F0	LoadArtImage_ovr119_548
BeginConversation_ovr103_1F0	LoadBitmapFromBytArk_ovr150_4A
BeginConversation_ovr103_1F0	MaybeApplyPalette_seg003_0272_46AA
BeginConversation_ovr103_1F0	MaybeSetScreenSize_seg015_1D7C_3CD
BeginConversation_ovr103_1F0	OpenFont_ovr118_772BW_9B
BeginConversation_ovr103_1F0	PickLevelThemeMusic_seg016_1E73_2B1E
BeginConversation_ovr103_1F0	ProbablyInitConversationUI_ovr125_48
BeginConversation_ovr103_1F0	RefreshMusic_seg016_1E73_2BB2
BeginConversation_ovr103_1F0	ResetPaperInventoryPanel_seg026_2716_12F
BeginConversation_ovr103_1F0	WriteTextToScreen_seg003_0272_446D
BeginConversation_ovr103_1F0	WritingTextToScreen_seg003_0272_454B
BeginConversation_ovr103_1F0	seg000_330
BeginConversation_ovr103_1F0	seg003_0272_48F4
BeginConversation_ovr103_1F0	seg003_0272_4CF2
BeginConversation_ovr103_1F0	seg015_1D7C_D6
BeginConversation_ovr103_1F0	seg042_35ED_176
BeginConversation_ovr103_1F0	seg042_35ED_1DE
BeginConversation_ovr103_1F0	seg043_3619_38
BeginConversation_ovr103_1F0	seg043_3619_4E
BeginLoadStringsPak_seg039_4	LoadFileStringsPak_seg039_547
BeginLoadStringsPak_seg039_4	MaybeErrorHandler_ovr114_AB
BlackRockGemsUsedOnWorldGemovr138_1B9	LikelyResetCursor_seg015_1D7C_6AF
BlackRockGemsUsedOnWorldGemovr138_1B9	PlaySoundEffectAtAvatar_seg016_1E73_1DB2
BlackRockGemsUsedOnWorldGemovr138_1B9	PrintStringFromBlock1_seg039_3452_4A4
BlackRockGemsUsedOnWorldGemovr138_1B9	RemoveUsedObject_seg040_34E7_383
BleedingSpellCast_ovr156_CC6	DirectDamageSpellWithVulnerability_ovr156_B44
BleedingSpellCast_ovr156_CC6	PrintStringFromBlock1_seg039_3452_4A4
BounceOtherObject_seg030_2BB7_8	ApplyProjectileMotion_seg030_2BB7_689
BounceOtherObject_seg030_2BB7_8	InitMotionParams_seg030_2BB7_43D
BridgeTrapCreate_ovr166_2D4A	GetNextOrLinkedObject_seg029_2A8E_8BE
BridgeTrapCreate_ovr166_2D4A	GetTile_seg036_32A9_F
BridgeTrapCreate_ovr166_2D4A	MoveObjectToCoordinates_seg028_2941_1245
BridgeTrapCreate_ovr166_2D4A	PrepareNewObject_seg036_32A9_44
BridgeTrapRemove_ovr166_2E78	AddToFreeObjectLists_seg029_2A8E_508
BridgeTrapRemove_ovr166_2E78	GetNextOrLinkedObject_seg029_2A8E_8BE
BridgeTrapRemove_ovr166_2E78	GetTile_seg036_32A9_F
BridgeTrapRemove_ovr166_2E78	UnlinkObjectFromLinkedList_seg029_2A8E_684
BritanniaGoesDry_ovr110_2B6E	CallFunctionOnObjectsInChain_seg029_2A8E_117
BritanniaGoesDry_ovr110_2B6E	Divide32BitNumbers_seg005_105F_3525
BritanniaGoesDry_ovr110_2B6E	FindObjectWithSpecificProps_seg029_2A8E_D79
BritanniaGoesDry_ovr110_2B6E	GetNextOrLinkedObject_seg029_2A8E_8BE
BritanniaGoesDry_ovr110_2B6E	GetTile_seg036_32A9_F
BritanniaGoesDry_ovr110_2B6E	InsertObjectToList_seg029_2A8E_58C
BritanniaGoesDry_ovr110_2B6E	MultiplyAXByBX_seg005_105F_350B
BritanniaGoesDry_ovr110_2B6E	PrepareNewObject_seg036_32A9_44
BritanniaGoesDry_ovr110_2B6E	RNG_seg005_105F_DE7
BritanniaGoesDry_ovr110_2B6E	RemoveObject_seg029_2A8E_704
BritanniaGoesDry_ovr110_2B6E	TestIfObjectFitsInTile_seg028_2941_1021
BuildArkDataFileName_ovr093_779D_2BA	CombineStrings_seg005_27F3
BuildArkDataFileName_ovr093_779D_2BA	StoreStringInLocation_seg005_105F_2891
BuildObjectIdentificationString_ovr126_36A	CombineStrings_seg005_27F3
BuildObjectIdentificationString_ovr126_36A	GetItemEnchantment_seg040_34E7_C69
BuildObjectIdentificationString_ovr126_36A	GetStringByID_seg039_3452_8E
BuildObjectIdentificationString_ovr126_36A	MoveDataBySize_seg005_105F_1DF9
BuildObjectIdentificationString_ovr126_36A	STRLEN_Seg005_105F_28B5
BuildObjectIdentificationString_ovr126_36A	StrLen_seg017_2179_109
CalcFlankingBonus_seg024_24E9_E74	LookupObjectByIndex_seg029_2A8E_971
CalculateAttackResults_seg024_24E9_737	CheckForPoisonableDamageWeapons_seg024_24E9_6D4
CalculateAttackResults_seg024_24E9_737	DiceRoll_seg041_35D7_11F
CalculateAttackResults_seg024_24E9_737	Divide32BitNumbers_seg005_105F_3525
CalculateAttackResults_seg024_24E9_737	EquipmentDamage_ovr124_C26
CalculateAttackResults_seg024_24E9_737	FlashColour_ovr118_562
CalculateAttackResults_seg024_24E9_737	GetItemInSlot_ovr124_15
CalculateAttackResults_seg024_24E9_737	LookupObjectByIndex_seg029_2A8E_971
CalculateAttackResults_seg024_24E9_737	MultiplyAXByBX_seg005_105F_350B
CalculateAttackResults_seg024_24E9_737	RNG_seg005_105F_DE7
CalculateAttackResults_seg024_24E9_737	SkillCheck_seg038_342C_9
CalculateAttackScorePlayer_seg024_24E9_113F	GetItemEnchantment_seg040_34E7_C69
CalculateHealthManaWeightValues_ovr154_93	ManaChange_ovr156_33F
CalculateMotionTopLevel_seg006_1413_D6A	CalculateMotion_seg031_2CFA_C
CalculateMotion_seg031_2CFA_C	DoTileCollisionMaybe_seg031_2CFA_179C
CalculateMotion_seg031_2CFA_C	InitialMotionCalc_seg031_2CFA_412
CalculateMotion_seg031_2CFA_C	ProcessCollisions_seg031_2CFA_12B8
CalculateMotion_seg031_2CFA_C	StoreNewXYZH_seg031_2CFA_800
CalculateRNGSeeds_seg005_105F_108C	GetTimezone_seg005_105F_2960
CalculateRNGSeeds_seg005_105F_108C	Multiply_DxAx_By_CxBx_seg005_105F_395B
CalculateRNGSeeds_seg005_105F_108C	SomeDateCalc_seg005_105F_2AE1
CalculateSoundFallOffToPlayer_seg016_1E73_D81	Divide32BitNumbers_seg005_105F_3525
CalculateSoundFallOffToPlayer_seg016_1E73_D81	GetSquareRoot_seg021_22FD_F3F
CalculateSoundFallOffToPlayer_seg016_1E73_D81	GetVectorForDirection_seg021_22FD_E63
CalculateSoundFallOffToPlayer_seg016_1E73_D81	MultiplyAXByBX_seg005_105F_350B
CallFunctionOnObjectsInChain_seg029_2A8E_117	GetNextOrLinkedObject_seg029_2A8E_8BE
CallSomeFunction_ovr118_472	LikelyDrawCursor_seg015_1D7C_C0
CallSomeFunction_ovr118_472	MoveDataBySize_seg005_105F_1DF9
CallSomeFunction_ovr118_472	seg015_1D7C_D6
CallSomeFunction_ovr118_472	seg021_22FD_C84
CallSomeFunction_ovr118_472	seg037_32C0_16AA
CallSomeFunction_ovr118_472	seg042_35ED_176
CallSomeFunction_ovr118_472	seg042_35ED_1DE
CallSomeFunction_ovr118_472	seg042_35ED_233
CallbackFunctionSleepRelated_seg021_22FD_CB7	seg003_0272_764
Callback_seg021_22FD_CEA	seg003_0272_788
CanObjectBeAddedToSlot_ovr125_BB1	AppendItemName_seg039_3452_327
CanObjectBeAddedToSlot_ovr125_BB1	GetNextOrLinkedObject_seg029_2A8E_8BE
CanObjectBeAddedToSlot_ovr125_BB1	GetObjectDatForItem_ovr134_F5
CanObjectBeAddedToSlot_ovr125_BB1	GetObjectMass_ovr124_DF2
CanObjectBeAddedToSlot_ovr125_BB1	GetTotalMassOfObjectList_ovr121_1019
CanObjectBeAddedToSlot_ovr125_BB1	PrintStringFromBlock1_seg039_3452_4A4
CanObjectBeAddedToSlot_ovr125_BB1	WriteTextToMessageScroll_seg043_3619_1A0
CancelActiveSpell_ovr135_0	ChangeReferenceToCameraObject_ovr143_C4D
CancelAttack_seg024_24E9_130F	LikelyResetCursor_seg015_1D7C_6AF
CancelAttack_seg024_24E9_130F	MaybeCancelWeaponSwingAnim_seg024_24E9_12E0
CastSpellFromObject_seg040_34E7_998	GetItemEnchantment_seg040_34E7_C69
CastSpellFromObject_seg040_34E7_998	MagicObjectUpdateCharge_seg040_34E7_E11
CastSpellFromObject_seg040_34E7_998	PlaySoundEffectAtAvatar_seg016_1E73_1DB2
CastSpellFromObject_seg040_34E7_998	PrintStringFromBlock1_seg039_3452_4A4
CastSpellFromObject_seg040_34E7_998	SpellTrap_ovr110_14DB
CastSpell_ovr156_C9	ChangeCursor_seg015_1D7C_67D
CastSpell_ovr156_C9	Class4_HealSpells_ovr156_4F7
CastSpell_ovr156_C9	Class5_ProjectileSpells_ovr156_5CC
CastSpell_ovr156_C9	Class6_Spells_ovr156_14F3
CastSpell_ovr156_C9	Class7_SpellCast_ovr156_15E0
CastSpell_ovr156_C9	Class8Summoning_Spells_ovr157_CAB
CastSpell_ovr156_C9	Class9Spells_CursedObjects_ovr156_53E
CastSpell_ovr156_C9	ClassB_Spells_ovr157_1618
CastSpell_ovr156_C9	ClassD_Spells_ovr156_19FF
CastSpell_ovr156_C9	GetNoMagicTileBit_ovr156_29
CastSpell_ovr156_C9	LoopAnimationOverlaysAndTimers_seg044_368F_719
CastSpell_ovr156_C9	ManaChange_ovr156_33F
CastSpell_ovr156_C9	PlayCutscene_ovr108_2DC5
CastSpell_ovr156_C9	PlayerStatusEffectSpells_ovr135_6C8
CastSpell_ovr156_C9	PrintStringFromBlock1_seg039_3452_4A4
CastSpell_ovr156_C9	StopFalling_seg008_1B09_120F
CastleNPC_Schedule_ovr107_1409	BitShiftR_AXDX_BY_CX_seg005_105F_3614
CastleNPC_Schedule_ovr107_1409	DataCopy_seg005_105F_36BD
CastleNPC_Schedule_ovr107_1409	Divide32BitNumbers_cx1_seg005_105F_352C
CastleNPC_Schedule_ovr107_1409	RNG_seg005_105F_DE7
CauseFear_ovr156_EC0	ApplyAttitudeChangingSpellToNPC__ovr156_95A
ChangeCameraRoll_ovr143_F58	LookUpDown_ovr143_EFD
ChangeCursor_seg015_1D7C_67D	LikelyDrawCursor_seg015_1D7C_C0
ChangeCursor_seg015_1D7C_67D	ProbablyUpdateMouseIcon_seg015_1D7C_745
ChangeCursor_seg015_1D7C_67D	seg015_1D7C_D6
ChangeDetailSetting_ovr136_2BC	GraphicsCall_seg003_0272_46E6
ChangeDetailSetting_ovr136_2BC	LikelyDrawCursor_seg015_1D7C_C0
ChangeDetailSetting_ovr136_2BC	RenderScene_seg032_2E9B_2FD
ChangeDetailSetting_ovr136_2BC	UpdateDetailLevelIndirectFunctions_seg019_21BA_5B
ChangeDetailSetting_ovr136_2BC	ovr136_4BB
ChangeDetailSetting_ovr136_2BC	ovr136_809
ChangeDetailSetting_ovr136_2BC	seg015_1D7C_D6
ChangeDetailSetting_ovr136_2BC	seg037_32C0_16AA
ChangeDirectory_seg005_105F_1683	File_Error_Handler_seg005_1C27
ChangeFClassToClosedContainer_ovr121_1A2	LookupObjectByIndex_seg029_2A8E_971
ChangeFromTrap_ovr110_122D	ChangeTile_ovr110_F37
ChangeFromTrap_ovr110_122D	DataCopy_seg005_105F_36BD
ChangeHealth_ovr156_485	RefreshPanels_seg038_342C_201
ChangeHunger_ovr154_102F	ChangeHealth_ovr156_485
ChangeReferenceToCameraObject_ovr143_C4D	ReverseObjectLookup_seg029_2A8E_927
ChangeReferenceToCameraObject_ovr143_C4D	SetGameLoopBitField_seg012_1D31_AE
ChangeShroomPaletteData_ovr152_16E	MoveDataBySize_seg005_105F_1DF9
ChangeShroomPaletteData_ovr152_16E	OpenDataFile_ovr152_0
ChangeThemeToBrittania_ovr094_158E	ChangeThemeToBrittania_seg016_1E73_2B73
ChangeThemeToBrittania_seg016_1E73_2B73	CheckMusicThemeIsPlaying_seg016_1E73_2DB8
ChangeThemeToBrittania_seg016_1E73_2B73	LoadXMIFile_seg016_1E73_174B
ChangeTile_ovr110_F37	GetNextOrLinkedObject_seg029_2A8E_8BE
ChangeTile_ovr110_F37	GetTile_seg036_32A9_F
ChangeTile_ovr110_F37	LowerZposOfObjectInChangingTile_ovr110_D08
ChangeTile_ovr110_F37	RNG_seg005_105F_DE7
ChangeTile_ovr110_F37	RaiseZposOfObjectInChangingTile_ovr110_BD3
ChangeTile_ovr110_F37	SetGameLoopBitField_seg012_1D31_AE
ChangeTile_ovr110_F37	WillObjectMoveWithTileHeightChange_ovr110_E13
CharGenInitClassSkills_ovr101_5BB	CalculateHealthManaWeightValues_ovr154_93
CharGenInitClassSkills_ovr101_5BB	RNG_seg005_105F_DE7
CharGen_ovr101_1078	CalculateHealthManaWeightValues_ovr154_93
CharGen_ovr101_1078	CharGenInitClassSkills_ovr101_5BB
CharGen_ovr101_1078	ChargenPrintCurrentStatSkills_ovr101_4D0
CharGen_ovr101_1078	DrawArtToScreen_seg003_0272_4FC2
CharGen_ovr101_1078	ExtractString_seg005_105F_28CF
CharGen_ovr101_1078	GetSkillChoices_ovr101_291
CharGen_ovr101_1078	GetStringByID_seg039_3452_8E
CharGen_ovr101_1078	GraphicsCall_seg003_0272_46E6
CharGen_ovr101_1078	GraphicsCall_seg003_0272_4B57
CharGen_ovr101_1078	LikelyChargenChoice_ovr101_D44
CharGen_ovr101_1078	LikelyDrawCursor_seg015_1D7C_C0
CharGen_ovr101_1078	MaybeApplyPalette_seg003_0272_46AA
CharGen_ovr101_1078	MaybePrintChargenQuestion_ovr101_983
CharGen_ovr101_1078	PrintChargenOptions_ovr101_694
CharGen_ovr101_1078	RollSkills_ovr101_58E
CharGen_ovr101_1078	SetArrayValues_seg005_105F_1DCA
CharGen_ovr101_1078	StatsScreen_ovr101_380
CharGen_ovr101_1078	WriteTextToScreen_seg003_0272_446D
CharGen_ovr101_1078	WritingTextToScreen_seg003_0272_454B
CharGen_ovr101_1078	seg003_0272_48F4
CharGen_ovr101_1078	seg003_0272_4B1B
CharGen_ovr101_1078	seg003_0272_4CF2
CharGen_ovr101_1078	seg015_1D7C_D6
CharLevelUp_ovr154_11C	CalculateHealthManaWeightValues_ovr154_93
CharLevelUp_ovr154_11C	PrintStringFromBlock1_seg039_3452_4A4
CharLevelUp_ovr154_11C	RedrawStatPanel_ovr158_54D
CharLevelUp_ovr154_11C	WriteTextToMessageScroll_seg043_3619_1A0
CharacterDoorLockAndKeyInteraction_seg040_34E7_7AF	AddToFreeObjectLists_seg029_2A8E_508
CharacterDoorLockAndKeyInteraction_seg040_34E7_7AF	GetLinkedOrNextObjectWithFilter_seg029_2A8E_B6B
CharacterDoorLockAndKeyInteraction_seg040_34E7_7AF	SkillCheck_seg038_342C_9
CharacterDoorLockAndKeyInteraction_seg040_34E7_7AF	TriggerObjectLink_seg040_34E7_A95
CharacterDoorLockAndKeyInteraction_seg040_34E7_7AF	UnlinkObjectFromLinkedList_seg029_2A8E_684
ChargeObjectSpellWithEffectID_ovr157_63E	AddToFreeObjectLists_seg029_2A8E_508
ChargeObjectSpellWithEffectID_ovr157_63E	EnchantmentFailureExplosion_ovr157_54F
ChargeObjectSpellWithEffectID_ovr157_63E	GetLinkedOrNextObjectWithFilter_seg029_2A8E_B6B
ChargeObjectSpellWithEffectID_ovr157_63E	GetObjectDebris_seg025_26A1_444
ChargeObjectSpellWithEffectID_ovr157_63E	MagicObjectUpdateCharge_seg040_34E7_E11
ChargeObjectSpellWithEffectID_ovr157_63E	RNG_seg005_105F_DE7
ChargeObjectSpellWithEffectID_ovr157_63E	UnlinkObjectFromLinkedList_seg029_2A8E_684
ChargenPrintCurrentStatSkills_ovr101_4D0	GetStringByID_seg039_3452_8E
ChargenPrintCurrentStatSkills_ovr101_4D0	Hex2DecimalString_seg005_105F_1D1B
ChargenPrintCurrentStatSkills_ovr101_4D0	WriteTextToScreen_seg003_0272_446D
ChargenPrintCurrentStatSkills_ovr101_4D0	WritingTextToScreen_seg003_0272_454B
ChargenPrintCurrentStatSkills_ovr101_4D0	seg003_0272_48F4
ChargenPrintCurrentStatSkills_ovr101_4D0	seg003_0272_4CF2
Charm_ovr156_9CA	GetStringByID_seg039_3452_8E
Charm_ovr156_9CA	ScaleDamageAgainstObject_seg025_26A1_493
Charm_ovr156_9CA	SetGoalAndGTargForNPC_ovr107_0
Charm_ovr156_9CA	SpawnClass7_ObjectAtTarget_seg044_368F_B8D
CheckCountOfAllObjects_seg029_2A8E_1053	CountObjectsInChain_seg029_2A8E_EDD
CheckCountOfAllObjects_seg029_2A8E_1053	CountObjects_seg029_2A8E_F9A
CheckCountOfAllObjects_seg029_2A8E_1053	InitAnObjectListArray_seg005_105F_2AD
CheckCountOfAllObjects_seg029_2A8E_1053	seg005_105F_36E0
CheckFileDeviceStatus_seg005_1C00	File_Error_Handler_seg005_1C27
CheckForAmmo_seg024_24E9_FA5	AppendItemName_seg039_3452_327
CheckForAmmo_seg024_24E9_FA5	PrintStringFromBlock1_seg039_3452_4A4
CheckForAmmo_seg024_24E9_FA5	SearchInventoryForItem_ovr124_21C
CheckForAmmo_seg024_24E9_FA5	WriteTextToMessageScroll_seg043_3619_1A0
CheckForAttackHit_seg024_24E9_481	GetCoordinateInDirection_seg041_35D7_4E
CheckForAttackHit_seg024_24E9_481	PickBodyHitPoint_seg024_24E9_3
CheckForAttackHit_seg024_24E9_481	ProcessMotionTileHeights_seg028_2941_385
CheckForAttackHit_seg024_24E9_481	ScanForCollisions_seg028_2941_C0E
CheckForAttackHit_seg024_24E9_481	SortCollisions_seg028_2941_ED8
CheckForAttackHit_seg024_24E9_481	SpawnImpactAnimo_seg024_24E9_2CB
CheckForAttackHit_seg024_24E9_481	TestForClosestAttackCollisionHit_seg024_24E9_7C
CheckForTrapTrigger_ovr154_17C0	GetLinkedOrNextObjectWithFilter_seg029_2A8E_B6B
CheckForTrapTrigger_ovr154_17C0	SkillCheck_seg038_342C_9
CheckIfInFrontOfPlayer_ovr113_1EF	GetVectorHeading_seg006_1413_2EC9
CheckIfItemID_Or_ContainsItemID_seg029_2A8E_C6B	GetLinkedOrNextObjectWithFilter_seg029_2A8E_B6B
CheckIfMatchingRace_ovr110_3BBC	ScaleDamageAgainstObject_seg025_26A1_493
CheckIfMobileBit_D_8_1BB8_ovr166_269C	RunCodeOnTargetsAroundObject_ovr156_13AF
CheckIfPlayerCanReachAtDistance_seg026_2716_154	Divide32BitNumbers_seg005_105F_3525
CheckMusicThemeIsPlaying_seg016_1E73_2DB8	FindAndPushAdvEntryAE_seg022_2405_C81
CheckSpaceAllocationForUWAD_seg005_105F_351	AllocateMemoryBlockOfSize_seg005_2716
CheckWeightOnPressureTrigger_seg029_2A8E_DAD	GetNextOrLinkedObject_seg029_2A8E_8BE
CheckifWeightCanBeCarried_ovr124_E89	GetObjectMass_ovr124_DF2
ChooseMeleeAttackToMake_seg007_17A2_9A7	ChangeNPCHeadings_seg007_17A2_89
ChooseMeleeAttackToMake_seg007_17A2_9A7	GetVectorHeading_seg006_1413_2EC9
ChooseMeleeAttackToMake_seg007_17A2_9A7	RNG_seg005_105F_DE7
Class4_HealSpells_ovr156_4F7	ChangeHealth_ovr156_485
Class4_HealSpells_ovr156_4F7	DiceRoll_seg041_35D7_11F
Class5_ProjectileSpells_ovr156_5CC	ApplyManaCost_ovr156_0
Class5_ProjectileSpells_ovr156_5CC	DataCopy_seg005_105F_36BD
Class5_ProjectileSpells_ovr156_5CC	PrintStringFromBlock1_seg039_3452_4A4
Class5_ProjectileSpells_ovr156_5CC	ProjectileSpell_seg027_2856_342
Class6_Spells_ovr156_14F3	DataCopy_seg005_105F_36BD
Class6_Spells_ovr156_14F3	RunCodeOnTargetsAroundObject_ovr156_13AF
Class7Spells_Group1_ovr156_163C	ApplyManaCost_ovr156_0
Class7Spells_Group1_ovr156_163C	CanObjectBeRepaired_ovr157_B70
Class7Spells_Group1_ovr156_163C	CharacterDoorLockAndKeyInteraction_seg040_34E7_7AF
Class7Spells_Group1_ovr156_163C	CheckForTrapTrigger_ovr154_17C0
Class7Spells_Group1_ovr156_163C	EnchantObject_ovr157_7EB
Class7Spells_Group1_ovr156_163C	FindItemInMapByClassWithPosition_seg029_2A8E_CD4
Class7Spells_Group1_ovr156_163C	GetTile_seg036_32A9_F
Class7Spells_Group1_ovr156_163C	LikelyResetCursor_seg015_1D7C_6AF
Class7Spells_Group1_ovr156_163C	LookDescription_ovr126_75BD_0
Class7Spells_Group1_ovr156_163C	MouseClickRelated_seg015_1D7C_2A9
Class7Spells_Group1_ovr156_163C	ObjectDescription_ovr126_E9B
Class7Spells_Group1_ovr156_163C	PrintStringFromBlock1_seg039_3452_4A4
Class7Spells_Group1_ovr156_163C	RefreshPlayerStatus_ovr142_732
Class7Spells_Group1_ovr156_163C	ReinitialisePlayerOnLevelOrPositionChange_seg008_1B09_AD8
Class7Spells_Group1_ovr156_163C	RemoveObject_seg029_2A8E_704
Class7Spells_Group1_ovr156_163C	SetGameLoopBitField_seg012_1D31_AE
Class7Spells_Group1_ovr156_163C	Teleport_ovr110_9C2
Class7Spells_Group1_ovr156_163C	TrapDisarming_ovr154_1857
Class7Spells_Group1_ovr156_163C	WriteTextToMessageScroll_seg043_3619_1A0
Class7_Group0to7_ovr156_1545	ApplyManaCost_ovr156_0
Class7_Group0to7_ovr156_1545	LikelyResetCursor_seg015_1D7C_6AF
Class7_Group0to7_ovr156_1545	MouseClickRelated_seg015_1D7C_2A9
Class7_Group0to7_ovr156_1545	ReverseObjectLookup_seg029_2A8E_927
Class7_SpellCast_ovr156_15E0	ChangeCursor_seg015_1D7C_67D
Class8Summoning_Spells_ovr157_CAB	GetCoordinateInDirection_seg041_35D7_4E
Class8Summoning_Spells_ovr157_CAB	GetTile_seg036_32A9_F
Class8Summoning_Spells_ovr157_CAB	InitCritter_ovr104_5E
Class8Summoning_Spells_ovr157_CAB	InitMobileObject_seg030_2BB7_C27
Class8Summoning_Spells_ovr157_CAB	InsertObjectToList_seg029_2A8E_58C
Class8Summoning_Spells_ovr157_CAB	PlacedObjectCollision_seg030_2BB7_10BC
Class8Summoning_Spells_ovr157_CAB	PrepareNewObject_seg036_32A9_44
Class8Summoning_Spells_ovr157_CAB	PrintStringFromBlock1_seg039_3452_4A4
Class8Summoning_Spells_ovr157_CAB	RNG_seg005_105F_DE7
Class8Summoning_Spells_ovr157_CAB	ReverseObjectLookup_seg029_2A8E_927
Class8Summoning_Spells_ovr157_CAB	SetGameLoopBitField_seg012_1D31_AE
Class8Summoning_Spells_ovr157_CAB	TestIfObjectFitsInTile_seg028_2941_1021
Class8Summoning_Spells_ovr157_CAB	TestIfStaticOrMobile_seg029_2A8E_A87
Class9Spells_CursedObjects_ovr156_53E	DiceRoll_seg041_35D7_11F
Class9Spells_CursedObjects_ovr156_53E	FlashColour_ovr118_562
Class9Spells_CursedObjects_ovr156_53E	PrintStringFromBlock1_seg039_3452_4A4
ClassB_Spells_ovr157_1618	ChangeHealth_ovr156_485
ClassB_Spells_ovr157_1618	ChangeReferenceToCameraObject_ovr143_C4D
ClassB_Spells_ovr157_1618	ClearObjectList_ovr122_50E
ClassB_Spells_ovr157_1618	ClearRuneBag_ovr123_64
ClassB_Spells_ovr157_1618	ClearSelectedRunes_ovr123_136
ClassB_Spells_ovr157_1618	DiceRoll_seg041_35D7_11F
ClassB_Spells_ovr157_1618	GetCoordinateInDirection_seg041_35D7_4E
ClassB_Spells_ovr157_1618	GetTile_seg036_32A9_F
ClassB_Spells_ovr157_1618	PlaySoundEffectAtObject_seg016_1E73_1E7E
ClassB_Spells_ovr157_1618	PlayerStatusEffectSpells_ovr135_6C8
ClassB_Spells_ovr157_1618	PrintStringFromBlock1_seg039_3452_4A4
ClassB_Spells_ovr157_1618	RedrawPanel_seg037_32C0_12F0
ClassB_Spells_ovr157_1618	RefreshPlayerStatus_ovr142_732
ClassB_Spells_ovr157_1618	ReinitialisePlayerOnLevelOrPositionChange_seg008_1B09_AD8
ClassB_Spells_ovr157_1618	ResetMap_ovr112_2C6
ClassB_Spells_ovr157_1618	ReverseObjectLookup_seg029_2A8E_927
ClassB_Spells_ovr157_1618	RunCodeOnTargetsAroundObject_ovr156_13AF
ClassB_Spells_ovr157_1618	SetGameLoopBitField_seg012_1D31_AE
ClassB_Spells_ovr157_1618	SetScreenShake_seg035_31AB_CA3
ClassB_Spells_ovr157_1618	ShroomsCameraEffects_ovr142_27F
ClassB_Spells_ovr157_1618	Teleport_ovr110_9C2
ClassB_Spells_ovr157_1618	TestIfObjectFitsInTile_seg028_2941_1021
ClassD_Spells_ovr156_19FF	AltarasWand_ovr157_19B1
ClassD_Spells_ovr156_19FF	CastSpell_ovr156_C9
ClassD_Spells_ovr156_19FF	DamageObject_seg025_527
ClassD_Spells_ovr156_19FF	Divide32BitNumbers_seg005_105F_3525
ClassD_Spells_ovr156_19FF	FlashColour_ovr118_562
ClassD_Spells_ovr156_19FF	LookUpDown_ovr143_F7D
ClassD_Spells_ovr156_19FF	MultiplyAXByBX_seg005_105F_350B
ClassD_Spells_ovr156_19FF	PrintStringFromBlock1_seg039_3452_4A4
ClassD_Spells_ovr156_19FF	RNG_seg005_105F_DE7
ClassD_Spells_ovr156_19FF	RefreshPanels_seg038_342C_201
ClassD_Spells_ovr156_19FF	RefreshPlayerStatus_ovr142_732
ClassD_Spells_ovr156_19FF	SetScreenShake_seg035_31AB_CA3
ClassD_Spells_ovr156_19FF	SkillCheck_seg038_342C_9
ClassD_Spells_ovr156_19FF	UpdateAutomapTiles_ovr094_140
ClearAutomap_ovr094_412	SetArrayValues_seg005_105F_1DCA
ClearBitOnAllObjects_ovr107_E5E	LookupObjectByIndex_seg029_2A8E_971
ClearHeadingBit2FromAllObjects_ovr110_280F	CallFunctionOnObjectsInChain_seg029_2A8E_117
ClearHeadingBit2FromAllObjects_ovr110_280F	GetNextOrLinkedObject_seg029_2A8E_8BE
ClearHeadingBit2ovr110_2799	TestIfStaticOrMobile_seg029_2A8E_A87
ClearLinkedList_seg029_2A8E_799	AddToFreeObjectLists_seg029_2A8E_508
ClearLinkedList_seg029_2A8E_799	GetNextOrLinkedObject_seg029_2A8E_8BE
ClearLinkedList_seg029_2A8E_799	RemoveTrapTriggerChain_ovr166_2610
ClearLinkedList_seg029_2A8E_799	UnlinkObjectFromLinkedList_seg029_2A8E_684
ClearObjectList_ovr122_50E	AddToFreeObjectLists_seg029_2A8E_508
ClearObjectList_ovr122_50E	GetNextOrLinkedObject_seg029_2A8E_8BE
ClearObjectList_ovr122_50E	UnlinkObjectFromLinkedList_seg029_2A8E_684
ClearSelectedRunes_ovr123_136	DisplaySelectedRunes_seg037_32C0_1098
ClearSelectedRunes_ovr123_136	SetArrayValues_seg005_105F_1DCA
ClearTilemap_seg029_2A8E_6	ClearPaperDollSlots_ovr125_1EB
ClickOnActiveSpell_ovr123_2B7	CancelActiveSpell_ovr135_0
ClickOnActiveSpell_ovr123_2B7	GetStringByID_seg039_3452_8E
ClickOnActiveSpell_ovr123_2B7	MouseClickRelated_seg015_1D7C_2A9
ClickOnActiveSpell_ovr123_2B7	PrintStringFromBlock1_seg039_3452_4A4
ClickOnActiveSpell_ovr123_2B7	RefreshPlayerStatus_ovr142_732
ClickOnActiveSpell_ovr123_2B7	RetrieveActiveSpells_ovr142_591
ClickOnActiveSpell_ovr123_2B7	WriteTextToMessageScroll_seg043_3619_1A0
ClickOnPanel_seg026_2716_10D6	ProablyRunePanelClick_ovr123_164
ClickOnPanel_seg026_2716_10D6	ProbablyInventoryPanelClick_seg026_2716_FD9
ClickOnPanel_seg026_2716_10D6	ProbablyStatDisplayClick_ovr158_460
ClickOnWeaponInInventory_seg026_2716_13E5	DrawWeapon_seg026_2716_12F6
ClickOnWeaponInInventory_seg026_2716_13E5	PutWeaponAway_seg026_2716_1396
ClockUpdate_seg035_31AB_422	BitShiftR_AXDX_BY_CX_seg005_105F_3614
ClockUpdate_seg035_31AB_422	GameObjectLoop_seg035_31AB_534
ClockUpdate_seg035_31AB_422	LoopAnimationOverlaysAndTimers_seg044_368F_719
CloseAFileInTheOpenFilesTable_seg005_105F_1551	CloseFile_seg005_105F_47D
CloseFileByHandle_seg005_16C7	File_Error_Handler_seg005_1C27
CloseFile_seg005_105F_2FE	CloseFileByHandle_seg005_16C7
CloseFile_seg005_105F_2FE	File_Error_Handler_seg005_1C27
CloseFile_seg005_105F_47D	CloseFile_seg005_105F_2FE
CloseFile_seg005_105F_47D	DeleteFile_seg005_2BC0
CloseFile_seg005_105F_47D	seg005_105F_137F
CloseFile_seg005_105F_47D	seg005_105F_36E0
CloseFile_seg005_105F_47D	seg005_105F_54F
CloseLevArk_ovr093_779D_47F	CloseFile_seg005_105F_2FE
ClosingAutomap_ovr094_39F	ChangeThemeMusic_seg016_1E73_2B0C
ClosingAutomap_ovr094_39F	LikelyDrawCursor_seg015_1D7C_C0
ClosingAutomap_ovr094_39F	LikelyResetCursor_seg015_1D7C_6AF
ClosingAutomap_ovr094_39F	LoadAutoMap_ovr094_328
ClosingAutomap_ovr094_39F	MaybeSetScreenSize_seg015_1D7C_3CD
ClosingAutomap_ovr094_39F	MoveMapNotes_ovr094_1201
ClosingAutomap_ovr094_39F	ProbablyResetScreen_ovr118_E2
ClosingAutomap_ovr094_39F	RefreshMusic_seg016_1E73_2BB2
ClosingAutomap_ovr094_39F	SetPalette_ovr118_171
ClosingAutomap_ovr094_39F	seg015_1D7C_D6
CollectMoneyInTile_ovr110_4D29	GetNextOrLinkedObject_seg029_2A8E_8BE
CollectMoneyInTile_ovr110_4D29	GetTile_seg036_32A9_F
CollectMoneyInTile_ovr110_4D29	RemoveObjectAndChainFromLists_seg029_2A8E_85C
CollectMoneyInTile_ovr110_4D29	UnlinkObjectFromLinkedList_seg029_2A8E_684
CollideObjects_seg030_2BB7_1CE	BounceOtherObject_seg030_2BB7_8
CollideObjects_seg030_2BB7_1CE	LookupObjectByIndex_seg029_2A8E_971
CollideObjects_seg030_2BB7_1CE	ObjectUse_seg040_34E7_F
CollideObjects_seg030_2BB7_1CE	RunTrigger_ovr166_3B
CombatMissImpactSound_seg024_24E9_D39	GetItemInSlot_ovr124_15
CombatMissImpactSound_seg024_24E9_D39	LookupObjectByIndex_seg029_2A8E_971
CombatMissImpactSound_seg024_24E9_D39	PlaySoundEffectAtObject_seg016_1E73_1E7E
Combat_seg026_2716_CB5	PlayerCombat_seg024_24E9_134B
Compare_ovr095_A8B	ConversationTextVariableReplacement_ovr095_F56
Compare_ovr095_A8B	CopyStringToLocation_seg017_2179_13F
Compare_ovr095_A8B	GetConvoMemoryValue_ovr095_2007
Compare_ovr095_A8B	GetStringByID_seg039_3452_8E
Compare_ovr095_A8B	StringCompare_seg017_2179_1F7
Compare_ovr095_A8B	ovr095_21E
Compare_ovr095_A8B	seg039_3452_857
CompressData_ovr153_8C	AllocateDataOffsetsForCompression_ovr153_0
CompressData_ovr153_8C	DataCompression_ovr127_795
Contains_ovr095_BDB	ConversationTextVariableReplacement_ovr095_F56
Contains_ovr095_BDB	GetConvoMemoryValue_ovr095_2007
Contains_ovr095_BDB	GetStringByID_seg039_3452_8E
Contains_ovr095_BDB	StrLen_seg017_2179_109
Contains_ovr095_BDB	seg017_2179_19C
Contains_ovr095_BDB	seg039_3452_857
ConversationTextVariableReplacement_ovr095_F56	CopySubstring_seg017_2179_11F
ConversationTextVariableReplacement_ovr095_F56	FindStringDelimiter_seg017_2179_174
ConversationTextVariableReplacement_ovr095_F56	GetConvoMemoryValue_ovr095_2007
ConversationTextVariableReplacement_ovr095_F56	GetStringByID_seg039_3452_8E
ConversationTextVariableReplacement_ovr095_F56	GetStringReplacementNumberValue_ovr095_11C0
ConversationTextVariableReplacement_ovr095_F56	GetValueAtBasePTRPlusArg0_ovr095_2030
ConversationTextVariableReplacement_ovr095_F56	Hex2DecimalString_seg005_105F_1D1B
ConversationTextVariableReplacement_ovr095_F56	MaybeAllocateSpace_ovr095_86
ConversationTextVariableReplacement_ovr095_F56	ParseNumber_seg005_105F_1597
ConversationTextVariableReplacement_ovr095_F56	StrLen_seg017_2179_109
ConversationTextVariableReplacement_ovr095_F56	ovr095_21E
ConversationTextVariableReplacement_ovr095_F56	ovr095_395
ConversationTextVariableReplacement_ovr095_F56	ovr095_ED7
ConversationVM_ovr095_14F5	CALL_ovr095_1C54
ConversationVM_ovr095_14F5	CallImportedFunction_ovr095_1D44
ConversationVM_ovr095_14F5	ExitConversation_ovr095_14D4
ConversationVM_ovr095_14F5	FETCHM_ovr095_1CAA
ConversationVM_ovr095_14F5	OFFSET_ovr095_1CD7
ConversationVM_ovr095_14F5	OPADD_ovr095_18CF
ConversationVM_ovr095_14F5	OPAND_ovr095_1A83
ConversationVM_ovr095_14F5	OPDIV_ovr095_199E
ConversationVM_ovr095_14F5	OPMOD_ovr095_19EE
ConversationVM_ovr095_14F5	OPMUL_ovr095_192C
ConversationVM_ovr095_14F5	OPNEG_ovr095_1908
ConversationVM_ovr095_14F5	OPOR_ovr095_1A3E
ConversationVM_ovr095_14F5	OPSUB_ovr095_1965
ConversationVM_ovr095_14F5	RESPOND_OP_ovr095_1F4A
ConversationVM_ovr095_14F5	RET_ovr095_1C82
ConversationVM_ovr095_14F5	SAY_OP_ovr095_1EA2
ConversationVM_ovr095_14F5	STO_ovr095_1D11
ConversationVM_ovr095_14F5	STRCMP_ovr095_1DC1
ConversationVM_ovr095_14F5	TSTEQ_ovr095_1BD0
ConversationVM_ovr095_14F5	TSTGE_ovr095_1B0A
ConversationVM_ovr095_14F5	TSTGT_ovr095_1AC8
ConversationVM_ovr095_14F5	TSTLE_ovr095_1B8E
ConversationVM_ovr095_14F5	TSTLT_ovr095_1B4C
ConversationVM_ovr095_14F5	TSTNE_ovr095_1C12
CopyAPalette_ovr118_1CA	ApplyPalette_seg017_2179_220
CopyAPalette_ovr118_1CA	MoveDataBySize_seg005_105F_1DF9
CopyArkFilesToSaveFolder_ovr112_968	CopyFile_ovr149_771E_6EE
CopyConversationCode_ovr095_14B1	MoveDataBySize_seg005_105F_1DF9
CopyDataToFile_ovr093_339	ReadBytesAtFilePtr_seg005_1FCD
CopyDataToFile_ovr093_339	WriteDataToHandleAtPointer_seg005_105F_1458
CopyFile_ovr149_771E_6EE	CloseFile_seg005_105F_2FE
CopyFile_ovr149_771E_6EE	CombineStrings_seg005_27F3
CopyFile_ovr149_771E_6EE	FileAccessFunctions_seg005_105F_1E46
CopyFile_ovr149_771E_6EE	MoveFilePointer_seg005_105F_1C75
CopyFile_ovr149_771E_6EE	StoreStringInLocation_seg005_105F_2891
CopyFile_ovr149_771E_6EE	seg042_35ED_176
CopyFile_ovr149_771E_6EE	seg042_35ED_233
CopyMapPiece_ovr094_1622	DataCopy_seg005_105F_36BD
CopyMapPiece_ovr094_1622	Experience_seg038_342C_45
CopyMapPiece_ovr094_1622	GetMapPieceSegmentNo_ovr094_1598
CopyMapPiece_ovr094_1622	LoadAutoMap_ovr094_328
CopyMapPiece_ovr094_1622	LoadMapNotesData_ovr094_12C6
CopyMapPiece_ovr094_1622	MoveDataBySize_seg005_105F_1DF9
CopyMapPiece_ovr094_1622	MoveMapNotes_ovr094_1201
CopyMapPiece_ovr094_1622	SaveAutomapToArk_ovr094_2D3
CopyMapPiece_ovr094_1622	seg042_35ED_176
CopyMapPiece_ovr094_1622	seg042_35ED_1DE
CopyMapPiece_ovr094_1622	seg042_35ED_233
CopyObjectToSlot_ovr122_41B	DataCopy_seg005_105F_36BD
CopyObjectToSlot_ovr122_41B	GetAvailableObjectAddress_seg029_2A8E_471
CopyObjectToSlot_ovr122_41B	ReverseObjectLookup_seg029_2A8E_927
CopyObjectToSlot_ovr122_41B	ovr122_3A4
CopyObjectToSlot_ovr122_41B	ovr122_3C6
CopyPlayerObject_ovr122_22	ClearLinkedList_seg029_2A8E_799
CopyPlayerObject_ovr122_22	DataCopy_seg005_105F_36BD
CopyPlayerObject_ovr122_22	ProbablyCopyObjectLists_ovr122_256
CopyPlayerObject_ovr122_22	ReverseObjectLookup_seg029_2A8E_927
CopyPlayerObject_ovr122_5C7	CopyObjectToSlot_ovr122_41B
CopyPlayerObject_ovr122_5C7	DataCopy_seg005_105F_36BD
CopyPlayerObject_ovr122_5C7	GetAvailableObjectAddress_seg029_2A8E_471
CopyPlayerPropsFromObjectToPDAT_ovr142_5	GetMusicOption_seg016_1E73_1ABE
CopyPlayerPropsFromObjectToPDAT_ovr142_5	GetSoundEffectOption_seg016_1E73_1AD3
CopyPlayerPropsFromObjectToPDAT_ovr142_5	SaveFileEncryption_ovr167_7DD
CopyPlayerPropsFromObjectToPDAT_ovr142_5	WriteDataToHandleAtPointer_seg005_105F_1458
CopySaveGameFiles_ovr149_771E_7FF	CombineStrings_seg005_27F3
CopySaveGameFiles_ovr149_771E_7FF	CopyFile_ovr149_771E_6EE
CopySaveGameFiles_ovr149_771E_7FF	FindFirstFile_seg005_105F_1823
CopySaveGameFiles_ovr149_771E_7FF	FindNextFile_seg005_105F_1856
CopySaveGameFiles_ovr149_771E_7FF	StoreStringInLocation_seg005_105F_2891
Copy_ovr095_DC7	CopyStringToLocation_seg017_2179_13F
Copy_ovr095_DC7	CreateAGameString_seg039_3452_117
Copy_ovr095_DC7	GetConvoMemoryValue_ovr095_2007
Copy_ovr095_DC7	GetStringByID_seg039_3452_8E
Copy_ovr095_DC7	MaybeAllocateSpace_ovr095_86
Copy_ovr095_DC7	StrLen_seg017_2179_109
CountObjectsInChain_seg029_2A8E_EDD	GetNextOrLinkedObject_seg029_2A8E_8BE
CountObjectsInChain_seg029_2A8E_EDD	ReverseObjectLookup_seg029_2A8E_927
CountObjectsInChain_seg029_2A8E_EDD	TestIfStaticOrMobile_seg029_2A8E_A87
CountObjects_seg029_2A8E_F9A	GetNextOrLinkedObject_seg029_2A8E_8BE
CountObjects_seg029_2A8E_F9A	ReverseObjectLookup_seg029_2A8E_927
CountObjects_seg029_2A8E_F9A	TestIfStaticOrMobile_seg029_2A8E_A87
CreateAnimoForSrcObject_seg044_368F_CE3	AddAnimationOverlay_seg044_368F_43E
CreateAnimoForSrcObject_seg044_368F_CE3	AddToFreeObjectLists_seg029_2A8E_508
CreateAnimoForSrcObject_seg044_368F_CE3	GetTile_seg036_32A9_F
CreateAnimoForSrcObject_seg044_368F_CE3	InsertObjectToList_seg029_2A8E_58C
CreateAnimoForSrcObject_seg044_368F_CE3	PrepareNewObject_seg036_32A9_44
CreateAnimoForSrcObject_seg044_368F_CE3	ReverseObjectLookup_seg029_2A8E_927
CreateCollisionRecord_seg028_2941_A78	DataCopy_seg005_105F_36BD
CreateDirectory_seg005_1DE3	File_Error_Handler_seg005_1C27
CreateFile_seg005_105F_1E1B	File_Error_Handler_seg005_1C27
CreateMoveTriggerAndTrapInTile_ovr166_22E4	AddToFreeObjectLists_seg029_2A8E_508
CreateMoveTriggerAndTrapInTile_ovr166_22E4	GetAvailableObjectAddress_seg029_2A8E_471
CreateMoveTriggerAndTrapInTile_ovr166_22E4	GetTile_seg036_32A9_F
CreateMoveTriggerAndTrapInTile_ovr166_22E4	InsertObjectToList_seg029_2A8E_58C
CreateMoveTriggerAndTrapInTile_ovr166_22E4	ReverseObjectLookup_seg029_2A8E_927
CreateObjectCombinationOutput_ovr102_106	PrepareNewObject_seg036_32A9_44
CreateObjectInHand_seg040_34E7_4B4	ChangeCursor_seg015_1D7C_67D
CreateObjectInHand_seg040_34E7_4B4	PrepareNewObject_seg036_32A9_44
CreateObjectInTile_ovr156_63C	PrepareNewObject_seg036_32A9_44
CreateObjectInTile_ovr156_63C	RNG_seg005_105F_DE7
CreatePitFighters_ovr096_351	GetTile_seg036_32A9_F
CreatePitFighters_ovr096_351	InitCritter_ovr104_5E
CreatePitFighters_ovr096_351	InsertObjectToList_seg029_2A8E_58C
CreatePitFighters_ovr096_351	PrepareNewObject_seg036_32A9_44
CreatePitFighters_ovr096_351	RNG_seg005_105F_DE7
CreatePitFighters_ovr096_351	SetGameLoopBitField_seg012_1D31_AE
CreatePitFighters_ovr096_351	TestIfObjectFitsInTile_seg028_2941_1021
CritterCRxxLoadRelated_ovr117_163	STRLEN_Seg005_105F_28B5
CritterCRxxLoadRelated_ovr117_163	StoreStringInLocation_seg005_105F_2891
CritterCRxxLoadRelated_ovr117_163	seg013_1D3C_E4
Critter_RNG_STR_CHECK_ovr166_2F29	RNG_seg005_105F_DE7
CrunchObjectList_seg029_2A8E_1200	CheckCountOfAllObjects_seg029_2A8E_1053
CrunchObjectList_seg029_2A8E_1200	ClearData_seg017_2179_EE
CrunchObjectList_seg029_2A8E_1200	LookupObjectByIndex_seg029_2A8E_971
CrunchObjectList_seg029_2A8E_1200	PrintErrorToMessageScroll_ovr167_3C1
CullObjects_seg029_2A8E_354	CullingCheckOnObjectChain_seg029_2A8E_314
CullObjects_seg029_2A8E_354	GetNextOrLinkedObject_seg029_2A8E_8BE
CullObjects_seg029_2A8E_354	LookupObjectByIndex_seg029_2A8E_971
CullObjects_seg029_2A8E_354	RemoveObjectAndChainFromLists_seg029_2A8E_85C
CullingCheckOnObjectChain_seg029_2A8E_314	GetNextOrLinkedObject_seg029_2A8E_8BE
CullingCheckOnObjectChain_seg029_2A8E_314	ObjectCullingTest_seg029_2A8E_251
CutsceneBitmap_ovr108_33E0	DataCopy_seg005_105F_36BD
CutsceneBitmap_ovr108_33E0	DrawArtToScreen_seg003_0272_4FC2
CutsceneBitmap_ovr108_33E0	DrawBitmapScreen_seg003_0272_4AC1
CutsceneBitmap_ovr108_33E0	seg003_0272_4A7F
CutsceneDataLoading_ovr108_2B73	ClearData_seg017_2179_EE
CutsceneDataLoading_ovr108_2B73	CloseFile_seg005_105F_2FE
CutsceneDataLoading_ovr108_2B73	DrawBitmapScreen_seg003_0272_4AC1
CutsceneDataLoading_ovr108_2B73	FileAccessFunctions_seg005_105F_1E46
CutsceneDataLoading_ovr108_2B73	GetCutsceneFileName_ovr108_148C
CutsceneDataLoading_ovr108_2B73	MoveDataBySize_seg005_105F_1DF9
CutsceneDataLoading_ovr108_2B73	PlayCutsceneFile_ovr108_28C7
CutsceneDataLoading_ovr108_2B73	ProbablyResetScreen_ovr118_E2
CutsceneDataLoading_ovr108_2B73	RunCutsCallbackFunctions_ovr108_3148
CutsceneDataLoading_ovr108_2B73	SetupCutsceneDataFlags_ovr108_140D
CutsceneDataLoading_ovr108_2B73	ovr108_14DF
CutsceneDataLoading_ovr108_2B73	ovr108_33A8
CutsceneDataLoading_ovr108_2B73	ovr108_5F7
CutsceneDataLoading_ovr108_2B73	ovr108_613
CutsceneDataLoading_ovr108_2B73	ovr108_667
CutsceneDataLoading_ovr108_2B73	seg003_0272_4A7F
CutsceneDataLoading_ovr108_2B73	seg016_1E73_2FBA
CutsceneDataLoading_ovr108_2B73	seg042_35ED_12B
CutsceneDisplayString_ovr108_C38	FindStringDelimiter_seg017_2179_174
CutsceneDisplayString_ovr108_C38	GetStringByID_seg039_3452_8E
CutsceneDisplayString_ovr108_C38	WritingTextToScreen_seg003_0272_454B
CutsceneTextAndSound_ovr108_FDA	CutsceneDisplayString_ovr108_C38
CutsceneTextAndSound_ovr108_FDA	PlayCutsceneAudio_ovr108_0
Cutscene_17_Unk_ovr108_1165	RegisterCutsCallbackFunction_ovr108_3191
Cutscene_19_Unk_ovr108_1229	ClearUnknownCutsFunctionPTR_ovr108_32B5
Cutscene_19_Unk_ovr108_1229	RegisterCutsCallbackFunction_ovr108_3191
Cutscene_20_Unk_ovr108_12D3	ovr108_33A8
Cutscene_21_Unk_ovr108_1337	seg003_0272_4A7F
Cutscene_22_CutsceneBitmap_ovr108_1375	CutsceneBitmap_ovr108_33E0
Cutscene_27_UNK_ovr108_9FE	ovr108_32F
Cutscene_27_UNK_ovr108_9FE	ovr108_5A8
Cutscene_27_UNK_ovr108_9FE	ovr108_5F7
Cutscene_ChangeFile_ovr108_F69	RNG_seg005_105F_DE7
Cutscene_FadeIn_ovr108_1080	FadeInRelated_ovr108_B1A
Cutscene_FadeOut_ovr108_104C	FadingRelated_ovr108_B6D
Cutscene_Music_ovr108_C12	ChangeThemeMusic_seg016_1E73_2B0C
Cutscene_Music_ovr108_C12	seg016_1E73_1BE9
DRAWWorld_seg032_2E9B_355	LikelyDoRender_seg032_2E9B_121E
DRAWWorld_seg032_2E9B_355	PositionCamera_seg032_2E9B_39A
DRAWWorld_seg032_2E9B_355	SetObjectRendingDataPtr_seg032_2E9B_24A
DRAWWorld_seg032_2E9B_355	seg032_2E9B_25D
DRAWWorld_seg032_2E9B_355	seg045_379C_213
DRAW_RELATED_ovr108_189F	ClearData_seg017_2179_EE
DRAW_RELATED_seg003_0272_7F9	seg003_0272_888
DamageCharacter_seg007_17A2_333A	AwardKillEXP_seg024_24E9_1AF7
DamageCharacter_seg007_17A2_333A	ChangeThemeMusic_seg016_1E73_2B0C
DamageCharacter_seg007_17A2_333A	DeathBegin_seg007_17A2_327C
DamageCharacter_seg007_17A2_333A	RefreshPanels_seg038_342C_201
DamageCharacter_seg007_17A2_333A	ReverseObjectLookup_seg029_2A8E_927
DamageObjectOrDoor_seg025_26A1_5B4	HackTrapTrespass_ovr110_16D4
DamageObjectOrDoor_seg025_26A1_5B4	TestIfStaticOrMobile_seg029_2A8E_A87
DamageObjectOrDoor_seg025_26A1_5B4	TriggerObjectLink_seg040_34E7_A95
DamageObject_Destruction_seg025_D0	ClearLinkedList_seg029_2A8E_799
DamageObject_Destruction_seg025_D0	DamageObject_seg025_527
DamageObject_Destruction_seg025_D0	DiceRoll_seg041_35D7_11F
DamageObject_Destruction_seg025_D0	DoorOpen_ovr138_142A
DamageObject_Destruction_seg025_D0	EmptyContainer_ovr138_1664
DamageObject_Destruction_seg025_D0	FlashColour_ovr118_562
DamageObject_Destruction_seg025_D0	GetObjectDebris_seg025_26A1_444
DamageObject_Destruction_seg025_D0	GetTile_seg036_32A9_F
DamageObject_Destruction_seg025_D0	ObjectCullingTest_seg029_2A8E_251
DamageObject_Destruction_seg025_D0	PlacedObjectCollision_seg030_2BB7_10BC
DamageObject_Destruction_seg025_D0	PrintStringFromBlock1_seg039_3452_4A4
DamageObject_Destruction_seg025_D0	RNG_seg005_105F_DE7
DamageObject_Destruction_seg025_D0	RemoveDoorLock_seg025_26A1_3
DamageObject_Destruction_seg025_D0	RemoveObjectFromTile_seg025_26A1_95
DamageObject_Destruction_seg025_D0	SpawnClass7_ObjectAtTarget_seg044_368F_B8D
DamageObject_Destruction_seg025_D0	TestIfStaticOrMobile_seg029_2A8E_A87
DamageObject_Destruction_seg025_D0	UseContainer_ovr138_FEB
DamageObject_seg025_527	DamageCharacter_seg007_17A2_333A
DamageObject_seg025_527	DamageObjectOrDoor_seg025_26A1_5B4
DamageObject_seg025_527	DamageObject_Destruction_seg025_D0
DamageObject_seg025_527	ScaleDamageAgainstObject_seg025_26A1_493
DamageTrap_ovr110_141B	DamageObject_seg025_527
DamageTrap_ovr110_141B	LookupObjectByIndex_seg029_2A8E_971
DamageTrap_ovr110_141B	ScaleDamageAgainstObject_seg025_26A1_493
DartSatelliteVectoring_ovr167_313	Divide32BitNumbers_seg005_105F_3525
DartSatelliteVectoring_ovr167_313	GetSquareRoot_seg021_22FD_F3F
DartSatelliteVectoring_ovr167_313	MaybeGetTangent_seg021_22FD_EFB
DartSatelliteVectoring_ovr167_313	MultiplyAXByBX_seg005_105F_350B
DataCompression_ovr127_795	DataCompressionRelatedFunction_ovr127_23C
DataCompression_ovr127_795	DataCompressionSubFunction_ovr127_0
DataCompression_ovr127_795	ErrorCanNoLongerRun_ovr114_D1
DeathAndResurrection_ovr154_15B1	AwakeFromVoidDream_ovr154_145D
DeathAndResurrection_ovr154_15B1	CancelAttack_seg024_24E9_130F
DeathAndResurrection_ovr154_15B1	Divide32BitNumbers_cx1_seg005_105F_352C
DeathAndResurrection_ovr154_15B1	Experience_seg038_342C_45
DeathAndResurrection_ovr154_15B1	LoadXMIFile_seg016_1E73_174B
DeathAndResurrection_ovr154_15B1	LookupObjectByIndex_seg029_2A8E_971
DeathAndResurrection_ovr154_15B1	PrintStringFromBlock1_seg039_3452_4A4
DeathAndResurrection_ovr154_15B1	RenderScene_seg032_2E9B_2FD
DeathAndResurrection_ovr154_15B1	SendAvatarToJail_ovr110_4E96
DeathAndResurrection_ovr154_15B1	TeleportToPosition_ovr112_6B0
DeathAndResurrection_ovr154_15B1	Teleport_ovr110_9C2
DeathAndResurrection_ovr154_15B1	ovr154_1401
DeathAndResurrection_ovr154_15B1	seg016_1E73_20C1
DeathAndResurrection_ovr154_15B1	seg021_22FD_C84
DeathBegin_seg007_17A2_327C	LoadSoundEffectAtCoordinate_seg016_1E73_1C50
DeathBegin_seg007_17A2_327C	NPCDeath_seg007_17A2_3228
DecryptPlayerDat_ovr167_769	FileReadToAddress_ovr167_5DA
DecryptPlayerDat_ovr167_769	SaveDecrypt_ovr167_70F
DecryptPlayerDat_ovr167_769	ovr167_674
DeleteFile_seg005_2BC0	File_Error_Handler_seg005_1C27
DeleteFilesInFolder_ovr149_66B	CombineStrings_seg005_27F3
DeleteFilesInFolder_ovr149_66B	DeleteFile_seg005_2BC0
DeleteFilesInFolder_ovr149_66B	FindFirstFile_seg005_105F_1823
DeleteFilesInFolder_ovr149_66B	FindNextFile_seg005_105F_1856
DeleteFilesInFolder_ovr149_66B	STRLEN_Seg005_105F_28B5
DeleteFilesInFolder_ovr149_66B	StoreStringInLocation_seg005_105F_2891
DeleteSCDRecord_ovr151_5DB	Divide32BitNumbers_seg005_105F_3525
DeleteSCDRecord_ovr151_5DB	MoveDataBySize_seg005_105F_1DF9
DeleteTempFiles_ovr167_489	CloseFile_seg005_105F_2FE
DeleteTempFiles_ovr167_489	DataCopy_seg005_105F_36BD
DeleteTempFiles_ovr167_489	DeleteFile_seg005_2BC0
DeleteTempFiles_ovr167_489	FileAccessFunctions_seg005_105F_1E46
DeleteTempFiles_ovr167_489	MaybeErrorHandler_ovr114_AB
DetectCreatureString_ovr157_1192	GetDetectedCreatureDirections_ovr167_191
DetectCreatureString_ovr157_1192	GetStringByID_seg039_3452_8E
DetectMonsters_ovr157_11E3	DetectCreatureString_ovr157_1192
DetectMonsters_ovr157_11E3	GetStringByID_seg039_3452_8E
DetectMonsters_ovr157_11E3	PrintStringFromBlock1_seg039_3452_4A4
DetectMonsters_ovr157_11E3	RNG_seg005_105F_DE7
DetectMonsters_ovr157_11E3	SetArrayValues_seg005_105F_1DCA
DetectMonsters_ovr157_11E3	SkillCheck_seg038_342C_9
DetectMonsters_ovr157_11E3	SplitObjectNames_seg039_3452_3ED
DetectMonsters_ovr157_11E3	TurnVectorsIntoHeading_ovr167_7C
DetectMonsters_ovr157_11E3	WriteTextToMessageScroll_seg043_3619_1A0
DetonateProjectile_seg044_368F_AB4	AddAnimationOverlay_seg044_368F_43E
DetonateProjectile_seg044_368F_AB4	DataCopy_seg005_105F_36BD
DetonateProjectile_seg044_368F_AB4	ReverseObjectLookup_seg029_2A8E_927
DetonateProjectile_seg044_368F_AB4	SpawnMultipleAnimoObjectCopies_seg044_8EA
DetonateProjectile_seg044_368F_AB4	SpellDamagesObjectsInTile_ovr156_1CA5
DiceRoll_seg041_35D7_11F	Divide32BitNumbers_seg005_105F_3525
DiceRoll_seg041_35D7_11F	MultiplyAXByBX_seg005_105F_350B
DiceRoll_seg041_35D7_11F	RNG_seg005_105F_DE7
DirectDamageSpellWithVulnerability_ovr156_B44	DamageObject_seg025_527
DirectDamageSpellWithVulnerability_ovr156_B44	LookupObjectByIndex_seg029_2A8E_971
DirectDamageSpellWithVulnerability_ovr156_B44	SpawnClass7_ObjectAtTarget_seg044_368F_B8D
DirectDamageSpellWithVulnerability_ovr156_B44	UpdateUIAnim_seg037_32C0_2C8
DisplayAutomapText_ovr094_13FB	ClosingAutomap_ovr094_39F
DisplayAutomapText_ovr094_13FB	DrawCursorAtCoordinate_seg009_26B
DisplayAutomapText_ovr094_13FB	GraphicsCall_seg003_0272_46E6
DisplayAutomapText_ovr094_13FB	LikelyDrawCursor_seg015_1D7C_C0
DisplayAutomapText_ovr094_13FB	LoadBitmapFromBytArk_ovr150_4A
DisplayAutomapText_ovr094_13FB	LoadMapNotesData_ovr094_12C6
DisplayAutomapText_ovr094_13FB	MaybeApplyPalette_seg003_0272_46AA
DisplayAutomapText_ovr094_13FB	OpenFont_ovr118_772BW_9B
DisplayAutomapText_ovr094_13FB	SetPalette_ovr118_171
DisplayAutomapText_ovr094_13FB	WriteMapNotesToScreen_ovr094_1147
DisplayAutomapText_ovr094_13FB	WriteTextToScreen_seg003_0272_446D
DisplayAutomapText_ovr094_13FB	ovr094_1379
DisplayAutomapText_ovr094_13FB	ovr094_427
DisplayAutomapText_ovr094_13FB	seg003_0272_4B1B
DisplayAutomapText_ovr094_13FB	seg015_1D7C_D6
DisplayAutomapText_ovr094_13FB	seg042_35ED_176
DisplayAutomapText_ovr094_13FB	seg042_35ED_1DE
DisplayAutomapText_ovr094_13FB	seg042_35ED_233
DisplaySelectedRunes_seg037_32C0_1098	seg000_155
DisplaySelectedRunes_seg037_32C0_1098	seg000_2
DisplaySelectedRunes_seg037_32C0_1098	seg000_330
DisplaySelectedRunes_seg037_32C0_1098	seg000_A6
DisplaySelectedRunes_seg037_32C0_1098	seg000_EB
DivideByZeroError_ovr112_661	MoveDataBySize_seg005_105F_1DF9
DivideByZeroError_ovr112_661	STRLEN_Seg005_105F_28B5
DivideByZeroError_ovr112_661	StoreStringInLocation_seg005_105F_2891
DivideByZeroError_ovr112_661	ovr112_1BF
DoCollision_seg031_2CFA_D1F	CollideObjects_seg030_2BB7_1CE
DoCollision_seg031_2CFA_D1F	DataCopy_seg005_105F_36BD
DoCollision_seg031_2CFA_D1F	LoadSoundEffectAtCoordinate_seg016_1E73_1C50
DoCollision_seg031_2CFA_D1F	LookupObjectByIndex_seg029_2A8E_971
DoCollision_seg031_2CFA_D1F	MaybeReflection_seg031_2CFA_CC6
DoCollision_seg031_2CFA_D1F	ZeroiseMotionValues_seg031_2CFA_7BF
DoCollision_seg031_2CFA_D1F	seg031_2CFA_78A
DoTileCollisionMaybe_seg031_2CFA_179C	GetCollisionHeightState_seg031_2CFA_13B2
DoTileCollisionMaybe_seg031_2CFA_179C	GetTileState_seg031_2CFA_134B
DoTileCollisionMaybe_seg031_2CFA_179C	ProcessCollisions_seg031_2CFA_12B8
DoTileCollisionMaybe_seg031_2CFA_179C	ZeroiseMotionValues_seg031_2CFA_7BF
DoTileCollisionMaybe_seg031_2CFA_179C	seg031_2CFA_78A
DoTileCollisionMaybe_seg031_2CFA_179C	seg031_2CFA_C5C
Do_Inv_Create_ovr097_1F38	InsertObjectToList_seg029_2A8E_58C
Do_Inv_Create_ovr097_1F38	PrepareNewObject_seg036_32A9_44
Do_Inv_Create_ovr097_1F38	ReverseObjectLookup_seg029_2A8E_927
DoorClose_ovr138_1542	LoadSoundEffectAtCoordinate_seg016_1E73_1C50
DoorClose_ovr138_1542	MovingDoorOpenCloseRelated_ovr138_133E
DoorClose_ovr138_1542	TriggerObjectLink_seg040_34E7_A95
DoorClose_ovr138_1542	TurnIntoMovingDoor_ovr138_12DD
DoorOpen_ovr138_142A	LoadSoundEffectAtCoordinate_seg016_1E73_1C50
DoorOpen_ovr138_142A	MovingDoorOpenCloseRelated_ovr138_133E
DoorOpen_ovr138_142A	TriggerObjectLink_seg040_34E7_A95
DoorOpen_ovr138_142A	TurnIntoMovingDoor_ovr138_12DD
DoorToggle_ovr138_162C	DoorClose_ovr138_1542
DoorToggle_ovr138_162C	DoorOpen_ovr138_142A
DrawBitmapScreen_seg003_0272_4AC1	seg003_0272_52E4
DrawCursorAtCoordinate_seg009_26B	GetMouseIcon_seg009_227
DrawCursorAtCoordinate_seg009_26B	seg009_73
DrawCursorAtMouseXY_seg015_1D7C_C70	DrawCursorAtCoordinate_seg009_26B
DrawCursorAtMouseXY_seg015_1D7C_C70	seg003_0272_48F4
DrawCursorAtMouseXY_seg015_1D7C_C70	seg015_1D7C_B70
DrawHUD_seg037_32C0_14C	DisplaySelectedRunes_seg037_32C0_1098
DrawHUD_seg037_32C0_14C	DrawArtToScreen_seg003_0272_4FC2
DrawHUD_seg037_32C0_14C	ErrorCanNoLongerRun_ovr114_D1
DrawHUD_seg037_32C0_14C	GraphicsCall_seg003_0272_46E6
DrawHUD_seg037_32C0_14C	GraphicsCall_seg003_0272_4B57
DrawHUD_seg037_32C0_14C	MaybeApplyPalette_seg003_0272_46AA
DrawHUD_seg037_32C0_14C	seg000_2
DrawHUD_seg037_32C0_14C	seg000_330
DrawHUD_seg037_32C0_14C	seg000_A6
DrawHUD_seg037_32C0_14C	seg000_EB
DrawHUD_seg037_32C0_14C	seg037_32C0_3
DrawHUD_seg037_32C0_14C	seg037_32C0_A7
DrawMainMenuLoadScreen_ovr147_CC	DrawArtToScreen_seg003_0272_4FC2
DrawMainMenuLoadScreen_ovr147_CC	LikelyDrawCursor_seg015_1D7C_C0
DrawMainMenuLoadScreen_ovr147_CC	STRLEN_Seg005_105F_28B5
DrawMainMenuLoadScreen_ovr147_CC	WriteTextToScreen_seg003_0272_446D
DrawMainMenuLoadScreen_ovr147_CC	WritingTextToScreen_seg003_0272_454B
DrawMainMenuLoadScreen_ovr147_CC	seg015_1D7C_D6
DrawRunebagContents_ovr123_D5	DrawRunestoneAtPoint_ovr123_7D
DrawRunebagContents_ovr123_D5	LikelyDrawCursor_seg015_1D7C_C0
DrawRunebagContents_ovr123_D5	seg015_1D7C_D6
DrawRunestoneAtPoint_ovr123_7D	DrawCursorAtCoordinate_seg009_26B
DrawWeapon_seg026_2716_12F6	ChangeThemeMusic_seg016_1E73_2B0C
DrawWeapon_seg026_2716_12F6	GetCurrentMusicFileNo_seg016_1E73_1AB6
DrawWeapon_seg026_2716_12F6	LikelyResetCursor_seg015_1D7C_6AF
DrawWeapon_seg026_2716_12F6	UpdateUIAnim_seg037_32C0_2C8
DrawWeapon_seg026_2716_12F6	seg014_11D
DrawWeapon_seg026_2716_12F6	seg014_AF
Dreaming_SleepLogic_ovr154_90B	DataCopy_seg005_105F_36BD
Dreaming_SleepLogic_ovr154_90B	PlayCutscene_ovr108_2DC5
Dreaming_SleepLogic_ovr154_90B	PrintStringFromBlock1_seg039_3452_4A4
Dreaming_SleepLogic_ovr154_90B	RNG_seg005_105F_DE7
Dreaming_SleepLogic_ovr154_90B	VoidDream_ovr154_14C7
DropNPCRemains_seg006_1413_5	GetTile_seg036_32A9_F
DropNPCRemains_seg006_1413_5	InsertObjectToList_seg029_2A8E_58C
DropNPCRemains_seg006_1413_5	PlaceObjectAtAnotherObjectPosition_seg028_2941_1300
DropNPCRemains_seg006_1413_5	PlacedObjectCollision_seg030_2BB7_10BC
DropNPCRemains_seg006_1413_5	PrepareNewObject_seg036_32A9_44
DropNPCRemains_seg006_1413_5	RNG_seg005_105F_DE7
DropObjectByPlayer_seg027_2856_439	AddToFreeObjectLists_seg029_2A8E_508
DropObjectByPlayer_seg027_2856_439	GetCoordinateInDirection_seg041_35D7_4E
DropObjectByPlayer_seg027_2856_439	GetTile_seg036_32A9_F
DropObjectByPlayer_seg027_2856_439	InitPlayerProjectilesValues_seg027_2856_C
DropObjectByPlayer_seg027_2856_439	LinkObjectToList_seg029_2A8E_5FA
DropObjectByPlayer_seg027_2856_439	PlacedObjectCollision_seg030_2BB7_10BC
DropObjectByPlayer_seg027_2856_439	PlaySoundEffectAtAvatar_seg016_1E73_1DB2
DropObjectByPlayer_seg027_2856_439	PrepareProjectileObject_seg027_2856_8DA
DropObjectByPlayer_seg027_2856_439	PrintStringFromBlock1_seg039_3452_4A4
DropObjectByPlayer_seg027_2856_439	RunPressureEnterExitTriggersInChain_ovr166_28F3
DropObjectByPlayer_seg027_2856_439	TestIfObjectFitsInTile_seg028_2941_1021
EMM_seg042_35ED_6	MaybeErrorHandler_ovr114_AB
EMM_seg042_35ED_6	Print_String_To_Console_seg017_DE
EMM_seg042_35ED_6	RNG_seg005_105F_DE7
EMM_seg042_35ED_6	seg013_1D3C_A
EMM_seg042_35ED_6	seg013_1D3C_B2
EMM_seg042_35ED_6	seg042_35ED_A5
EMM_seg042_35ED_6	seg046_37CD_8D7
EasyMoveTurnEvent_seg035_31AB_350	EasyMoveTurnPlayerHeading_seg008_1B09_225
EasyMoveTurnEvent_seg035_31AB_350	GameObjectLoop_seg035_31AB_534
EasyMoveTurnEvent_seg035_31AB_350	LoopAnimationOverlaysAndTimers_seg044_368F_719
EasyMoveTurnEvent_seg035_31AB_350	SetGameLoopBitField_seg012_1D31_AE
EasyMoveTurnEvent_seg035_31AB_350	seg015_1D7C_23A
EasyMoveTurnPlayerHeading_seg008_1B09_225	GetCoordinateInDirection_seg041_35D7_4E
EasyMoveTurnPlayerHeading_seg008_1B09_225	GetNextOrLinkedObject_seg029_2A8E_8BE
EasyMoveTurnPlayerHeading_seg008_1B09_225	PlacePlayerInTile_seg008_1B09_137B
EasyMoveTurnPlayerHeading_seg008_1B09_225	ProcessPlayerTileState_seg008_1B09_3F
EasyMoveTurnPlayerHeading_seg008_1B09_225	RunTrigger_ovr166_3B
EasyMoveTurnPlayerHeading_seg008_1B09_225	ScanForCollisions_seg028_2941_C0E
EasyMoveTurnPlayerHeading_seg008_1B09_225	SortCollisions_seg028_2941_ED8
EasyMoveTurnPlayerHeading_seg008_1B09_225	TestIfObjectFitsInTile_seg028_2941_1021
EatingFoodAndDrinking_ovr138_39B	AppendItemName_seg039_3452_327
EatingFoodAndDrinking_ovr138_39B	CastSpellFromObject_seg040_34E7_998
EatingFoodAndDrinking_ovr138_39B	ChangeCursor_seg015_1D7C_67D
EatingFoodAndDrinking_ovr138_39B	ChangeHunger_ovr154_102F
EatingFoodAndDrinking_ovr138_39B	Divide32BitNumbers_seg005_105F_3525
EatingFoodAndDrinking_ovr138_39B	FindObjectInInventorySlot_ovr124_14A
EatingFoodAndDrinking_ovr138_39B	LikelyResetCursor_seg015_1D7C_6AF
EatingFoodAndDrinking_ovr138_39B	ManaChange_ovr156_33F
EatingFoodAndDrinking_ovr138_39B	MultiplyAXByBX_seg005_105F_350B
EatingFoodAndDrinking_ovr138_39B	PlaySoundEffectAtAvatar_seg016_1E73_1DB2
EatingFoodAndDrinking_ovr138_39B	PlayerHPRegenerationChange_ovr156_3ED
EatingFoodAndDrinking_ovr138_39B	PrepareNewObject_seg036_32A9_44
EatingFoodAndDrinking_ovr138_39B	PrintStringFromBlock1_seg039_3452_4A4
EatingFoodAndDrinking_ovr138_39B	RNG_seg005_105F_DE7
EatingFoodAndDrinking_ovr138_39B	RedrawInventorySlot_ovr124_0
EatingFoodAndDrinking_ovr138_39B	RefreshPlayerStatus_ovr142_732
EatingFoodAndDrinking_ovr138_39B	RemoveUsedObject_seg040_34E7_383
EatingFoodAndDrinking_ovr138_39B	STRLEN_Seg005_105F_28B5
EatingFoodAndDrinking_ovr138_39B	SetScreenShake_seg035_31AB_CA3
EatingFoodAndDrinking_ovr138_39B	SkillCheck_seg038_342C_9
EatingFoodAndDrinking_ovr138_39B	SleepingLogic_ovr154_B2A
EatingFoodAndDrinking_ovr138_39B	StoreStringInLocation_seg005_105F_2891
EatingFoodAndDrinking_ovr138_39B	TriggerObjectLink_seg040_34E7_A95
EatingFoodAndDrinking_ovr138_39B	WriteTextToMessageScroll_seg043_3619_1A0
EmptyContainer_ovr138_1664	AppendItemName_seg039_3452_327
EmptyContainer_ovr138_1664	CombineStrings_seg005_27F3
EmptyContainer_ovr138_1664	HackTrapTrespass_ovr110_16D4
EmptyContainer_ovr138_1664	STRLEN_Seg005_105F_28B5
EmptyContainer_ovr138_1664	SetGameLoopBitField_seg012_1D31_AE
EmptyContainer_ovr138_1664	SpillInventory_ovr163_0
EmptyContainer_ovr138_1664	StoreStringInLocation_seg005_105F_2891
EmptyContainer_ovr138_1664	WriteTextToMessageScroll_seg043_3619_1A0
EnchantObject_ovr157_7EB	CanObjectBeEnchanted_ovr157_4F1
EnchantObject_ovr157_7EB	ChargeObjectSpellWithEffectID_ovr157_63E
EnchantObject_ovr157_7EB	FailEnchantment_ovr157_780
EnchantObject_ovr157_7EB	GetItemEnchantment_seg040_34E7_C69
EnchantObject_ovr157_7EB	GetNextOrLinkedObject_seg029_2A8E_8BE
EnchantObject_ovr157_7EB	ObjectDescription_ovr126_E9B
EnchantObject_ovr157_7EB	PrintStringFromBlock1_seg039_3452_4A4
EnchantObject_ovr157_7EB	RNG_seg005_105F_DE7
EnchantObject_ovr157_7EB	SetGameLoopBitField_seg012_1D31_AE
EnchantObject_ovr157_7EB	WriteTextToMessageScroll_seg043_3619_1A0
EnchantmentFailureExplosion_ovr157_54F	AddAnimationOverlay_seg044_368F_43E
EnchantmentFailureExplosion_ovr157_54F	AddToFreeObjectLists_seg029_2A8E_508
EnchantmentFailureExplosion_ovr157_54F	CreateObjectInTile_ovr156_63C
EnchantmentFailureExplosion_ovr157_54F	GetTile_seg036_32A9_F
EnchantmentFailureExplosion_ovr157_54F	InsertObjectToList_seg029_2A8E_58C
EnchantmentFailureExplosion_ovr157_54F	ObjectDescription_ovr126_E9B
EnchantmentFailureExplosion_ovr157_54F	PrintStringFromBlock1_seg039_3452_4A4
EnchantmentFailureExplosion_ovr157_54F	ReverseObjectLookup_seg029_2A8E_927
EnchantmentFailureExplosion_ovr157_54F	SpawnMultipleAnimoObjectCopies_seg044_8EA
EnchantmentFailureExplosion_ovr157_54F	SpellDamagesObjectsInTile_ovr156_1CA5
EnchantmentFailureExplosion_ovr157_54F	WriteTextToMessageScroll_seg043_3619_1A0
EndCombatSwing_seg024_24E9_12A4	LikelyResetCursor_seg015_1D7C_6AF
EndCombatSwing_seg024_24E9_12A4	UpdateUIAnim_seg037_32C0_2C8
EndConversationMode_ovr103_4C8	LoopAnimationOverlaysAndTimers_seg044_368F_719
EndConversationMode_ovr103_4C8	PickLevelThemeMusic_seg016_1E73_2B1E
EndConversationMode_ovr103_4C8	PostConversationCutscenes_ovr154_1124
EndConversationMode_ovr103_4C8	PostConversationTeleport_ovr096_6BC
EndConversationMode_ovr103_4C8	ProcessSCDARK_ovr151_3A6
EndConversationMode_ovr103_4C8	end_barter_ovr097_3E3
EndConversationMode_ovr103_4C8	seg042_35ED_233
EndConversationMode_ovr103_4C8	seg043_3619_22
EndDoorAnimation_seg044_368F_EA	AnimoUpdate_seg044_368F_55C
EndDoorAnimation_seg044_368F_EA	DataCopy_seg005_105F_36BD
EndDoorAnimation_seg044_368F_EA	GetNextOrLinkedObject_seg029_2A8E_8BE
EndDoorAnimation_seg044_368F_EA	LoadSoundEffectAtCoordinate_seg016_1E73_1C50
EndDoorAnimation_seg044_368F_EA	RemoveCompletedAnimo_seg044_368F_1
EndDoorAnimation_seg044_368F_EA	ReverseObjectLookup_seg029_2A8E_927
EndDoorAnimation_seg044_368F_EA	TestIfObjectFitsInTile_seg028_2941_1021
EndGameStats_ovr154_4A2	AppendString_seg039_3452_90B
EndGameStats_ovr154_4A2	CopyStringToLocation_seg017_2179_13F
EndGameStats_ovr154_4A2	Divide32BitNumbers_cx1_seg005_105F_352C
EndGameStats_ovr154_4A2	GetStringByID_seg039_3452_8E
EndGameStats_ovr154_4A2	Hex2Dec_seg005_105F_1D5C
EndGameStats_ovr154_4A2	Hex2DecimalString_seg005_105F_1D1B
EndGameStats_ovr154_4A2	OpenFont_ovr118_772BW_9B
EndGameStats_ovr154_4A2	STRLEN_Seg005_105F_28B5
EndGameStats_ovr154_4A2	WriteTextToScreen_seg003_0272_446D
EndGameStats_ovr154_4A2	WritingTextToScreen_seg003_0272_454B
EnumerateSaveGames_ovr149_1E6	AddFileToTable_seg005_105F_7FC
EnumerateSaveGames_ovr149_1E6	CloseFile_seg005_105F_47D
EnumerateSaveGames_ovr149_1E6	CombineStrings_seg005_27F3
EnumerateSaveGames_ovr149_1E6	FileOrDirectoryExists_seg005_105F_249
EnumerateSaveGames_ovr149_1E6	FindInString_seg005_105F_103F
EnumerateSaveGames_ovr149_1E6	StoreStringInLocation_seg005_105F_2891
EnumerateSaveGames_ovr149_1E6	seg005_105F_5D5
EquipmentDamage_ovr124_C26	AppendItemName_seg039_3452_327
EquipmentDamage_ovr124_C26	CheckIfEquipmentInValidSlot_ovr124_BB9
EquipmentDamage_ovr124_C26	CombineStrings_seg005_27F3
EquipmentDamage_ovr124_C26	DamageObject_seg025_527
EquipmentDamage_ovr124_C26	GetItemInSlot_ovr124_15
EquipmentDamage_ovr124_C26	GetObjectDebris_seg025_26A1_444
EquipmentDamage_ovr124_C26	PlaceObjectAtAnotherObjectPosition_seg028_2941_1300
EquipmentDamage_ovr124_C26	PrepareNewObject_seg036_32A9_44
EquipmentDamage_ovr124_C26	RedrawInventorySlot_ovr124_0
EquipmentDamage_ovr124_C26	RefreshPlayerStatus_ovr142_732
EquipmentDamage_ovr124_C26	RemoveObject_seg029_2A8E_704
EquipmentDamage_ovr124_C26	RemoveQty1FromPlayerInventory_ovr124_5D0
EquipmentDamage_ovr124_C26	STRLEN_Seg005_105F_28B5
EquipmentDamage_ovr124_C26	StoreStringInLocation_seg005_105F_2891
EquipmentDamage_ovr124_C26	WriteTextToMessageScroll_seg043_3619_1A0
ErrorCanNoLongerRun_ovr114_D1	ExitGame_seg005_105F_32C
ErrorCanNoLongerRun_ovr114_D1	MoveDataBySize_seg005_105F_1DF9
ErrorCanNoLongerRun_ovr114_D1	STRLEN_Seg005_105F_28B5
ErrorCanNoLongerRun_ovr114_D1	StoreStringInLocation_seg005_105F_2891
ErrorHandler_ovr114_0	Print_String_To_Console_seg017_DE
ErrorHandler_ovr114_0	StoreStringInLocation_seg005_105F_2891
EvalLikeDislike_ovr097_203E	LookupObjectByIndex_seg029_2A8E_971
ExecuteAttack_seg024_24E9_EC8	AttackerAppliesFinalDamage_seg024_24E9_983
ExecuteAttack_seg024_24E9_EC8	CalcFlankingBonus_seg024_24E9_E74
ExecuteAttack_seg024_24E9_EC8	CalculateAttackResults_seg024_24E9_737
ExecuteAttack_seg024_24E9_EC8	CheckForAttackHit_seg024_24E9_481
ExecuteAttack_seg024_24E9_EC8	CombatMissImpactSound_seg024_24E9_D39
ExecuteAttack_seg024_24E9_EC8	DamageObject_seg025_527
ExecuteAttack_seg024_24E9_EC8	LookupObjectByIndex_seg029_2A8E_971
ExecuteAttack_seg024_24E9_EC8	TestIfStaticOrMobile_seg029_2A8E_A87
ExitConversation_ovr095_14D4	SaveBGlobals_ovr095_7E1
ExitConversation_ovr095_14D4	seg039_3452_296
ExitGame_seg005_105F_32C	seg005_105F_113
ExitProgram_seg005_105F_133	SetInterruptVectors_seg005_105F_1B6
ExitProgram_seg005_105F_133	WriteBufferToHandle2_seg005_105F_226
ExitWithError_ovr114_15D	ExitGame_seg005_105F_32C
ExitWithError_ovr114_15D	MoveDataBySize_seg005_105F_1DF9
ExitWithError_ovr114_15D	STRLEN_Seg005_105F_28B5
Experience_seg038_342C_45	BitShiftR_AXDX_BY_CX_seg005_105F_3614
Experience_seg038_342C_45	CharLevelUp_ovr154_11C
Experience_seg038_342C_45	Divide32BitNumbers_cx1_seg005_105F_352C
Experience_seg038_342C_45	RNG_seg005_105F_DE7
Experience_seg038_342C_45	RedrawStatPanel_ovr158_54D
Experience_seg038_342C_45	RefreshPanels_seg038_342C_201
FadeInRelated_ovr108_B1A	ApplyCutscenePalette_ovr118_19F
FadeInRelated_ovr108_B1A	ovr108_A55
FadeInRelated_ovr108_B1A	seg003_0272_48F4
FadeInRelated_ovr108_B1A	seg003_0272_4D3C
FadingRelated_ovr108_B6D	ovr108_AC6
FailEnchantment_ovr157_780	DamageObject_seg025_527
FailEnchantment_ovr157_780	EnchantmentFailureExplosion_ovr157_54F
FailEnchantment_ovr157_780	EquipmentDamage_ovr124_C26
FailEnchantment_ovr157_780	FindObjectInInventorySlot_ovr124_14A
FailEnchantment_ovr157_780	RefreshPlayerStatus_ovr142_732
FileAccessFunctions_seg005_105F_1E46	CheckFileDeviceStatus_seg005_1C00
FileAccessFunctions_seg005_105F_1E46	CloseFileByHandle_seg005_16C7
FileAccessFunctions_seg005_105F_1E46	CreateFile_seg005_105F_1E1B
FileAccessFunctions_seg005_105F_1E46	File_Error_Handler_seg005_1C27
FileAccessFunctions_seg005_105F_1E46	GetSetFileAttributes_seg005_105F_16AC
FileAccessFunctions_seg005_105F_1E46	OpenFile_seg005_1F81
FileAccessFunctions_seg005_105F_1E46	WriteCXBytesToHandle_seg005_105F_1E34
FileOperationFromParamsArray_seg005_105F_1B9D	File_Error_Handler_seg005_1C27
FileOrDirectoryExists_seg005_105F_249	GetSetFileAttributes_seg005_105F_16AC
FileReadMaybe_seg005_105F_AB0	Multiply_DxAx_By_CxBx_seg005_105F_395B
FileReadMaybe_seg005_105F_AB0	seg005_105F_C96
FileReadToAddress_ovr167_5DA	FileOperationFromParamsArray_seg005_105F_1B9D
FileReadToAddress_seg005_105F_868	ReadFileBytes_seg005_2088
FileReadToAddress_seg005_105F_868	seg005_105F_19C1
FileReadToAddress_seg005_105F_954	FileReadToAddress_seg005_105F_868
FileReadToAddress_seg005_105F_954	Multiply_DxAx_By_CxBx_seg005_105F_395B
FileWriteWithParams_ovr167_627	FileOperationFromParamsArray_seg005_105F_1B9D
FindAcademyWand_ovr110_48EC	GetItemEnchantment_seg040_34E7_C69
FindAcademyWand_ovr110_48EC	ReverseObjectLookup_seg029_2A8E_927
FindAndRemoveFromPlayerInventory_ovr124_827	FindAndRemoveQtyFromPlayerInventory_ovr124_8AF
FindAndRemoveFromPlayerInventory_ovr124_827	GetNextOrLinkedObject_seg029_2A8E_8BE
FindAndRemoveFromPlayerInventory_ovr124_827	InventorySlotRedraw_ovr125_904
FindAndRemoveFromPlayerInventory_ovr124_827	MaybeAnInventoryRedraw_ovr121_424
FindAndRemoveFromPlayerInventory_ovr124_827	UpdateInventorySlots_ovr121_4D8
FindAndRemoveQTYOfObject_ovr124_8DF	DataCopy_seg005_105F_36BD
FindAndRemoveQTYOfObject_ovr124_8DF	FindObjectInObjectList_ovr124_44C
FindAndRemoveQTYOfObject_ovr124_8DF	GetAvailableObjectAddress_seg029_2A8E_471
FindAndRemoveQTYOfObject_ovr124_8DF	GetNextOrLinkedObject_seg029_2A8E_8BE
FindAndRemoveQTYOfObject_ovr124_8DF	GetObjectMass_ovr124_DF2
FindAndRemoveQTYOfObject_ovr124_8DF	InsertObjectToList_seg029_2A8E_58C
FindAndRemoveQTYOfObject_ovr124_8DF	ReverseObjectLookup_seg029_2A8E_927
FindAndRemoveQTYOfObject_ovr124_8DF	UnlinkObjectFromLinkedList_seg029_2A8E_684
FindAndRemoveQtyFromPlayerInventory_ovr124_8AF	FindAndRemoveQTYOfObject_ovr124_8DF
FindAndRemoveQtyFromPlayerInventory_ovr124_8AF	RefreshPlayerStatus_ovr142_732
FindAndTriggerCreateObjectTrap_ovr166_2726	CheckIfWithin8TilesFromObject_ovr166_26D2
FindAndTriggerCreateObjectTrap_ovr166_2726	FindItemInMapByClassWithPosition_seg029_2A8E_CD4
FindAndTriggerCreateObjectTrap_ovr166_2726	GetNextOrLinkedObject_seg029_2A8E_8BE
FindAndTriggerCreateObjectTrap_ovr166_2726	TRAPS_ovr166_5D6
FindAndTriggerCreateObjectTrap_ovr166_2726	TestIfStaticOrMobile_seg029_2A8E_A87
FindAndUseSwitch_ovr110_35E9	FindObjectWithSpecificProps_seg029_2A8E_D79
FindAndUseSwitch_ovr110_35E9	ToggleSwitch_seg040_34E7_720
FindAndUseSwitch_ovr110_35E9	TriggerObjectLink_seg040_34E7_A95
FindClosedDoorCollision_seg031_2CFA_190E	GetNextOrLinkedObject_seg029_2A8E_8BE
FindFirstFile_seg005_105F_1823	File_Error_Handler_seg005_1C27
FindInString_seg005_105F_103F	STRLEN_Seg005_105F_28B5
FindItemInMapByClassWithPosition_seg029_2A8E_CD4	GetLinkedOrNextObjectWithFilter_seg029_2A8E_B6B
FindItemOnMap_ovr154_1169	FindItemInMapByClassWithPosition_seg029_2A8E_CD4
FindMoonStone_ovr154_13EE	FindItemOnMap_ovr154_1169
FindNextFile_seg005_105F_1856	File_Error_Handler_seg005_1C27
FindObjectInInventorySlot_ovr124_14A	FindObjectListHeadObject_seg029_2A8E_9B2
FindObjectInInventorySlot_ovr124_14A	GetNextOrLinkedObject_seg029_2A8E_8BE
FindObjectInInventorySlot_ovr124_14A	ReverseObjectLookup_seg029_2A8E_927
FindObjectInObjectList_ovr124_44C	GetNextOrLinkedObject_seg029_2A8E_8BE
FindObjectListHeadObject_seg029_2A8E_9B2	GetNextOrLinkedObject_seg029_2A8E_8BE
FindObjectListHeadObject_seg029_2A8E_9B2	ReverseObjectLookup_seg029_2A8E_927
FindObjectWithSpecificProps_seg029_2A8E_D79	GetLinkedOrNextObjectWithFilter_seg029_2A8E_B6B
FindObjectWithSpecificProps_seg029_2A8E_D79	GetTile_seg036_32A9_F
FindPathAlongStraghtLine_seg006_1413_205B	BitLShift_seg005_105F_35D3
FindPathAlongStraghtLine_seg006_1413_205B	Divide32BitNumbers_seg005_105F_3525
FindPathAlongStraghtLine_seg006_1413_205B	GetTile_seg036_32A9_F
FindPathAlongStraghtLine_seg006_1413_205B	TestStraightPathTraversal_seg006_1413_2769
FindPathAlongStraghtLine_seg006_1413_205B	TraverseMultipleTiles_seg006_1413_D95
Find_INV_ovr097_1B9E	GetLinkedOrNextObjectWithFilter_seg029_2A8E_B6B
Find_INV_ovr097_1B9E	ReverseObjectLookup_seg029_2A8E_927
Find_INV_ovr097_1B9E	SpawnNPCLoot_ovr163_609
FlagTheftToObjectOwner_ovr107_10F0	CallFunctionOnObjectsInChain_seg029_2A8E_117
FlameWind_ovr156_728	AddAnimationOverlay_seg044_368F_43E
FlameWind_ovr156_728	AddToFreeObjectLists_seg029_2A8E_508
FlameWind_ovr156_728	CreateObjectInTile_ovr156_63C
FlameWind_ovr156_728	InsertObjectToList_seg029_2A8E_58C
FlameWind_ovr156_728	RNG_seg005_105F_DE7
FlameWind_ovr156_728	ReverseObjectLookup_seg029_2A8E_927
FlameWind_ovr156_728	SpawnMultipleAnimoObjectCopies_seg044_8EA
FlameWind_ovr156_728	SpellDamagesObjectsInTile_ovr156_1CA5
FlashColour_ovr118_562	LikelyDrawCursor_seg015_1D7C_C0
FlashColour_ovr118_562	SetGameLoopBitField_seg012_1D31_AE
FlashColour_ovr118_562	seg015_1D7C_D6
FlashColour_ovr118_562	seg021_22FD_C84
FlashColour_ovr118_562	seg037_32C0_16AA
FlickSwitchesInTileRandomly_ovr110_3686	CallFunctionOnObjectsInChain_seg029_2A8E_117
FlickSwitchesInTileRandomly_ovr110_3686	GetNextOrLinkedObject_seg029_2A8E_8BE
FlickSwitchesInTileRandomly_ovr110_3686	GetTile_seg036_32A9_F
FlickSwitchesInTileRandomly_ovr110_3686	SetGameLoopBitField_seg012_1D31_AE
FlierNPCCollision_seg006_1413_C9D	GetCollisionObject_seg031_2CFA_19F7
FloorRender_seg019_21BA_A94	FloorRender_seg019_21BA_7DB
FlyingCritterPitching_seg006_1413_36B8	GetTile_seg036_32A9_F
FlyingCritterPitching_seg006_1413_36B8	RNG_seg005_105F_DE7
Frost_ovr156_DC9	AddAnimationOverlay_seg044_368F_43E
Frost_ovr156_DC9	AddToFreeObjectLists_seg029_2A8E_508
Frost_ovr156_DC9	CreateObjectInTile_ovr156_63C
Frost_ovr156_DC9	DamageObject_seg025_527
Frost_ovr156_DC9	DirectDamageSpellWithVulnerability_ovr156_B44
Frost_ovr156_DC9	InsertObjectToList_seg029_2A8E_58C
Frost_ovr156_DC9	LookupObjectByIndex_seg029_2A8E_971
Frost_ovr156_DC9	RNG_seg005_105F_DE7
Frost_ovr156_DC9	ReverseObjectLookup_seg029_2A8E_927
GameInitialisation_ovr112_0	MainMenu_ovr147_218
GameInitialisation_ovr112_0	MaybeGameLoop_seg012_1D31_1
GameInitialisation_ovr112_0	SplashPart1_ovr112_36
GameInitialisation_ovr112_0	SplashPart2ovr112_1FF
GameInitialisation_ovr112_0	ovr112_1BF
GameObjectLoop_seg035_31AB_534	ApplyPlayerSneakScore_seg035_31AB_967
GameObjectLoop_seg035_31AB_534	PlayerMotion_seg035_31AB_62B
GameObjectLoop_seg035_31AB_534	ProcessMobileObjects_seg007_17A2_359F
GameObjectLoop_seg035_31AB_534	ProcessMotionInputs_seg035_31AB_1F6
GameObjectLoop_seg035_31AB_534	SurfaceFootsteps_seg035_31AB_73A
GameObjectLoop_seg035_31AB_534	WalkOnSurfaceTypes_seg035_31AB_A0C
GetAnimationOverlayIndex_seg044_368F_E0A	ReverseObjectLookup_seg029_2A8E_927
GetAvailableObjectAddress_seg029_2A8E_471	AddtoEndOfTileMapMobiles_seg029_2A8E_AA5
GetAvailableObjectAddress_seg029_2A8E_471	CullObjects_seg029_2A8E_354
GetCollisionHeightState_seg031_2CFA_13B2	CollideObjects_seg030_2BB7_1CE
GetCollisionHeightState_seg031_2CFA_13B2	ProcessMotionTileHeights_seg028_2941_385
GetCollisionHeightState_seg031_2CFA_13B2	ScanForCollisions_seg028_2941_C0E
GetCollisionHeightState_seg031_2CFA_13B2	SetCollisionTarget_seg031_2CFA_10E
GetCollisionHeightState_seg031_2CFA_13B2	SortCollisions_seg028_2941_ED8
GetCollisionObject_seg031_2CFA_19F7	GetNextOrLinkedObject_seg029_2A8E_8BE
GetCommand_seg015_1D7C_5A1	WaitInputCommand_seg015_1D7C_547
GetCoordinateInDirection_seg041_35D7_4E	GetVectorForDirection_seg021_22FD_E63
GetCutsceneFileName_ovr108_148C	StoreStringInLocation_seg005_105F_2891
GetDetectedCreatureDirections_ovr167_191	GetHeadingBetweenPoints_ovr167_177
GetDetectedCreatureDirections_ovr167_191	PrintStringFromBlock1_seg039_3452_4A4
GetDetectedCreatureDirections_ovr167_191	WriteTextToMessageScroll_seg043_3619_1A0
GetDirectoryName_seg005_1A91	File_Error_Handler_seg005_1C27
GetDistancesToGTarg_seg007_17A2_2F32	LookupObjectByIndex_seg029_2A8E_971
GetDoorAnimationDuration_seg044_368F_E56	GetAnimationOverlayIndex_seg044_368F_E0A
GetFileSeekPtr_seg005_105F_1072	MoveFilePointer_seg005_105F_1C75
GetFileSize_seg005_105F_1883	File_Error_Handler_seg005_1C27
GetHeadingBetweenPoints_ovr167_177	TurnVectorsIntoHeading_ovr167_7C
GetHighestBridgeInTile_seg026_2716_29F	GetNextOrLinkedObject_seg029_2A8E_8BE
GetItemEnchantment_seg040_34E7_C69	Divide32BitNumbers_seg005_105F_3525
GetItemEnchantment_seg040_34E7_C69	GetLinkedOrNextObjectWithFilter_seg029_2A8E_B6B
GetItemEnchantment_seg040_34E7_C69	MultiplyAXByBX_seg005_105F_350B
GetItemEnchantment_seg040_34E7_C69	RNG_seg005_105F_DE7
GetItemInSlot_ovr124_15	GetNextOrLinkedObject_seg029_2A8E_8BE
GetLinkedOrNextObjectWithFilter_seg029_2A8E_B6B	GetNextOrLinkedObject_seg029_2A8E_8BE
GetMouseButtonStatus_seg015_1D7C_287	GetMouseButtonStatus_seg015_1D7C_F15
GetMouseButtonStatus_seg015_1D7C_F15	Mouse_Button_Status_seg021_9F0
GetNPCDescription_ovr126_BE8	AppendString_seg039_3452_90B
GetNPCDescription_ovr126_BE8	CombineStrings_seg005_27F3
GetNPCDescription_ovr126_BE8	GetStringByID_seg039_3452_8E
GetNPCDescription_ovr126_BE8	SplitObjectNames_seg039_3452_3ED
GetNeighbourTileDetails_seg028_2941_217	GetHeightAdjustedByTileType_seg028_2941_E
GetNoMagicTileBit_ovr156_29	GetTile_seg036_32A9_F
GetObjectAtSlot_ovr124_5A4	GetNextOrLinkedObject_seg029_2A8E_8BE
GetObjectDatForItem_ovr134_F5	DataCopy_seg005_105F_36BD
GetObjectMass_ovr124_DF2	GetTotalMassOfObjectList_ovr121_1019
GetPitchToGTarg_seg007_17A2_1E83	GetDistancesToGTarg_seg007_17A2_2F32
GetPitchToGTarg_seg007_17A2_1E83	GetSquareRoot_seg021_22FD_F3F
GetPlayerWeightPlusObjectInHand_ovr166_28C8	GetObjectMass_ovr124_DF2
GetQuest_ovr096_D92	BitShiftR_AXDX_BY_CX_seg005_105F_3614
GetRNGSeed_seg005_105F_FF2	CalculateRNGSeeds_seg005_105F_108C
GetRNGSeed_seg005_105F_FF2	GetDate_seg005_AF9
GetRNGSeed_seg005_105F_FF2	GetSystemTime_seg005_105F_B0C
GetSelectedPlayerTradeItems_ovr097_1998	LookupObjectByIndex_seg029_2A8E_971
GetSetFileAttributes_seg005_105F_16AC	File_Error_Handler_seg005_1C27
GetSquareRoot_seg021_22FD_F3F	SquareRoot_seg021_22FD_A78
GetStringByID_seg039_3452_8E	GetString_seg039_3452_601
GetStringReplacementNumberValue_ovr095_11C0	CopySubstring_seg017_2179_11F
GetStringReplacementNumberValue_ovr095_11C0	GetConvoMemoryValue_ovr095_2007
GetStringReplacementNumberValue_ovr095_11C0	GetValueAtBasePTRPlusArg0_ovr095_2030
GetStringReplacementNumberValue_ovr095_11C0	ParseNumber_seg005_105F_1597
GetString_seg039_3452_601	FileReadToAddress_seg005_105F_954
GetString_seg039_3452_601	SeekToAFile_Location_seg005_105F_A07
GetString_seg039_3452_601	seg039_3452_7B2
GetTilesToRender_seg019_21BA_562	AllocateMemory_seg042_35ED_151
GetTilesToRender_seg019_21BA_562	Divide32BitNumbers_seg005_105F_3525
GetTilesToRender_seg019_21BA_562	GetTile_seg036_32A9_F
GetTilesToRender_seg019_21BA_562	InitSomeArrays_seg034_310D_6
GetTilesToRender_seg019_21BA_562	StartDrawingTileAndUpdatingAutomapTile_seg019_21BA_D3C
GetTimezone_seg005_105F_2960	ExtractString_seg005_105F_28CF
GetTimezone_seg005_105F_2960	GetDOSPathVariable_seg005_105F_1AAC
GetTimezone_seg005_105F_2960	Multiply_DxAx_By_CxBx_seg005_105F_395B
GetTimezone_seg005_105F_2960	ParseNumber_seg005_105F_1597
GetTimezone_seg005_105F_2960	STRLEN_Seg005_105F_28B5
GetTimezone_seg005_105F_2960	SetArrayValues_seg005_105F_1DCA
GetTimezone_seg005_105F_2960	StoreStringInLocation_seg005_105F_2891
GetTotalMassOfObjectList_ovr121_1019	GetNextOrLinkedObject_seg029_2A8E_8BE
GetTotalValueOfOffering_ovr097_17CB	GetTrueValueofItemToNPC_ovr097_1835
GetTrueValueofItemToNPC_ovr097_1835	EvalLikeDislike_ovr097_203E
GetTrueValueofItemToNPC_ovr097_1835	GetRNGSeed_seg005_105F_FF2
GetTrueValueofItemToNPC_ovr097_1835	GetValueOffsetByRandomRange_ovr097_195A
GetTrueValueofItemToNPC_ovr097_1835	Init_RNG_seg005_105F_DD6
GetTrueValueofItemToNPC_ovr097_1835	LookupObjectByIndex_seg029_2A8E_971
GetTrueValueofItemToNPC_ovr097_1835	MultiplyAXByBX_seg005_105F_350B
GetTrueValueofItemToNPC_ovr097_1835	RightShift32BitNumber_seg005_105F_35F4
GetValueOffsetByRandomRange_ovr097_195A	Divide32BitNumbers_seg005_105F_3525
GetValueOffsetByRandomRange_ovr097_195A	MultiplyAXByBX_seg005_105F_350B
GetValueOffsetByRandomRange_ovr097_195A	RNG_seg005_105F_DE7
GetVarQuestOrClockValue_ovr166_53E	BitShiftR_AXDX_BY_CX_seg005_105F_3614
GetVectorForDirection_seg021_22FD_E63	LookupHeadingTable_seg021_22FD_A69
GetViewDistances_seg032_2E9B_1162	ProcessLOSArcsseg032_2E9B_C9D
GetViewDistances_seg032_2E9B_1162	TestVisionAndShade_seg032_2E9B_1014
GiveObjectToNPC_ovr097_19FB	AddToFreeObjectLists_seg029_2A8E_508
GiveObjectToNPC_ovr097_19FB	GetNextOrLinkedObject_seg029_2A8E_8BE
GiveObjectToNPC_ovr097_19FB	InsertObjectToList_seg029_2A8E_58C
GraphicsCall_seg003_0272_46E6	seg003_0272_5299
GraphicsCall_seg003_0272_4B57	seg003_0272_327D
GroundNPCMotionCollision_seg006_1413_ABF	FindClosedDoorCollision_seg031_2CFA_190E
GroundNPCMotionCollision_seg006_1413_ABF	GetCollisionObject_seg031_2CFA_19F7
GroundNPCMotionCollision_seg006_1413_ABF	GetCritterAnimationGlobalsForCurrObj_seg007_17A2_204B
GroundNPCMotionCollision_seg006_1413_ABF	SpawnClass7_ObjectAtTarget_seg044_368F_B8D
GrowMushroomsInBritannia_ovr110_29BD	Divide32BitNumbers_seg005_105F_3525
GrowMushroomsInBritannia_ovr110_29BD	MultiplyAXByBX_seg005_105F_350B
GrowMushroomsInBritannia_ovr110_29BD	RNG_seg005_105F_DE7
HackTrapBlySkupChamber_ovr110_2DE5	BitShiftR_AXDX_BY_CX_seg005_105F_3614
HackTrapBlySkupChamber_ovr110_2DE5	FindObjectWithSpecificProps_seg029_2A8E_D79
HackTrapBlySkupChamber_ovr110_2DE5	GetTile_seg036_32A9_F
HackTrapBlySkupChamber_ovr110_2DE5	MoveObjectToCoordinates_seg028_2941_1245
HackTrapBlySkupChamber_ovr110_2DE5	TriggerTrapInTile_ovr110_3C53
HackTrapBlySkupChamber_ovr110_2DE5	UnlinkObjectFromLinkedList_seg029_2A8E_684
HackTrapBottleRecycler_ovr110_37EE	CallFunctionOnObjectsInChain_seg029_2A8E_117
HackTrapBottleRecycler_ovr110_37EE	GetNextOrLinkedObject_seg029_2A8E_8BE
HackTrapBottleRecycler_ovr110_37EE	GetTile_seg036_32A9_F
HackTrapCamera_ovr143_D5C	OpenAndApplyShadesDat_ovr152_4A
HackTrapCamera_ovr143_D5C	RefreshPlayerStatus_ovr142_732
HackTrapCamera_ovr143_D5C	SwitchCamera_ovr118_593
HackTrapCastleSchedule_ovr110_2924	BitShiftR_AXDX_BY_CX_seg005_105F_3614
HackTrapCastleSchedule_ovr110_2924	RunFunctionOnWhoAmI_NPC_ovr156_1486
HackTrapChangeHeight_ovr110_1725	ChangeTile_ovr110_F37
HackTrapChangeHeight_ovr110_1725	LookupObjectByIndex_seg029_2A8E_971
HackTrapChangeObjectZPos_ovr110_17A9	LookupObjectByIndex_seg029_2A8E_971
HackTrapChangeObjectZPos_ovr110_17A9	SetGameLoopBitField_seg012_1D31_AE
HackTrapCollapseFloor_ovr166_2C60	ChangeTile_ovr110_F37
HackTrapCollapseFloor_ovr166_2C60	GetTile_seg036_32A9_F
HackTrapCollapseFloor_ovr166_2C60	SkillCheck_seg038_342C_9
HackTrapForceField_ovr110_387E	CallFunctionOnObjectsInChain_seg029_2A8E_117
HackTrapForceField_ovr110_387E	GetNextOrLinkedObject_seg029_2A8E_8BE
HackTrapForceField_ovr110_387E	GetTile_seg036_32A9_F
HackTrapGraffiti_ovr110_312B	FindObjectWithSpecificProps_seg029_2A8E_D79
HackTrapGraffiti_ovr110_312B	GetLinkedOrNextObjectWithFilter_seg029_2A8E_B6B
HackTrapGraffiti_ovr110_312B	GetNextOrLinkedObject_seg029_2A8E_8BE
HackTrapGraffiti_ovr110_312B	RNG_seg005_105F_DE7
HackTrapMovePitWarriors_ovr107_11AA	HackTrapMovePitWarriors_ovr107_11D7
HackTrapMovePitWarriors_ovr107_11AA	LookupObjectByIndex_seg029_2A8E_971
HackTrapMovePitWarriors_ovr107_11D7	CheckIfInFrontOfPlayer_ovr113_1EF
HackTrapMovePitWarriors_ovr107_11D7	GetPitWarriorPositionOffset_ovr167_101
HackTrapMovePitWarriors_ovr107_11D7	GetTile_seg036_32A9_F
HackTrapMovePitWarriors_ovr107_11D7	MoveNPCToTile_ovr107_BBA
HackTrapOscillateTiles_ovr110_2FA0	ChangeTile_ovr110_F37
HackTrapOscillateTiles_ovr110_2FA0	DataCopy_seg005_105F_36BD
HackTrapOscillateTiles_ovr110_2FA0	GetTile_seg036_32A9_F
HackTrapPlatformReset_ovr110_3279	ChangeTile_ovr110_F37
HackTrapPlatformReset_ovr110_3279	GetLinkedOrNextObjectWithFilter_seg029_2A8E_B6B
HackTrapPlatformReset_ovr110_3279	GetTile_seg036_32A9_F
HackTrapTransformPotionToPoison_ovr110_48BD	CallFunctionOnObjectsInChain_seg029_2A8E_117
HackTrapTransformPotionToPoison_ovr110_48BD	GetNextOrLinkedObject_seg029_2A8E_8BE
HackTrapTransformPotionToPoison_ovr110_48BD	GetTile_seg036_32A9_F
HackTrapTrespass_ovr110_16D4	FlagTheftToObjectOwner_ovr107_10F0
HackTrapVendingMachine_ovr110_4B3C	AppendItemName_seg039_3452_327
HackTrapVendingMachine_ovr110_4B3C	CollectMoneyInTile_ovr110_4D29
HackTrapVendingMachine_ovr110_4B3C	GetTile_seg036_32A9_F
HackTrapVendingMachine_ovr110_4B3C	InsertObjectToList_seg029_2A8E_58C
HackTrapVendingMachine_ovr110_4B3C	PlacedObjectCollision_seg030_2BB7_10BC
HackTrapVendingMachine_ovr110_4B3C	PrepareNewObject_seg036_32A9_44
HackTrapVendingMachine_ovr110_4B3C	PrintStringFromBlock1_seg039_3452_4A4
HackTrapVendingMachine_ovr110_4B3C	WriteTextToMessageScroll_seg043_3619_1A0
HackTrap_ClassItem_ovr110_33AE	BitLShift_seg005_105F_35D3
HackTrap_ClassItem_ovr110_33AE	Divide32BitNumbers_seg005_105F_3525
HackTrap_ClassItem_ovr110_33AE	FindObjectWithSpecificProps_seg029_2A8E_D79
HackTrap_ClassItem_ovr110_33AE	RNG_seg005_105F_DE7
HackTrap_ForceField_ovr110_350D	GetLinkedOrNextObjectWithFilter_seg029_2A8E_B6B
HackTrap_ForceField_ovr110_350D	GetNextOrLinkedObject_seg029_2A8E_8BE
HackTrap_ForceField_ovr110_350D	GetTile_seg036_32A9_F
HackTraps_ovr166_1D53	AutoMapTrap_ovr094_1878
HackTraps_ovr166_1D53	AvatarIsACowardInThePits_ovr110_46AF
HackTraps_ovr166_1D53	BritanniaGoesDry_ovr110_2B6E
HackTraps_ovr166_1D53	DefeatLivingPitWarrior_ovr107_12FD
HackTraps_ovr166_1D53	FindAndUseSwitch_ovr110_35E9
HackTraps_ovr166_1D53	FlickSwitchesInTileRandomly_ovr110_3686
HackTraps_ovr166_1D53	HackTrapBlySkupChamber_ovr110_2DE5
HackTraps_ovr166_1D53	HackTrapBottleRecycler_ovr110_37EE
HackTraps_ovr166_1D53	HackTrapCamera_ovr143_D5C
HackTraps_ovr166_1D53	HackTrapCastleSchedule_ovr110_2924
HackTraps_ovr166_1D53	HackTrapChangeHeight_ovr110_1725
HackTraps_ovr166_1D53	HackTrapChangeObjectZPos_ovr110_17A9
HackTraps_ovr166_1D53	HackTrapCollapseFloor_ovr166_2C60
HackTraps_ovr166_1D53	HackTrapForceField_ovr110_387E
HackTraps_ovr166_1D53	HackTrapGraffiti_ovr110_312B
HackTraps_ovr166_1D53	HackTrapMovePitWarriors_ovr107_11AA
HackTraps_ovr166_1D53	HackTrapOscillateTiles_ovr110_2FA0
HackTraps_ovr166_1D53	HackTrapPlatformReset_ovr110_3279
HackTraps_ovr166_1D53	HackTrapTransformPotionToPoison_ovr110_48BD
HackTraps_ovr166_1D53	HackTrapTrespass_ovr110_16D4
HackTraps_ovr166_1D53	HackTrapVendingMachine_ovr110_4B3C
HackTraps_ovr166_1D53	HackTrap_ClassItem_ovr110_33AE
HackTraps_ovr166_1D53	HackTrap_ForceField_ovr110_350D
HackTraps_ovr166_1D53	LookupObjectByIndex_seg029_2A8E_971
HackTraps_ovr166_1D53	ProcessSCDARK_ovr151_3A6
HackTraps_ovr166_1D53	QbertTraps_ovr110_3FE9
HackTraps_ovr166_1D53	RechargeLightSpheresInTile_ovr110_371D
HackTraps_ovr166_1D53	ReverseObjectLookup_seg029_2A8E_927
HackTraps_ovr166_1D53	RunFunctionOnWhoAmI_NPC_ovr156_1486
HackTraps_ovr166_1D53	ScintillusPlatformsTrap_ovr110_287C
HackTraps_ovr166_1D53	SetGameLoopBitField_seg012_1D31_AE
HackTraps_ovr166_1D53	SleepingLogic_ovr154_B2A
HackTraps_ovr166_1D53	TileTextureCycle_ovr110_3062
HackTraps_ovr166_1D53	WorldGemTravel_ovr110_3E0B
HandleObjectOrTileClick_seg026_2716_CFB	CheckIfPlayerCanReachAtDistance_seg026_2716_154
HandleObjectOrTileClick_seg026_2716_CFB	LikelyMouseMove_seg035_31AB_8
HandleObjectOrTileClick_seg026_2716_CFB	LikelyResetCursor_seg015_1D7C_6AF
HandleObjectOrTileClick_seg026_2716_CFB	LookAtOrInteractWithSurface_seg026_2716_73F
HandleObjectOrTileClick_seg026_2716_CFB	MouseClickRelated_seg015_1D7C_2A9
HandleObjectOrTileClick_seg026_2716_CFB	PickupDropWorldorInventory_ovr121_0
HandleObjectOrTileClick_seg026_2716_CFB	PrintStringFromBlock1_seg039_3452_4A4
HandleObjectOrTileClick_seg026_2716_CFB	RayCast_seg026_2716_5E7
HandleObjectOrTileClick_seg026_2716_CFB	ReleaseSpell_seg040_34E7_C38
HandleObjectOrTileClick_seg026_2716_CFB	TestIfPlayerCanReachObjectTile_seg026_2716_2FA
HeadingRelated_seg031_2CFA_A49	GetTileAttribute8_seg028_2941_A6D
Hex2Dec_seg005_105F_1D5C	Hex2Dec_seg005_105F_1C9E
Hex2DecimalString_seg005_105F_1D1B	Hex2Dec_seg005_105F_1C9E
HomingDartTargeting_seg006_1413_2C8	ReverseObjectLookup_seg029_2A8E_927
HomingDart_seg006_1413_3A0	DartSatelliteVectoring_ovr167_313
HomingDart_seg006_1413_3A0	GetDeflectionMaybe_seg006_1413_34B
HomingDart_seg006_1413_3A0	LookupObjectByIndex_seg029_2A8E_971
HomingDart_seg006_1413_3A0	RNG_seg005_105F_DE7
HomingDart_seg006_1413_3A0	SpawnClass7_ObjectAtTarget_seg044_368F_B8D
ImageUnpackFunction_ovr119_2A2	MapMemory_seg013_1D3C_C7
ImportConversationVariable_ovr095_20AD	STRLEN_Seg005_105F_28B5
ImportConversationVariable_ovr095_20AD	StringCompare_seg017_2179_1F7
ImportConversationVariable_ovr095_20AD	ToLowerCase_seg005_105F_1400
ImportConversationVariables_ovr106_0	Divide32BitNumbers_cx1_seg005_105F_352C
ImportConversationVariables_ovr106_0	ImportConversationVariable_ovr095_20AD
ImportConversationVariables_ovr106_0	ModulusDivision_seg005_105F_353C
IncreaseSkillGroup_ovr154_3BB	AdvanceSkill_ovr154_273
IncreaseSkillGroup_ovr154_3BB	CalculateHealthManaWeightValues_ovr154_93
IncreaseSkillGroup_ovr154_3BB	Divide32BitNumbers_seg005_105F_3525
IncreaseSkillGroup_ovr154_3BB	MultiplyAXByBX_seg005_105F_350B
IncreaseSkillGroup_ovr154_3BB	RNG_seg005_105F_DE7
IncreaseSkillGroup_ovr154_3BB	SetArrayValues_seg005_105F_1DCA
InitAnObjectListArray_seg005_105F_2AD	Multiply_DxAx_By_CxBx_seg005_105F_395B
InitAnObjectListArray_seg005_105F_2AD	ProbablyGetAnArrayReference_seg005_105F_37AF
InitAnObjectListArray_seg005_105F_2AD	SetArrayValues_seg005_105F_1DA2
InitConversation_ovr103_53C	ConversationVM_ovr095_14F5
InitConversation_ovr103_53C	GetStringByID_seg039_3452_8E
InitConversation_ovr103_53C	ImportConversationVariables_ovr106_0
InitConversation_ovr103_53C	LikelyWaitForMore_ovr139_29
InitConversation_ovr103_53C	LoadNPCConversation_ovr095_875
InitConversation_ovr103_53C	RetrieveImportedVariablesAfterConversation_ovr106_48F
InitConversation_ovr103_53C	SpawnNPCLoot_ovr163_609
InitConversation_ovr103_53C	WriteTextToMessageScroll_seg043_3619_1A0
InitCritter_ovr104_5E	InitialiseCritterValues_ovr104_73
InitMotionCalcArrayForNPC_seg006_1413_9F5	ProcessMotionTileHeights_seg028_2941_385
InitMotionCalcArrayForNPC_seg006_1413_9F5	ReverseObjectLookup_seg029_2A8E_927
InitMotionParams_seg030_2BB7_43D	RNG_seg005_105F_DE7
InitMotionParams_seg030_2BB7_43D	ReverseObjectLookup_seg029_2A8E_927
InitNPCTrade_ovr097_1AF	GetValueOffsetByRandomRange_ovr097_195A
InitNPCTrade_ovr097_1AF	Init_RNG_seg005_105F_DD6
InitNPCTrade_ovr097_1AF	ReverseObjectLookup_seg029_2A8E_927
InitNPCTrade_ovr097_1AF	SomethingWithTradeSlot_ovr097_E83
InitNPCTrade_ovr097_1AF	seg001_023B_1D5
InitNPCTrade_ovr097_1AF	seg001_023B_4A
InitPlayerAndRegisterKeys_ovr143_B0	CreateAGameString_seg039_3452_117
InitPlayerAndRegisterKeys_ovr143_B0	InitPlayerObject_ovr143_0
InitPlayerAndRegisterKeys_ovr143_B0	OpenAndApplyShadesDat_ovr152_4A
InitPlayerAndRegisterKeys_ovr143_B0	RegisterClickArea_seg010_1CA1_82
InitPlayerAndRegisterKeys_ovr143_B0	RegisterEventHandler_seg010_1CA1_104
InitPlayerProjectilesValues_seg027_2856_C	GetPositionIn3dWindow_seg015_1D7C_1FB
InitSomeArrays_seg034_310D_6	MoveData_seg005_105F_1D81
InitSomeArrays_seg034_310D_6	SetArrayValues_seg005_105F_1DCA
InitialMotionCalc_seg031_2CFA_412	CopyMotionValsFromInitialToBase25C4_seg031_2CFA_93
InitialMotionCalc_seg031_2CFA_412	Divide32BitNumbers_seg005_105F_3525
InitialMotionCalc_seg031_2CFA_412	MultiplyAXByBX_seg005_105F_350B
InitialMotionCalc_seg031_2CFA_412	ProcessMotionTileHeights_seg028_2941_385
InitialMotionCalc_seg031_2CFA_412	RightShift32BitNumber_seg005_105F_35F4
InitialMotionCalc_seg031_2CFA_412	ScanForCollisions_seg028_2941_C0E
InitialMotionCalc_seg031_2CFA_412	SetCollisionTarget_seg031_2CFA_10E
InitialMotionCalc_seg031_2CFA_412	SomethingProjectileHeading_seg021_22FD_EAE
InitialiseCritterValues_ovr104_73	RNG_seg005_105F_DE7
InitialiseEmptyTileMapData_ovr128_0	ClearTilemap_seg029_2A8E_6
InitialiseEmptyTileMapData_ovr128_0	MaybeErrorHandler_ovr114_AB
InitialiseEmptyTileMapData_ovr128_0	ProbablyAllocateSpaceForSound_seg005_105F_3344
InitialisePlayer_ovr101_0	BitShiftR_AXDX_BY_CX_seg005_105F_3614
InitialisePlayer_ovr101_0	CalculateHealthManaWeightValues_ovr154_93
InitialisePlayer_ovr101_0	DiceRoll_seg041_35D7_11F
InitialisePlayer_ovr101_0	Init_RNG_seg005_105F_DD6
InitialisePlayer_ovr101_0	RNG_seg005_105F_DE7
InitialisePlayer_ovr101_0	RefreshPlayerStatus_ovr142_732
InitialisePlayer_ovr101_0	SetArrayValues_seg005_105F_1DCA
InitialisePlayer_ovr101_0	UpdateDetailLevelIndirectFunctions_seg019_21BA_5B
InsertObjectToList_seg029_2A8E_58C	Divide32BitNumbers_seg005_105F_3525
Interrupt_3F_seg046_37CD_4E0	seg046_37CD_590
InventorySlotRedraw_ovr125_904	DrawCursorAtCoordinate_seg009_26B
InventorySlotRedraw_ovr125_904	MaybeRedrawSlot_seg001_023B_25B
InventorySlotRedraw_ovr125_904	ProbablyRedrawInventory_ovr125_6C5
InventorySlotRedraw_ovr125_904	RedrawRangeOfSlots_ovr125_1776
ItemRepairLogic_ovr110_25A9	AddTimeToClock_ovr110_949
ItemRepairLogic_ovr110_25A9	AppendItemName_seg039_3452_327
ItemRepairLogic_ovr110_25A9	DataCopy_seg005_105F_36BD
ItemRepairLogic_ovr110_25A9	GetItemDurability_ovr110_2424
ItemRepairLogic_ovr110_25A9	GetTile_seg036_32A9_F
ItemRepairLogic_ovr110_25A9	MultiplyAXByBX_seg005_105F_350B
ItemRepairLogic_ovr110_25A9	ObjectCullingTest_seg029_2A8E_251
ItemRepairLogic_ovr110_25A9	PrintStringFromBlock1_seg039_3452_4A4
ItemRepairLogic_ovr110_25A9	RefreshPlayerStatus_ovr142_732
ItemRepairLogic_ovr110_25A9	RemoveObject_seg029_2A8E_704
ItemRepairLogic_ovr110_25A9	RemoveQty1FromPlayerInventory_ovr124_5D0
ItemRepairLogic_ovr110_25A9	RepairItem_ovr110_2491
ItemRepairLogic_ovr110_25A9	SetGameLoopBitField_seg012_1D31_AE
ItemRepairLogic_ovr110_25A9	WaitForYesNoAnswer_ovr139_747
ItemRepairLogic_ovr110_25A9	WriteTextToMessageScroll_seg043_3619_1A0
ItemRepairLogic_ovr110_25A9	WriteYesorNo_ovr139_1E3
JoyStickCalibration_seg011_1B8	PrintStringFromBlock1_seg039_3452_4A4
JoyStickCalibration_seg011_1B8	WriteTextToMessageScroll_seg043_3619_1A0
JoyStickCalibration_seg011_1B8	seg011_12B
JoyStickCalibration_seg011_1B8	seg021_22FD_7CD
KeyLockpickUsage_seg040_34E7_514	UseObjectWithPrompt_seg040_35E7_55A
KilhornIsCrashing_ovr110_503E	ProcessSCDARK_ovr151_3A6
KilhornIsCrashing_ovr110_503E	SpecialEffects_ovr110_1853
KillCritter_ovr110_3ABF	AddToFreeObjectLists_seg029_2A8E_508
KillCritter_ovr110_3ABF	DropNPCRemains_seg006_1413_5
KillCritter_ovr110_3ABF	GetTile_seg036_32A9_F
KillCritter_ovr110_3ABF	SpawnNPCLoot_ovr163_609
KillCritter_ovr110_3ABF	SpecialDeathCases_ovr110_195C
KillCritter_ovr110_3ABF	SpillCritterInventory_ovr163_1F1
KillCritter_ovr110_3ABF	UnlinkObjectFromLinkedList_seg029_2A8E_684
LaunchPlayerAtMoongate_ovr143_E09	BitLShift_seg005_105F_35D3
LaunchPlayerAtMoongate_ovr143_E09	ChangeReferenceToCameraObject_ovr143_C4D
LaunchPlayerAtMoongate_ovr143_E09	DRAWWorld_seg032_2E9B_355
LaunchPlayerAtMoongate_ovr143_E09	Divide32BitNumbers_seg005_105F_3525
LaunchPlayerAtMoongate_ovr143_E09	GetSquareRoot_seg021_22FD_F3F
LaunchPlayerAtMoongate_ovr143_E09	MaybeGetTangent_seg021_22FD_EFB
LaunchPlayerAtMoongate_ovr143_E09	MultiplyAXByBX_seg005_105F_350B
Length_ovr095_E8D	GetConvoMemoryValue_ovr095_2007
Length_ovr095_E8D	GetStringByID_seg039_3452_8E
Length_ovr095_E8D	StrLen_seg017_2179_109
LevelChangeEvents_ovr149_982	BitShiftR_AXDX_BY_CX_seg005_105F_3614
LevelChangeEvents_ovr149_982	KilhornIsCrashing_ovr110_503E
LevelChangeEvents_ovr149_982	LoadVOCSoundFile_seg016_1E73_260
LevelChangeEvents_ovr149_982	MoveAcademyWand_ovr110_495A
LevelChangeEvents_ovr149_982	OpenCloseDoorInTile_ovr149_903
LevelChangeEvents_ovr149_982	PickLevelThemeMusic_seg016_1E73_2B1E
LevelChangeEvents_ovr149_982	PrisonTowerQuest60_ovr110_395D
LevelChangeEvents_ovr149_982	ResetLastDamagedCharacter_ovr107_E98
LevelChangeEvents_ovr149_982	ResetMap_ovr112_2C6
LevelChangeEvents_ovr149_982	ResetMobileObjectsAndNPCs_ovr107_56F
LevelChangeEvents_ovr149_982	TriggerTrapInTile_ovr110_3C53
LevelChangeEvents_ovr149_982	seg016_1E73_284
LightUsage_ovr138_108F	FindObjectInInventorySlot_ovr124_14A
LightUsage_ovr138_108F	GetItemInSlot_ovr124_15
LightUsage_ovr138_108F	PlaySoundEffectAtAvatar_seg016_1E73_1DB2
LightUsage_ovr138_108F	PrintStringFromBlock1_seg039_3452_4A4
LightUsage_ovr138_108F	RedrawInventorySlot_ovr124_0
LightUsage_ovr138_108F	RefreshPlayerStatus_ovr142_732
LightUsage_ovr138_108F	RemoveQty1FromPlayerInventory_ovr124_5D0
LightUsage_ovr138_108F	UseObjectOnSlot_ovr124_57
LikelyChargenChoice_ovr101_D44	ChangeThemeToBrittania_seg016_1E73_2B73
LikelyChargenChoice_ovr101_D44	DrawArtToScreen_seg003_0272_4FC2
LikelyChargenChoice_ovr101_D44	GetStringByID_seg039_3452_8E
LikelyChargenChoice_ovr101_D44	LikelyDrawCursor_seg015_1D7C_C0
LikelyChargenChoice_ovr101_D44	MaybePrintChargenQuestion_ovr101_983
LikelyChargenChoice_ovr101_D44	WaitInputCommand_seg015_1D7C_594
LikelyChargenChoice_ovr101_D44	WriteTextToScreen_seg003_0272_446D
LikelyChargenChoice_ovr101_D44	WritingTextToScreen_seg003_0272_454B
LikelyChargenChoice_ovr101_D44	ovr101_BAF
LikelyChargenChoice_ovr101_D44	seg015_1D7C_D6
LikelyDoRender_seg032_2E9B_121E	GetViewDistances_seg032_2E9B_1162
LikelyDoRender_seg032_2E9B_121E	MouseRenderRelated_seg015_1D7C_B30
LikelyDoRender_seg032_2E9B_121E	RenderingFunctions_seg019_21BA_D0
LikelyDoRender_seg032_2E9B_121E	SetRangeOfVisonParams_seg032_2E9B_5B8
LikelyDrawCursor_seg015_1D7C_C0	DrawCursorAtMouseXY_seg015_1D7C_C70
LikelyMouseMove_seg035_31AB_8	MoveInDirectionEvent_seg035_31AB_56
LikelyMouseMove_seg035_31AB_8	RoamingSightInput_ovr143_B4B
LikelyMouseMove_seg035_31AB_8	seg015_1D7C_3B0
LikelyResetCursor_seg015_1D7C_6AF	LikelyDrawCursor_seg015_1D7C_C0
LikelyResetCursor_seg015_1D7C_6AF	ProbablyUpdateMouseIcon_seg015_1D7C_745
LikelyResetCursor_seg015_1D7C_6AF	seg015_1D7C_7AB
LikelyResetCursor_seg015_1D7C_6AF	seg015_1D7C_D6
LikelySlotInteractionRelated_ovr097_6E8	AddToFreeObjectLists_seg029_2A8E_508
LikelySlotInteractionRelated_ovr097_6E8	GetPositionIn3dWindow_seg015_1D7C_1FB
LikelySlotInteractionRelated_ovr097_6E8	InsertObjectToList_seg029_2A8E_58C
LikelySlotInteractionRelated_ovr097_6E8	LikelyResetCursor_seg015_1D7C_6AF
LikelySlotInteractionRelated_ovr097_6E8	LookDescription_ovr126_75BD_0
LikelySlotInteractionRelated_ovr097_6E8	LookupObjectByIndex_seg029_2A8E_971
LikelySlotInteractionRelated_ovr097_6E8	MaybeGameLoopUpdate_seg015_1D7C_326
LikelySlotInteractionRelated_ovr097_6E8	MouseClickRelated_seg015_1D7C_2A9
LikelySlotInteractionRelated_ovr097_6E8	MoveQuantity_ovr125_A7C
LikelySlotInteractionRelated_ovr097_6E8	PrintStringFromBlock1_seg039_3452_4A4
LikelySlotInteractionRelated_ovr097_6E8	RedrawTradeSlot_ovr097_A91
LikelySlotInteractionRelated_ovr097_6E8	SetObjectInHand_ovr097_C39
LikelySlotInteractionRelated_ovr097_6E8	SkillCheck_seg038_342C_9
LikelySlotInteractionRelated_ovr097_6E8	SomethingWithTradeSlot_ovr097_E83
LikelySlotInteractionRelated_ovr097_6E8	UnlinkObjectFromLinkedList_seg029_2A8E_684
LikelySlotInteractionRelated_ovr097_6E8	ovr097_5F0
LikelySlotInteractionRelated_ovr097_6E8	ovr097_CDB
LikelyWaitForMore_ovr139_29	LikelyDrawCursor_seg015_1D7C_C0
LikelyWaitForMore_ovr139_29	MouseClickRelated_seg015_1D7C_2A9
LikelyWaitForMore_ovr139_29	RefreshMusic_seg016_1E73_2BB2
LikelyWaitForMore_ovr139_29	WaitInputCommand_seg015_1D7C_594
LikelyWaitForMore_ovr139_29	seg015_1D7C_D6
LikelyWaitForMore_ovr139_29	seg043_3619_3
LikeylSelectSaveSlot_ovr149_358	DrawHUD_seg037_32C0_14C
LikeylSelectSaveSlot_ovr149_358	EnumerateSaveGames_ovr149_1E6
LikeylSelectSaveSlot_ovr149_358	LoadWeapCM_seg037_32C0_FEB
LikeylSelectSaveSlot_ovr149_358	OpenSaveGame_ovr149_771E_41B
LikeylSelectSaveSlot_ovr149_358	PlayerUpdateTick_seg026_2716_8
LikeylSelectSaveSlot_ovr149_358	PrintStringFromBlock1_seg039_3452_4A4
LikeylSelectSaveSlot_ovr149_358	RedrawPanel_seg037_32C0_12F0
LikeylSelectSaveSlot_ovr149_358	SaveGame_ovr149_771E_4E4
LikeylSelectSaveSlot_ovr149_358	SetGameLoopBitField_seg012_1D31_AE
LikeylSelectSaveSlot_ovr149_358	UpdateMotionStateAndSwimming_seg008_1B09_1252
LikeylSelectSaveSlot_ovr149_358	WalkOnSurfaceTypes_seg035_31AB_A0C
LinkObjectToList_seg029_2A8E_5FA	Divide32BitNumbers_seg005_105F_3525
LinkObjectToList_seg029_2A8E_5FA	GetNextOrLinkedObject_seg029_2A8E_8BE
ListFiles_ovr167_3F6	MaybeTryAndFindFile_seg005_105F_2758
ListSaveGamesInScroll_ovr149_771E_2C2	DataCopy_seg005_105F_36BD
ListSaveGamesInScroll_ovr149_771E_2C2	EnumerateSaveGames_ovr149_1E6
ListSaveGamesInScroll_ovr149_771E_2C2	PrintStringFromBlock1_seg039_3452_4A4
ListSaveGamesInScroll_ovr149_771E_2C2	WriteTextToMessageScroll_seg043_3619_1A0
LoadAnimationObjectDat_ovr091_0	FileReadToAddress_seg005_105F_954
LoadAnimationOverlays_ovr128_271	MoveDataBySize_seg005_105F_1DF9
LoadArtFileData_ovr119_89	AddFileToTable_seg005_105F_7FC
LoadArtFileData_ovr119_89	CloseFile_seg005_105F_47D
LoadArtFileData_ovr119_89	CombineStrings_seg005_27F3
LoadArtFileData_ovr119_89	FileReadToAddress_seg005_105F_954
LoadArtFileData_ovr119_89	SeekToAFile_Location_seg005_105F_A07
LoadArtFileData_ovr119_89	StoreStringInLocation_seg005_105F_2891
LoadArtFileData_ovr119_89	ovr119_0
LoadArtFile_ovr119_61D	LoadArtImage_ovr119_548
LoadArtFile_ovr119_804	ClearData_seg017_2179_EE
LoadArtFile_ovr119_804	LoadArtFileData_ovr119_89
LoadArtFile_ovr119_804	MoveDataBySize_seg005_105F_1DF9
LoadArtFile_ovr119_804	SeekToAFile_Location_seg005_105F_A07
LoadArtFile_ovr119_804	ovr119_1D5
LoadArtFile_ovr119_804	seg009_3F2
LoadArtFile_ovr119_986	LoadArtImage_ovr119_548
LoadArtImage_ovr119_548	LoadArtFileData_ovr119_89
LoadArtImage_ovr119_548	ReadArtDataToLocation_ovr119_1E5
LoadArtImage_ovr119_548	ovr119_1D5
LoadAutoMap_ovr094_328	CloseLevArk_ovr093_779D_47F
LoadAutoMap_ovr094_328	OpenArkFile_ovr093_779D_3A6
LoadAutoMap_ovr094_328	ReadArkFileBlock_ovr093_C33
LoadAutoMap_ovr094_328	SetArrayValues_seg005_105F_1DCA
LoadBasicSound_seg016_1E73_246B	seg016_1E73_16F0
LoadBasicSound_seg016_1E73_246B	seg022_2405_C69
LoadBasicSound_seg016_1E73_246B	seg022_2405_CC3
LoadBasicSound_seg016_1E73_246B	seg022_2405_CE1
LoadBitMap_ovr150_0	GraphicsCall_seg003_0272_46E6
LoadBitMap_ovr150_0	LoadBitmapFromBytArk_ovr150_4A
LoadBitMap_ovr150_0	MaybeApplyPalette_seg003_0272_46AA
LoadBitMap_ovr150_0	ProbablyResetScreen_ovr118_E2
LoadBitMap_ovr150_0	SetPalette_ovr118_171
LoadBitMap_ovr150_0	seg042_35ED_1DE
LoadBitmapFromBytArk_ovr150_4A	CloseLevArk_ovr093_779D_47F
LoadBitmapFromBytArk_ovr150_4A	DrawArtToScreen_seg003_0272_4FC2
LoadBitmapFromBytArk_ovr150_4A	DrawBitmapScreen_seg003_0272_4AC1
LoadBitmapFromBytArk_ovr150_4A	OpenArkFile_ovr093_779D_3A6
LoadBitmapFromBytArk_ovr150_4A	ReadArkFileBlock_ovr093_C33
LoadBitmapFromBytArk_ovr150_4A	seg042_35ED_176
LoadBitmapFromBytArk_ovr150_4A	seg042_35ED_233
LoadCritterAnimations_ovr117_0	AllocateMemory_seg042_35ED_151
LoadCritterAnimations_ovr117_0	CloseFile_seg005_105F_2FE
LoadCritterAnimations_ovr117_0	FileAccessFunctions_seg005_105F_1E46
LoadCritterAnimations_ovr117_0	seg042_35ED_12B
LoadCrittersObjectsDat_ovr104_0	FileReadToAddress_seg005_105F_954
LoadDatFile_ovr167_587	CloseFile_seg005_105F_2FE
LoadDatFile_ovr167_587	FileAccessFunctions_seg005_105F_1E46
LoadDatFile_ovr167_587	FileReadToAddress_ovr167_5DA
LoadDatFiles_ovr134_0	AddFileToTable_seg005_105F_7FC
LoadDatFiles_ovr134_0	CloseFile_seg005_105F_47D
LoadDatFiles_ovr134_0	CombineStrings_seg005_27F3
LoadDatFiles_ovr134_0	DataCopy_seg005_105F_36BD
LoadDatFiles_ovr134_0	FileReadToAddress_seg005_105F_954
LoadDatFiles_ovr134_0	StoreStringInLocation_seg005_105F_2891
LoadDoorArt_ovr119_B6A	LoadArtImage_ovr119_548
LoadDoorArt_ovr119_B6A	seg042_35ED_12B
LoadFileStringsPak_seg039_547	CloseFile_seg005_105F_2FE
LoadFileStringsPak_seg039_547	LoadStringsPakToTable_ovr167_85A
LoadFileStringsPak_seg039_547	ProbablyAllocateSpaceForSound_seg005_105F_3344
LoadFileStringsPak_seg039_547	ReadBytesAtFilePtr_seg005_1FCD
LoadGRFile_ovr119_91B	LoadArtImage_ovr119_548
LoadGameMap_ovr149_92	ClearAutomap_ovr094_412
LoadGameMap_ovr149_92	CloseLevArk_ovr093_779D_47F
LoadGameMap_ovr149_92	LoadAutoMap_ovr094_328
LoadGameMap_ovr149_92	LoadLevARK_ovr128_76
LoadGameMap_ovr149_92	LoadTextureMapData_ovr140_9F
LoadGameMap_ovr149_92	OpenDL_DAT_ovr142_AF2
LoadGameMap_ovr149_92	PlacePlayerInTile_seg008_1B09_137B
LoadGameMap_ovr149_92	ResetLastDamagedCharacter_ovr107_E98
LoadLevARK_ovr128_76	CloseLevArk_ovr093_779D_47F
LoadLevARK_ovr128_76	ErrorCanNoLongerRun_ovr114_D1
LoadLevARK_ovr128_76	LoadAnimationOverlays_ovr128_271
LoadLevARK_ovr128_76	OpenArkFile_ovr093_779D_3A6
LoadLevARK_ovr128_76	ReadArkFileBlock_ovr093_C33
LoadLightAndXFerDat_ovr152_141	OpenDataFile_ovr152_0
LoadMaleOrFemaleArmourArt_ovr125_68B	LoadArtFile_ovr119_986
LoadMapNotesData_ovr094_12C6	CloseLevArk_ovr093_779D_47F
LoadMapNotesData_ovr094_12C6	OpenArkFile_ovr093_779D_3A6
LoadMapNotesData_ovr094_12C6	ReadArkFileBlock_ovr093_C33
LoadNPCConversation_ovr095_875	AddImportedFunction_ovr095_2046
LoadNPCConversation_ovr095_875	CloseLevArk_ovr093_779D_47F
LoadNPCConversation_ovr095_875	CopyConversationCode_ovr095_14B1
LoadNPCConversation_ovr095_875	CreateAGameString_seg039_3452_117
LoadNPCConversation_ovr095_875	ErrorCanNoLongerRun_ovr114_D1
LoadNPCConversation_ovr095_875	GetStringByID_seg039_3452_8E
LoadNPCConversation_ovr095_875	MaybeAllocateSpace_ovr095_86
LoadNPCConversation_ovr095_875	OpenArkFile_ovr093_779D_3A6
LoadNPCConversation_ovr095_875	ReadArkFileBlock_ovr093_C33
LoadNPCConversation_ovr095_875	ReadConversationHeader_ovr095_12C3
LoadNPCConversation_ovr095_875	ReadInBGlobals_ovr095_744
LoadNPCConversation_ovr095_875	SomethingWithImportedVariableTypes_ovr095_21BF
LoadNPCConversation_ovr095_875	WriteTextToMessageScroll_seg043_3619_1A0
LoadNPCConversation_ovr095_875	ovr095_0
LoadNPCConversation_ovr095_875	ovr095_21E
LoadPanelsResource_ovr119_9BD	LoadArtImage_ovr119_548
LoadPlayerDat_ovr122_68D	CloseFile_seg005_105F_2FE
LoadPlayerDat_ovr122_68D	CombineStrings_seg005_27F3
LoadPlayerDat_ovr122_68D	CopyPlayerObject_ovr122_5C7
LoadPlayerDat_ovr122_68D	FileAccessFunctions_seg005_105F_1E46
LoadPlayerDat_ovr122_68D	PlacePlayerInTile_seg008_1B09_137B
LoadPlayerDat_ovr122_68D	ProbablyResetPaperdoll_ovr125_0
LoadPlayerDat_ovr122_68D	ReadPlayerDat_ovr142_102
LoadPlayerDat_ovr122_68D	RefreshPlayerStatus_ovr142_732
LoadPlayerDat_ovr122_68D	StoreStringInLocation_seg005_105F_2891
LoadPlayerDat_ovr122_68D	ovr122_0
LoadPlayerDat_ovr122_68D	seg042_35ED_176
LoadPlayerDat_ovr122_68D	seg042_35ED_233
LoadScdArkData_ovr151_1C1	CloseLevArk_ovr093_779D_47F
LoadScdArkData_ovr151_1C1	OpenArkFile_ovr093_779D_3A6
LoadScdArkData_ovr151_1C1	ReadArkFileBlock_ovr093_C33
LoadSoundEffectAtCoordinate_seg016_1E73_1C50	CalculateSoundFallOffToPlayer_seg016_1E73_D81
LoadSoundEffectAtCoordinate_seg016_1E73_1C50	LoadBasicSound_seg016_1E73_246B
LoadSoundEffectAtCoordinate_seg016_1E73_1C50	LoadVocFile_seg016_5D9
LoadSoundEffects_seg016_1E73_161E	AppendString_seg039_3452_90B
LoadSoundEffects_seg016_1E73_161E	CombineStrings_seg005_27F3
LoadSoundEffects_seg016_1E73_161E	FileAccessFunctions_seg005_105F_1E46
LoadSoundEffects_seg016_1E73_161E	ProbablyAllocateSpaceForSound_seg005_105F_3344
LoadSoundEffects_seg016_1E73_161E	StoreStringInLocation_seg005_105F_2891
LoadSoundEffects_seg016_1E73_161E	seg016_1E73_16F0
LoadSoundEffects_seg016_1E73_161E	seg022_2405_C45
LoadSoundEffects_seg016_1E73_161E	seg022_2405_C4B
LoadSoundFile_seg016_1E73_1A58	AddFileToTable_seg005_105F_7FC
LoadSoundFile_seg016_1E73_1A58	CloseFile_seg005_105F_47D
LoadSoundFile_seg016_1E73_1A58	GetFileSize_seg005_105F_1883
LoadSoundsDat_seg016_1E73_22A8	AddFileToTable_seg005_105F_7FC
LoadSoundsDat_seg016_1E73_22A8	CloseFile_seg005_105F_47D
LoadSoundsDat_seg016_1E73_22A8	CombineStrings_seg005_27F3
LoadSoundsDat_seg016_1E73_22A8	FileReadToAddress_seg005_105F_954
LoadSoundsDat_seg016_1E73_22A8	StoreStringInLocation_seg005_105F_2891
LoadStringsPakToTable_ovr167_85A	AddFileToTable_seg005_105F_7FC
LoadStringsPakToTable_ovr167_85A	CombineStrings_seg005_27F3
LoadStringsPakToTable_ovr167_85A	StoreStringInLocation_seg005_105F_2891
LoadT64AndDoorsGR_ovr140_237	LoadDoorArt_ovr119_B6A
LoadT64AndDoorsGR_ovr140_237	LoadTextureFile_ovr119_695
LoadTerrainDat_ovr140_24B	AddFileToTable_seg005_105F_7FC
LoadTerrainDat_ovr140_24B	CloseFile_seg005_105F_47D
LoadTerrainDat_ovr140_24B	FileReadToAddress_seg005_105F_954
LoadTerrainDat_ovr140_24B	SeekToAFile_Location_seg005_105F_A07
LoadTextureFile_ovr119_695	ClearData_seg017_2179_EE
LoadTextureFile_ovr119_695	LoadArtFileData_ovr119_89
LoadTextureFile_ovr119_695	MapMemory_seg013_1D3C_C7
LoadTextureFile_ovr119_695	SeekToAFile_Location_seg005_105F_A07
LoadTextureFile_ovr119_695	ovr119_1D5
LoadTextureMapData_ovr140_9F	CloseLevArk_ovr093_779D_47F
LoadTextureMapData_ovr140_9F	LoadT64AndDoorsGR_ovr140_237
LoadTextureMapData_ovr140_9F	LoadTerrainDat_ovr140_24B
LoadTextureMapData_ovr140_9F	OpenArkFile_ovr093_779D_3A6
LoadTextureMapData_ovr140_9F	ReadArkFileBlock_ovr093_C33
LoadTextures_ovr140_0	LoadT64AndDoorsGR_ovr140_237
LoadTriggerObjDat_ovr166_0	FileReadToAddress_seg005_105F_954
LoadVOCSoundFile_seg016_1E73_260	LoadVocFile_seg016_5D9
LoadVocFileProperties_seg005_105F_18C4	File_Error_Handler_seg005_1C27
LoadVocFileProperties_seg005_105F_18C4	GetFileSize_seg005_105F_1883
LoadVocFileProperties_seg005_105F_18C4	SomeFileDateTimeCalc_seg005_105F_16F5
LoadVocFile_seg016_5D9	CloseFile_seg005_105F_2FE
LoadVocFile_seg016_5D9	CombineStrings_seg005_27F3
LoadVocFile_seg016_5D9	FileAccessFunctions_seg005_105F_1E46
LoadVocFile_seg016_5D9	Hex2DecimalString_seg005_105F_1D1B
LoadVocFile_seg016_5D9	LoadVocFileProperties_seg005_105F_18C4
LoadVocFile_seg016_5D9	MapMemory_seg013_1D3C_C7
LoadVocFile_seg016_5D9	RightShift32BitNumber_seg005_105F_35F4
LoadVocFile_seg016_5D9	SetArrayValues_seg005_105F_1DCA
LoadVocFile_seg016_5D9	StoreStringInLocation_seg005_105F_2891
LoadVocFile_seg016_5D9	seg005_105F_17BB
LoadVocFile_seg016_5D9	seg013_1D3C_E4
LoadVocFile_seg016_5D9	seg016_1E73_218F
LoadVocFile_seg016_5D9	seg016_1E73_2EE
LoadVocFile_seg016_5D9	seg016_1E73_377
LoadVocFile_seg016_5D9	seg022_2405_BDF
LoadVocFile_seg016_5D9	seg022_2405_BEB
LoadVocFile_seg016_5D9	seg022_2405_C0F
LoadVocFile_seg016_5D9	seg022_2405_C15
LoadVocFile_seg016_5D9	seg022_2405_C1B
LoadVocFile_seg016_5D9	seg022_2405_C27
LoadVocFile_seg016_5D9	seg042_35ED_12B
LoadWeapCM_seg037_32C0_FEB	AddFileToTable_seg005_105F_7FC
LoadWeapCM_seg037_32C0_FEB	CloseFile_seg005_105F_47D
LoadWeapCM_seg037_32C0_FEB	FileReadToAddress_seg005_105F_954
LoadWeapCM_seg037_32C0_FEB	SeekToAFile_Location_seg005_105F_A07
LoadWeapDat_seg037_32C0_BB4	AddFileToTable_seg005_105F_7FC
LoadWeapDat_seg037_32C0_BB4	CloseFile_seg005_105F_47D
LoadWeapDat_seg037_32C0_BB4	FileReadToAddress_seg005_105F_954
LoadWeapDat_seg037_32C0_BB4	LoadArtImage_ovr119_548
LoadWeapDat_seg037_32C0_BB4	SeekToAFile_Location_seg005_105F_A07
LoadWeapDat_seg037_32C0_BB4	SetArrayValues_seg005_105F_1DCA
LoadXMIFile_seg016_1E73_174B	CombineStrings_seg005_27F3
LoadXMIFile_seg016_1E73_174B	LoadSoundFile_seg016_1E73_1A58
LoadXMIFile_seg016_1E73_174B	StoreStringInLocation_seg005_105F_2891
LoadXMIFile_seg016_1E73_174B	seg016_1E73_16F0
LoadXMIFile_seg016_1E73_174B	seg022_2405_C39
LoadXMIFile_seg016_1E73_174B	seg022_2405_C3F
LoadXMIFile_seg016_1E73_174B	seg022_2405_C51
LoadXMIFile_seg016_1E73_174B	seg022_2405_C6F
LoadXMIFile_seg016_1E73_174B	seg022_2405_C75
LoadXMIFile_seg016_1E73_174B	seg022_2405_C93
LoadXMIFile_seg016_1E73_174B	seg022_2405_C99
LoadXMIFile_seg016_1E73_174B	seg022_2405_CC3
LockPicking_ovr138_EB9	CharacterDoorLockAndKeyInteraction_seg040_34E7_7AF
LockPicking_ovr138_EB9	LikelyResetCursor_seg015_1D7C_6AF
LockPicking_ovr138_EB9	PlaySoundEffectAtAvatar_seg016_1E73_1DB2
LockPicking_ovr138_EB9	PrintStringFromBlock1_seg039_3452_4A4
LockPicking_ovr138_EB9	RemoveUsedObject_seg040_34E7_383
LockPicking_ovr138_EB9	SkillCheck_seg038_342C_9
LookAtBones_ovr126_AB0	AppendItemName_seg039_3452_327
LookAtBones_ovr126_AB0	PrintStringFromBlock1_seg039_3452_4A4
LookAtBones_ovr126_AB0	WriteTextToMessageScroll_seg043_3619_1A0
LookAtDataCrystal_ovr138_151	PrintStringFromBlock1_seg039_3452_4A4
LookAtDataCrystal_ovr138_151	WriteTextToMessageScroll_seg043_3619_1A0
LookAtItem_ovr126_DDA	LookAtBones_ovr126_AB0
LookAtItem_ovr126_DDA	LookAtKey_ovr126_BA6
LookAtItem_ovr126_DDA	LookAtReadableItems_ovr126_6BC
LookAtItem_ovr126_DDA	PrintStringFromBlock1_seg039_3452_4A4
LookAtKey_ovr126_BA6	GetStringByID_seg039_3452_8E
LookAtKey_ovr126_BA6	WriteTextToMessageScroll_seg043_3619_1A0
LookAtOrInteractWithSurface_seg026_2716_73F	GetStringByID_seg039_3452_8E
LookAtOrInteractWithSurface_seg026_2716_73F	PrintStringFromBlock1_seg039_3452_4A4
LookAtOrInteractWithSurface_seg026_2716_73F	WriteTextToMessageScroll_seg043_3619_1A0
LookAtReadableItems_ovr126_6BC	AppendItemName_seg039_3452_327
LookAtReadableItems_ovr126_6BC	CombineStrings_seg005_27F3
LookAtReadableItems_ovr126_6BC	GetStringByID_seg039_3452_8E
LookAtReadableItems_ovr126_6BC	PlayCutscene_ovr108_2DC5
LookAtReadableItems_ovr126_6BC	PrintStringFromBlock1_seg039_3452_4A4
LookAtReadableItems_ovr126_6BC	STRLEN_Seg005_105F_28B5
LookAtReadableItems_ovr126_6BC	StoreStringInLocation_seg005_105F_2891
LookAtReadableItems_ovr126_6BC	WriteTextToMessageScroll_seg043_3619_1A0
LookAtWatch_ovr138_6D	CopyStringToLocation_seg017_2179_13F
LookAtWatch_ovr138_6D	Divide32BitNumbers_cx1_seg005_105F_352C
LookAtWatch_ovr138_6D	GetStringByID_seg039_3452_8E
LookAtWatch_ovr138_6D	ModulusDivision_seg005_105F_353C
LookAtWatch_ovr138_6D	PrintStringFromBlock1_seg039_3452_4A4
LookAtWatch_ovr138_6D	STRLEN_Seg005_105F_28B5
LookAtWatch_ovr138_6D	WriteTextToMessageScroll_seg043_3619_1A0
LookAt_seg026_2716_E74	LookDescription_ovr126_75BD_0
LookAt_seg026_2716_E74	MaybeGetObjectClickedOn_ovr124_53F
LookAt_seg026_2716_E74	SkillCheck_seg038_342C_9
LookAt_seg026_2716_E74	TriggerObjectLink_seg040_34E7_A95
LookAt_seg026_B19	CheckForTrapTrigger_ovr154_17C0
LookAt_seg026_B19	CheckIfPlayerCanReachAtDistance_seg026_2716_154
LookAt_seg026_B19	LookDescription_ovr126_75BD_0
LookAt_seg026_B19	MaybeGameLoopUpdate_seg015_1D7C_326
LookAt_seg026_B19	MouseClickRelated_seg015_1D7C_2A9
LookAt_seg026_B19	Pickup_seg026_2716_803
LookAt_seg026_B19	TrapDisarming_ovr154_1857
LookAt_seg026_B19	TriggerObjectLink_seg040_34E7_A95
LookAt_seg026_B19	WaitForYesNoAnswer_ovr139_747
LookAt_seg026_B19	WriteTextToMessageScroll_seg043_3619_1A0
LookAt_seg026_B19	WriteYesorNo_ovr139_1E3
LookDescription_ovr126_75BD_0	AppendItemName_seg039_3452_327
LookDescription_ovr126_75BD_0	AppendString_seg039_3452_90B
LookDescription_ovr126_75BD_0	BuildObjectIdentificationString_ovr126_36A
LookDescription_ovr126_75BD_0	CombineStrings_seg005_27F3
LookDescription_ovr126_75BD_0	GetNPCDescription_ovr126_BE8
LookDescription_ovr126_75BD_0	GetStringByID_seg039_3452_8E
LookDescription_ovr126_75BD_0	Hex2DecimalString_seg005_105F_1D1B
LookDescription_ovr126_75BD_0	LookAtItem_ovr126_DDA
LookDescription_ovr126_75BD_0	MagicItemDescription_ovr126_45F
LookDescription_ovr126_75BD_0	MiscMajor5Minor2_ObjectUsage_ovr126_82B
LookDescription_ovr126_75BD_0	MoveDataBySize_seg005_105F_1DF9
LookDescription_ovr126_75BD_0	STRLEN_Seg005_105F_28B5
LookDescription_ovr126_75BD_0	StoreStringInLocation_seg005_105F_2891
LookDescription_ovr126_75BD_0	StrLen_seg017_2179_109
LookDescription_ovr126_75BD_0	WriteTextToMessageScroll_seg043_3619_1A0
LookUpDown_ovr143_EFD	ChangesLookupDown_seg041_35D7_3
LookUpDown_ovr143_EFD	SetGameLoopBitField_seg012_1D31_AE
LookUpDown_ovr143_F7D	LookUpDown_ovr143_EFD
LoopAnimationOverlaysAndTimers_seg044_368F_719	AnimoUpdate_seg044_368F_55C
LoopAnimationOverlaysAndTimers_seg044_368F_719	EndDoorAnimation_seg044_368F_EA
LoopAnimationOverlaysAndTimers_seg044_368F_719	GetNextOrLinkedObject_seg029_2A8E_8BE
LoopAnimationOverlaysAndTimers_seg044_368F_719	LookupObjectByIndex_seg029_2A8E_971
LoopAnimationOverlaysAndTimers_seg044_368F_719	RunTrigger_ovr166_3B
LoopAnimationOverlaysAndTimers_seg044_368F_719	SetGameLoopBitField_seg012_1D31_AE
LootSpawnArms_ovr163_3FC	InsertObjectToList_seg029_2A8E_58C
LootSpawnArms_ovr163_3FC	PrepareNewObject_seg036_32A9_44
LootSpawnArms_ovr163_3FC	RNG_seg005_105F_DE7
LootSpawnFood_ovr163_396	InsertObjectToList_seg029_2A8E_58C
LootSpawnFood_ovr163_396	PrepareNewObject_seg036_32A9_44
LootSpawnFood_ovr163_396	RNG_seg005_105F_DE7
LootSpawnOther_ovr163_51D	InsertObjectToList_seg029_2A8E_58C
LootSpawnOther_ovr163_51D	PrepareNewObject_seg036_32A9_44
LootSpawnOther_ovr163_51D	RNG_seg005_105F_DE7
LootSpawnValuables_ovr163_21D	DiceRoll_seg041_35D7_11F
LootSpawnValuables_ovr163_21D	InsertObjectToList_seg029_2A8E_58C
LootSpawnValuables_ovr163_21D	PrepareNewObject_seg036_32A9_44
LootSpawnValuables_ovr163_21D	RNG_seg005_105F_DE7
LothIsDeadKillHisLiches_ovr110_3A28	CheckIfMatchingRace_ovr110_3BBC
LothIsDeadKillHisLiches_ovr110_3A28	KillCritter_ovr110_3ABF
LothIsDeadKillHisLiches_ovr110_3A28	LookupObjectByIndex_seg029_2A8E_971
LothIsDeadKillHisLiches_ovr110_3A28	SmiteUndead_ovr110_38AD
LowerZposOfObjectInChangingTile_ovr110_D08	GetNextOrLinkedObject_seg029_2A8E_8BE
LowerZposOfObjectInChangingTile_ovr110_D08	ProcessPlayerTileState_seg008_1B09_3F
LowerZposOfObjectInChangingTile_ovr110_D08	RemoveObject_seg029_2A8E_704
LowerZposOfObjectInChangingTile_ovr110_D08	TestIfStaticOrMobile_seg029_2A8E_A87
MAYBEGRAVITYZ_seg031_2CFA_1138	ABS_seg005_105F_B1F
MAYBEGRAVITYZ_seg031_2CFA_1138	Divide32BitNumbers_seg005_105F_3525
MAYBEGRAVITYZ_seg031_2CFA_1138	DoCollision_seg031_2CFA_D1F
MAYBEGRAVITYZ_seg031_2CFA_1138	LikelyTranslateXY_seg031_2CFA_8A6
MAYBEGRAVITYZ_seg031_2CFA_1138	MultiplyAXByBX_seg005_105F_350B
MagicItemDescription_ovr126_45F	CombineStrings_seg005_27F3
MagicItemDescription_ovr126_45F	DataCopy_seg005_105F_36BD
MagicItemDescription_ovr126_45F	GetItemEnchantment_seg040_34E7_C69
MagicItemDescription_ovr126_45F	GetLinkedOrNextObjectWithFilter_seg029_2A8E_B6B
MagicItemDescription_ovr126_45F	GetStringByID_seg039_3452_8E
MagicItemDescription_ovr126_45F	MoveDataBySize_seg005_105F_1DF9
MagicItemDescription_ovr126_45F	STRLEN_Seg005_105F_28B5
MagicItemDescription_ovr126_45F	StrLen_seg017_2179_109
MagicObjectUpdateCharge_seg040_34E7_E11	AddToFreeObjectLists_seg029_2A8E_508
MagicObjectUpdateCharge_seg040_34E7_E11	Divide32BitNumbers_seg005_105F_3525
MagicObjectUpdateCharge_seg040_34E7_E11	GetLinkedOrNextObjectWithFilter_seg029_2A8E_B6B
MagicObjectUpdateCharge_seg040_34E7_E11	MultiplyAXByBX_seg005_105F_350B
MagicObjectUpdateCharge_seg040_34E7_E11	RNG_seg005_105F_DE7
MagicObjectUpdateCharge_seg040_34E7_E11	UnlinkObjectFromLinkedList_seg029_2A8E_684
MainMenuInputHandler_ovr147_76EE_72C	ChangeThemeToBrittania_seg016_1E73_2B73
MainMenuInputHandler_ovr147_76EE_72C	DrawMainMenuLoadScreen_ovr147_CC
MainMenuInputHandler_ovr147_76EE_72C	OpenFont_ovr118_772BW_9B
MainMenuInputHandler_ovr147_76EE_72C	WaitInputCommand_seg015_1D7C_594
MainMenuInputHandler_ovr147_76EE_72C	ovr147_53F
MainMenuListSaveGames_ovr147_76EE_W_8E3	EnumerateSaveGames_ovr149_1E6
MainMenuListSaveGames_ovr147_76EE_W_8E3	GetStringByID_seg039_3452_8E
MainMenuListSaveGames_ovr147_76EE_W_8E3	LikelyDrawCursor_seg015_1D7C_C0
MainMenuListSaveGames_ovr147_76EE_W_8E3	LoadWeapCM_seg037_32C0_FEB
MainMenuListSaveGames_ovr147_76EE_W_8E3	MainMenuInputHandler_ovr147_76EE_72C
MainMenuListSaveGames_ovr147_76EE_W_8E3	OpenFont_ovr118_772BW_9B
MainMenuListSaveGames_ovr147_76EE_W_8E3	OpenSaveGame_ovr149_771E_41B
MainMenuListSaveGames_ovr147_76EE_W_8E3	WriteTextToScreen_seg003_0272_446D
MainMenuListSaveGames_ovr147_76EE_W_8E3	WritingTextToScreen_seg003_0272_454B
MainMenuListSaveGames_ovr147_76EE_W_8E3	seg015_1D7C_D6
MainMenu_ovr147_218	ChangeCursor_seg015_1D7C_67D
MainMenu_ovr147_218	ChangeThemeMusic_seg016_1E73_2B0C
MainMenu_ovr147_218	CopyArkFilesToSaveFolder_ovr112_968
MainMenu_ovr147_218	CritterCRxxLoadRelated_ovr117_163
MainMenu_ovr147_218	DataCopy_seg005_105F_36BD
MainMenu_ovr147_218	DeleteFilesInFolder_ovr149_66B
MainMenu_ovr147_218	DrawMainMenuLoadScreen_ovr147_CC
MainMenu_ovr147_218	EnumerateSaveGames_ovr149_1E6
MainMenu_ovr147_218	ErrorCanNoLongerRun_ovr114_D1
MainMenu_ovr147_218	ExitGame_seg005_105F_32C
MainMenu_ovr147_218	GetStringByID_seg039_3452_8E
MainMenu_ovr147_218	LevelChangeEvents_ovr149_982
MainMenu_ovr147_218	LikelyDrawCursor_seg015_1D7C_C0
MainMenu_ovr147_218	LikelyResetCursor_seg015_1D7C_6AF
MainMenu_ovr147_218	LoadArtImage_ovr119_548
MainMenu_ovr147_218	LoadBitmapFromBytArk_ovr150_4A
MainMenu_ovr147_218	LoadCritterAnimations_ovr117_0
MainMenu_ovr147_218	LoadGameMap_ovr149_92
MainMenu_ovr147_218	MainMenuInputHandler_ovr147_76EE_72C
MainMenu_ovr147_218	MainMenuListSaveGames_ovr147_76EE_W_8E3
MainMenu_ovr147_218	OpenDL_DAT_ovr142_AF2
MainMenu_ovr147_218	OpenFont_ovr118_772BW_9B
MainMenu_ovr147_218	PickLevelThemeMusic_seg016_1E73_2B1E
MainMenu_ovr147_218	PlayCredits_ovr131_0
MainMenu_ovr147_218	PlayCutscene_ovr108_2DC5
MainMenu_ovr147_218	PlayIntroIfNoSaveGames_ovr147_94
MainMenu_ovr147_218	PutWeaponAway_seg026_2716_1396
MainMenu_ovr147_218	RefreshMusic_seg016_1E73_2BB2
MainMenu_ovr147_218	ReinitialisePlayerOnLevelOrPositionChange_seg008_1B09_AD8
MainMenu_ovr147_218	SetGameLoopBitField_seg012_1D31_AE
MainMenu_ovr147_218	SetGameLoopForScreenMode_ovr112_2DF
MainMenu_ovr147_218	WaitInputCommand_seg015_1D7C_594
MainMenu_ovr147_218	WriteTextToScreen_seg003_0272_446D
MainMenu_ovr147_218	WritingTextToScreen_seg003_0272_454B
MainMenu_ovr147_218	seg015_1D7C_D6
MainMenu_ovr147_218	seg042_35ED_176
MainMenu_ovr147_218	seg042_35ED_1DE
MainMenu_ovr147_218	seg042_35ED_233
Major4_Minor2_ObjectUsage_ovr138_1A4F	CreateObjectInHand_seg040_34E7_4B4
Major4_Minor2_ObjectUsage_ovr138_1A4F	GetItemEnchantment_seg040_34E7_C69
Major4_Minor2_ObjectUsage_ovr138_1A4F	MouseClickRelated_seg015_1D7C_2A9
Major4_Minor2_ObjectUsage_ovr138_1A4F	PlayMusicalInstrument_seg016_26BC
Major4_Minor2_ObjectUsage_ovr138_1A4F	PrintStringFromBlock1_seg039_3452_4A4
Major4_Minor2_ObjectUsage_ovr138_1A4F	RemoveUsedObject_seg040_34E7_383
Major4_Minor2_ObjectUsage_ovr138_1A4F	SleepingLogic_ovr154_B2A
Major4_Minor2_ObjectUsage_ovr138_1A4F	SpellTrap_ovr110_14DB
Major4_Minor2_ObjectUsage_ovr138_1A4F	UseFishingPole_ovr110_152B
Major4_Minor2_ObjectUsage_ovr138_1A4F	UseObjectWithPrompt_seg040_35E7_55A
MakeASound_seg016_1E73_1EE7	CalculateSoundFallOffToPlayer_seg016_1E73_D81
MakeASound_seg016_1E73_1EE7	LoadBasicSound_seg016_1E73_246B
MakeASound_seg016_1E73_1EE7	LoadVocFile_seg016_5D9
MakeCampEvent_ovr154_FFD	SearchInventoryForItem_ovr124_21C
MakeCampEvent_ovr154_FFD	SleepingLogic_ovr154_B2A
MakeObjectTheCamera_ovr143_D46	ChangeReferenceToCameraObject_ovr143_C4D
MakeObjectTheCamera_ovr143_D46	SetCameraViewObjectDefaults_ovr143_A82
ManaChange_ovr156_33F	RNG_seg005_105F_DE7
ManaChange_ovr156_33F	RefreshPanels_seg038_342C_201
MassConfusion_ovr156_A9E	ApplyAttitudeChangingSpellToNPC__ovr156_95A
MassConfusion_ovr156_A9E	LookupObjectByIndex_seg029_2A8E_971
MassConfusion_ovr156_A9E	RNG_seg005_105F_DE7
MassConfusion_ovr156_A9E	SpawnClass7_ObjectAtTarget_seg044_368F_B8D
MaybeAnInventoryRedraw_ovr121_424	GetNextOrLinkedObject_seg029_2A8E_8BE
MaybeAnInventoryRedraw_ovr121_424	InventorySlotRedraw_ovr125_904
MaybeAnInventoryRedraw_ovr121_424	LikelyDrawCursor_seg015_1D7C_C0
MaybeAnInventoryRedraw_ovr121_424	ReverseObjectLookup_seg029_2A8E_927
MaybeAnInventoryRedraw_ovr121_424	seg015_1D7C_D6
MaybeApplyPalette_seg003_0272_46AA	seg003_0272_5296
MaybeCancelWeaponSwingAnim_seg024_24E9_12E0	UpdateUIAnim_seg037_32C0_2C8
MaybeCreateSaveGameFolder_ovr149_0	CreateDirectory_seg005_1DE3
MaybeCreateSaveGameFolder_ovr149_0	DeleteFilesInFolder_ovr149_66B
MaybeCreateSaveGameFolder_ovr149_0	GetDiskSpace_seg005_105F_1B38
MaybeCreateSaveGameFolder_ovr149_0	MultiplyAXByBX_seg005_105F_350B
MaybeCreateSaveGameFolder_ovr149_0	STRLEN_Seg005_105F_28B5
MaybeCreateSaveGameFolder_ovr149_0	StoreStringInLocation_seg005_105F_2891
MaybeErrorHandler_ovr114_AB	ErrorHandler_ovr114_0
MaybeErrorHandler_ovr114_AB	ExitGame_seg005_105F_32C
MaybeErrorHandler_ovr114_AB	seg016_1E73_29C5
MaybeErrorHandler_ovr114_AB	seg016_1E73_2AEC
MaybeErrorHandler_ovr114_AB	seg042_35ED_9B
MaybeGameLoopUpdate_seg015_1D7C_326	GetMouseButtonStatus_seg015_1D7C_287
MaybeGameLoopUpdate_seg015_1D7C_326	GetPositionIn3dWindow_seg015_1D7C_1FB
MaybeGameLoopUpdate_seg015_1D7C_326	RunGameLoopFunctions_seg012_1D31_1F
MaybeGameLoopUpdate_seg015_1D7C_326	SomethingWithMousePos_seg015_1D7C_DA7
MaybeGameLoopUpdate_seg015_1D7C_326	seg015_1D7C_4AE
MaybeGameLoopUpdate_seg015_1D7C_326	seg015_1D7C_87F
MaybeGameLoop_seg012_1D31_1	ProcessCommands_seg010_1CA1_2A0
MaybeGameLoop_seg012_1D31_1	RunGameLoopFunctions_seg012_1D31_1F
MaybeGetObjectClickedOn_ovr124_53F	GetObjectAtSlot_ovr124_5A4
MaybeGetObjectClickedOn_ovr124_53F	ovr124_79F
MaybeGetTangent_seg021_22FD_EFB	MaybeTangent_seg021_22FD_BD4
MaybeItemClickOnSlot_ovr125_1208	PutObjectInInventorySlot_ovr125_125C
MaybeItemClickOnSlot_ovr125_1208	UseObjectOnInventorySlot_ovr125_1429
MaybeMusicInit_seg005_105F_B47	MaybeMusicInit_seg005_105F_2BEE
MaybeOptionsMenuEvents_seg014_18B	MaybeSetScreenSize_seg015_1D7C_3CD
MaybeOptionsMenuEvents_seg014_18B	MouseClickRelated_seg015_1D7C_2A9
MaybeOptionsMenuEvents_seg014_18B	OptionsMenuSaveGames_ovr136_364
MaybeOptionsMenuEvents_seg014_18B	PrintStringFromBlock1_seg039_3452_4A4
MaybePlayCutsArtFile_ovr108_2359	ApplyCutscenePalette_ovr118_19F
MaybePlayCutsArtFile_ovr108_2359	DRAW_RELATED_ovr108_189F
MaybePlayCutsArtFile_ovr108_2359	DrawArtToScreen_seg003_0272_4FC2
MaybePlayCutsArtFile_ovr108_2359	GraphicsCall_seg003_0272_46E6
MaybePlayCutsArtFile_ovr108_2359	GraphicsCall_seg003_0272_4B57
MaybePlayCutsArtFile_ovr108_2359	MaybeApplyPalette_seg003_0272_46AA
MaybePlayCutsArtFile_ovr108_2359	ProbablyCutsSubtitle_ovr108_157B
MaybePlayCutsArtFile_ovr108_2359	ProbablyResetScreen_ovr118_E2
MaybePlayCutsArtFile_ovr108_2359	ProcessCutsceneFunctions_ovr108_175F
MaybePlayCutsArtFile_ovr108_2359	ovr108_14DF
MaybePlayCutsArtFile_ovr108_2359	ovr108_162B
MaybePlayCutsArtFile_ovr108_2359	ovr108_1693
MaybePlayCutsArtFile_ovr108_2359	ovr108_623
MaybePlayCutsArtFile_ovr108_2359	ovr108_819
MaybePlayCutsArtFile_ovr108_2359	ovr108_B8E
MaybePrintChargenQuestion_ovr101_983	DrawArtToScreen_seg003_0272_4FC2
MaybePrintChargenQuestion_ovr101_983	GetStringByID_seg039_3452_8E
MaybePrintChargenQuestion_ovr101_983	LikelyDrawCursor_seg015_1D7C_C0
MaybePrintChargenQuestion_ovr101_983	WriteTextToScreen_seg003_0272_446D
MaybePrintChargenQuestion_ovr101_983	WritingTextToScreen_seg003_0272_454B
MaybePrintChargenQuestion_ovr101_983	seg015_1D7C_D6
MaybePrintConversationText_ovr103_FBF	AppendString_seg039_3452_90B
MaybePrintConversationText_ovr103_FBF	CopyStringToLocation_seg017_2179_13F
MaybePrintConversationText_ovr103_FBF	WriteTextToMessageScroll_seg043_3619_1A0
MaybePrintConversationText_ovr103_FBF	seg042_35ED_1DE
MaybePrintConversationText_ovr103_FBF	seg043_3619_38
MaybePrintConversationText_ovr103_FBF	seg043_3619_4E
MaybeReflection_seg031_2CFA_CC6	RNG_seg005_105F_DE7
MaybeRunQueuedCutsCallbackFunctions_ovr108_2FF0	BitShiftR_AXDX_BY_CX_seg005_105F_3614
MaybeRunQueuedCutsCallbackFunctions_ovr108_2FF0	ClearUnknownCutsFunctionPTR_ovr108_32B5
MaybeSetupConversationUI_ovr112_448	ChangePanelMode_seg037_32C0_2A6
MaybeShouldNPCWithdraw_seg007_17A2_304A	RNG_seg005_105F_DE7
MaybeSoundInit_seg016_1E73_1323	MaybeMusicInit_seg005_105F_B47
MaybeSoundInit_seg016_1E73_1323	seg016_1E73_29E7
MaybeSoundRelated_seg016_1356	CombineStrings_seg005_27F3
MaybeSoundRelated_seg016_1356	LoadSoundEffects_seg016_1E73_161E
MaybeSoundRelated_seg016_1356	MaybeSoundInit_seg016_1E73_1323
MaybeSoundRelated_seg016_1356	ProbablyAllocateSpaceForSound_seg005_105F_3344
MaybeSoundRelated_seg016_1356	StoreStringInLocation_seg005_105F_2891
MaybeSoundRelated_seg016_1356	seg016_1E73_18DD
MaybeSoundRelated_seg016_1356	seg016_1E73_2400
MaybeSoundRelated_seg016_1356	seg016_1E73_2DE4
MaybeSoundRelated_seg016_1356	seg016_1E73_2E31
MaybeSoundRelated_seg016_1356	seg022_2405_6D3
MaybeSoundRelated_seg016_1356	seg022_2405_A10
MaybeSoundRelated_seg016_1356	seg022_2405_AC8
MaybeSoundRelated_seg016_1356	seg022_2405_AEE
MaybeSoundRelated_seg016_1356	seg022_2405_AF4
MaybeSoundRelated_seg016_1356	seg022_2405_C33
MaybeTangent_seg021_22FD_BD4	seg021_22FD_B78
MaybeTangent_seg021_22FD_BD4	seg021_22FD_BA2
MaybeTestVisibilityNextTile_seg032_2E9B_6CF	GetNextVisionTileNegative_seg032_2E9B_6A9
MaybeTestVisibilityNextTile_seg032_2E9B_6CF	GetNextVisionTilePositive_seg032_2E9B_683
MaybeTestVisionIntoDarkness_seg032_2E9B_AF5	GetNextVisionTileNegative_seg032_2E9B_6A9
MaybeTestVisionIntoDarkness_seg032_2E9B_AF5	GetNextVisionTilePositive_seg032_2E9B_683
MaybeTestVisionIntoDarkness_seg032_2E9B_AF5	MaybeTestVisibilityNextTile_seg032_2E9B_6CF
MaybeTryAndFindFile_seg005_105F_2758	File_Error_Handler_seg005_1C27
MaybeTryAndFindFile_seg005_105F_2758	SomeFileDateTimeCalc_seg005_105F_16F5
MaybeUIUdates_seg037_32C0_409	RNG_seg005_105F_DE7
MaybeUIUdates_seg037_32C0_409	seg000_330
MaybeVectorsToPlayer_seg007_17A2_14E0	GetVectorHeading_seg006_1413_2EC9
MaybeVectorsToPlayer_seg007_17A2_14E0	LookupObjectByIndex_seg029_2A8E_971
MiscClass3_ObjectUsages_ovr138_1DC8	EatingFoodAndDrinking_ovr138_39B
MiscClass3_ObjectUsages_ovr138_1DC8	RefreshPlayerStatus_ovr142_732
MiscClass3_ObjectUsages_ovr138_1DC8	UseObjectWithPrompt_seg040_35E7_55A
MiscMajor4_Minor1_ObjectUsage_ovr138_1243	EatingFoodAndDrinking_ovr138_39B
MiscMajor4_Minor1_ObjectUsage_ovr138_1243	PlayMusicalInstrument_seg016_26BC
MiscMajor4_Minor1_ObjectUsage_ovr138_1243	PrintStringFromBlock1_seg039_3452_4A4
MiscMajor4_Minor1_ObjectUsage_ovr138_1243	UseObjectWithPrompt_seg040_35E7_55A
MiscMajor5Minor2_ObjectUsage_ovr126_82B	CloseFile_seg005_105F_2FE
MiscMajor5Minor2_ObjectUsage_ovr126_82B	FileAccessFunctions_seg005_105F_1E46
MiscMajor5Minor2_ObjectUsage_ovr126_82B	FindObjectInObjectList_ovr124_44C
MiscMajor5Minor2_ObjectUsage_ovr126_82B	GetStringByID_seg039_3452_8E
MiscMajor5Minor2_ObjectUsage_ovr126_82B	LookAtOrInteractWithSurface_seg026_2716_73F
MiscMajor5Minor2_ObjectUsage_ovr126_82B	MoveFilePointer_seg005_105F_1C75
MiscMajor5Minor2_ObjectUsage_ovr126_82B	PrintStringFromBlock1_seg039_3452_4A4
MiscMajor5Minor2_ObjectUsage_ovr126_82B	ReadBytesAtFilePtr_seg005_1FCD
MiscMajor5Minor2_ObjectUsage_ovr126_82B	ReturnFar_seg037_32C0_16BF
MiscMajor5Minor2_ObjectUsage_ovr126_82B	SplitObjectNames_seg039_3452_3ED
MiscMajor5Minor2_ObjectUsage_ovr126_82B	WriteTextToMessageScroll_seg043_3619_1A0
MiscMajor5Minor2_ObjectUsage_ovr126_82B	seg037_32C0_16C4
MissileAttackHit_seg024_24E9_1860	AttackerAppliesFinalDamage_seg024_24E9_983
MissileAttackHit_seg024_24E9_1860	PickBodyHitPoint_seg024_24E9_3
MissileAttackHit_seg024_24E9_1860	PlaySoundEffectAtAvatar_seg016_1E73_1DB2
MissileAttackHit_seg024_24E9_1860	PlaySoundEffectAtObject_seg016_1E73_1E7E
MissileAttackHit_seg024_24E9_1860	ReverseObjectLookup_seg029_2A8E_927
MissileAttackHit_seg024_24E9_1860	TestIfStaticOrMobile_seg029_2A8E_A87
MissileImpact_seg030_2BB7_B2	MissileAttackHit_seg024_24E9_1860
MissileImpact_seg030_2BB7_B2	ReverseObjectLookup_seg029_2A8E_927
MissileImpact_seg030_2BB7_B2	SkillCheck_seg038_342C_9
MissileRelease_seg027_9E	AddToFreeObjectLists_seg029_2A8E_508
MissileRelease_seg027_9E	CheckForAmmo_seg024_24E9_FA5
MissileRelease_seg027_9E	FindAndRemoveFromPlayerInventory_ovr124_827
MissileRelease_seg027_9E	InitPlayerProjectilesValues_seg027_2856_C
MissileRelease_seg027_9E	MakeASound_seg016_1E73_1EE7
MissileRelease_seg027_9E	PlaySoundEffectAtAvatar_seg016_1E73_1DB2
MissileRelease_seg027_9E	PrepareProjectileObject_seg027_2856_8DA
MissileRelease_seg027_9E	PrintStringFromBlock1_seg039_3452_4A4
MissileRelease_seg027_9E	seg016_1E73_F2D
MotionProcessing_seg006_1413_173	ApplyProjectileMotion_seg030_2BB7_689
MotionProcessing_seg006_1413_173	CalculateMotionTopLevel_seg006_1413_D6A
MotionProcessing_seg006_1413_173	GetTile_seg036_32A9_F
MotionProcessing_seg006_1413_173	HomingDart_seg006_1413_3A0
MotionProcessing_seg006_1413_173	InitMotionParams_seg030_2BB7_43D
MotionProcessing_seg006_1413_173	RemoveObject_seg029_2A8E_704
MotionProcessing_seg006_1413_173	Satellite_seg006_1413_6AD
MouseClickRelated_seg015_1D7C_2A9	GetCommand_seg015_1D7C_5A1
MouseClickRelated_seg015_1D7C_2A9	GetMouseButtonStatus_seg015_1D7C_F15
MouseClickRelated_seg015_1D7C_2A9	RunGameLoopFunctions_seg012_1D31_1F
MouseClickRelated_seg015_1D7C_2A9	SomethingWithMousePos_seg015_1D7C_DA7
MouseClickRelated_seg015_1D7C_2A9	seg015_1D7C_4AE
MouseClickRelated_seg015_1D7C_2A9	seg015_1D7C_87F
MouseRenderRelated_seg015_1D7C_B30	GetMouseButtonStatus_seg015_1D7C_F15
MouseRenderRelated_seg015_1D7C_B30	seg015_1D7C_87F
Mouse_Button_Status_seg021_9F0	Mouse_Position_And_Button_status_seg021_703
MoveAcademyWand_ovr110_495A	CallFunctionOnObjectsInChain_seg029_2A8E_117
MoveAcademyWand_ovr110_495A	GetNextOrLinkedObject_seg029_2A8E_8BE
MoveAcademyWand_ovr110_495A	GetTile_seg036_32A9_F
MoveAcademyWand_ovr110_495A	InsertObjectToList_seg029_2A8E_58C
MoveAcademyWand_ovr110_495A	LikelyResetCursor_seg015_1D7C_6AF
MoveAcademyWand_ovr110_495A	LookupObjectByIndex_seg029_2A8E_971
MoveAcademyWand_ovr110_495A	MoveObjectToCoordinates_seg028_2941_1245
MoveAcademyWand_ovr110_495A	RemoveQty1FromPlayerInventory_ovr124_5D0
MoveAcademyWand_ovr110_495A	UnlinkObjectFromLinkedList_seg029_2A8E_684
MoveAndFitObjectToCoordinate_seg028_2941_135A	GetTile_seg036_32A9_F
MoveAndFitObjectToCoordinate_seg028_2941_135A	LinkObjectToList_seg029_2A8E_5FA
MoveAndFitObjectToCoordinate_seg028_2941_135A	PlacedObjectCollision_seg030_2BB7_10BC
MoveAndFitObjectToCoordinate_seg028_2941_135A	RNG_seg005_105F_DE7
MoveAndFitObjectToCoordinate_seg028_2941_135A	ReverseObjectLookup_seg029_2A8E_927
MoveAndFitObjectToCoordinate_seg028_2941_135A	TestIfObjectFitsInTile_seg028_2941_1021
MoveAndFitObjectToCoordinate_seg028_2941_135A	TestIfStaticOrMobile_seg029_2A8E_A87
MoveAnimationOverlayLink_seg044_368F_3CE	ReverseObjectLookup_seg029_2A8E_927
MoveFilePointer_seg005_105F_1C75	File_Error_Handler_seg005_1C27
MoveInDirectionEvent_seg035_31AB_56	GetMouseButtonStatus_seg015_1D7C_287
MoveInDirectionEvent_seg035_31AB_56	ProcessMotionInputs_seg035_31AB_1F6
MoveInDirectionEvent_seg035_31AB_56	RoamingSightInput_ovr143_B4B
MoveMapNotes_ovr094_1201	CloseLevArk_ovr093_779D_47F
MoveMapNotes_ovr094_1201	MoveDataBySize_seg005_105F_1DF9
MoveMapNotes_ovr094_1201	OpenArkFile_ovr093_779D_3A6
MoveNPCToTile_ovr107_BBA	GetDefaultFreePositionOnTile_ovr107_BB
MoveNPCToTile_ovr107_BBA	GetTile_seg036_32A9_F
MoveNPCToTile_ovr107_BBA	InsertObjectToList_seg029_2A8E_58C
MoveNPCToTile_ovr107_BBA	ReverseObjectLookup_seg029_2A8E_927
MoveNPCToTile_ovr107_BBA	SetCurrObj_seg007_17A2_1F19
MoveNPCToTile_ovr107_BBA	TestIfObjectFitsInTile_seg028_2941_1021
MoveNPCToTile_ovr107_BBA	UnlinkObjectFromLinkedList_seg029_2A8E_684
MoveObjectToCoordinates_seg028_2941_1245	GetTile_seg036_32A9_F
MoveObjectToCoordinates_seg028_2941_1245	InsertObjectToList_seg029_2A8E_58C
MoveObjectToCoordinates_seg028_2941_1245	MoveAndFitObjectToCoordinate_seg028_2941_135A
MoveObjectToCoordinates_seg028_2941_1245	ObjectCullingTest_seg029_2A8E_251
MoveObjectToCoordinates_seg028_2941_1245	RemoveObjectAndChainFromLists_seg029_2A8E_85C
MoveObjectToMobileObjectList_seg030_2BB7_B0C	AddToFreeObjectLists_seg029_2A8E_508
MoveObjectToMobileObjectList_seg030_2BB7_B0C	DataCopy_seg005_105F_36BD
MoveObjectToMobileObjectList_seg030_2BB7_B0C	GetAvailableObjectAddress_seg029_2A8E_471
MoveObjectToMobileObjectList_seg030_2BB7_B0C	GetTile_seg036_32A9_F
MoveObjectToMobileObjectList_seg030_2BB7_B0C	InitMobileObject_seg030_2BB7_C27
MoveObjectToMobileObjectList_seg030_2BB7_B0C	InsertObjectToList_seg029_2A8E_58C
MoveObjectToMobileObjectList_seg030_2BB7_B0C	MoveAnimationOverlayLink_seg044_368F_3CE
MoveObjectToMobileObjectList_seg030_2BB7_B0C	UnlinkObjectFromLinkedList_seg029_2A8E_684
MoveQuantity_ovr125_A7C	DataCopy_seg005_105F_36BD
MoveQuantity_ovr125_A7C	GetAvailableObjectAddress_seg029_2A8E_471
MoveQuantity_ovr125_A7C	MaybeGameLoopUpdate_seg015_1D7C_326
MoveQuantity_ovr125_A7C	ParseNumber_seg005_105F_1597
MoveQuantity_ovr125_A7C	PlayerTypedInput_ovr139_251
MoveQuantity_ovr125_A7C	PrintQTY_ovr139_16C
MoveQuantity_ovr125_A7C	WriteTextToMessageScroll_seg043_3619_1A0
MovingDoorOpenCloseRelated_ovr138_133E	GetDoorAnimationDuration_seg044_368F_E56
MovingDoorOpenCloseRelated_ovr138_133E	TriggerObjectLink_seg040_34E7_A95
MovingDoorOpenCloseRelated_ovr138_133E	seg044_368F_E82
MovingDoor_seg044_368F_EAA	GetDoorAnimationDuration_seg044_368F_E56
MovingDoor_seg044_368F_EAA	GetNextOrLinkedObject_seg029_2A8E_8BE
MovingDoor_seg044_368F_EAA	ReverseObjectLookup_seg029_2A8E_927
MovingDoor_seg044_368F_EAA	TestIfObjectFitsInTile_seg028_2941_1021
MovingDoor_seg044_368F_EAA	TriggerObjectLink_seg040_34E7_A95
NPCBehaviours_seg007_17A2_2834	GetDistancesToGTarg_seg007_17A2_2F32
NPCBehaviours_seg007_17A2_2834	GetNoMagicTileBit_ovr156_29
NPCBehaviours_seg007_17A2_2834	GetTile_seg036_32A9_F
NPCBehaviours_seg007_17A2_2834	LoadSoundEffectAtCoordinate_seg016_1E73_1C50
NPCBehaviours_seg007_17A2_2834	LookupObjectByIndex_seg029_2A8E_971
NPCBehaviours_seg007_17A2_2834	MaybeShouldNPCWithdraw_seg007_17A2_304A
NPCBehaviours_seg007_17A2_2834	NPCGoal9_seg007_17A2_1089
NPCBehaviours_seg007_17A2_2834	NPCGoalC_seg007_17A2_17F1
NPCBehaviours_seg007_17A2_2834	NPCWanderUpdate_seg007_17A2_C5
NPCBehaviours_seg007_17A2_2834	NPC_GOTO_seg006_1413_3008
NPCBehaviours_seg007_17A2_2834	NPC_Goal5_Attack_seg007_17A2_782
NPCBehaviours_seg007_17A2_2834	NPC_Goal6_seg007_17A2_1167
NPCBehaviours_seg007_17A2_2834	NPC_Goal8_seg007_17A2_507
NPCBehaviours_seg007_17A2_2834	NPC_GoalA_TalkTo_seg007_17A2_15FA
NPCBehaviours_seg007_17A2_2834	NPC_Move_seg007_17A2_1B9E
NPCBehaviours_seg007_17A2_2834	RNG_seg005_105F_DE7
NPCBehaviours_seg007_17A2_2834	ResetGoalAndTarget_seg007_17A2_31AE
NPCBehaviours_seg007_17A2_2834	SetNPCTargetDestination_seg006_1413_2F51
NPCBehaviours_seg007_17A2_2834	SetNewGoalAndTarget_seg007_17A2_313F
NPCBehaviours_seg007_17A2_2834	StandStill_seg007_17A2_5D9
NPCDeath_seg007_17A2_3228	SpecialDeathCases_ovr110_195C
NPCFindsSleepingPlayer_ovr107_766	GetDefaultFreePositionOnTile_ovr107_BB
NPCFindsSleepingPlayer_ovr107_766	GetNextOrLinkedObject_seg029_2A8E_8BE
NPCFindsSleepingPlayer_ovr107_766	GetTile_seg036_32A9_F
NPCFindsSleepingPlayer_ovr107_766	InsertObjectToList_seg029_2A8E_58C
NPCFindsSleepingPlayer_ovr107_766	PathFindBetweenTiles_seg006_1413_1994
NPCFindsSleepingPlayer_ovr107_766	RNG_seg005_105F_DE7
NPCFindsSleepingPlayer_ovr107_766	ReverseObjectLookup_seg029_2A8E_927
NPCFindsSleepingPlayer_ovr107_766	SetCurrObj_seg007_17A2_1F19
NPCFindsSleepingPlayer_ovr107_766	SetNPCTargetDestination_seg006_1413_2F51
NPCFindsSleepingPlayer_ovr107_766	TRAPS_ovr166_5D6
NPCFindsSleepingPlayer_ovr107_766	TestIfObjectFitsInTile_seg028_2941_1021
NPCFindsSleepingPlayer_ovr107_766	UnlinkObjectFromLinkedList_seg029_2A8E_684
NPCGoal9_seg007_17A2_1089	ChangeNPCHeadings_seg007_17A2_89
NPCGoal9_seg007_17A2_1089	ChooseMeleeAttackToMake_seg007_17A2_9A7
NPCGoal9_seg007_17A2_1089	GetVectorHeading_seg006_1413_2EC9
NPCGoal9_seg007_17A2_1089	NPCStartMagicAttack_seg007_17A2_E83
NPCGoal9_seg007_17A2_1089	NPCStartRangedAttack_seg007_17A2_FBE
NPCGoal9_seg007_17A2_1089	NPC_Goal6_seg007_17A2_1167
NPCGoal9_seg007_17A2_1089	TryToDoMagicAttack_seg007_17A2_DFA
NPCGoal9_seg007_17A2_1089	UpdateNPCAnimation_seg007_17A2_4
NPCGoalC_seg007_17A2_17F1	GetTile_seg036_32A9_F
NPCGoalC_seg007_17A2_17F1	NPC_GOTO_seg006_1413_3008
NPCGoalC_seg007_17A2_17F1	SetNewGoalAndTarget_seg007_17A2_313F
NPCGoalC_seg007_17A2_17F1	UpdateNPCAnimation_seg007_17A2_4
NPCInitialProcessing_seg007_17A2_2095	AddToFreeObjectLists_seg029_2A8E_508
NPCInitialProcessing_seg007_17A2_2095	ApplyProjectileMotion_seg030_2BB7_689
NPCInitialProcessing_seg007_17A2_2095	CalculateMotionTopLevel_seg006_1413_D6A
NPCInitialProcessing_seg007_17A2_2095	ChangeThemeMusic_seg016_1E73_2B0C
NPCInitialProcessing_seg007_17A2_2095	DropNPCRemains_seg006_1413_5
NPCInitialProcessing_seg007_17A2_2095	GetCritterAnimationGlobalsForCurrObj_seg007_17A2_204B
NPCInitialProcessing_seg007_17A2_2095	GetCurrentMusicFileNo_seg016_1E73_1AB6
NPCInitialProcessing_seg007_17A2_2095	GetPitchToGTarg_seg007_17A2_1E83
NPCInitialProcessing_seg007_17A2_2095	GetTile_seg036_32A9_F
NPCInitialProcessing_seg007_17A2_2095	InitMotionCalcArrayForNPC_seg006_1413_9F5
NPCInitialProcessing_seg007_17A2_2095	InitMotionParams_seg030_2BB7_43D
NPCInitialProcessing_seg007_17A2_2095	LookupObjectByIndex_seg029_2A8E_971
NPCInitialProcessing_seg007_17A2_2095	NPCBehaviours_seg007_17A2_2834
NPCInitialProcessing_seg007_17A2_2095	NPCMissileLaunch_seg027_2856_2C6
NPCInitialProcessing_seg007_17A2_2095	NPC_ExecuteAttack_seg024_24E9_1989
NPCInitialProcessing_seg007_17A2_2095	RNG_seg005_105F_DE7
NPCInitialProcessing_seg007_17A2_2095	ReverseObjectLookup_seg029_2A8E_927
NPCInitialProcessing_seg007_17A2_2095	SpawnNPCLoot_ovr163_609
NPCInitialProcessing_seg007_17A2_2095	SpecialDeathCases_ovr110_195C
NPCInitialProcessing_seg007_17A2_2095	SpellTrapWandNPCCast_ovr156_4C
NPCInitialProcessing_seg007_17A2_2095	SpillCritterInventory_ovr163_1F1
NPCInitialProcessing_seg007_17A2_2095	UnlinkObjectFromLinkedList_seg029_2A8E_684
NPCMissileLaunch_seg027_2856_2C6	MakeASound_seg016_1E73_1EE7
NPCMissileLaunch_seg027_2856_2C6	PrepareProjectileObject_seg027_2856_8DA
NPCSHuntForSleepingPlayer_ovr107_DBB	RunCodeOnTargetsAroundObject_ovr156_13AF
NPCStartMagicAttack_seg007_17A2_E83	GetNoMagicTileBit_ovr156_29
NPCStartMagicAttack_seg007_17A2_E83	RNG_seg005_105F_DE7
NPCStartMagicAttack_seg007_17A2_E83	TestBetweenCoordinates_seg006_1413_22F7
NPCStartMagicAttack_seg007_17A2_E83	TurnTowardsTarget_seg007_17A2_1ADC
NPCStartRangedAttack_seg007_17A2_FBE	RNG_seg005_105F_DE7
NPCStartRangedAttack_seg007_17A2_FBE	TestBetweenCoordinates_seg006_1413_22F7
NPCStartRangedAttack_seg007_17A2_FBE	TurnTowardsTarget_seg007_17A2_1ADC
NPCTryToOpenDoor_seg006_1413_37FC	CharacterDoorLockAndKeyInteraction_seg040_34E7_7AF
NPCTryToOpenDoor_seg006_1413_37FC	DamageObject_seg025_527
NPCTryToOpenDoor_seg006_1413_37FC	ObjectUse_seg040_34E7_F
NPCTryToOpenDoor_seg006_1413_37FC	RNG_seg005_105F_DE7
NPCWanderUpdate_seg007_17A2_C5	GetCritterAnimationGlobalsForCurrObj_seg007_17A2_204B
NPCWanderUpdate_seg007_17A2_C5	GetTile_seg036_32A9_F
NPCWanderUpdate_seg007_17A2_C5	MaybeVectorsToPlayer_seg007_17A2_14E0
NPCWanderUpdate_seg007_17A2_C5	RNG_seg005_105F_DE7
NPCWanderUpdate_seg007_17A2_C5	ReactToPlayerPresence_seg007_17A2_1730
NPCWanderUpdate_seg007_17A2_C5	StandStill_seg007_17A2_5D9
NPC_ExecuteAttack_seg024_24E9_1989	ExecuteAttack_seg024_24E9_EC8
NPC_ExecuteAttack_seg024_24E9_1989	RNG_seg005_105F_DE7
NPC_ExecuteAttack_seg024_24E9_1989	ReverseObjectLookup_seg029_2A8E_927
NPC_ExecuteAttack_seg024_24E9_1989	ScaleDamageAgainstObject_seg025_26A1_493
NPC_GOTO_seg006_1413_3008	ChangeNPCHeadings_seg007_17A2_89
NPC_GOTO_seg006_1413_3008	FindPathAlongStraghtLine_seg006_1413_205B
NPC_GOTO_seg006_1413_3008	FindSetIndexOfBitField_seg006_1413_28FB
NPC_GOTO_seg006_1413_3008	FlyingCritterPitching_seg006_1413_36B8
NPC_GOTO_seg006_1413_3008	GetCritterAnimationGlobalsForCurrObj_seg007_17A2_204B
NPC_GOTO_seg006_1413_3008	GetCritterRange_seg007_17A2_30D1
NPC_GOTO_seg006_1413_3008	GetVectorHeading_seg006_1413_2EC9
NPC_GOTO_seg006_1413_3008	MaybeUpdatePathFlag_seg006_1413_2ABB
NPC_GOTO_seg006_1413_3008	NPCTryToOpenDoor_seg006_1413_37FC
NPC_GOTO_seg006_1413_3008	NPCWanderUpdate_seg007_17A2_C5
NPC_GOTO_seg006_1413_3008	PathFindBetweenTiles_seg006_1413_1994
NPC_GOTO_seg006_1413_3008	RNG_seg005_105F_DE7
NPC_GOTO_seg006_1413_3008	SetNPCTargetDestination_seg006_1413_2F51
NPC_GOTO_seg006_1413_3008	SetNewGoalAndTarget_seg007_17A2_313F
NPC_GOTO_seg006_1413_3008	TurnTowardsPath_seg006_1413_2BF5
NPC_GOTO_seg006_1413_3008	UpdateSeg57TurningValues_seg006_1413_2934
NPC_Goal5_Attack_seg007_17A2_782	AttackGoalSearchForTarget_seg007_17A2_C7E
NPC_Goal5_Attack_seg007_17A2_782	ChooseMeleeAttackToMake_seg007_17A2_9A7
NPC_Goal5_Attack_seg007_17A2_782	NPCStartMagicAttack_seg007_17A2_E83
NPC_Goal5_Attack_seg007_17A2_782	NPCStartRangedAttack_seg007_17A2_FBE
NPC_Goal5_Attack_seg007_17A2_782	SetNewGoalAndTarget_seg007_17A2_313F
NPC_Goal5_Attack_seg007_17A2_782	TryToDoMagicAttack_seg007_17A2_DFA
NPC_Goal5_Attack_seg007_17A2_782	UpdateNPCAnimation_seg007_17A2_4
NPC_Goal6_seg007_17A2_1167	ChangeNPCHeadings_seg007_17A2_89
NPC_Goal6_seg007_17A2_1167	GetVectorHeading_seg006_1413_2EC9
NPC_Goal6_seg007_17A2_1167	MaybeVectorsToPlayer_seg007_17A2_14E0
NPC_Goal6_seg007_17A2_1167	RNG_seg005_105F_DE7
NPC_Goal6_seg007_17A2_1167	SetNewGoalAndTarget_seg007_17A2_313F
NPC_Goal6_seg007_17A2_1167	TryToDoMagicAttack_seg007_17A2_DFA
NPC_Goal6_seg007_17A2_1167	UpdateNPCAnimation_seg007_17A2_4
NPC_Goal8_seg007_17A2_507	GetTile_seg036_32A9_F
NPC_Goal8_seg007_17A2_507	NPCWanderUpdate_seg007_17A2_C5
NPC_Goal8_seg007_17A2_507	NPC_GOTO_seg006_1413_3008
NPC_Goal8_seg007_17A2_507	SetNewGoalAndTarget_seg007_17A2_313F
NPC_GoalA_TalkTo_seg007_17A2_15FA	AllocateMemory_seg042_35ED_151
NPC_GoalA_TalkTo_seg007_17A2_15FA	ChangeNPCHeadings_seg007_17A2_89
NPC_GoalA_TalkTo_seg007_17A2_15FA	GetDistancesToGTarg_seg007_17A2_2F32
NPC_GoalA_TalkTo_seg007_17A2_15FA	GetVectorHeading_seg006_1413_2EC9
NPC_GoalA_TalkTo_seg007_17A2_15FA	MaybeSetScreenSize_seg015_1D7C_3CD
NPC_GoalA_TalkTo_seg007_17A2_15FA	SearchForGoalTarget_seg007_17A2_18AD
NPC_GoalA_TalkTo_seg007_17A2_15FA	SetNewGoalAndTarget_seg007_17A2_313F
NPC_GoalA_TalkTo_seg007_17A2_15FA	TalkTo_ovr103_0
NPC_GoalA_TalkTo_seg007_17A2_15FA	UpdateNPCAnimation_seg007_17A2_4
NotASpellMessage_ovr123_2A6	WriteTextToMessageScroll_seg043_3619_1A0
ObjectCombineToSlot_ovr097_D30	AddToFreeObjectLists_seg029_2A8E_508
ObjectCombineToSlot_ovr097_D30	LookupObjectByIndex_seg029_2A8E_971
ObjectCombineToSlot_ovr097_D30	RedrawTradeSlot_ovr097_A91
ObjectCombineToSlot_ovr097_D30	ReverseObjectLookup_seg029_2A8E_927
ObjectCombineToSlot_ovr097_D30	SetObjectInHand_ovr097_C39
ObjectCombineToSlot_ovr097_D30	seg042_35ED_1DE
ObjectCullingTest_seg029_2A8E_251	CallFunctionOnObjectsInChain_seg029_2A8E_117
ObjectCullingTest_seg029_2A8E_251	Divide32BitNumbers_seg005_105F_3525
ObjectCullingTest_seg029_2A8E_251	GetNextOrLinkedObject_seg029_2A8E_8BE
ObjectCullingTest_seg029_2A8E_251	MultiplyAXByBX_seg005_105F_350B
ObjectCullingTest_seg029_2A8E_251	ObjectCullingRngTest_2A8E_1D1
ObjectCullingTest_seg029_2A8E_251	RNG_seg005_105F_DE7
ObjectDatFileReads_ovr130_0	FileReadToAddress_seg005_105F_954
ObjectDescription_ovr126_E9B	AppendItemName_seg039_3452_327
ObjectDescription_ovr126_E9B	AppendString_seg039_3452_90B
ObjectDescription_ovr126_E9B	CopyStringToLocation_seg017_2179_13F
ObjectDescription_ovr126_E9B	GetNPCDescription_ovr126_BE8
ObjectDescription_ovr126_E9B	GetStringByID_seg039_3452_8E
ObjectDescription_ovr126_E9B	STRLEN_Seg005_105F_28B5
ObjectHitsFloorTile_seg030_2BB7_DDF	DataCopy_seg005_105F_36BD
ObjectHitsFloorTile_seg030_2BB7_DDF	DetonateProjectile_seg044_368F_AB4
ObjectHitsFloorTile_seg030_2BB7_DDF	GetAvailableObjectAddress_seg029_2A8E_471
ObjectHitsFloorTile_seg030_2BB7_DDF	GetTile_seg036_32A9_F
ObjectHitsFloorTile_seg030_2BB7_DDF	InsertObjectToList_seg029_2A8E_58C
ObjectHitsFloorTile_seg030_2BB7_DDF	MoveAnimationOverlayLink_seg044_368F_3CE
ObjectHitsFloorTile_seg030_2BB7_DDF	ObjectCullingTest_seg029_2A8E_251
ObjectHitsFloorTile_seg030_2BB7_DDF	OilOnMud_seg030_D5C
ObjectHitsFloorTile_seg030_2BB7_DDF	RNG_seg005_105F_DE7
ObjectHitsFloorTile_seg030_2BB7_DDF	RemoveObject_seg029_2A8E_704
ObjectHitsFloorTile_seg030_2BB7_DDF	RunPressureEnterExitTriggersInChain_ovr166_28F3
ObjectHitsFloorTile_seg030_2BB7_DDF	SpawnClass7_ObjectAtTarget_seg044_368F_B8D
ObjectUse_seg040_34E7_F	CastSpellFromObject_seg040_34E7_998
ObjectUse_seg040_34E7_F	DoorClose_ovr138_1542
ObjectUse_seg040_34E7_F	DoorOpen_ovr138_142A
ObjectUse_seg040_34E7_F	GetNextOrLinkedObject_seg029_2A8E_8BE
ObjectUse_seg040_34E7_F	KeyLockpickUsage_seg040_34E7_514
ObjectUse_seg040_34E7_F	LightUsage_ovr138_108F
ObjectUse_seg040_34E7_F	LookAtDataCrystal_ovr138_151
ObjectUse_seg040_34E7_F	LookAtWatch_ovr138_6D
ObjectUse_seg040_34E7_F	Major4_Minor2_ObjectUsage_ovr138_1A4F
ObjectUse_seg040_34E7_F	MiscClass3_ObjectUsages_ovr138_1DC8
ObjectUse_seg040_34E7_F	MiscMajor4_Minor1_ObjectUsage_ovr138_1243
ObjectUse_seg040_34E7_F	MissileImpact_seg030_2BB7_B2
ObjectUse_seg040_34E7_F	PotionDrink_seg040_34E7_6DE
ObjectUse_seg040_34E7_F	RuneTraps_ovr138_1728
ObjectUse_seg040_34E7_F	TriggerObjectLink_seg040_34E7_A95
ObjectUse_seg040_34E7_F	UseContainer_ovr138_FEB
ObjectUse_seg040_34E7_F	UseMajorClass5_Objects_ovr138_182C
ObjectUse_seg040_34E7_F	WandUsage_seg040_34E7_5EF
OilOnMud_seg030_D5C	GetItemEnchantment_seg040_34E7_C69
OilOnMud_seg030_D5C	GetTile_seg036_32A9_F
OilOnMud_seg030_D5C	PrintStringFromBlock1_seg039_3452_4A4
OpenAndAddHandleToFileTable_seg005_105F_742	CheckDiskDevice_seg005_105F_1C64
OpenAndAddHandleToFileTable_seg005_105F_742	CloseFile_seg005_105F_47D
OpenAndAddHandleToFileTable_seg005_105F_742	FileAccessFunctions_seg005_105F_1E46
OpenAndAddHandleToFileTable_seg005_105F_742	MaybeGetFileAccessSetting_seg005_105F_67C
OpenAndAddHandleToFileTable_seg005_105F_742	seg005_105F_E7E
OpenAndApplyShadesDat_ovr152_4A	CloseFile_seg005_105F_2FE
OpenAndApplyShadesDat_ovr152_4A	MoveFilePointer_seg005_105F_1C75
OpenAndApplyShadesDat_ovr152_4A	OpenDataFile_ovr152_0
OpenAndApplyShadesDat_ovr152_4A	ReadBytesAtFilePtr_seg005_1FCD
OpenAndApplyShadesDat_ovr152_4A	SetGameLoopBitField_seg012_1D31_AE
OpenAndApplyShadesDat_ovr152_4A	ShadeCalcs_seg032_2E9B_4AF
OpenArkFile_ovr093_779D_3A6	BuildArkDataFileName_ovr093_779D_2BA
OpenArkFile_ovr093_779D_3A6	CloseFile_seg005_105F_2FE
OpenArkFile_ovr093_779D_3A6	CopyStringToLocation_seg017_2179_13F
OpenArkFile_ovr093_779D_3A6	FileAccessFunctions_seg005_105F_1E46
OpenArtFiles_ovr119_9E8	AddFileToTable_seg005_105F_7FC
OpenArtFiles_ovr119_9E8	CloseFile_seg005_105F_47D
OpenArtFiles_ovr119_9E8	FileReadToAddress_seg005_105F_954
OpenArtFiles_ovr119_9E8	LoadArtFile_ovr119_61D
OpenArtFiles_ovr119_9E8	LoadCritterAnimations_ovr117_0
OpenArtFiles_ovr119_9E8	LoadGRFile_ovr119_91B
OpenArtFiles_ovr119_9E8	ovr119_64B
OpenArtFiles_ovr119_9E8	ovr119_66F
OpenCloseDoorInTile_ovr149_903	CharacterDoorLockAndKeyInteraction_seg040_34E7_7AF
OpenCloseDoorInTile_ovr149_903	DoorOpen_ovr138_142A
OpenCloseDoorInTile_ovr149_903	EndDoorAnimation_seg044_368F_EA
OpenCloseDoorInTile_ovr149_903	FindObjectWithSpecificProps_seg029_2A8E_D79
OpenCloseDoorInTile_ovr149_903	GetAnimationOverlayIndex_seg044_368F_E0A
OpenCutsFile_ovr108_2EAC	CloseFile_seg005_105F_2FE
OpenCutsFile_ovr108_2EAC	FileAccessFunctions_seg005_105F_1E46
OpenCutsFile_ovr108_2EAC	MoveFilePointer_seg005_105F_1C75
OpenCutsFile_ovr108_2EAC	PlayCutscene_ovr108_2DC5
OpenCutsFile_ovr108_2EAC	StoreStringInLocation_seg005_105F_2891
OpenCutsFile_ovr108_2EAC	WriteDataToHandleAtPointer_seg005_105F_1458
OpenDL_DAT_ovr142_AF2	CloseFile_seg005_105F_2FE
OpenDL_DAT_ovr142_AF2	MoveFilePointer_seg005_105F_1C75
OpenDL_DAT_ovr142_AF2	ReadBytesAtFilePtr_seg005_1FCD
OpenDataFileByParam_ovr118_772B_34	CloseFile_seg005_105F_2FE
OpenDataFileByParam_ovr118_772B_34	seg003_0272_4431
OpenDataFile_ovr152_0	CloseFile_seg005_105F_2FE
OpenDataFile_ovr167_88F	CombineStrings_seg005_27F3
OpenDataFile_ovr167_88F	FileAccessFunctions_seg005_105F_1E46
OpenDataFile_ovr167_88F	StoreStringInLocation_seg005_105F_2891
OpenFile_seg005_1F81	File_Error_Handler_seg005_1C27
OpenFont_ovr118_772BW_9B	CombineStrings_seg005_27F3
OpenFont_ovr118_772BW_9B	OpenDataFileByParam_ovr118_772B_34
OpenPalsDat_ovr118_772B_111	CloseFile_seg005_105F_2FE
OpenPalsDat_ovr118_772B_111	MoveFilePointer_seg005_105F_1C75
OpenSaveGame_ovr149_771E_41B	CopySaveGameFiles_ovr149_771E_7FF
OpenSaveGame_ovr149_771E_41B	DeleteFilesInFolder_ovr149_66B
OpenSaveGame_ovr149_771E_41B	FindInString_seg005_105F_103F
OpenSaveGame_ovr149_771E_41B	LevelChangeEvents_ovr149_982
OpenSaveGame_ovr149_771E_41B	LoadGameMap_ovr149_92
OpenSaveGame_ovr149_771E_41B	PrintStringFromBlock1_seg039_3452_4A4
OpenSaveGame_ovr149_771E_41B	ResetCharacter_ovr112_485
OpenSaveGame_ovr149_771E_41B	StoreStringInLocation_seg005_105F_2891
OpenSaveGame_ovr149_771E_41B	WriteTextToMessageScroll_seg043_3619_1A0
OptionsMenuSaveGames_ovr136_364	ListSaveGamesInScroll_ovr149_771E_2C2
OptionsMenuSaveGames_ovr136_364	ResetPlayerDoingSomething_ovr137_3E6
OscillateSpecificTiles_ovr166_2F70	ChangeTile_ovr110_F37
OscillateSpecificTiles_ovr166_2F70	GetTile_seg036_32A9_F
Paralyse_ovr156_107E	ApplyAttitudeChangingSpellToNPC__ovr156_95A
Paralyse_ovr156_107E	RNG_seg005_105F_DE7
Paralyse_ovr156_107E	ScaleDamageAgainstObject_seg025_26A1_493
PathFindBetweenTiles_seg006_1413_1994	ClearData_seg017_2179_EE
PathFindBetweenTiles_seg006_1413_1994	StorePath_seg006_1413_1F66
PathFindBetweenTiles_seg006_1413_1994	TraverseMultipleTiles_seg006_1413_D95
PickBodyHitPoint_seg024_24E9_3	RNG_seg005_105F_DE7
PickLevelThemeMusic_seg016_1E73_2B1E	RNG_seg005_105F_DE7
PickupDropWorldorInventory_ovr121_0	CheckIfItemID_Or_ContainsItemID_seg029_2A8E_C6B
PickupDropWorldorInventory_ovr121_0	ClickOnWeaponInInventory_seg026_2716_13E5
PickupDropWorldorInventory_ovr121_0	DropObjectByPlayer_seg027_2856_439
PickupDropWorldorInventory_ovr121_0	GetNextOrLinkedObject_seg029_2A8E_8BE
PickupDropWorldorInventory_ovr121_0	LikelyResetCursor_seg015_1D7C_6AF
PickupDropWorldorInventory_ovr121_0	ObjectUse_seg040_34E7_F
PickupDropWorldorInventory_ovr121_0	RefreshPlayerStatus_ovr142_732
PickupDropWorldorInventory_ovr121_0	ovr121_35B
PickupDropWorldorInventory_ovr121_0	ovr121_A73
PickupDropWorldorInventory_ovr121_0	ovr121_A98
Pickup_seg026_2716_7B3	SetGameLoopBitField_seg012_1D31_AE
Pickup_seg026_2716_7B3	TriggerObjectLink_seg040_34E7_A95
Pickup_seg026_2716_7B3	UnlinkObjectFromLinkedList_seg029_2A8E_684
Pickup_seg026_2716_803	AddToFreeObjectLists_seg029_2A8E_508
Pickup_seg026_2716_803	CheckIfItemID_Or_ContainsItemID_seg029_2A8E_C6B
Pickup_seg026_2716_803	CheckIfPlayerCanReachAtDistance_seg026_2716_154
Pickup_seg026_2716_803	FlagTheftToObjectOwner_ovr107_10F0
Pickup_seg026_2716_803	HackTrapTrespass_ovr110_16D4
Pickup_seg026_2716_803	InsertObjectToList_seg029_2A8E_58C
Pickup_seg026_2716_803	MouseClickRelated_seg015_1D7C_2A9
Pickup_seg026_2716_803	MoveQuantity_ovr125_A7C
Pickup_seg026_2716_803	ObjectUse_seg040_34E7_F
Pickup_seg026_2716_803	Pickup_seg026_2716_7B3
Pickup_seg026_2716_803	PrintStringFromBlock1_seg039_3452_4A4
Pickup_seg026_2716_803	RunPressureEnterExitTriggersInChain_ovr166_28F3
Pickup_seg026_2716_803	TalkTo_seg026_2716_AFB
Pickup_seg026_2716_803	TestIfPlayerCanReachObjectTile_seg026_2716_2FA
Pickup_seg026_2716_803	TestIfStaticOrMobile_seg029_2A8E_A87
Pickup_seg026_2716_803	UnlinkObjectFromLinkedList_seg029_2A8E_684
Pickup_seg026_2716_803	UseObject_seg026_2716_C3A
PitArenaRelated_ovr110_23AB	DataCopy_seg005_105F_36BD
PitArenaRelated_ovr110_23AB	TurnVectorsIntoHeading_ovr167_7C
PitWarriorLosesFight_ovr110_1900	ReverseObjectLookup_seg029_2A8E_927
PlaceObjectAtAnotherObjectPosition_seg028_2941_1300	MoveObjectToCoordinates_seg028_2941_1245
PlacePlayerInTile_seg008_1B09_137B	InsertObjectToList_seg029_2A8E_58C
PlacePlayerInTile_seg008_1B09_137B	OpenAndApplyShadesDat_ovr152_4A
PlacePlayerInTile_seg008_1B09_137B	RunPressureEnterExitTriggersInChain_ovr166_28F3
PlacePlayerInTile_seg008_1B09_137B	UnlinkObjectFromLinkedList_seg029_2A8E_684
PlaceProjectileInWorld_seg027_2856_CCC	GetCoordinateInDirection_seg041_35D7_4E
PlaceProjectileInWorld_seg027_2856_CCC	ProcessMotionTileHeights_seg028_2941_385
PlaceProjectileInWorld_seg027_2856_CCC	ReverseObjectLookup_seg029_2A8E_927
PlaceProjectileInWorld_seg027_2856_CCC	ScanForCollisions_seg028_2941_C0E
PlaceProjectileInWorld_seg027_2856_CCC	SortCollisions_seg028_2941_ED8
PlacedObjectCollision_seg030_2BB7_10BC	GetNextOrLinkedObject_seg029_2A8E_8BE
PlacedObjectCollision_seg030_2BB7_10BC	GetTile_seg036_32A9_F
PlacedObjectCollision_seg030_2BB7_10BC	MoveObjectToMobileObjectList_seg030_2BB7_B0C
PlacedObjectCollision_seg030_2BB7_10BC	OilOnMud_seg030_D5C
PlacedObjectCollision_seg030_2BB7_10BC	ProcessMotionTileHeights_seg028_2941_385
PlacedObjectCollision_seg030_2BB7_10BC	RNG_seg005_105F_DE7
PlacedObjectCollision_seg030_2BB7_10BC	RemoveObject_seg029_2A8E_704
PlacedObjectCollision_seg030_2BB7_10BC	ReverseObjectLookup_seg029_2A8E_927
PlacedObjectCollision_seg030_2BB7_10BC	ScaleDamageAgainstObject_seg025_26A1_493
PlacedObjectCollision_seg030_2BB7_10BC	ScanForCollisions_seg028_2941_C0E
PlacedObjectCollision_seg030_2BB7_10BC	SortCollisions_seg028_2941_ED8
PlacedObjectCollision_seg030_2BB7_10BC	SpawnClass7_ObjectAtTarget_seg044_368F_B8D
PlayCredits_ovr131_0	PlayCutscene_ovr108_2DC5
PlayCredits_ovr131_0	SetGameLoopBitField_seg012_1D31_AE
PlayCutsceneAudio_ovr108_0	CloseFile_seg005_105F_2FE
PlayCutsceneAudio_ovr108_0	CombineStrings_seg005_27F3
PlayCutsceneAudio_ovr108_0	DataCopy_seg005_105F_36BD
PlayCutsceneAudio_ovr108_0	FileAccessFunctions_seg005_105F_1E46
PlayCutsceneAudio_ovr108_0	Hex2DecimalString_seg005_105F_1D1B
PlayCutsceneAudio_ovr108_0	LoadVocFileProperties_seg005_105F_18C4
PlayCutsceneAudio_ovr108_0	MapMemory_seg013_1D3C_C7
PlayCutsceneAudio_ovr108_0	MoveDataBySize_seg005_105F_1DF9
PlayCutsceneAudio_ovr108_0	StoreStringInLocation_seg005_105F_2891
PlayCutsceneAudio_ovr108_0	seg005_105F_17BB
PlayCutsceneAudio_ovr108_0	seg013_1D3C_E4
PlayCutsceneAudio_ovr108_0	seg016_1E73_218F
PlayCutsceneAudio_ovr108_0	seg022_2405_BD9
PlayCutsceneAudio_ovr108_0	seg022_2405_BDF
PlayCutsceneAudio_ovr108_0	seg022_2405_C1B
PlayCutsceneAudio_ovr108_0	seg022_2405_C27
PlayCutsceneFile_ovr108_28C7	CloseFile_seg005_105F_2FE
PlayCutsceneFile_ovr108_28C7	FileAccessFunctions_seg005_105F_1E46
PlayCutsceneFile_ovr108_28C7	InitCutsceneFlags_ovr108_287B
PlayCutsceneFile_ovr108_28C7	MaybePlayCutsArtFile_ovr108_2359
PlayCutsceneFile_ovr108_28C7	MaybeRunQueuedCutsCallbackFunctions_ovr108_2FF0
PlayCutsceneFile_ovr108_28C7	ProbablyReadCutsImageData_ovr108_7BF
PlayCutsceneFile_ovr108_28C7	ProbablyReadDescriptors_ovr108_6AD
PlayCutsceneFile_ovr108_28C7	ProbablyResetScreen_ovr118_E2
PlayCutsceneFile_ovr108_28C7	ProcessCutsceneFunctions_ovr108_175F
PlayCutsceneFile_ovr108_28C7	ReadCutsN0XData_ovr108_751
PlayCutsceneFile_ovr108_28C7	ReadCutsN0XPaletteData_ovr108_8C8
PlayCutsceneFile_ovr108_28C7	ovr108_623
PlayCutscene_ovr108_2DC5	CutsceneDataLoading_ovr108_2B73
PlayCutscene_ovr108_2DC5	LikelyDrawCursor_seg015_1D7C_C0
PlayCutscene_ovr108_2DC5	LoadT64AndDoorsGR_ovr140_237
PlayCutscene_ovr108_2DC5	LoadXMIFile_seg016_1E73_174B
PlayCutscene_ovr108_2DC5	OpenFont_ovr118_772BW_9B
PlayCutscene_ovr108_2DC5	SetGameLoopBitField_seg012_1D31_AE
PlayCutscene_ovr108_2DC5	SetPalette_ovr118_171
PlayCutscene_ovr108_2DC5	ovr108_5F7
PlayCutscene_ovr108_2DC5	seg015_1D7C_D6
PlayCutscene_ovr108_2DC5	seg016_1E73_284
PlayIntroIfNoSaveGames_ovr147_94	EnumerateSaveGames_ovr149_1E6
PlayIntroIfNoSaveGames_ovr147_94	PlayCutscene_ovr108_2DC5
PlayMusicalInstrument_seg016_26BC	DataCopy_seg005_105F_36BD
PlayMusicalInstrument_seg016_26BC	PrintStringFromBlock1_seg039_3452_4A4
PlayMusicalInstrument_seg016_26BC	SetArrayValues_seg005_105F_1DCA
PlayMusicalInstrument_seg016_26BC	WaitInputCommand_seg015_1D7C_594
PlayMusicalInstrument_seg016_26BC	seg016_1E73_16F0
PlayMusicalInstrument_seg016_26BC	seg022_2405_C69
PlayMusicalInstrument_seg016_26BC	seg022_2405_CC3
PlayMusicalInstrument_seg016_26BC	seg022_2405_CE1
PlayMusicalInstrument_seg016_26BC	seg022_2405_CED
PlaySoundEffectAtAvatar_seg016_1E73_1DB2	LoadBasicSound_seg016_1E73_246B
PlaySoundEffectAtAvatar_seg016_1E73_1DB2	LoadVocFile_seg016_5D9
PlaySoundEffectAtObject_seg016_1E73_1E7E	LoadSoundEffectAtCoordinate_seg016_1E73_1C50
PlayerAttemptsSpellCast_ovr123_387	MouseClickRelated_seg015_1D7C_2A9
PlayerAttemptsSpellCast_ovr123_387	NotASpellMessage_ovr123_2A6
PlayerAttemptsSpellCast_ovr123_387	PlaySoundEffectAtAvatar_seg016_1E73_1DB2
PlayerAttemptsSpellCast_ovr123_387	PlayerCastsValidSpell_ovr123_494
PlayerAttemptsSpellCast_ovr123_387	PrintStringFromBlock1_seg039_3452_4A4
PlayerCastsValidSpell_ovr123_494	CastSpell_ovr156_C9
PlayerCastsValidSpell_ovr123_494	PlaySoundEffectAtAvatar_seg016_1E73_1DB2
PlayerCastsValidSpell_ovr123_494	PrintSpellFailureReason_ovr123_471
PlayerCastsValidSpell_ovr123_494	PrintStringFromBlock1_seg039_3452_4A4
PlayerCastsValidSpell_ovr123_494	SkillCheck_seg038_342C_9
PlayerCombat_seg024_24E9_134B	AddAnimationOverlay_seg044_368F_43E
PlayerCombat_seg024_24E9_134B	AddToFreeObjectLists_seg029_2A8E_508
PlayerCombat_seg024_24E9_134B	CalculateAttackScorePlayer_seg024_24E9_113F
PlayerCombat_seg024_24E9_134B	ChangeCursor_seg015_1D7C_67D
PlayerCombat_seg024_24E9_134B	ChangeHealth_ovr156_485
PlayerCombat_seg024_24E9_134B	CreateObjectInTile_ovr156_63C
PlayerCombat_seg024_24E9_134B	DoorOpen_ovr138_142A
PlayerCombat_seg024_24E9_134B	EndCombatSwing_seg024_24E9_12A4
PlayerCombat_seg024_24E9_134B	ExecuteAttack_seg024_24E9_EC8
PlayerCombat_seg024_24E9_134B	GetMouseButtonStatus_seg015_1D7C_287
PlayerCombat_seg024_24E9_134B	GetTile_seg036_32A9_F
PlayerCombat_seg024_24E9_134B	InsertObjectToList_seg029_2A8E_58C
PlayerCombat_seg024_24E9_134B	LookupObjectByIndex_seg029_2A8E_971
PlayerCombat_seg024_24E9_134B	MaybeCancelWeaponSwingAnim_seg024_24E9_12E0
PlayerCombat_seg024_24E9_134B	MissileRelease_seg027_9E
PlayerCombat_seg024_24E9_134B	Paralyse_ovr156_107E
PlayerCombat_seg024_24E9_134B	ReverseObjectLookup_seg029_2A8E_927
PlayerCombat_seg024_24E9_134B	SetCurrentWeaponDetails_seg024_24E9_102B
PlayerCombat_seg024_24E9_134B	SmiteUndead_ovr156_843
PlayerCombat_seg024_24E9_134B	SpawnMultipleAnimoObjectCopies_seg044_8EA
PlayerCombat_seg024_24E9_134B	SpellDamagesObjectsInTile_ovr156_1CA5
PlayerCombat_seg024_24E9_134B	TestIfStaticOrMobile_seg029_2A8E_A87
PlayerCombat_seg024_24E9_134B	UpdateUIAnim_seg037_32C0_2C8
PlayerCombat_seg024_24E9_134B	seg015_1D7C_114
PlayerCombat_seg024_24E9_134B	seg037_32C0_151E
PlayerHPRegenerationChange_ovr156_3ED	RNG_seg005_105F_DE7
PlayerHPRegenerationChange_ovr156_3ED	RefreshPanels_seg038_342C_201
PlayerMotionInitialCalculation_seg008_1B09_7B2	ApplyWaterCurrentIceSliding_seg008_1B09_5C4
PlayerMotionInitialCalculation_seg008_1B09_7B2	CalculateMotionFromCommand_seg008_1B09_108E
PlayerMotionInitialCalculation_seg008_1B09_7B2	RNG_seg005_105F_DE7
PlayerMotionInitialCalculation_seg008_1B09_7B2	SetScreenShake_seg035_31AB_CA3
PlayerMotion_seg035_31AB_62B	ApplyPlayerMotion_seg008_1B09_D1D
PlayerMotion_seg035_31AB_62B	CalculateMotion_seg031_2CFA_C
PlayerMotion_seg035_31AB_62B	PlayerMotionInitialCalculation_seg008_1B09_7B2
PlayerMotion_seg035_31AB_62B	SetGameLoopBitField_seg012_1D31_AE
PlayerResurrectRestorationEvent_ovr154_11CC	ChangeThemeMusic_seg016_1E73_2B0C
PlayerResurrectRestorationEvent_ovr154_11CC	Divide32BitNumbers_seg005_105F_3525
PlayerResurrectRestorationEvent_ovr154_11CC	GetCoordinateInDirection_seg041_35D7_4E
PlayerResurrectRestorationEvent_ovr154_11CC	GetTile_seg036_32A9_F
PlayerResurrectRestorationEvent_ovr154_11CC	MoveObjectToCoordinates_seg028_2941_1245
PlayerResurrectRestorationEvent_ovr154_11CC	MultiplyAXByBX_seg005_105F_350B
PlayerResurrectRestorationEvent_ovr154_11CC	PlacedObjectCollision_seg030_2BB7_10BC
PlayerResurrectRestorationEvent_ovr154_11CC	PrepareNewObject_seg036_32A9_44
PlayerResurrectRestorationEvent_ovr154_11CC	RNG_seg005_105F_DE7
PlayerResurrectRestorationEvent_ovr154_11CC	RefreshPlayerStatus_ovr142_732
PlayerStatusEffectSpells_ovr135_6C8	DiceRoll_seg041_35D7_11F
PlayerStatusEffectSpells_ovr135_6C8	RefreshPlayerStatus_ovr142_732
PlayerTypedInput_ovr139_251	LikelyDrawCursor_seg015_1D7C_C0
PlayerTypedInput_ovr139_251	MouseClickRelated_seg015_1D7C_2A9
PlayerTypedInput_ovr139_251	STRLEN_Seg005_105F_28B5
PlayerTypedInput_ovr139_251	StoreStringInLocation_seg005_105F_2891
PlayerTypedInput_ovr139_251	WaitInputCommand_seg015_1D7C_594
PlayerTypedInput_ovr139_251	WriteTextToMessageScroll_seg043_3619_1A0
PlayerTypedInput_ovr139_251	WriteTextToScreen_seg003_0272_446D
PlayerTypedInput_ovr139_251	WritingTextToScreen_seg003_0272_454B
PlayerTypedInput_ovr139_251	ovr139_151
PlayerTypedInput_ovr139_251	seg003_0272_48F4
PlayerTypedInput_ovr139_251	seg003_0272_4CF2
PlayerTypedInput_ovr139_251	seg015_1D7C_D6
PlayerUpdateTick_seg026_2716_8	BitShiftR_AXDX_BY_CX_seg005_105F_3614
PlayerUpdateTick_seg026_2716_8	DeathAndResurrection_ovr154_15B1
PlayerUpdateTick_seg026_2716_8	PlayerCombat_seg024_24E9_134B
PlayerUpdateTick_seg026_2716_8	PlayerUpdates_ovr135_131
PlayerUpdateTick_seg026_2716_8	RefreshMusic_seg016_1E73_2BB2
PlayerUpdateTick_seg026_2716_8	UpdateUIAnim_seg037_32C0_2C8
PlayerUpdateTick_seg026_2716_8	seg023_AB
PlayerUpdatesOnLevelChange_ovr149_86E	CancelAttack_seg024_24E9_130F
PlayerUpdatesOnLevelChange_ovr149_86E	LevelChangeEvents_ovr149_982
PlayerUpdatesOnLevelChange_ovr149_86E	LikelyResetCursor_seg015_1D7C_6AF
PlayerUpdatesOnLevelChange_ovr149_86E	LoadGameMap_ovr149_92
PlayerUpdatesOnLevelChange_ovr149_86E	ManaChange_ovr156_33F
PlayerUpdatesOnLevelChange_ovr149_86E	ProcessSCDARK_ovr151_3A6
PlayerUpdatesOnLevelChange_ovr149_86E	SaveGame_ovr149_133
PlayerUpdates_ovr135_131	AwakeFromVoidDream_ovr154_145D
PlayerUpdates_ovr135_131	BitShiftR_AXDX_BY_CX_seg005_105F_3614
PlayerUpdates_ovr135_131	CancelActiveSpell_ovr135_0
PlayerUpdates_ovr135_131	ChangeHunger_ovr154_102F
PlayerUpdates_ovr135_131	DamageObject_seg025_527
PlayerUpdates_ovr135_131	FindAndTriggerCreateObjectTrap_ovr166_2726
PlayerUpdates_ovr135_131	KilhornIsCrashing_ovr110_503E
PlayerUpdates_ovr135_131	ManaChange_ovr156_33F
PlayerUpdates_ovr135_131	PlayerHPRegenerationChange_ovr156_3ED
PlayerUpdates_ovr135_131	RNG_seg005_105F_DE7
PlayerUpdates_ovr135_131	RefreshPlayerStatus_ovr142_732
PlayerUpdates_ovr135_131	SCD_AllocatePointer_ovr151_1A6
PlayerUpdates_ovr135_131	SaveSCD_ovr151_28C
PlayerUpdates_ovr135_131	SetGameLoopBitField_seg012_1D31_AE
PlayerUpdates_ovr135_131	SkillCheck_seg038_342C_9
PlayerUpdates_ovr135_131	SomethingWithUpdatingAllNPCHunger_ovr107_3E
PlayerUpdates_ovr135_131	SwimmingSkillCheck_ovr135_5EE
PlayerUpdates_ovr135_131	UpdateInventoryLightSources_ovr135_4E3
PlayerUpdates_ovr135_131	seg042_35ED_176
PlayerUpdates_ovr135_131	seg042_35ED_1DE
PlayerUpdates_ovr135_131	seg042_35ED_233
Plural_ovr095_B95	GetConvoMemoryValue_ovr095_2007
Poison_ovr156_8F0	DamageObject_seg025_527
Poison_ovr156_8F0	DiceRoll_seg041_35D7_11F
Poison_ovr156_8F0	LookupObjectByIndex_seg029_2A8E_971
Poison_ovr156_8F0	SpawnClass7_ObjectAtTarget_seg044_368F_B8D
PositionCameraAtObject_seg035_31AB_CDF	SomethingProjectileHeading_seg021_22FD_EAE
PositionCamera_seg032_2E9B_39A	GetTile_seg036_32A9_F
PositionCamera_seg032_2E9B_39A	PositionCameraAtObject_seg035_31AB_CDF
PossiblyDrawAutomap_ovr094_6CD	DRAW_RELATED_seg017_2179_255
PossiblyDrawAutomap_ovr094_6CD	Divide32BitNumbers_seg005_105F_3525
PossiblyDrawAutomap_ovr094_6CD	MultiplyAXByBX_seg005_105F_350B
PossiblyDrawAutomap_ovr094_6CD	RNG_seg005_105F_DE7
PossiblyDrawAutomap_ovr094_6CD	ovr094_661
PossiblyDrawAutomap_ovr094_6CD	ovr094_8DA
PostConversationCutscenes_ovr154_1124	PlayCutscene_ovr108_2DC5
PostConversationCutscenes_ovr154_1124	RunVictorySequence_ovr154_10AE
PostConversationCutscenes_ovr154_1124	SetGameLoopForScreenMode_ovr112_2DF
PostConversationTeleport_ovr096_6BC	MoveNPCToTile_ovr107_BBA
PostConversationTeleport_ovr096_6BC	TeleportToPosition_ovr112_6B0
PostConversationTeleport_ovr096_6BC	Teleport_ovr110_9C2
PrepareNewObject_seg036_32A9_44	GetAvailableObjectAddress_seg029_2A8E_471
PrepareNewObject_seg036_32A9_44	InitialiseCritterValues_ovr104_73
PrepareProjectileObject_seg027_2856_8DA	AddToFreeObjectLists_seg029_2A8E_508
PrepareProjectileObject_seg027_2856_8DA	GetTile_seg036_32A9_F
PrepareProjectileObject_seg027_2856_8DA	InitMobileObject_seg030_2BB7_C27
PrepareProjectileObject_seg027_2856_8DA	InsertObjectToList_seg029_2A8E_58C
PrepareProjectileObject_seg027_2856_8DA	PlaceProjectileInWorld_seg027_2856_CCC
PrepareProjectileObject_seg027_2856_8DA	PlaySoundEffectAtObject_seg016_1E73_1E7E
PrepareProjectileObject_seg027_2856_8DA	PrepareNewObject_seg036_32A9_44
PrepareProjectileObject_seg027_2856_8DA	ReverseObjectLookup_seg029_2A8E_927
PressureTriggerTextureChange_ovr166_2B71	GetNextOrLinkedObject_seg029_2A8E_8BE
PressureTriggerZChange_seg008_1B09_14B1	RunPressureEnterExitTriggersInChain_ovr166_28F3
PrintAHPString_ovr158_14F	Hex2DecimalString_seg005_105F_1D1B
PrintAHPString_ovr158_14F	STRLEN_Seg005_105F_28B5
PrintAHPString_ovr158_14F	WriteTextToScreen_seg003_0272_446D
PrintAHPString_ovr158_14F	WritingTextToScreen_seg003_0272_454B
PrintAManaString_ovr158_1C3	Hex2DecimalString_seg005_105F_1D1B
PrintAManaString_ovr158_1C3	STRLEN_Seg005_105F_28B5
PrintAManaString_ovr158_1C3	WriteTextToScreen_seg003_0272_446D
PrintAManaString_ovr158_1C3	WritingTextToScreen_seg003_0272_454B
PrintCharNameClassLevel_ovr158_0	CombineStrings_seg005_27F3
PrintCharNameClassLevel_ovr158_0	ExtractString_seg005_105F_28CF
PrintCharNameClassLevel_ovr158_0	GetStringByID_seg039_3452_8E
PrintCharNameClassLevel_ovr158_0	Hex2DecimalString_seg005_105F_1D1B
PrintCharNameClassLevel_ovr158_0	ToUpperCase_seg005_105F_2940
PrintCharNameClassLevel_ovr158_0	ToUpper_seg039_3452_814
PrintCharNameClassLevel_ovr158_0	WriteTextToScreen_seg003_0272_446D
PrintCharNameClassLevel_ovr158_0	WritingTextToScreen_seg003_0272_454B
PrintChargenOptions_ovr101_694	DrawArtToScreen_seg003_0272_4FC2
PrintChargenOptions_ovr101_694	GetStringByID_seg039_3452_8E
PrintChargenOptions_ovr101_694	WriteTextToScreen_seg003_0272_446D
PrintChargenOptions_ovr101_694	WritingTextToScreen_seg003_0272_454B
PrintCompassPlayerStatus_ovr137_23	Divide32BitNumbers_cx1_seg005_105F_352C
PrintCompassPlayerStatus_ovr137_23	MouseClickRelated_seg015_1D7C_2A9
PrintCompassPlayerStatus_ovr137_23	PrintMultipleStrings_seg039_3452_4CD
PrintCompassPlayerStatus_ovr137_23	PrintStringFromBlock1_seg039_3452_4A4
PrintCompassPlayerStatus_ovr137_23	WriteTextToMessageScroll_seg043_3619_1A0
PrintEXPString_ovr158_236	Divide32BitNumbers_cx1_seg005_105F_352C
PrintEXPString_ovr158_236	Hex2Dec_seg005_105F_1D5C
PrintEXPString_ovr158_236	WriteTextToScreen_seg003_0272_446D
PrintEXPString_ovr158_236	WritingTextToScreen_seg003_0272_454B
PrintErrorToMessageScroll_ovr167_3C1	WriteTextToMessageScroll_seg043_3619_1A0
PrintFlaskHealthManaMessage_ovr137_14A	AppendString_seg039_3452_90B
PrintFlaskHealthManaMessage_ovr137_14A	CopyStringToLocation_seg017_2179_13F
PrintFlaskHealthManaMessage_ovr137_14A	GetStringByID_seg039_3452_8E
PrintFlaskHealthManaMessage_ovr137_14A	Hex2DecimalString_seg005_105F_1D1B
PrintFlaskHealthManaMessage_ovr137_14A	MouseClickRelated_seg015_1D7C_2A9
PrintFlaskHealthManaMessage_ovr137_14A	PrintMultipleStrings_seg039_3452_4CD
PrintFlaskHealthManaMessage_ovr137_14A	SwitchInventoryAndStatsEvent_ovr137_0
PrintFlaskHealthManaMessage_ovr137_14A	WriteTextToMessageScroll_seg043_3619_1A0
PrintGameVersion_ovr143_A67	PrintStringFromBlock1_seg039_3452_4A4
PrintGameVersion_ovr143_A67	WriteTextToMessageScroll_seg043_3619_1A0
PrintMultipleStrings_seg039_3452_4CD	AppendString_seg039_3452_90B
PrintMultipleStrings_seg039_3452_4CD	CopyStringToLocation_seg017_2179_13F
PrintMultipleStrings_seg039_3452_4CD	GetStringByID_seg039_3452_8E
PrintMultipleStrings_seg039_3452_4CD	WriteTextToMessageScroll_seg043_3619_1A0
PrintPlayerAttribute_ovr158_F3	Hex2DecimalString_seg005_105F_1D1B
PrintPlayerAttribute_ovr158_F3	WriteTextToScreen_seg003_0272_446D
PrintPlayerAttribute_ovr158_F3	WritingTextToScreen_seg003_0272_454B
PrintPlayerPosition_ovr143_9ED	WriteTextToMessageScroll_seg043_3619_1A0
PrintQTY_ovr139_16C	Hex2DecimalString_seg005_105F_1D1B
PrintQTY_ovr139_16C	WriteTextToMessageScroll_seg043_3619_1A0
PrintQTY_ovr139_16C	ovr139_151
PrintQTY_ovr139_16C	seg003_0272_48F4
PrintQTY_ovr139_16C	seg003_0272_4CF2
PrintSkill_ovr158_284	DRAW_RELATED_seg003_0272_5025
PrintSkill_ovr158_284	GetStringByID_seg039_3452_8E
PrintSkill_ovr158_284	Hex2DecimalString_seg005_105F_1D1B
PrintSkill_ovr158_284	ToUpper_seg039_3452_814
PrintSkill_ovr158_284	WriteTextToScreen_seg003_0272_446D
PrintSkill_ovr158_284	WritingTextToScreen_seg003_0272_454B
PrintSpellFailureReason_ovr123_471	PlaySoundEffectAtAvatar_seg016_1E73_1DB2
PrintSpellFailureReason_ovr123_471	PrintStringFromBlock1_seg039_3452_4A4
PrintStringFromBlock1_seg039_3452_4A4	GetStringByID_seg039_3452_8E
PrintStringFromBlock1_seg039_3452_4A4	WriteTextToMessageScroll_seg043_3619_1A0
PrisonTowerQuest60_ovr110_395D	BitShiftR_AXDX_BY_CX_seg005_105F_3614
PrisonTowerQuest60_ovr110_395D	CheckIfMatchingRace_ovr110_3BBC
PrisonTowerQuest60_ovr110_395D	LookupObjectByIndex_seg029_2A8E_971
ProablyRunePanelClick_ovr123_164	ClearSelectedRunes_ovr123_136
ProablyRunePanelClick_ovr123_164	DisplaySelectedRunes_seg037_32C0_1098
ProablyRunePanelClick_ovr123_164	LookDescription_ovr126_75BD_0
ProablyRunePanelClick_ovr123_164	MouseClickRelated_seg015_1D7C_2A9
ProbablyAllocateSpaceForSound_seg005_105F_3344	seg005_105F_31FF
ProbablyAllocateSpaceForSound_seg005_105F_3344	seg005_105F_3287
ProbablyAllocateSpaceForSound_seg005_105F_3344	seg005_105F_32E8
ProbablyAllocateSpaceForSound_seg005_105F_3344	seg005_105F_3321
ProbablyArtUnpackCode_ovr119_4EF	DRAW_RELATED_seg017_2179_2A2
ProbablyArtUnpackCode_ovr119_4EF	DRAW_RELATED_seg017_2179_361
ProbablyClearMousePointer_seg015_1D7C_74	seg003_0272_48F4
ProbablyClearMousePointer_seg015_1D7C_74	seg003_0272_4CF2
ProbablyCopyEventRow_ovr151_666	DataCopy_seg005_105F_36BD
ProbablyCopyObjectLists_ovr122_256	DataCopy_seg005_105F_36BD
ProbablyCopyObjectLists_ovr122_256	GetNextOrLinkedObject_seg029_2A8E_8BE
ProbablyCopyObjectLists_ovr122_256	ovr122_336
ProbablyCopyObjectLists_ovr122_256	ovr122_38A
ProbablyCutsSubtitle_ovr108_157B	WriteTextToScreen_seg003_0272_446D
ProbablyCutsSubtitle_ovr108_157B	WritingTextToScreen_seg003_0272_454B
ProbablyCutsSubtitle_ovr108_157B	seg003_0272_48F4
ProbablyCutsSubtitle_ovr108_157B	seg003_0272_4CF2
ProbablyDrawEyes_seg037_32C0_A4F	seg000_EB
ProbablyDrawFlask_seg037_32C0_57D	seg000_120
ProbablyDrawFlask_seg037_32C0_57D	seg000_18B
ProbablyDrawFlask_seg037_32C0_57D	seg000_1F9
ProbablyDrawFlask_seg037_32C0_57D	seg000_2
ProbablyDrawFlask_seg037_32C0_57D	seg000_A6
ProbablyDrawFlask_seg037_32C0_57D	seg000_EB
ProbablyDrawFlask_seg037_32C0_57D	seg037_32C0_3
ProbablyDrawOrAnimateWeapon_seg037_32C0_E0C	LoadWeapDat_seg037_32C0_BB4
ProbablyDrawOrAnimateWeapon_seg037_32C0_E0C	SetGameLoopBitField_seg012_1D31_AE
ProbablyDrawOrAnimateWeapon_seg037_32C0_E0C	seg037_32C0_151E
ProbablyGetAnArrayReference_seg005_105F_37AF	seg005_105F_3770
ProbablyGetAnArrayReference_seg005_105F_37AF	seg005_105F_380F
ProbablyGetAnArrayReference_seg005_105F_37AF	seg005_105F_384F
ProbablyGetAnArrayReference_seg005_105F_37AF	seg005_105F_3878
ProbablyInitConversationUI_ovr125_48	ProbablyResetPaperdoll_ovr125_0
ProbablyInitConversationUI_ovr125_48	RegisterClickArea_seg010_1CA1_82
ProbablyInitConversationUI_ovr125_48	seg001_023B_1D5
ProbablyInitConversationUI_ovr125_48	seg001_023B_4A
ProbablyInitConversationUI_ovr125_48	seg015_1D7C_5AE
ProbablyInventoryPanelClick_seg026_2716_FD9	LikelyResetCursor_seg015_1D7C_6AF
ProbablyInventoryPanelClick_seg026_2716_FD9	MaybeGetObjectClickedOn_ovr124_53F
ProbablyInventoryPanelClick_seg026_2716_FD9	MouseClickRelated_seg015_1D7C_2A9
ProbablyLoadSpellIconArt_seg037_32C0_1141	seg000_155
ProbablyLoadSpellIconArt_seg037_32C0_1141	seg000_2
ProbablyLoadSpellIconArt_seg037_32C0_1141	seg000_330
ProbablyLoadSpellIconArt_seg037_32C0_1141	seg000_A6
ProbablyLoadSpellIconArt_seg037_32C0_1141	seg000_EB
ProbablyReadCutsImageData_ovr108_7BF	MoveFilePointer_seg005_105F_1C75
ProbablyRedrawInventory_ovr125_6C5	DrawCursorAtCoordinate_seg009_26B
ProbablyRedrawInventory_ovr125_6C5	GetNextOrLinkedObject_seg029_2A8E_8BE
ProbablyRedrawInventory_ovr125_6C5	GraphicsCall_seg003_0272_46E6
ProbablyRedrawInventory_ovr125_6C5	LikelyDrawCursor_seg015_1D7C_C0
ProbablyRedrawInventory_ovr125_6C5	LoadMaleOrFemaleArmourArt_ovr125_68B
ProbablyRedrawInventory_ovr125_6C5	OpenFont_ovr118_772BW_9B
ProbablyRedrawInventory_ovr125_6C5	RedrawRangeOfSlots_ovr125_1776
ProbablyRedrawInventory_ovr125_6C5	UpdateWeightCapacityOnScreen_ovr125_1935
ProbablyRedrawInventory_ovr125_6C5	seg001_023B_1D5
ProbablyRedrawInventory_ovr125_6C5	seg003_0272_48F4
ProbablyRedrawInventory_ovr125_6C5	seg003_0272_4CF2
ProbablyRedrawInventory_ovr125_6C5	seg015_1D7C_D6
ProbablyResetPaperdoll_ovr125_0	LoadArtFile_ovr119_986
ProbablyResetScreen_ovr118_E2	DrawBitmapScreen_seg003_0272_4AC1
ProbablyResetScreen_ovr118_E2	LikelyDrawCursor_seg015_1D7C_C0
ProbablyResetScreen_ovr118_E2	seg003_0272_48F4
ProbablyResetScreen_ovr118_E2	seg003_0272_4D86
ProbablyResetScreen_ovr118_E2	seg015_1D7C_D6
ProbablyStatDisplayClick_ovr158_460	ChangesLookupDown_seg041_35D7_3
ProbablyStatDisplayClick_ovr158_460	GetCommand_seg015_1D7C_5A1
ProbablyStatDisplayClick_ovr158_460	LikelyDrawCursor_seg015_1D7C_C0
ProbablyStatDisplayClick_ovr158_460	OpenFont_ovr118_772BW_9B
ProbablyStatDisplayClick_ovr158_460	PrintSkill_ovr158_284
ProbablyStatDisplayClick_ovr158_460	seg015_1D7C_D6
ProbablyUpdateMouseIcon_seg015_1D7C_745	GetMouseIcon_seg009_227
ProbablyUpdateMouseIcon_seg015_1D7C_745	ProbablyClearMousePointer_seg015_1D7C_74
ProbablyUpdateMouseIcon_seg015_1D7C_745	seg009_7
ProbablyUpdateMouseIcon_seg015_1D7C_745	seg015_1D7C_B70
ProcessCollisions_seg031_2CFA_12B8	GetCollisionHeightState_seg031_2CFA_13B2
ProcessCollisions_seg031_2CFA_12B8	GetTileState_seg031_2CFA_134B
ProcessCollisions_seg031_2CFA_12B8	LikelyTranslateXY_seg031_2CFA_8A6
ProcessCollisions_seg031_2CFA_12B8	MAYBEGRAVITYZ_seg031_2CFA_1138
ProcessCollisions_seg031_2CFA_12B8	ScanForCollisions_seg028_2941_C0E
ProcessCollisions_seg031_2CFA_12B8	SetCollisionTarget_seg031_2CFA_10E
ProcessCommands_seg010_1CA1_2A0	GetCommand_seg015_1D7C_5A1
ProcessCommands_seg010_1CA1_2A0	ProcessEventHandlers_seg010_1CA1_3EC
ProcessCommands_seg010_1CA1_2A0	seg015_1D7C_210
ProcessCutsceneFunctions_ovr108_175F	Divide32BitNumbers_seg005_105F_3525
ProcessCutsceneFunctions_ovr108_175F	MoveFilePointer_seg005_105F_1C75
ProcessGeneralSCDBlock_ovr151_2BD	FindSCDRowsToExecute_ovr151_0
ProcessGeneralSCDBlock_ovr151_2BD	SetSomeValuesInSCDRows_ovr151_D3
ProcessLOSArcsseg032_2E9B_C9D	Divide32BitNumbers_seg005_105F_3525
ProcessLOSArcsseg032_2E9B_C9D	GetNextVisionTileNegative_seg032_2E9B_6A9
ProcessLOSArcsseg032_2E9B_C9D	GetNextVisionTilePositive_seg032_2E9B_683
ProcessLOSArcsseg032_2E9B_C9D	MaybeTestVisibilityNextTile_seg032_2E9B_6CF
ProcessLOSArcsseg032_2E9B_C9D	MultiplyAXByBX_seg005_105F_350B
ProcessMobileObjects_seg007_17A2_359F	AllocateMemory_seg042_35ED_151
ProcessMobileObjects_seg007_17A2_359F	CheckIfUpdateNeeded_seg007_17A2_355C
ProcessMobileObjects_seg007_17A2_359F	MotionProcessing_seg006_1413_173
ProcessMobileObjects_seg007_17A2_359F	NPCInitialProcessing_seg007_17A2_2095
ProcessMobileObjects_seg007_17A2_359F	SetGameLoopBitField_seg012_1D31_AE
ProcessMotionTileHeights_seg028_2941_385	DataCopy_seg005_105F_36BD
ProcessMotionTileHeights_seg028_2941_385	GetNeighbourTileDetails_seg028_2941_217
ProcessMotionTileHeights_seg028_2941_385	GetTile_seg036_32A9_F
ProcessMotionTileHeights_seg028_2941_385	SetArrayValues_seg005_105F_1DCA
ProcessMotionTileHeights_seg028_2941_385	seg028_2941_2CF_terrainrelated
ProcessPlayerTileState_seg008_1B09_3F	StartSwimming_seg008_1B09_D
ProcessPlayerTileState_seg008_1B09_3F	UpdateMotionStateAndSwimming_seg008_1B09_1252
ProcessSCDARK_ovr151_3A6	LoadScdArkData_ovr151_1C1
ProcessSCDARK_ovr151_3A6	ProcessGeneralSCDBlock_ovr151_2BD
ProcessSCDARK_ovr151_3A6	SCD_AllocatePointer_ovr151_1A6
ProcessSCDARK_ovr151_3A6	SCD_ProcessBlock0_ovr151_32E
ProcessSCDARK_ovr151_3A6	SaveSCD_ovr151_28C
ProcessSCDARK_ovr151_3A6	seg042_35ED_176
ProcessSCDARK_ovr151_3A6	seg042_35ED_1DE
ProcessSCDARK_ovr151_3A6	seg042_35ED_233
ProcessSCDEventRow_ovr113_C08	DeleteSCDRecord_ovr151_5DB
ProjectileSpell_seg027_2856_342	InitPlayerProjectilesValues_seg027_2856_C
ProjectileSpell_seg027_2856_342	MakeASound_seg016_1E73_1EE7
ProjectileSpell_seg027_2856_342	PlaySoundEffectAtObject_seg016_1E73_1E7E
ProjectileSpell_seg027_2856_342	PrepareProjectileObject_seg027_2856_8DA
PushAdvTableEntry_seg022_2405_3F2	FindEntryInAdvFile_seg022_2405_3BA
PutObjectInInventorySlot_ovr125_125C	InventorySlotRedraw_ovr125_904
PutObjectInInventorySlot_ovr125_125C	MaybeAnInventoryRedraw_ovr121_424
PutObjectInInventorySlot_ovr125_125C	UpdateInventorySlots_ovr121_4D8
PutObjectInInventorySlot_ovr125_125C	UseObjectOnSlot_ovr124_57
PutWeaponAway_seg026_2716_1396	CancelAttack_seg024_24E9_130F
PutWeaponAway_seg026_2716_1396	PickLevelThemeMusic_seg016_1E73_2B1E
PutWeaponAway_seg026_2716_1396	UpdateUIAnim_seg037_32C0_2C8
PutWeaponAway_seg026_2716_1396	seg014_AF
QbertTraps_ovr110_3FE9	AddToFreeObjectLists_seg029_2A8E_508
QbertTraps_ovr110_3FE9	Divide32BitNumbers_seg005_105F_3525
QbertTraps_ovr110_3FE9	FindObjectWithSpecificProps_seg029_2A8E_D79
QbertTraps_ovr110_3FE9	GetTile_seg036_32A9_F
QbertTraps_ovr110_3FE9	HackTrapCamera_ovr143_D5C
QbertTraps_ovr110_3FE9	InsertObjectToList_seg029_2A8E_58C
QbertTraps_ovr110_3FE9	LookupObjectByIndex_seg029_2A8E_971
QbertTraps_ovr110_3FE9	PrepareNewObject_seg036_32A9_44
QbertTraps_ovr110_3FE9	RNG_seg005_105F_DE7
QbertTraps_ovr110_3FE9	Teleport_ovr110_9C2
QbertTraps_ovr110_3FE9	UnlinkObjectFromLinkedList_seg029_2A8E_684
QuakeSpell_ovr157_14D4	DataCopy_seg005_105F_36BD
QuakeSpell_ovr157_14D4	MoveObjectToCoordinates_seg028_2941_1245
QuakeSpell_ovr157_14D4	PrepareNewObject_seg036_32A9_44
QuakeSpell_ovr157_14D4	RNG_seg005_105F_DE7
QuakeSpell_ovr157_14D4	TestIfStaticOrMobile_seg029_2A8E_A87
RESPOND_OP_ovr095_1F4A	ConversationTextVariableReplacement_ovr095_F56
RESPOND_OP_ovr095_1F4A	GetStringByID_seg039_3452_8E
RESPOND_OP_ovr095_1F4A	StringCompare_seg017_2179_1F7
RESPOND_OP_ovr095_1F4A	ovr095_21E
RNG_seg005_105F_DE7	Multiply_DxAx_By_CxBx_seg005_105F_395B
RaiseZposOfObjectInChangingTile_ovr110_BD3	DamageObject_seg025_527
RaiseZposOfObjectInChangingTile_ovr110_BD3	GetNextOrLinkedObject_seg029_2A8E_8BE
RaiseZposOfObjectInChangingTile_ovr110_BD3	RemoveObject_seg029_2A8E_704
RaiseZposOfObjectInChangingTile_ovr110_BD3	TestIfStaticOrMobile_seg029_2A8E_A87
RandomSwitchFlicker_ovr110_3642	Divide32BitNumbers_seg005_105F_3525
RandomSwitchFlicker_ovr110_3642	RNG_seg005_105F_DE7
RandomSwitchFlicker_ovr110_3642	ToggleSwitch_seg040_34E7_720
Random_ovr095_A5B	Divide32BitNumbers_seg005_105F_3525
Random_ovr095_A5B	GetConvoMemoryValue_ovr095_2007
Random_ovr095_A5B	MultiplyAXByBX_seg005_105F_350B
Random_ovr095_A5B	RNG_seg005_105F_DE7
RayCast_seg026_2716_5E7	LookupObjectByIndex_seg029_2A8E_971
RayCast_seg026_2716_5E7	TestIfStaticOrMobile_seg029_2A8E_A87
RayCast_seg026_2716_5E7	seg026_2716_523
RayCast_seg026_2716_5E7	seg032_2E9B_2AA
ReactToPlayerPresence_seg007_17A2_1730	GetDistancesToGTarg_seg007_17A2_2F32
ReactToPlayerPresence_seg007_17A2_1730	GetVectorHeading_seg006_1413_2EC9
ReactToPlayerPresence_seg007_17A2_1730	UpdateNPCAnimation_seg007_17A2_4
ReadArkFileBlock_ovr093_C33	MoveFilePointer_seg005_105F_1C75
ReadArkFileBlock_ovr093_C33	ReadCompressedArk_ovr153_2B
ReadArkFileBlock_ovr093_C33	ReadDataBlockHeaderValue_ovr093_21C
ReadArtDataToLocation_ovr119_1E5	SeekToAFile_Location_seg005_105F_A07
ReadArtDataToLocation_ovr119_1E5	seg005_105F_A6D
ReadBooksAndMaps_ovr138_C2F	AppendItemName_seg039_3452_327
ReadBooksAndMaps_ovr138_C2F	CastSpellFromObject_seg040_34E7_998
ReadBooksAndMaps_ovr138_C2F	CombineStrings_seg005_27F3
ReadBooksAndMaps_ovr138_C2F	CopyMapPiece_ovr094_1622
ReadBooksAndMaps_ovr138_C2F	GetStringByID_seg039_3452_8E
ReadBooksAndMaps_ovr138_C2F	PlayCutscene_ovr108_2DC5
ReadBooksAndMaps_ovr138_C2F	PrintStringFromBlock1_seg039_3452_4A4
ReadBooksAndMaps_ovr138_C2F	RemoveUsedObject_seg040_34E7_383
ReadBooksAndMaps_ovr138_C2F	STRLEN_Seg005_105F_28B5
ReadBooksAndMaps_ovr138_C2F	SearchInventoryForItem_ovr124_21C
ReadBooksAndMaps_ovr138_C2F	SetsALtoZero_ovr102_15E
ReadBooksAndMaps_ovr138_C2F	StoreStringInLocation_seg005_105F_2891
ReadBooksAndMaps_ovr138_C2F	TriggerObjectLink_seg040_34E7_A95
ReadBooksAndMaps_ovr138_C2F	WriteTextToMessageScroll_seg043_3619_1A0
ReadBytesAtFilePtr_seg005_1FCD	MoveFilePointer_seg005_105F_1C75
ReadBytesAtFilePtr_seg005_1FCD	ReadFileBytes_seg005_2088
ReadCompressedArk_ovr153_2B	AllocateDataOffsetsForCompression_ovr153_0
ReadCompressedArk_ovr153_2B	DecompressArkData_ovr127_440
ReadConversationHeader_ovr095_12C3	CopyStringToLocation_seg017_2179_13F
ReadConversationHeader_ovr095_12C3	MaybeAllocateSpace_ovr095_86
ReadConversationHeader_ovr095_12C3	MoveDataBySize_seg005_105F_1DF9
ReadDataBlockHeaderValue_ovr093_21C	GetFileSeekPtr_seg005_105F_1072
ReadDataBlockHeaderValue_ovr093_21C	MoveFilePointer_seg005_105F_1C75
ReadDataBlockHeaderValue_ovr093_21C	ReadBytesAtFilePtr_seg005_1FCD
ReadDataFileBlock_ovr093_D48	BuildArkDataFileName_ovr093_779D_2BA
ReadDataFileBlock_ovr093_D48	CloseFile_seg005_105F_2FE
ReadDataFileBlock_ovr093_D48	FileAccessFunctions_seg005_105F_1E46
ReadDataFileBlock_ovr093_D48	ReadBytesAtFilePtr_seg005_1FCD
ReadDataFileBlock_ovr093_D48	ReadDataBlockHeaderValue_ovr093_21C
ReadFileBytes_seg005_2088	File_Error_Handler_seg005_1C27
ReadInBGlobals_ovr095_744	CloseFile_seg005_105F_2FE
ReadInBGlobals_ovr095_744	MoveFilePointer_seg005_105F_1C75
ReadInBGlobals_ovr095_744	ReadBytesAtFilePtr_seg005_1FCD
ReadObjectsDat_Part_1_ovr120_0	FileReadToAddress_seg005_105F_954
ReadPlayerDat_ovr142_102	BitShiftR_AXDX_BY_CX_seg005_105F_3614
ReadPlayerDat_ovr142_102	DecryptPlayerDat_ovr167_769
ReadPlayerDat_ovr142_102	ReadBytesAtFilePtr_seg005_1FCD
ReadPlayerDat_ovr142_102	ToggleMusic_seg016_1E73_1AF8
ReadPlayerDat_ovr142_102	ToggleSoundEffects_seg016_1E73_1B95
ReadPlayerDat_ovr142_102	UpdateDetailLevelIndirectFunctions_seg019_21BA_5B
ReadPlayerDat_ovr142_102	UpdateMotionStateAndSwimming_seg008_1B09_1252
ReadUW_ADBlock_seg016_1E73_1546	MoveFilePointer_seg005_105F_1C75
ReadUW_ADBlock_seg016_1E73_1546	ProbablyAllocateSpaceForSound_seg005_105F_3344
ReadWriteBabGlobsDAT_ovr095_673	ClearData_seg017_2179_EE
ReadWriteBabGlobsDAT_ovr095_673	CloseFile_seg005_105F_2FE
ReadWriteBabGlobsDAT_ovr095_673	ReadBytesAtFilePtr_seg005_1FCD
ReadWriteBabGlobsDAT_ovr095_673	WriteDataToHandleAtPointer_seg005_105F_1458
Read_Mouse_Motion_seg021_6E7	Mouse_Sensitivity_Maybe_seg021_6F8
RechargeLightSpheresInTile_ovr110_371D	CallFunctionOnObjectsInChain_seg029_2A8E_117
RechargeLightSpheresInTile_ovr110_371D	CheckIfItemID_Or_ContainsItemID_seg029_2A8E_C6B
RechargeLightSpheresInTile_ovr110_371D	GetNextOrLinkedObject_seg029_2A8E_8BE
RechargeLightSpheresInTile_ovr110_371D	GetTile_seg036_32A9_F
RechargeLightSpheresInTile_ovr110_371D	SpawnClass7_ObjectAtTarget_seg044_368F_B8D
RedrawInventorySlot_ovr124_0	InventorySlotRedraw_ovr125_904
RedrawPanel_seg037_32C0_12F0	DrawArtToScreen_seg003_0272_4FC2
RedrawPanel_seg037_32C0_12F0	GraphicsCall_seg003_0272_46E6
RedrawPanel_seg037_32C0_12F0	LikelyDrawCursor_seg015_1D7C_C0
RedrawPanel_seg037_32C0_12F0	seg003_0272_48F4
RedrawPanel_seg037_32C0_12F0	seg003_0272_4CF2
RedrawPanel_seg037_32C0_12F0	seg015_1D7C_D6
RedrawRangeOfSlots_ovr125_1776	DrawCursorAtCoordinate_seg009_26B
RedrawRangeOfSlots_ovr125_1776	GetNextOrLinkedObject_seg029_2A8E_8BE
RedrawRangeOfSlots_ovr125_1776	Hex2DecimalString_seg005_105F_1D1B
RedrawRangeOfSlots_ovr125_1776	InventorySlotRedraw_ovr125_904
RedrawRangeOfSlots_ovr125_1776	LikelyDrawCursor_seg015_1D7C_C0
RedrawRangeOfSlots_ovr125_1776	MaybeRedrawSlot_seg001_023B_25B
RedrawRangeOfSlots_ovr125_1776	OpenFont_ovr118_772BW_9B
RedrawRangeOfSlots_ovr125_1776	UpdateWeightCapacityOnScreen_ovr125_1935
RedrawRangeOfSlots_ovr125_1776	WriteTextToScreen_seg003_0272_446D
RedrawRangeOfSlots_ovr125_1776	seg015_1D7C_D6
RedrawStatPanel_ovr158_54D	RedrawPanel_seg037_32C0_12F0
RedrawTradeSlot_ovr097_A91	DrawCursorAtCoordinate_seg009_26B
RedrawTradeSlot_ovr097_A91	Hex2DecimalString_seg005_105F_1D1B
RedrawTradeSlot_ovr097_A91	LikelyDrawCursor_seg015_1D7C_C0
RedrawTradeSlot_ovr097_A91	LookupObjectByIndex_seg029_2A8E_971
RedrawTradeSlot_ovr097_A91	MaybeRedrawSlot_seg001_023B_25B
RedrawTradeSlot_ovr097_A91	OpenFont_ovr118_772BW_9B
RedrawTradeSlot_ovr097_A91	WriteTextToScreen_seg003_0272_446D
RedrawTradeSlot_ovr097_A91	seg015_1D7C_D6
RedrawTradeSlot_ovr097_A91	seg042_35ED_1DE
RedrawTradeSlots_ovr097_A71	RedrawTradeSlot_ovr097_A91
RefreshMusic_seg016_1E73_2BB2	CheckMusicThemeIsPlaying_seg016_1E73_2DB8
RefreshMusic_seg016_1E73_2BB2	LoadXMIFile_seg016_1E73_174B
RefreshMusic_seg016_1E73_2BB2	PickLevelThemeMusic_seg016_1E73_2B1E
RefreshPanels_seg038_342C_201	LikelyDrawCursor_seg015_1D7C_C0
RefreshPanels_seg038_342C_201	MaybeRedrawSlot_seg001_023B_25B
RefreshPanels_seg038_342C_201	OpenFont_ovr118_772BW_9B
RefreshPanels_seg038_342C_201	PrintAHPString_ovr158_14F
RefreshPanels_seg038_342C_201	PrintAManaString_ovr158_1C3
RefreshPanels_seg038_342C_201	PrintEXPString_ovr158_236
RefreshPanels_seg038_342C_201	seg015_1D7C_D6
RefreshPlayerStatus_ovr142_732	ActiveEnchantedItem_Spells_ovr142_32D
RefreshPlayerStatus_ovr142_732	ApplyDefenceStealthBonuses_ovr142_615
RefreshPlayerStatus_ovr142_732	CheckIfEquipmentInValidSlot_ovr124_BB9
RefreshPlayerStatus_ovr142_732	ClearsEnchantmentFlag_seg040_34E7_DDE
RefreshPlayerStatus_ovr142_732	GetArmourProtection_ovr142_6DB
RefreshPlayerStatus_ovr142_732	GetItemEnchantment_seg040_34E7_C69
RefreshPlayerStatus_ovr142_732	GetItemInSlot_ovr124_15
RefreshPlayerStatus_ovr142_732	GetObjectDatForItem_ovr134_F5
RefreshPlayerStatus_ovr142_732	OpenAndApplyShadesDat_ovr152_4A
RefreshPlayerStatus_ovr142_732	RefreshPlayerTileState_seg008_1B09_1239
RefreshPlayerStatus_ovr142_732	ResetSomePlayerValues_ovr142_200
RefreshPlayerStatus_ovr142_732	ShroomsCameraEffects_ovr142_27F
RefreshPlayerStatus_ovr142_732	UpdateMotionStateAndSwimming_seg008_1B09_1252
RefreshPlayerStatus_ovr142_732	seg037_32C0_B8F
RefreshPlayerTileState_seg008_1B09_1239	ProcessPlayerTileState_seg008_1B09_3F
RegisterClickArea_seg010_1CA1_82	ErrorCanNoLongerRun_ovr114_D1
RegisterClickArea_seg010_1CA1_82	RegisterEventRelated_seg005_105F_3908
RegisterEventHandler_seg010_1CA1_104	ErrorCanNoLongerRun_ovr114_D1
RegisterEventHandler_seg010_1CA1_104	RegisterEventRelated_seg005_105F_3908
RegisterEventRelated_seg005_105F_3908	ProbablyGetAnArrayReference_seg005_105F_37AF
RegisterEventRelated_seg005_105F_3908	seg005_105F_36E0
RegisterEventRelated_seg005_105F_3908	seg005_105F_3891
RegisterEventRelated_seg005_105F_3908	seg005_105F_38C6
ReinitialisePlayerOnLevelOrPositionChange_seg008_1B09_AD8	GetTileState_seg031_2CFA_134B
ReinitialisePlayerOnLevelOrPositionChange_seg008_1B09_AD8	PlacePlayerInTile_seg008_1B09_137B
ReinitialisePlayerOnLevelOrPositionChange_seg008_1B09_AD8	ProcessMotionTileHeights_seg028_2941_385
ReinitialisePlayerOnLevelOrPositionChange_seg008_1B09_AD8	ProcessPlayerTileState_seg008_1B09_3F
ReinitialisePlayerOnLevelOrPositionChange_seg008_1B09_AD8	ReverseObjectLookup_seg029_2A8E_927
ReinitialisePlayerOnLevelOrPositionChange_seg008_1B09_AD8	WalkOnSurfaceTypes_seg035_31AB_A0C
RelatedToWritingToMessageScrollseg043_3619_2D0	MaybeAComparison_seg005_105F_282C
RelatedToWritingToMessageScrollseg043_3619_2D0	seg043_3619_322
ReleaseSpell_seg040_34E7_C38	LikelyResetCursor_seg015_1D7C_6AF
ReleaseSpell_seg040_34E7_C38	MouseClickRelated_seg015_1D7C_2A9
RemoveBishop_ovr110_3C3A	RunFunctionOnWhoAmI_NPC_ovr156_1486
RemoveCompletedAnimo_seg044_368F_1	AddToFreeObjectLists_seg029_2A8E_508
RemoveCompletedAnimo_seg044_368F_1	GetNextOrLinkedObject_seg029_2A8E_8BE
RemoveCompletedAnimo_seg044_368F_1	GetTile_seg036_32A9_F
RemoveCompletedAnimo_seg044_368F_1	UnlinkObjectFromLinkedList_seg029_2A8E_684
RemoveDoorLock_seg025_26A1_3	AddToFreeObjectLists_seg029_2A8E_508
RemoveDoorLock_seg025_26A1_3	GetLinkedOrNextObjectWithFilter_seg029_2A8E_B6B
RemoveDoorLock_seg025_26A1_3	UnlinkObjectFromLinkedList_seg029_2A8E_684
RemoveNPC_ovr110_18B9	GetTile_seg036_32A9_F
RemoveNPC_ovr110_18B9	RemoveObjectAndChainFromLists_seg029_2A8E_85C
RemoveObjectAndChainFromLists_seg029_2A8E_85C	AddToFreeObjectLists_seg029_2A8E_508
RemoveObjectAndChainFromLists_seg029_2A8E_85C	ClearLinkedList_seg029_2A8E_799
RemoveObjectAndChainFromLists_seg029_2A8E_85C	UnlinkObjectFromLinkedList_seg029_2A8E_684
RemoveObjectAndGiveToNPC_ovr097_1B36	GiveObjectToNPC_ovr097_19FB
RemoveObjectAndGiveToNPC_ovr097_1B36	LikelyDrawCursor_seg015_1D7C_C0
RemoveObjectAndGiveToNPC_ovr097_1B36	LookupObjectByIndex_seg029_2A8E_971
RemoveObjectAndGiveToNPC_ovr097_1B36	MaybeRedrawSlot_seg001_023B_25B
RemoveObjectAndGiveToNPC_ovr097_1B36	SomethingWithTradeSlot_ovr097_E83
RemoveObjectAndGiveToNPC_ovr097_1B36	seg015_1D7C_D6
RemoveObjectAndGiveToNPC_ovr097_1B36	seg042_35ED_1DE
RemoveObjectFromInventory_ovr124_5BB	RemoveQtyOfObjectFromPlayerInventory_ovr124_5E5
RemoveObjectFromTile_seg025_26A1_95	RemoveObject_seg029_2A8E_704
RemoveObject_seg029_2A8E_704	ClearLinkedList_seg029_2A8E_799
RemoveObject_seg029_2A8E_704	ObjectCullingTest_seg029_2A8E_251
RemoveObject_seg029_2A8E_704	RemoveObjectAndChainFromLists_seg029_2A8E_85C
RemoveObject_seg029_2A8E_704	RemoveTheAnimationOverlay_seg044_368F_7F
RemoveObject_seg029_2A8E_704	ReverseObjectLookup_seg029_2A8E_927
RemoveQty1FromPlayerInventory_ovr124_5D0	RemoveQtyOfObjectFromPlayerInventory_ovr124_5E5
RemoveQtyOfObjectFromPlayerInventory_ovr124_5E5	DataCopy_seg005_105F_36BD
RemoveQtyOfObjectFromPlayerInventory_ovr124_5E5	FindAndRemoveQtyFromPlayerInventory_ovr124_8AF
RemoveQtyOfObjectFromPlayerInventory_ovr124_5E5	FindObjectListHeadObject_seg029_2A8E_9B2
RemoveQtyOfObjectFromPlayerInventory_ovr124_5E5	GetAvailableObjectAddress_seg029_2A8E_471
RemoveQtyOfObjectFromPlayerInventory_ovr124_5E5	GetObjectMass_ovr124_DF2
RemoveQtyOfObjectFromPlayerInventory_ovr124_5E5	InsertObjectToList_seg029_2A8E_58C
RemoveQtyOfObjectFromPlayerInventory_ovr124_5E5	InventorySlotRedraw_ovr125_904
RemoveQtyOfObjectFromPlayerInventory_ovr124_5E5	MaybeAnInventoryRedraw_ovr121_424
RemoveQtyOfObjectFromPlayerInventory_ovr124_5E5	RefreshPlayerStatus_ovr142_732
RemoveQtyOfObjectFromPlayerInventory_ovr124_5E5	ReverseObjectLookup_seg029_2A8E_927
RemoveQtyOfObjectFromPlayerInventory_ovr124_5E5	UnlinkObjectFromLinkedList_seg029_2A8E_684
RemoveQtyOfObjectFromPlayerInventory_ovr124_5E5	UpdateInventorySlots_ovr121_4D8
RemoveTheAnimationOverlay_seg044_368F_7F	DataCopy_seg005_105F_36BD
RemoveTrapChain_ovr166_1C95	FindObjectListHeadObject_seg029_2A8E_9B2
RemoveTrapChain_ovr166_1C95	RemoveObjectAndChainFromLists_seg029_2A8E_85C
RemoveTrapChain_ovr166_1C95	RemoveTriggersPointingAtTrapToRemove_ovr166_1B84
RemoveTrapChain_ovr166_1C95	ReverseObjectLookup_seg029_2A8E_927
RemoveTrapTriggerChain_ovr166_2610	RemoveTrapChain_ovr166_1C95
RemoveTrapTriggerChain_ovr166_2610	RemoveTriggerChain_ovr166_253F
RemoveTriggerChain_ovr166_253F	AddToFreeObjectLists_seg029_2A8E_508
RemoveTriggerChain_ovr166_253F	GetNextOrLinkedObject_seg029_2A8E_8BE
RemoveTriggerChain_ovr166_253F	GetTile_seg036_32A9_F
RemoveTriggerChain_ovr166_253F	MoveObjectIndexInArrayToNewPositionTimerRelated_seg044_1094
RemoveTriggerChain_ovr166_253F	RemoveTrapChain_ovr166_1C95
RemoveTriggerChain_ovr166_253F	ReverseObjectLookup_seg029_2A8E_927
RemoveTriggerChain_ovr166_253F	UnlinkObjectFromLinkedList_seg029_2A8E_684
RemoveTriggersPointingAtTrapToRemove_ovr166_1B84	AddToFreeObjectLists_seg029_2A8E_508
RemoveTriggersPointingAtTrapToRemove_ovr166_1B84	GetNextOrLinkedObject_seg029_2A8E_8BE
RemoveTriggersPointingAtTrapToRemove_ovr166_1B84	MoveObjectIndexInArrayToNewPositionTimerRelated_seg044_1094
RemoveTriggersPointingAtTrapToRemove_ovr166_1B84	ReverseObjectLookup_seg029_2A8E_927
RemoveTriggersPointingAtTrapToRemove_ovr166_1B84	UnlinkObjectFromLinkedList_seg029_2A8E_684
RemoveUsedObject_seg040_34E7_383	ClearLinkedList_seg029_2A8E_799
RemoveUsedObject_seg040_34E7_383	FindObjectListHeadObject_seg029_2A8E_9B2
RemoveUsedObject_seg040_34E7_383	GetNextOrLinkedObject_seg029_2A8E_8BE
RemoveUsedObject_seg040_34E7_383	GetTile_seg036_32A9_F
RemoveUsedObject_seg040_34E7_383	RemoveObjectAndChainFromLists_seg029_2A8E_85C
RemoveUsedObject_seg040_34E7_383	RemoveObject_seg029_2A8E_704
RemoveUsedObject_seg040_34E7_383	RemoveQty1FromPlayerInventory_ovr124_5D0
RemoveUsedObject_seg040_34E7_383	ReverseObjectLookup_seg029_2A8E_927
RemoveUsedObject_seg040_34E7_383	SetGameLoopBitField_seg012_1D31_AE
Rename_File_seg005_20A2	File_Error_Handler_seg005_1C27
Render3DObject_seg033_2FBE_5DE	BitShiftR_AXDX_BY_CX_seg005_105F_3614
Render3DObject_seg033_2FBE_5DE	FloorRender_seg019_21BA_A94
Render3DObject_seg033_2FBE_5DE	seg045_379C_B7
Render3DObject_seg033_2FBE_5DE	seg045_379C_E5
RenderDoor_seg033_2FBE_EF3	Render3DObject_seg033_2FBE_5DE
RenderDoor_seg033_2FBE_EF3	WallRender_seg019_21BA_C07
RenderDoor_seg033_2FBE_EF3	seg045_379C_B7
RenderObjectList_seg034_310D_465	GetNextOrLinkedObject_seg029_2A8E_8BE
RenderObjectList_seg034_310D_465	GetSquareRoot_seg021_22FD_F3F
RenderObjectList_seg034_310D_465	LookupObjectByIndex_seg029_2A8E_971
RenderObjectList_seg034_310D_465	MoveData_seg005_105F_1D81
RenderObjectList_seg034_310D_465	RenderingObjects_seg033_2FBE_9
RenderObjectList_seg034_310D_465	StoreObjectPositionsInArray_seg034_310D_353
RenderObjectList_seg034_310D_465	TestIfStaticOrMobile_seg029_2A8E_A87
RenderObjectList_seg034_310D_465	seg034_310D_140
RenderObjectList_seg034_310D_465	seg034_310D_230
RenderObjectList_seg034_310D_465	seg034_310D_2AB
RenderObjectList_seg034_310D_465	seg034_310D_3F7
RenderObjectList_seg034_310D_465	seg034_310D_EA
RenderScene_seg032_2E9B_2FD	DrawBitmapScreen_seg003_0272_4AC1
RenderScene_seg032_2E9B_2FD	LikelyDoRender_seg032_2E9B_121E
RenderScene_seg032_2E9B_2FD	PositionCamera_seg032_2E9B_39A
RenderScene_seg032_2E9B_2FD	SetObjectRendingDataPtr_seg032_2E9B_24A
RenderScene_seg032_2E9B_2FD	seg021_22FD_D7A
RenderScene_seg032_2E9B_2FD	seg045_379C_213
RenderingFunctions_seg019_21BA_D0	Experience_seg038_342C_45
RenderingFunctions_seg019_21BA_D0	GetTilesToRender_seg019_21BA_562
RenderingFunctions_seg019_21BA_D0	seg019_21BA_41
RenderingFunctions_seg019_21BA_D0	seg045_379C_B7
RenderingFunctions_seg019_21BA_D0	seg045_379C_E5
RenderingObjects_seg033_2FBE_9	Divide32BitNumbers_seg005_105F_3525
RenderingObjects_seg033_2FBE_9	Render3DObject_seg033_2FBE_5DE
RenderingObjects_seg033_2FBE_9	RenderDoor_seg033_2FBE_EF3
RenderingObjects_seg033_2FBE_9	ReverseObjectLookup_seg029_2A8E_927
RenderingObjects_seg033_2FBE_9	TestIfStaticOrMobile_seg029_2A8E_A87
RenderingObjects_seg033_2FBE_9	WallRender_seg019_21BA_C07
RenderingObjects_seg033_2FBE_9	seg045_379C_B7
RepairItem_ovr110_2491	GetItemDurability_ovr110_2424
RepairItem_ovr110_2491	RNG_seg005_105F_DE7
RepairItem_ovr110_2491	SkillCheck_seg038_342C_9
RepelUndead_ovr156_F04	ApplyAttitudeChangingSpellToNPC__ovr156_95A
RepelUndead_ovr156_F04	DirectDamageSpellWithVulnerability_ovr156_B44
RepelUndead_ovr156_F04	LookupObjectByIndex_seg029_2A8E_971
RepelUndead_ovr156_F04	RNG_seg005_105F_DE7
RepelUndead_ovr156_F04	ReverseObjectLookup_seg029_2A8E_927
RepelUndead_ovr156_F04	ScaleDamageAgainstObject_seg025_26A1_493
RepelUndead_ovr156_F04	SmiteUndead_ovr110_38AD
RepelUndead_ovr156_F04	SpawnClass7_ObjectAtTarget_seg044_368F_B8D
ResetCharacter_ovr112_485	ChangeReferenceToCameraObject_ovr143_C4D
ResetCharacter_ovr112_485	LikelyResetCursor_seg015_1D7C_6AF
ResetCharacter_ovr112_485	LoadVOCSoundFile_seg016_1E73_260
ResetCharacter_ovr112_485	PutWeaponAway_seg026_2716_1396
ResetCharacter_ovr112_485	RefreshPlayerStatus_ovr142_732
ResetCharacter_ovr112_485	ResetTimers_ovr112_45C
ResetCharacter_ovr112_485	ResetUIElements_seg037_32C0_103
ResetCharacter_ovr112_485	ShroomsCameraEffects_ovr142_27F
ResetCharacter_ovr112_485	seg016_1E73_284
ResetLastDamagedCharacter_ovr107_E98	ClearBitOnAllObjects_ovr107_E5E
ResetMap_ovr112_2C6	ClearTilemap_seg029_2A8E_6
ResetMap_ovr112_2C6	SetGameLoopBitField_seg012_1D31_AE
ResetMobileObjectsAndNPCs_ovr107_56F	ReturnNPCsToHomeTile_ovr107_115
ResetMobileObjectsAndNPCs_ovr107_56F	SetArrayValues_seg005_105F_1DCA
ResetMobileObjectsAndNPCs_ovr107_56F	StopMobileObjects_ovr107_427
ResetPaperInventoryPanel_seg026_2716_12F	ProbablyRedrawInventory_ovr125_6C5
ResetPaperInventoryPanel_seg026_2716_12F	ProbablyResetPaperdoll_ovr125_0
ResetPlayerDoingSomething_ovr137_3E6	LikelyResetCursor_seg015_1D7C_6AF
ResetSomePlayerValues_ovr142_200	SetArrayValues_seg005_105F_1DCA
ResetUIElements_seg037_32C0_103	seg000_330
Respond_ovr103_F6C	AppendString_seg039_3452_90B
Respond_ovr103_F6C	CopyStringToLocation_seg017_2179_13F
Respond_ovr103_F6C	WriteTextToMessageScroll_seg043_3619_1A0
Respond_ovr103_F6C	seg042_35ED_1DE
Respond_ovr103_F6C	seg043_3619_4E
RetrieveActiveSpells_ovr142_591	SetArrayValues_seg005_105F_1DCA
RetrieveConversationVariable_ovr095_214A	StringCompare_seg017_2179_1F7
RetrieveImportedVariablesAfterConversation_ovr106_48F	Experience_seg038_342C_45
RetrieveImportedVariablesAfterConversation_ovr106_48F	RetrieveConversationVariable_ovr095_214A
RetrieveImportedVariablesAfterConversation_ovr106_48F	SetGoalAndGTargForNPC_ovr107_0
ReturnFromDreamworldRestorePositionCallback_ovr154_13B2	ChangeThemeMusic_seg016_1E73_2B0C
ReturnNPCsToHomeTile_ovr107_115	GetDefaultFreePositionOnTile_ovr107_BB
ReturnNPCsToHomeTile_ovr107_115	GetTile_seg036_32A9_F
ReturnNPCsToHomeTile_ovr107_115	InsertObjectToList_seg029_2A8E_58C
ReturnNPCsToHomeTile_ovr107_115	RNG_seg005_105F_DE7
ReturnNPCsToHomeTile_ovr107_115	RemoveObjectAndChainFromLists_seg029_2A8E_85C
ReturnNPCsToHomeTile_ovr107_115	ReverseObjectLookup_seg029_2A8E_927
ReturnNPCsToHomeTile_ovr107_115	TestIfObjectFitsInTile_seg028_2941_1021
ReturnNPCsToHomeTile_ovr107_115	UnlinkObjectFromLinkedList_seg029_2A8E_684
ReturnToMainMenu_ovr112_57C	MainMenu_ovr147_218
ReturnToMainMenu_ovr112_57C	MaybeSetScreenSize_seg015_1D7C_3CD
ReturnToMainMenu_ovr112_57C	MoveDataBySize_seg005_105F_1DF9
ReturnToMainMenu_ovr112_57C	PlayCutscene_ovr108_2DC5
ReturnToMainMenu_ovr112_57C	ResetCharacter_ovr112_485
ReturnToMainMenu_ovr112_57C	UpdateUIAnim_seg037_32C0_2C8
ReturnToMainMenu_ovr112_57C	WaitInputCommand_seg015_1D7C_594
ReturnToMainMenu_ovr112_57C	seg015_1D7C_D6
ReturnToMainMenu_ovr112_57C	seg037_32C0_3
ReturnToMainMenu_ovr112_57C	seg037_32C0_A7
ReturnTradeObjectsToNPC_ovr097_F76	InsertObjectToList_seg029_2A8E_58C
ReturnTradeObjectsToNPC_ovr097_F76	LikelyDrawCursor_seg015_1D7C_C0
ReturnTradeObjectsToNPC_ovr097_F76	LookupObjectByIndex_seg029_2A8E_971
ReturnTradeObjectsToNPC_ovr097_F76	MaybeRedrawSlot_seg001_023B_25B
ReturnTradeObjectsToNPC_ovr097_F76	SomethingWithTradeSlot_ovr097_E83
ReturnTradeObjectsToNPC_ovr097_F76	seg015_1D7C_D6
ReturnTradeObjectsToNPC_ovr097_F76	seg042_35ED_1DE
RevealSpell_ovr157_BF5	GetLinkedOrNextObjectWithFilter_seg029_2A8E_B6B
RevealSpell_ovr157_BF5	RunTrigger_ovr166_3B
ReverseObjectLookup_seg029_2A8E_927	Divide32BitNumbers_seg005_105F_3525
RoamingSightInput_ovr143_B4B	SetGameLoopBitField_seg012_1D31_AE
RoamingSightInput_ovr143_B4B	SomethingProjectileHeading_seg021_22FD_EAE
RockHammerUsage_ovr138_1BEA	Divide32BitNumbers_seg005_105F_3525
RockHammerUsage_ovr138_1BEA	FindObjectListHeadObject_seg029_2A8E_9B2
RockHammerUsage_ovr138_1BEA	GetTile_seg036_32A9_F
RockHammerUsage_ovr138_1BEA	LikelyResetCursor_seg015_1D7C_6AF
RockHammerUsage_ovr138_1BEA	MoveObjectToCoordinates_seg028_2941_1245
RockHammerUsage_ovr138_1BEA	PrepareNewObject_seg036_32A9_44
RockHammerUsage_ovr138_1BEA	PrintStringFromBlock1_seg039_3452_4A4
RockHammerUsage_ovr138_1BEA	RNG_seg005_105F_DE7
RockHammerUsage_ovr138_1BEA	RemoveObject_seg029_2A8E_704
RockHammerUsage_ovr138_1BEA	ReverseObjectLookup_seg029_2A8E_927
RockHammerUsage_ovr138_1BEA	SetGameLoopBitField_seg012_1D31_AE
RollSkillStat_ovr154_1B1	Divide32BitNumbers_seg005_105F_3525
RollSkillStat_ovr154_1B1	GetGoverningStatForSkill_ovr154_194
RollSkillStat_ovr154_1B1	MultiplyAXByBX_seg005_105F_350B
RollSkillStat_ovr154_1B1	RNG_seg005_105F_DE7
RollSkillStat_ovr154_1B1	SkillCheck_seg038_342C_9
RollSkills_ovr101_58E	RollSkillStat_ovr154_1B1
RotateWorldGem_ovr110_3F4E	RNG_seg005_105F_DE7
RotateWorldGem_ovr110_3F4E	SetGameLoopBitField_seg012_1D31_AE
RunCastleSchedule_ovr107_133F	CastleNPC_Schedule_ovr107_1409
RunCastleSchedule_ovr107_133F	CheckIfInFrontOfPlayer_ovr113_1EF
RunCastleSchedule_ovr107_133F	MoveNPCToTile_ovr107_BBA
RunCodeOnAllNPCS_ovr113_9B	LookupObjectByIndex_seg029_2A8E_971
RunCodeOnRace_ovr113_0	LookupObjectByIndex_seg029_2A8E_971
RunCodeOnTargetsAroundObject_ovr156_13AF	GetCoordinateInDirection_seg041_35D7_4E
RunCodeOnTargetsAroundObject_ovr156_13AF	ReverseObjectLookup_seg029_2A8E_927
RunCodeOnTargetsAroundObject_ovr156_13AF	RunCodeOnTargetsInArea__ovr156_10F6
RunCodeOnTargetsInArea__ovr156_10F6	GetNextOrLinkedObject_seg029_2A8E_8BE
RunCodeOnTargetsInArea__ovr156_10F6	GetTile_seg036_32A9_F
RunCodeOnTargetsInArea__ovr156_10F6	RNG_seg005_105F_DE7
RunCodeOnTargetsInArea__ovr156_10F6	ReverseObjectLookup_seg029_2A8E_927
RunCutsCallbackFunction_ovr108_3161	ClearUnknownCutsFunctionPTR_ovr108_32B5
RunCutsCallbackFunctions_ovr108_3148	RunCutsCallbackFunction_ovr108_3161
RunFunctionOnWhoAmI_NPC_ovr156_1486	LookupObjectByIndex_seg029_2A8E_971
RunGameLoopFunctions_seg012_1D31_1F	MaybeSetScreenSize_seg015_1D7C_3CD
RunGameLoopFunctions_seg012_1D31_1F	seg016_1E73_F2D
RunPlayerMotions_seg035_31AB_5EB	PlayerMotion_seg035_31AB_62B
RunPressureEnterExitTriggersInChain_ovr166_28F3	CheckWeightOnPressureTrigger_seg029_2A8E_DAD
RunPressureEnterExitTriggersInChain_ovr166_28F3	GetNextOrLinkedObject_seg029_2A8E_8BE
RunPressureEnterExitTriggersInChain_ovr166_28F3	GetPlayerWeightPlusObjectInHand_ovr166_28C8
RunPressureEnterExitTriggersInChain_ovr166_28F3	PressureTriggerTextureChange_ovr166_2B71
RunPressureEnterExitTriggersInChain_ovr166_28F3	RunTrigger_ovr166_3B
RunScheduleTriggersInTile_15_29_ovr110_227E	CheckIfInFrontOfPlayer_ovr113_1EF
RunScheduleTriggersInTile_15_29_ovr110_227E	FindObjectWithSpecificProps_seg029_2A8E_D79
RunScheduleTriggersInTile_15_29_ovr110_227E	GetNextOrLinkedObject_seg029_2A8E_8BE
RunScheduleTriggersInTile_15_29_ovr110_227E	RunTrigger_ovr166_3B
RunTrigger_ovr166_3B	GetNextOrLinkedObject_seg029_2A8E_8BE
RunTrigger_ovr166_3B	GetTile_seg036_32A9_F
RunTrigger_ovr166_3B	PressureTriggerTextureChange_ovr166_2B71
RunTrigger_ovr166_3B	RemoveTrapChain_ovr166_1C95
RunTrigger_ovr166_3B	SkillCheck_seg038_342C_9
RunTrigger_ovr166_3B	TriggerTrap_ovr166_24C
RunVictorySequence_ovr154_10AE	EndGameStats_ovr154_4A2
RunVictorySequence_ovr154_10AE	GraphicsCall_seg003_0272_46E6
RunVictorySequence_ovr154_10AE	GraphicsCall_seg003_0272_4B57
RunVictorySequence_ovr154_10AE	PlayCutscene_ovr108_2DC5
RunVictorySequence_ovr154_10AE	ProbablyResetScreen_ovr118_E2
RunVictorySequence_ovr154_10AE	WaitInputCommand_seg015_1D7C_594
RunVictorySequence_ovr154_10AE	seg015_1D7C_D6
RuneTraps_ovr138_1728	AddAnimationOverlay_seg044_368F_43E
RuneTraps_ovr138_1728	DamageObject_seg025_527
RuneTraps_ovr138_1728	DiceRoll_seg041_35D7_11F
RuneTraps_ovr138_1728	PrintStringFromBlock1_seg039_3452_4A4
RuneTraps_ovr138_1728	RNG_seg005_105F_DE7
RuneTraps_ovr138_1728	RemoveUsedObject_seg040_34E7_383
RuneTraps_ovr138_1728	ReverseObjectLookup_seg029_2A8E_927
RuneTraps_ovr138_1728	SpawnMultipleAnimoObjectCopies_seg044_8EA
SAY_OP_ovr095_1EA2	ConversationTextVariableReplacement_ovr095_F56
SAY_OP_ovr095_1EA2	GetStringByID_seg039_3452_8E
SAY_OP_ovr095_1EA2	StringCompare_seg017_2179_1F7
SAY_OP_ovr095_1EA2	ovr095_21E
SCDCallTrigger_ovr113_57A	GetNextOrLinkedObject_seg029_2A8E_8BE
SCDCallTrigger_ovr113_57A	GetTile_seg036_32A9_F
SCDCallTrigger_ovr113_57A	RunTrigger_ovr166_3B
SCDChangeHeading_ovr113_6AC	DataCopy_seg005_105F_36BD
SCDChangeHeading_ovr113_6AC	SCD_RunCodeOnObjectsAndNPCS_ovr113_107
SCDChangeTile_ovr113_99B	ChangeTile_ovr110_F37
SCDChangeTile_ovr113_99B	GetTile_seg036_32A9_F
SCDChangeTile_ovr113_99B	RNG_seg005_105F_DE7
SCDFindAndCloseDoor_ovr113_A3A	SCDFindandCloseDoor_ovr166_27D3
SCDFindandCloseDoor_ovr166_27D3	CheckIfWithin8TilesFromObject_ovr166_26D2
SCDFindandCloseDoor_ovr166_27D3	Divide32BitNumbers_seg005_105F_3525
SCDFindandCloseDoor_ovr166_27D3	DoorClose_ovr138_1542
SCDFindandCloseDoor_ovr166_27D3	FindItemInMapByClassWithPosition_seg029_2A8E_CD4
SCDFindandCloseDoor_ovr166_27D3	GetTile_seg036_32A9_F
SCDFindandCloseDoor_ovr166_27D3	LoopAnimationOverlaysAndTimers_seg044_368F_719
SCDFindandCloseDoor_ovr166_27D3	MultiplyAXByBX_seg005_105F_350B
SCDFindandCloseDoor_ovr166_27D3	RNG_seg005_105F_DE7
SCDKillCNPC_ovr113_433	KillCritter_ovr110_3ABF
SCDMoveNPCSToTiles_ovr113_29E	CheckIfInFrontOfPlayer_ovr113_1EF
SCDMoveNPCSToTiles_ovr113_29E	DataCopy_seg005_105F_36BD
SCDMoveNPCSToTiles_ovr113_29E	MoveNPCToTile_ovr107_BBA
SCDMoveNPCSToTiles_ovr113_29E	ProbablyCopyEventRow_ovr151_666
SCDMoveNPCToRandom_ovr113_961	DataCopy_seg005_105F_36BD
SCDMoveNPCToRandom_ovr113_961	SCD_RunCodeOnObjectsAndNPCS_ovr113_107
SCDMoveNPCToTileRandom_ovr113_839	Divide32BitNumbers_seg005_105F_3525
SCDMoveNPCToTileRandom_ovr113_839	MoveNPCToTile_ovr107_BBA
SCDMoveNPCToTileRandom_ovr113_839	MultiplyAXByBX_seg005_105F_350B
SCDMoveNPCToTileRandom_ovr113_839	RNG_seg005_105F_DE7
SCDMoveNPCToTileRange_ovr113_6E5	MoveNPCToTile_ovr107_BBA
SCDMoveNPCToTileRange_ovr113_775	DataCopy_seg005_105F_36BD
SCDMoveNPCToTileRange_ovr113_775	SCD_RunCodeOnObjectsAndNPCS_ovr113_107
SCDOperationOnQuestOrVariables_ovr113_BD8	VariableOperationOnQuestVariablesXClock_ovr166_2ED
SCDRemoveObjectFromTile_ovr113_3E0	GetTile_seg036_32A9_F
SCDRemoveObjectFromTile_ovr113_3E0	RemoveObject_seg029_2A8E_704
SCDRemoveObjectFromTile_ovr113_4C3	MoveDataBySize_seg005_105F_1DF9
SCDRemoveObjectFromTile_ovr113_4C3	SCD_RunCodeOnObjectsAndNPCS_ovr113_107
SCDRunBlockOfEvents_ovr113_AF4	GetVarQuestOrClockValue_ovr166_53E
SCDRunBlockOfEvents_ovr113_AF4	ProcessSCDEventRow_ovr113_C08
SCDRunCodeOnNPCAndKill_ovr113_48E	MoveDataBySize_seg005_105F_1DF9
SCDRunCodeOnNPCAndKill_ovr113_48E	SCD_RunCodeOnObjectsAndNPCS_ovr113_107
SCDRunCodeOnNPCSToMoveTile_ovr113_3AB	MoveDataBySize_seg005_105F_1DF9
SCDRunCodeOnNPCSToMoveTile_ovr113_3AB	SCD_RunCodeOnObjectsAndNPCS_ovr113_107
SCDRunVariableOperationOnNPCs_ovr113_800	DataCopy_seg005_105F_36BD
SCDRunVariableOperationOnNPCs_ovr113_800	SCD_RunCodeOnObjectsAndNPCS_ovr113_107
SCDSetAttitude_ovr113_ABD	MoveDataBySize_seg005_105F_1DF9
SCDSetAttitude_ovr113_ABD	SCD_RunCodeOnObjectsAndNPCS_ovr113_107
SCDSetGoalAndGTARG_ovr113_1BA	MoveDataBySize_seg005_105F_1DF9
SCDSetGoalAndGTARG_ovr113_1BA	SCD_RunCodeOnObjectsAndNPCS_ovr113_107
SCDVariableOperation_ovr113_7AE	VariableOperationOnQuestVariablesXClock_ovr166_2ED
SCD_ProcessBlock0_ovr151_32E	ProcessGeneralSCDBlock_ovr151_2BD
SCD_RunCodeOnObjectsAndNPCS_ovr113_107	LookupObjectByIndex_seg029_2A8E_971
SCD_RunCodeOnObjectsAndNPCS_ovr113_107	RunCodeOnAllNPCS_ovr113_9B
SCD_RunCodeOnObjectsAndNPCS_ovr113_107	RunCodeOnRace_ovr113_0
SCD_RunCodeOnObjectsAndNPCS_ovr113_107	RunFunctionOnWhoAmI_NPC_ovr156_1486
STRCMP_ovr095_1DC1	ConversationTextVariableReplacement_ovr095_F56
STRCMP_ovr095_1DC1	GetStringByID_seg039_3452_8E
STRCMP_ovr095_1DC1	StringCompare_seg017_2179_1F7
STRCMP_ovr095_1DC1	ovr095_21E
Satellite_seg006_1413_6AD	DartSatelliteVectoring_ovr167_313
Satellite_seg006_1413_6AD	GetDeflectionMaybe_seg006_1413_34B
Satellite_seg006_1413_6AD	LookupObjectByIndex_seg029_2A8E_971
Satellite_seg006_1413_6AD	RNG_seg005_105F_DE7
SaveAutomapToArk_ovr094_2D3	CloseLevArk_ovr093_779D_47F
SaveAutomapToArk_ovr094_2D3	OpenArkFile_ovr093_779D_3A6
SaveBGlobals_ovr095_7E1	CloseFile_seg005_105F_2FE
SaveBGlobals_ovr095_7E1	MoveFilePointer_seg005_105F_1C75
SaveBGlobals_ovr095_7E1	ReadBytesAtFilePtr_seg005_1FCD
SaveDecrypt_ovr167_70F	ErrorCanNoLongerRun_ovr114_D1
SaveFileEncryption_ovr167_7DD	FileWriteWithParams_ovr167_627
SaveFileEncryption_ovr167_7DD	SaveDecrypt_ovr167_70F
SaveFileEncryption_ovr167_7DD	ovr167_674
SaveGame_ovr149_133	ClearObjectList_ovr122_50E
SaveGame_ovr149_133	CloseLevArk_ovr093_779D_47F
SaveGame_ovr149_133	PlacePlayerInTile_seg008_1B09_137B
SaveGame_ovr149_133	SaveAutomapToArk_ovr094_2D3
SaveGame_ovr149_133	SaveLEVARK_ovr128_167
SaveGame_ovr149_133	SaveTextureMapsToArk_ovr140_16C
SaveGame_ovr149_771E_4E4	CombineStrings_seg005_27F3
SaveGame_ovr149_771E_4E4	CopySaveGameFiles_ovr149_771E_7FF
SaveGame_ovr149_771E_4E4	CreateDirectory_seg005_1DE3
SaveGame_ovr149_771E_4E4	DeleteFilesInFolder_ovr149_66B
SaveGame_ovr149_771E_4E4	FileOrDirectoryExists_seg005_105F_249
SaveGame_ovr149_771E_4E4	FindInString_seg005_105F_103F
SaveGame_ovr149_771E_4E4	PlayerTypedInput_ovr139_251
SaveGame_ovr149_771E_4E4	PrintStringFromBlock1_seg039_3452_4A4
SaveGame_ovr149_771E_4E4	STRLEN_Seg005_105F_28B5
SaveGame_ovr149_771E_4E4	SaveGame_ovr149_133
SaveGame_ovr149_771E_4E4	SaveRecentCombatAction_ovr107_E1A
SaveGame_ovr149_771E_4E4	StoreStringInLocation_seg005_105F_2891
SaveGame_ovr149_771E_4E4	WriteTextToMessageScroll_seg043_3619_1A0
SaveLEVARK_ovr128_167	CloseLevArk_ovr093_779D_47F
SaveLEVARK_ovr128_167	CrunchObjectList_seg029_2A8E_1200
SaveLEVARK_ovr128_167	Divide32BitNumbers_seg005_105F_3525
SaveLEVARK_ovr128_167	OpenArkFile_ovr093_779D_3A6
SaveLEVARK_ovr128_167	StoreAnimationOverlaysToLevArk_ovr128_308
SaveLEVARK_ovr128_167	WaitForYesNoAnswer_ovr139_747
SaveLoadPlayerDat_ovr122_17C	CloseFile_seg005_105F_2FE
SaveLoadPlayerDat_ovr122_17C	CombineStrings_seg005_27F3
SaveLoadPlayerDat_ovr122_17C	CopyPlayerObject_ovr122_22
SaveLoadPlayerDat_ovr122_17C	CopyPlayerPropsFromObjectToPDAT_ovr142_5
SaveLoadPlayerDat_ovr122_17C	FileAccessFunctions_seg005_105F_1E46
SaveLoadPlayerDat_ovr122_17C	SetGameLoopBitField_seg012_1D31_AE
SaveLoadPlayerDat_ovr122_17C	StoreStringInLocation_seg005_105F_2891
SaveLoadPlayerDat_ovr122_17C	seg042_35ED_176
SaveLoadPlayerDat_ovr122_17C	seg042_35ED_233
SaveSCD_ovr151_28C	SaveScdArkRelated_ovr151_218
SaveScdArkRelated_ovr151_218	CloseLevArk_ovr093_779D_47F
SaveScdArkRelated_ovr151_218	OpenArkFile_ovr093_779D_3A6
SaveScdArkRelated_ovr151_218	ovr151_12C
SaveScreenshot_ovr116_0	CloseFile_seg005_105F_2FE
SaveScreenshot_ovr116_0	DataCopy_seg005_105F_36BD
SaveScreenshot_ovr116_0	FileAccessFunctions_seg005_105F_1E46
SaveScreenshot_ovr116_0	WriteDataToHandleAtPointer_seg005_105F_1458
SaveScreenshot_ovr116_0	ovr116_2A3
SaveTextureMapsToArk_ovr140_16C	CloseLevArk_ovr093_779D_47F
SaveTextureMapsToArk_ovr140_16C	OpenArkFile_ovr093_779D_3A6
Say_ovr103_F05	AppendString_seg039_3452_90B
Say_ovr103_F05	CopyStringToLocation_seg017_2179_13F
Say_ovr103_F05	WriteTextToMessageScroll_seg043_3619_1A0
Say_ovr103_F05	seg042_35ED_1DE
Say_ovr103_F05	seg043_3619_38
Say_ovr103_F05	seg043_3619_4E
ScaleDamageAgainstObject_seg025_26A1_493	RNG_seg005_105F_DE7
ScanForCollisions_seg028_2941_C0E	CreateCollisionRecord_seg028_2941_A78
ScanForCollisions_seg028_2941_C0E	GetNextOrLinkedObject_seg029_2A8E_8BE
ScanForCollisions_seg028_2941_C0E	GetTile_seg036_32A9_F
ScanForCollisions_seg028_2941_C0E	LookupObjectByIndex_seg029_2A8E_971
ScintillusPlatformsTrap_ovr110_287C	ChangeTile_ovr110_F37
ScintillusPlatformsTrap_ovr110_287C	GetTile_seg036_32A9_F
SearchForGoalTarget_seg007_17A2_18AD	GetVectorHeading_seg006_1413_2EC9
SearchForGoalTarget_seg007_17A2_18AD	TestBetweenCoordinates_seg006_1413_22F7
SearchInventoryForItem_ovr124_21C	FindObjectInObjectList_ovr124_44C
SearchInventoryForItem_ovr124_21C	GetNextOrLinkedObject_seg029_2A8E_8BE
SeekToAFile_Location_seg005_105F_A07	MoveFilePointer_seg005_105F_1C75
SeekToAFile_Location_seg005_105F_A07	seg005_105F_54F
SeekToAFile_Location_seg005_105F_A07	seg005_105F_9A1
SeekToOffset_ovr093_0	GetFileSeekPtr_seg005_105F_1072
SeekToOffset_ovr093_0	MoveFilePointer_seg005_105F_1C75
SelectConverstionOptionNo_ovr103_E16	MaybePrintConversationText_ovr103_FBF
SelectConverstionOptionNo_ovr103_E16	MouseClickRelated_seg015_1D7C_2A9
SelectConverstionOptionNo_ovr103_E16	seg042_35ED_1DE
SelectConverstionOptionNo_ovr103_E16	seg043_3619_38
SelectConverstionOptionNo_ovr103_E16	seg043_3619_4E
SendAvatarToJail_ovr110_4E96	AddTimeToClock_ovr110_949
SendAvatarToJail_ovr110_4E96	ChangeThemeMusic_seg016_1E73_2B0C
SendAvatarToJail_ovr110_4E96	Divide32BitNumbers_cx1_seg005_105F_352C
SendAvatarToJail_ovr110_4E96	Experience_seg038_342C_45
SendAvatarToJail_ovr110_4E96	LookupObjectByIndex_seg029_2A8E_971
SendAvatarToJail_ovr110_4E96	ModulusDivision_seg005_105F_353C
SendAvatarToJail_ovr110_4E96	MoveNPCToTile_ovr107_BBA
SendAvatarToJail_ovr110_4E96	MultiplyAXByBX_seg005_105F_350B
SendAvatarToJail_ovr110_4E96	OpenCloseDoorInTile_ovr149_903
SendAvatarToJail_ovr110_4E96	PutWeaponAway_seg026_2716_1396
SendAvatarToJail_ovr110_4E96	RNG_seg005_105F_DE7
SendAvatarToJail_ovr110_4E96	ResetMobileObjectsAndNPCs_ovr107_56F
SendAvatarToJail_ovr110_4E96	RunCodeOnRace_ovr113_0
SendAvatarToJail_ovr110_4E96	RunFunctionOnWhoAmI_NPC_ovr156_1486
SendAvatarToJail_ovr110_4E96	TeleportToPosition_ovr112_6B0
SendAvatarToJail_ovr110_4E96	Teleport_ovr110_9C2
SendAvatarToJail_ovr110_4E96	TriggerTrapInTile_ovr110_3C53
SetArrayValues_seg005_105F_1DCA	SetArrayValues_seg005_105F_1DA2
SetAttitude_ovr096_749	RunFunctionOnWhoAmI_NPC_ovr156_1486
SetCameraViewObjectDefaults_ovr143_A82	LookupObjectByIndex_seg029_2A8E_971
SetCameraViewObjectDefaults_ovr143_A82	SetGameLoopBitField_seg012_1D31_AE
SetCollisionTarget_seg031_2CFA_10E	GetNextOrLinkedObject_seg029_2A8E_8BE
SetCollisionTarget_seg031_2CFA_10E	LookupObjectByIndex_seg029_2A8E_971
SetCollisionTarget_seg031_2CFA_10E	SortCollisions_seg028_2941_ED8
SetCurrObj_seg007_17A2_1F19	ReverseObjectLookup_seg029_2A8E_927
SetCurrentWeaponDetails_seg024_24E9_102B	CheckForAmmo_seg024_24E9_FA5
SetCurrentWeaponDetails_seg024_24E9_102B	CheckForPoisonableDamageWeapons_seg024_24E9_6D4
SetCurrentWeaponDetails_seg024_24E9_102B	GetItemInSlot_ovr124_15
SetCurrentWeaponDetails_seg024_24E9_102B	MouseClickRelated_seg015_1D7C_2A9
SetGoalAndGTargForNPC_ovr107_0	SetNewGoalAndTarget_seg007_17A2_313F
SetGoalAndGTargFromArray_ovr113_196	SetGoalAndGTargForNPC_ovr107_0
SetInteractionMode_seg026_2716_112A	CancelAttack_seg024_24E9_130F
SetInteractionMode_seg026_2716_112A	ChangeCursor_seg015_1D7C_67D
SetInteractionMode_seg026_2716_112A	ChangeThemeMusic_seg016_1E73_2B0C
SetInteractionMode_seg026_2716_112A	GetCurrentMusicFileNo_seg016_1E73_1AB6
SetInteractionMode_seg026_2716_112A	LikelyResetCursor_seg015_1D7C_6AF
SetInteractionMode_seg026_2716_112A	MouseClickRelated_seg015_1D7C_2A9
SetInteractionMode_seg026_2716_112A	PickLevelThemeMusic_seg016_1E73_2B1E
SetInteractionMode_seg026_2716_112A	UpdateUIAnim_seg037_32C0_2C8
SetInteractionMode_seg026_2716_112A	seg014_11D
SetInteractionMode_seg026_2716_112A	seg014_5C
SetInteractionMode_seg026_2716_112A	seg014_AF
SetObjectInHand_ovr097_C39	ChangeCursor_seg015_1D7C_67D
SetObjectInHand_ovr097_C39	GetNextOrLinkedObject_seg029_2A8E_8BE
SetObjectInHand_ovr097_C39	LikelyDrawCursor_seg015_1D7C_C0
SetObjectInHand_ovr097_C39	LikelyResetCursor_seg015_1D7C_6AF
SetObjectInHand_ovr097_C39	LookupObjectByIndex_seg029_2A8E_971
SetObjectInHand_ovr097_C39	ReverseObjectLookup_seg029_2A8E_927
SetObjectInHand_ovr097_C39	seg015_1D7C_D6
SetObjectInHand_ovr097_C39	seg042_35ED_1DE
SetPalette_ovr118_171	ApplyPalette_seg017_2179_220
SetPalette_ovr118_171	OpenPalsDat_ovr118_772B_111
SetRangeOfVisonParams_seg032_2E9B_5B8	SomethingProjectileHeading_seg021_22FD_EAE
SetupCutsceneDataFlags_ovr108_140D	GetSoundRelatedFlagValue_seg016_1E73_2F99
ShadeCalcs_seg032_2E9B_4AF	GetSquareRoot_seg021_22FD_F3F
SheetLightning_ovr156_69B	AddAnimationOverlay_seg044_368F_43E
SheetLightning_ovr156_69B	AddToFreeObjectLists_seg029_2A8E_508
SheetLightning_ovr156_69B	CreateObjectInTile_ovr156_63C
SheetLightning_ovr156_69B	InsertObjectToList_seg029_2A8E_58C
SheetLightning_ovr156_69B	RNG_seg005_105F_DE7
SheetLightning_ovr156_69B	ReverseObjectLookup_seg029_2A8E_927
SheetLightning_ovr156_69B	SpellDamagesObjectsInTile_ovr156_1CA5
Shockwave_ovr156_C22	DirectDamageSpellWithVulnerability_ovr156_B44
Shockwave_ovr156_C22	LookupObjectByIndex_seg029_2A8E_971
Shockwave_ovr156_C22	ReverseObjectLookup_seg029_2A8E_927
Shockwave_ovr156_C22	SpawnClass7_ObjectAtTarget_seg044_368F_B8D
ShowMapAndOtherFullScreenUIs_ovr112_31A	SetGameLoopBitField_seg012_1D31_AE
ShowMapAndOtherFullScreenUIs_ovr112_31A	SetGameLoopForScreenMode_ovr112_2DF
ShroomsCameraEffects_ovr142_27F	ChangeShroomPaletteData_ovr152_16E
ShroomsCameraEffects_ovr142_27F	RNG_seg005_105F_DE7
ShroomsCameraEffects_ovr142_27F	SetPalette_ovr118_171
ShroomsCameraEffects_ovr142_27F	seg032_2E9B_9B
SkillCheck_seg038_342C_9	RNG_seg005_105F_DE7
SleepingLogic_ovr154_B2A	AddTimeToClock_ovr110_949
SleepingLogic_ovr154_B2A	AwakeFromVoidDream_ovr154_145D
SleepingLogic_ovr154_B2A	BitShiftR_AXDX_BY_CX_seg005_105F_3614
SleepingLogic_ovr154_B2A	ChangeHunger_ovr154_102F
SleepingLogic_ovr154_B2A	CullObjects_seg029_2A8E_354
SleepingLogic_ovr154_B2A	DamageObject_seg025_527
SleepingLogic_ovr154_B2A	Dreaming_SleepLogic_ovr154_90B
SleepingLogic_ovr154_B2A	FindAndTriggerCreateObjectTrap_ovr166_2726
SleepingLogic_ovr154_B2A	KilhornIsCrashing_ovr110_503E
SleepingLogic_ovr154_B2A	LoadVOCSoundFile_seg016_1E73_260
SleepingLogic_ovr154_B2A	ManaChange_ovr156_33F
SleepingLogic_ovr154_B2A	MultiplyAXByBX_seg005_105F_350B
SleepingLogic_ovr154_B2A	NPCSHuntForSleepingPlayer_ovr107_DBB
SleepingLogic_ovr154_B2A	PickLevelThemeMusic_seg016_1E73_2B1E
SleepingLogic_ovr154_B2A	PlayerHPRegenerationChange_ovr156_3ED
SleepingLogic_ovr154_B2A	PrintStringFromBlock1_seg039_3452_4A4
SleepingLogic_ovr154_B2A	RNG_seg005_105F_DE7
SleepingLogic_ovr154_B2A	RedrawStatPanel_ovr158_54D
SleepingLogic_ovr154_B2A	RefreshMusic_seg016_1E73_2BB2
SleepingLogic_ovr154_B2A	RefreshPlayerStatus_ovr142_732
SleepingLogic_ovr154_B2A	RenderScene_seg032_2E9B_2FD
SleepingLogic_ovr154_B2A	ResetMobileObjectsAndNPCs_ovr107_56F
SleepingLogic_ovr154_B2A	SCDFindandCloseDoor_ovr166_27D3
SleepingLogic_ovr154_B2A	SleepingOnDamagingSurface_ovr154_A85
SleepingLogic_ovr154_B2A	TestNearbyNPCHunger_ovr107_73B
SleepingLogic_ovr154_B2A	UpdateInventoryLightSources_ovr135_4E3
SleepingLogic_ovr154_B2A	seg016_1E73_284
SleepingLogic_ovr154_B2A	seg037_32C0_16AA
SleepingOnDamagingSurface_ovr154_A85	DamageObject_seg025_527
SleepingOnDamagingSurface_ovr154_A85	RNG_seg005_105F_DE7
SleepingOnDamagingSurface_ovr154_A85	RefreshPlayerStatus_ovr142_732
SleepingOnDamagingSurface_ovr154_A85	RunPlayerMotions_seg035_31AB_5EB
SmiteFoe_ovr156_D48	DirectDamageSpellWithVulnerability_ovr156_B44
SmiteFoe_ovr156_D48	PrintStringFromBlock1_seg039_3452_4A4
SmiteUndead_ovr110_38AD	ClearLinkedList_seg029_2A8E_799
SmiteUndead_ovr110_38AD	ReverseObjectLookup_seg029_2A8E_927
SmiteUndead_ovr110_38AD	TestIfObjectFitsInTile_seg028_2941_1021
SmiteUndead_ovr156_843	DamageObject_seg025_527
SmiteUndead_ovr156_843	LookupObjectByIndex_seg029_2A8E_971
SmiteUndead_ovr156_843	ScaleDamageAgainstObject_seg025_26A1_493
SmiteUndead_ovr156_843	SmiteUndead_ovr110_38AD
SomeFileDateTimeCalc_seg005_105F_16F5	SomeDateCalc_seg005_105F_2AE1
SomethingProjectileHeading_seg021_22FD_EAE	HeadingLookupCalc_seg021_22FD_A38
SomethingWithDataFolders_ovr112_839	AddFileToTable_seg005_105F_7FC
SomethingWithDataFolders_ovr112_839	CloseFile_seg005_105F_47D
SomethingWithDataFolders_ovr112_839	CombineStrings_seg005_27F3
SomethingWithDataFolders_ovr112_839	StoreStringInLocation_seg005_105F_2891
SomethingWithDataFolders_ovr112_839	seg005_105F_2862
SomethingWithDataFolders_ovr112_839	seg005_105F_28FB
SomethingWithDataFolders_ovr112_839	seg016_1E73_2FCB
SomethingWithMousePos_seg015_1D7C_DA7	seg015_1D7C_D3C
SomethingWithTradeSlot_ovr097_E83	LikelyDrawCursor_seg015_1D7C_C0
SomethingWithTradeSlot_ovr097_E83	seg003_0272_47E2
SomethingWithTradeSlot_ovr097_E83	seg003_0272_48F4
SomethingWithTradeSlot_ovr097_E83	seg003_0272_4C1F
SomethingWithTradeSlot_ovr097_E83	seg003_0272_4CAB
SomethingWithTradeSlot_ovr097_E83	seg015_1D7C_D6
SomethingWithTradeSlot_ovr097_E83	seg042_35ED_1DE
SomethingWithUpdatingAllNPCHunger_ovr107_3E	RNG_seg005_105F_DE7
SortCollisions_seg028_2941_ED8	SwapCollisionRecords_seg028_2941_E73
SoundMenuOptions_ovr136_3F4	ToggleMusic_seg016_1E73_1AF8
SoundMenuOptions_ovr136_3F4	ToggleSoundEffects_seg016_1E73_1B95
SoundMenuOptions_ovr136_3F4	ovr136_4E0
SoundMenuOptions_ovr136_3F4	ovr136_649
SoundMenuOptions_ovr136_3F4	seg016_1E73_1AE8
SoundMenuOptions_ovr136_3F4	seg016_1E73_1AF0
SoundMenu_ovr136_551	GetMusicOption_seg016_1E73_1ABE
SoundMenu_ovr136_551	GetSoundEffectOption_seg016_1E73_1AD3
SoundMenu_ovr136_551	ovr136_4E0
SoundMenu_ovr136_551	ovr136_649
SpawnATalkingRotworm_ovr110_1622	AddToFreeObjectLists_seg029_2A8E_508
SpawnATalkingRotworm_ovr110_1622	GetTile_seg036_32A9_F
SpawnATalkingRotworm_ovr110_1622	InsertObjectToList_seg029_2A8E_58C
SpawnATalkingRotworm_ovr110_1622	PrepareNewObject_seg036_32A9_44
SpawnATalkingRotworm_ovr110_1622	TalkTo_ovr103_0
SpawnATalkingRotworm_ovr110_1622	UnlinkObjectFromLinkedList_seg029_2A8E_684
SpawnClass7_ObjectAtTarget_seg044_368F_B8D	AddAnimationOverlay_seg044_368F_43E
SpawnClass7_ObjectAtTarget_seg044_368F_B8D	AddToFreeObjectLists_seg029_2A8E_508
SpawnClass7_ObjectAtTarget_seg044_368F_B8D	GetTile_seg036_32A9_F
SpawnClass7_ObjectAtTarget_seg044_368F_B8D	LinkObjectToList_seg029_2A8E_5FA
SpawnClass7_ObjectAtTarget_seg044_368F_B8D	PrepareNewObject_seg036_32A9_44
SpawnClass7_ObjectAtTarget_seg044_368F_B8D	ReverseObjectLookup_seg029_2A8E_927
SpawnImpactAnimo_seg024_24E9_2CB	AddAnimationOverlay_seg044_368F_43E
SpawnImpactAnimo_seg024_24E9_2CB	AddToFreeObjectLists_seg029_2A8E_508
SpawnImpactAnimo_seg024_24E9_2CB	GetCoordinateInDirection_seg041_35D7_4E
SpawnImpactAnimo_seg024_24E9_2CB	GetTile_seg036_32A9_F
SpawnImpactAnimo_seg024_24E9_2CB	LinkObjectToList_seg029_2A8E_5FA
SpawnImpactAnimo_seg024_24E9_2CB	LoadSoundEffectAtCoordinate_seg016_1E73_1C50
SpawnImpactAnimo_seg024_24E9_2CB	PrepareNewObject_seg036_32A9_44
SpawnImpactAnimo_seg024_24E9_2CB	ProcessMotionTileHeights_seg028_2941_385
SpawnImpactAnimo_seg024_24E9_2CB	ReverseObjectLookup_seg029_2A8E_927
SpawnMultipleAnimoObjectCopies_seg044_8EA	AddAnimationOverlay_seg044_368F_43E
SpawnMultipleAnimoObjectCopies_seg044_8EA	AddToFreeObjectLists_seg029_2A8E_508
SpawnMultipleAnimoObjectCopies_seg044_8EA	DataCopy_seg005_105F_36BD
SpawnMultipleAnimoObjectCopies_seg044_8EA	GetAvailableObjectAddress_seg029_2A8E_471
SpawnMultipleAnimoObjectCopies_seg044_8EA	GetTile_seg036_32A9_F
SpawnMultipleAnimoObjectCopies_seg044_8EA	InsertObjectToList_seg029_2A8E_58C
SpawnMultipleAnimoObjectCopies_seg044_8EA	RNG_seg005_105F_DE7
SpawnMultipleAnimoObjectCopies_seg044_8EA	ReverseObjectLookup_seg029_2A8E_927
SpawnMultipleAnimoObjectCopies_seg044_8EA	UnlinkObjectFromLinkedList_seg029_2A8E_684
SpawnNPCLoot_ovr163_609	LootSpawnArms_ovr163_3FC
SpawnNPCLoot_ovr163_609	LootSpawnFood_ovr163_396
SpawnNPCLoot_ovr163_609	LootSpawnOther_ovr163_51D
SpawnNPCLoot_ovr163_609	LootSpawnValuables_ovr163_21D
SpecialDeathCases_ovr110_195C	BitShiftR_AXDX_BY_CX_seg005_105F_3614
SpecialDeathCases_ovr110_195C	CheckIfMatchingRace_ovr110_3BBC
SpecialDeathCases_ovr110_195C	Experience_seg038_342C_45
SpecialDeathCases_ovr110_195C	GetItemInSlot_ovr124_15
SpecialDeathCases_ovr110_195C	GetTile_seg036_32A9_F
SpecialDeathCases_ovr110_195C	HackTrapTrespass_ovr110_16D4
SpecialDeathCases_ovr110_195C	LothIsDeadKillHisLiches_ovr110_3A28
SpecialDeathCases_ovr110_195C	PitWarriorLosesFight_ovr110_1900
SpecialDeathCases_ovr110_195C	PlaceObjectAtAnotherObjectPosition_seg028_2941_1300
SpecialDeathCases_ovr110_195C	RemoveObject_seg029_2A8E_704
SpecialDeathCases_ovr110_195C	RemoveQty1FromPlayerInventory_ovr124_5D0
SpecialDeathCases_ovr110_195C	RunCodeOnRace_ovr113_0
SpecialDeathCases_ovr110_195C	RunScheduleTriggersInTile_15_29_ovr110_227E
SpecialDeathCases_ovr110_195C	SpecialEffects_ovr110_1853
SpecialDeathCases_ovr110_195C	TalkToDyingNPC_ovr110_2212
SpecialDeathCases_ovr110_195C	TriggerTrapInTile_ovr110_3C53
SpecialDeathCases_ovr110_195C	VariableOperationOnQuestVariablesXClock_ovr166_2ED
SpecialEffects_ovr110_1853	FlashColour_ovr118_562
SpecialEffects_ovr110_1853	LoadSoundEffectAtCoordinate_seg016_1E73_1C50
SpecialEffects_ovr110_1853	SetScreenShake_seg035_31AB_CA3
SpellCode_StudyMonster_ovr157_1D8	AppendString_seg039_3452_90B
SpellCode_StudyMonster_ovr157_1D8	CombineStrings_seg005_27F3
SpellCode_StudyMonster_ovr157_1D8	GetStringByID_seg039_3452_8E
SpellCode_StudyMonster_ovr157_1D8	Hex2DecimalString_seg005_105F_1D1B
SpellCode_StudyMonster_ovr157_1D8	ObjectDescription_ovr126_E9B
SpellCode_StudyMonster_ovr157_1D8	PrintStringFromBlock1_seg039_3452_4A4
SpellCode_StudyMonster_ovr157_1D8	ScaleDamageAgainstObject_seg025_26A1_493
SpellCode_StudyMonster_ovr157_1D8	StudyMonsterSpellDetailsAndProperties_ovr157_0
SpellCode_StudyMonster_ovr157_1D8	WriteTextToMessageScroll_seg043_3619_1A0
SpellDamagesObjectsInTile_ovr156_1CA5	DamageObject_seg025_527
SpellDamagesObjectsInTile_ovr156_1CA5	DiceRoll_seg041_35D7_11F
SpellDamagesObjectsInTile_ovr156_1CA5	GetNextOrLinkedObject_seg029_2A8E_8BE
SpellDamagesObjectsInTile_ovr156_1CA5	GetTile_seg036_32A9_F
SpellDamagesObjectsInTile_ovr156_1CA5	LookupObjectByIndex_seg029_2A8E_971
SpellTrapWandNPCCast_ovr156_4C	CastSpell_ovr156_C9
SpellTrap_ovr110_14DB	CastSpell_ovr156_C9
SpellTrap_ovr110_14DB	SpellTrapWandNPCCast_ovr156_4C
SpillCritterInventory_ovr163_1F1	SpillInventory_ovr163_0
SpillInventory_ovr163_0	GetNextOrLinkedObject_seg029_2A8E_8BE
SpillInventory_ovr163_0	MoveObjectToCoordinates_seg028_2941_1245
SpillInventory_ovr163_0	RemoveDoorLock_seg025_26A1_3
SpillInventory_ovr163_0	ReverseObjectLookup_seg029_2A8E_927
SpillInventory_ovr163_0	RunTrigger_ovr166_3B
SpillInventory_ovr163_0	TestIfStaticOrMobile_seg029_2A8E_A87
SplashPart1_ovr112_36	BeginLoadStringsPak_seg039_4
SplashPart1_ovr112_36	CopyArkFilesToSaveFolder_ovr112_968
SplashPart1_ovr112_36	DeleteTempFiles_ovr167_489
SplashPart1_ovr112_36	DoesNothing_ovr108_2EA7
SplashPart1_ovr112_36	EMM_seg042_35ED_6
SplashPart1_ovr112_36	ErrorCanNoLongerRun_ovr114_D1
SplashPart1_ovr112_36	ExitWithError_ovr114_15D
SplashPart1_ovr112_36	GetInteruptVector_seg005_105F_1B58
SplashPart1_ovr112_36	GetRNGSeed_seg005_105F_FF2
SplashPart1_ovr112_36	InitPlayerAndRegisterKeys_ovr143_B0
SplashPart1_ovr112_36	InitVariablesAndDelegates_seg006_1413_91C
SplashPart1_ovr112_36	Init_RNG_seg005_105F_DD6
SplashPart1_ovr112_36	LoadCMB_DAT_ovr102_0
SplashPart1_ovr112_36	LoadLightAndXFerDat_ovr152_141
SplashPart1_ovr112_36	LoadTextures_ovr140_0
SplashPart1_ovr112_36	LoadXMIFile_seg016_1E73_174B
SplashPart1_ovr112_36	MaybeCreateSaveGameFolder_ovr149_0
SplashPart1_ovr112_36	MaybeErrorHandler_ovr114_AB
SplashPart1_ovr112_36	MaybeSoundInit_seg016_1E73_1323
SplashPart1_ovr112_36	MaybeSoundRelated_seg016_1356
SplashPart1_ovr112_36	OpenArtFiles_ovr119_9E8
SplashPart1_ovr112_36	ProbablyResetScreen_ovr118_E2
SplashPart1_ovr112_36	SetInteruptVector_seg005_105F_1B67
SplashPart1_ovr112_36	SetPalette_ovr118_171
SplashPart1_ovr112_36	SomethingWithDataFolders_ovr112_839
SplashPart1_ovr112_36	StartPitTimer_seg016_1E73_12D7
SplashPart1_ovr112_36	ovr112_217
SplashPart1_ovr112_36	seg001_023B_C
SplashPart1_ovr112_36	seg010_1CA1_3
SplashPart1_ovr112_36	seg015_1D7C_D
SplashPart1_ovr112_36	seg032_2E9B_200
SplashPart2ovr112_1FF	PlayCutscene_ovr108_2DC5
SplashPart2ovr112_1FF	WaitInputCommand_seg015_1D7C_594
SplitObjectNames_seg039_3452_3ED	FindStringDelimiter_seg017_2179_174
SplitObjectNames_seg039_3452_3ED	StrLen_seg017_2179_109
SquareRoot_seg021_22FD_A30	SquareRoot_seg021_22FD_A78
StandStill_seg007_17A2_5D9	GetDistancesToGTarg_seg007_17A2_2F32
StandStill_seg007_17A2_5D9	NPCWanderUpdate_seg007_17A2_C5
StandStill_seg007_17A2_5D9	NPC_GOTO_seg006_1413_3008
StandStill_seg007_17A2_5D9	NPC_Goal8_seg007_17A2_507
StandStill_seg007_17A2_5D9	RNG_seg005_105F_DE7
StandStill_seg007_17A2_5D9	SearchForGoalTarget_seg007_17A2_18AD
StandStill_seg007_17A2_5D9	SetNPCTargetDestination_seg006_1413_2F51
StandStill_seg007_17A2_5D9	SetNewGoalAndTarget_seg007_17A2_313F
StandStill_seg007_17A2_5D9	TurnTowardsTarget_seg007_17A2_1ADC
StandStill_seg007_17A2_5D9	UpdateNPCAnimation_seg007_17A2_4
StartDrawingTileAndUpdatingAutomapTile_seg019_21BA_D3C	RenderObjectList_seg034_310D_465
StartDrawingTileAndUpdatingAutomapTile_seg019_21BA_D3C	seg019_21BA_C
StartDrawingTileAndUpdatingAutomapTile_seg019_21BA_D3C	seg034_310D_430
StartNewGame_ovr101_1624	CharGen_ovr101_1078
StartNewGame_ovr101_1624	CloseFile_seg005_105F_2FE
StartNewGame_ovr101_1624	ErrorCanNoLongerRun_ovr114_D1
StartNewGame_ovr101_1624	FileAccessFunctions_seg005_105F_1E46
StartNewGame_ovr101_1624	InitialisePlayer_ovr101_0
StartNewGame_ovr101_1624	LikelyDrawCursor_seg015_1D7C_C0
StartNewGame_ovr101_1624	LoadArtImage_ovr119_548
StartNewGame_ovr101_1624	LoadBitmapFromBytArk_ovr150_4A
StartNewGame_ovr101_1624	LoadT64AndDoorsGR_ovr140_237
StartNewGame_ovr101_1624	MaybePrintChargenQuestion_ovr101_983
StartNewGame_ovr101_1624	OpenFont_ovr118_772BW_9B
StartNewGame_ovr101_1624	PrintChargenOptions_ovr101_694
StartNewGame_ovr101_1624	ProbablyResetScreen_ovr118_E2
StartNewGame_ovr101_1624	seg015_1D7C_D6
StartPitTimer_seg016_1E73_12D7	MaybeErrorHandler_ovr114_AB
StartPitTimer_seg016_1E73_12D7	seg022_2405_77C
StartPitTimer_seg016_1E73_12D7	seg022_2405_89E
StartPitTimer_seg016_1E73_12D7	seg022_2405_97F
StartSwimming_seg008_1B09_D	PutWeaponAway_seg026_2716_1396
StatsDisplay_ovr158_37C	LikelyDrawCursor_seg015_1D7C_C0
StatsDisplay_ovr158_37C	OpenFont_ovr118_772BW_9B
StatsDisplay_ovr158_37C	PrintAHPString_ovr158_14F
StatsDisplay_ovr158_37C	PrintAManaString_ovr158_1C3
StatsDisplay_ovr158_37C	PrintCharNameClassLevel_ovr158_0
StatsDisplay_ovr158_37C	PrintEXPString_ovr158_236
StatsDisplay_ovr158_37C	PrintPlayerAttribute_ovr158_F3
StatsDisplay_ovr158_37C	PrintSkill_ovr158_284
StatsDisplay_ovr158_37C	seg001_023B_1D5
StatsDisplay_ovr158_37C	seg001_023B_4A
StatsDisplay_ovr158_37C	seg015_1D7C_D6
StatsScreen_ovr101_380	Hex2DecimalString_seg005_105F_1D1B
StatsScreen_ovr101_380	WriteTextToScreen_seg003_0272_446D
StatsScreen_ovr101_380	WritingTextToScreen_seg003_0272_454B
StatsScreen_ovr101_380	seg003_0272_48F4
StatsScreen_ovr101_380	seg003_0272_4CF2
StopMobileObjects_ovr107_427	GetTile_seg036_32A9_F
StopMobileObjects_ovr107_427	InsertObjectToList_seg029_2A8E_58C
StopMobileObjects_ovr107_427	MoveAndFitObjectToCoordinate_seg028_2941_135A
StopMobileObjects_ovr107_427	ObjectHitsFloorTile_seg030_2BB7_DDF
StopMobileObjects_ovr107_427	RemoveObject_seg029_2A8E_704
StopMobileObjects_ovr107_427	UnlinkObjectFromLinkedList_seg029_2A8E_684
StoreAnimationOverlaysToLevArk_ovr128_308	ClearData_seg017_2179_EE
StoreAnimationOverlaysToLevArk_ovr128_308	MoveDataBySize_seg005_105F_1DF9
StoreNewXYZH_seg031_2CFA_800	GetTileZOffset_seg028_2941_1AF
StoreReverseObjectLookupResultInVar_ovr110_4E7A	ReverseObjectLookup_seg029_2A8E_927
StudyMonsterSpellDetailsAndProperties_ovr157_0	AppendString_seg039_3452_90B
StudyMonsterSpellDetailsAndProperties_ovr157_0	CombineStrings_seg005_27F3
StudyMonsterSpellDetailsAndProperties_ovr157_0	GetStringByID_seg039_3452_8E
StudyMonsterSpellDetailsAndProperties_ovr157_0	ScaleDamageAgainstObject_seg025_26A1_493
SurfaceFootsteps_seg035_31AB_73A	PlaySoundEffectAtAvatar_seg016_1E73_1DB2
SurfaceFootsteps_seg035_31AB_73A	seg016_1E73_1FFD
SwapCollisionRecords_seg028_2941_E73	DataCopy_seg005_105F_36BD
SwapTradeSlotObject_ovr125_9C2	ChangeCursor_seg015_1D7C_67D
SwapTradeSlotObject_ovr125_9C2	FindAndRemoveQTYOfObject_ovr124_8DF
SwapTradeSlotObject_ovr125_9C2	GetItemInSlot_ovr124_15
SwapTradeSlotObject_ovr125_9C2	GetNextOrLinkedObject_seg029_2A8E_8BE
SwapTradeSlotObject_ovr125_9C2	LikelyDrawCursor_seg015_1D7C_C0
SwapTradeSlotObject_ovr125_9C2	LikelyResetCursor_seg015_1D7C_6AF
SwapTradeSlotObject_ovr125_9C2	RefreshPlayerStatus_ovr142_732
SwapTradeSlotObject_ovr125_9C2	ReverseObjectLookup_seg029_2A8E_927
SwapTradeSlotObject_ovr125_9C2	seg015_1D7C_D6
SwimmerNPCCollision_seg006_1413_CFD	GetCollisionObject_seg031_2CFA_19F7
SwimmingSkillCheck_ovr135_5EE	DamageObject_seg025_527
SwimmingSkillCheck_ovr135_5EE	DiceRoll_seg041_35D7_11F
SwimmingSkillCheck_ovr135_5EE	FlashColour_ovr118_562
SwimmingSkillCheck_ovr135_5EE	SetGameLoopBitField_seg012_1D31_AE
SwimmingSkillCheck_ovr135_5EE	SkillCheck_seg038_342C_9
SwitchCamera_ovr118_593	ChangeReferenceToCameraObject_ovr143_C4D
SwitchCamera_ovr118_593	MouseClickRelated_seg015_1D7C_2A9
SwitchCamera_ovr118_593	RenderScene_seg032_2E9B_2FD
SwitchCamera_ovr118_593	ovr118_508
SwitchCamera_ovr118_593	ovr118_51E
SwitchInventoryAndStatsEvent_ovr137_0	UpdateUIAnim_seg037_32C0_2C8
TRAPS_ovr166_5D6	AddAnimationOverlay_seg044_368F_43E
TRAPS_ovr166_5D6	AddToFreeObjectLists_seg029_2A8E_508
TRAPS_ovr166_5D6	ArrowTrap_seg027_2856_858
TRAPS_ovr166_5D6	BitShiftR_AXDX_BY_CX_seg005_105F_3614
TRAPS_ovr166_5D6	BridgeTrapCreate_ovr166_2D4A
TRAPS_ovr166_5D6	BridgeTrapRemove_ovr166_2E78
TRAPS_ovr166_5D6	ChangeFromTrap_ovr110_122D
TRAPS_ovr166_5D6	ChangeTile_ovr110_F37
TRAPS_ovr166_5D6	CheckIfEquipmentInValidSlot_ovr124_BB9
TRAPS_ovr166_5D6	CheckIfMobileBit_D_8_1BB8_ovr166_269C
TRAPS_ovr166_5D6	Critter_RNG_STR_CHECK_ovr166_2F29
TRAPS_ovr166_5D6	DamageTrap_ovr110_141B
TRAPS_ovr166_5D6	DataCopy_seg005_105F_36BD
TRAPS_ovr166_5D6	Divide32BitNumbers_seg005_105F_3525
TRAPS_ovr166_5D6	DoorClose_ovr138_1542
TRAPS_ovr166_5D6	DoorOpen_ovr138_142A
TRAPS_ovr166_5D6	DoorToggle_ovr138_162C
TRAPS_ovr166_5D6	Experience_seg038_342C_45
TRAPS_ovr166_5D6	GetAvailableObjectAddress_seg029_2A8E_471
TRAPS_ovr166_5D6	GetDetectedCreatureDirections_ovr167_191
TRAPS_ovr166_5D6	GetLinkedOrNextObjectWithFilter_seg029_2A8E_B6B
TRAPS_ovr166_5D6	GetNextOrLinkedObject_seg029_2A8E_8BE
TRAPS_ovr166_5D6	GetStringByID_seg039_3452_8E
TRAPS_ovr166_5D6	GetTile_seg036_32A9_F
TRAPS_ovr166_5D6	GetVarQuestOrClockValue_ovr166_53E
TRAPS_ovr166_5D6	HackTraps_ovr166_1D53
TRAPS_ovr166_5D6	InitialiseCritterValues_ovr104_73
TRAPS_ovr166_5D6	InsertObjectToList_seg029_2A8E_58C
TRAPS_ovr166_5D6	JumpTrap_seg031_2CFA_1868
TRAPS_ovr166_5D6	LookupObjectByIndex_seg029_2A8E_971
TRAPS_ovr166_5D6	MoveObjectToCoordinates_seg028_2941_1245
TRAPS_ovr166_5D6	MultiplyAXByBX_seg005_105F_350B
TRAPS_ovr166_5D6	OscillateSpecificTiles_ovr166_2F70
TRAPS_ovr166_5D6	RNG_seg005_105F_DE7
TRAPS_ovr166_5D6	RemoveObjectAndChainFromLists_seg029_2A8E_85C
TRAPS_ovr166_5D6	RemoveTheAnimationOverlay_seg044_368F_7F
TRAPS_ovr166_5D6	RemoveTrapTriggerChain_ovr166_2610
TRAPS_ovr166_5D6	ReverseObjectLookup_seg029_2A8E_927
TRAPS_ovr166_5D6	RunTrigger_ovr166_3B
TRAPS_ovr166_5D6	SearchInventoryForItem_ovr124_21C
TRAPS_ovr166_5D6	SetGameLoopBitField_seg012_1D31_AE
TRAPS_ovr166_5D6	SkillCheck_seg038_342C_9
TRAPS_ovr166_5D6	SpellTrap_ovr110_14DB
TRAPS_ovr166_5D6	Teleport_ovr110_9C2
TRAPS_ovr166_5D6	TestIfStaticOrMobile_seg029_2A8E_A87
TRAPS_ovr166_5D6	TriggerTrap_ovr166_24C
TRAPS_ovr166_5D6	UnlinkObjectFromLinkedList_seg029_2A8E_684
TRAPS_ovr166_5D6	VariableOperationOnQuestVariablesXClock_ovr166_2ED
TRAPS_ovr166_5D6	WriteTextToMessageScroll_seg043_3619_1A0
TakeFromNPC_ovr097_1C52	ChangeCursor_seg015_1D7C_67D
TakeFromNPC_ovr097_1C52	GetNextOrLinkedObject_seg029_2A8E_8BE
TakeFromNPC_ovr097_1C52	LikelyDrawCursor_seg015_1D7C_C0
TakeFromNPC_ovr097_1C52	PlaceObjectAtAnotherObjectPosition_seg028_2941_1300
TakeFromNPC_ovr097_1C52	RedrawTradeSlot_ovr097_A91
TakeFromNPC_ovr097_1C52	ReverseObjectLookup_seg029_2A8E_927
TakeFromNPC_ovr097_1C52	SomethingWithTradeSlot_ovr097_E83
TakeFromNPC_ovr097_1C52	SpawnNPCLoot_ovr163_609
TakeFromNPC_ovr097_1C52	UnlinkObjectFromLinkedList_seg029_2A8E_684
TakeFromNPC_ovr097_1C52	seg015_1D7C_D6
TakeFromNPC_ovr097_1C52	seg042_35ED_1DE
TalkToDyingNPC_ovr110_2212	CancelAttack_seg024_24E9_130F
TalkToDyingNPC_ovr110_2212	RefreshPlayerStatus_ovr142_732
TalkToDyingNPC_ovr110_2212	TalkTo_ovr103_0
TalkTo_ovr103_0	GetStringByID_seg039_3452_8E
TalkTo_ovr103_0	ReadDataFileBlock_ovr093_D48
TalkTo_ovr103_0	SpawnATalkingRotworm_ovr110_1622
TalkTo_ovr103_0	WriteTextToMessageScroll_seg043_3619_1A0
TalkTo_ovr103_0	seg016_1E73_20C1
TalkTo_seg026_2716_AFB	MouseClickRelated_seg015_1D7C_2A9
TalkTo_seg026_2716_AFB	TalkTo_ovr103_0
TeleportCharToTile_ovr110_0	GetNextOrLinkedObject_seg029_2A8E_8BE
TeleportCharToTile_ovr110_0	GetTile_seg036_32A9_F
TeleportCharToTile_ovr110_0	RemoveObject_seg029_2A8E_704
TeleportCharToTile_ovr110_0	ReverseObjectLookup_seg029_2A8E_927
TeleportCharToTile_ovr110_0	SetArrayValues_seg005_105F_1DCA
TeleportCharToTile_ovr110_0	TestIfObjectFitsInTile_seg028_2941_1021
TeleportCharToTile_ovr110_0	TestIfStaticOrMobile_seg029_2A8E_A87
TeleportToPosition_ovr112_6B0	CheckIfPlayerIsNoLongerLost_seg008_1B09_1019
TeleportToPosition_ovr112_6B0	ErrorCanNoLongerRun_ovr114_D1
TeleportToPosition_ovr112_6B0	PlayerUpdatesOnLevelChange_ovr149_86E
TeleportToPosition_ovr112_6B0	ReinitialisePlayerOnLevelOrPositionChange_seg008_1B09_AD8
TeleportToPosition_ovr112_6B0	RenderScene_seg032_2E9B_2FD
TeleportToPosition_ovr112_6B0	SetGameLoopBitField_seg012_1D31_AE
TeleportToPosition_ovr112_6B0	TeleportCharToTile_ovr110_0
Teleport_ovr110_9C2	AvatarIsACowardInThePits_ovr110_46AF
Teleport_ovr110_9C2	BitShiftR_AXDX_BY_CX_seg005_105F_3614
Teleport_ovr110_9C2	PitArenaRelated_ovr110_23AB
Teleport_ovr110_9C2	SetGameLoopBitField_seg012_1D31_AE
Teleport_ovr110_9C2	TeleportCharToTile_ovr110_0
Teleport_ovr110_9C2	TurnVectorsIntoHeading_ovr167_7C
TestBasicTileTraversal_seg006_1413_172F	GetTile_seg036_32A9_F
TestBetweenCoordinates_seg006_1413_22F7	BitLShift_seg005_105F_35D3
TestBetweenCoordinates_seg006_1413_22F7	Divide32BitNumbers_seg005_105F_3525
TestBetweenCoordinates_seg006_1413_22F7	TestBasicTileTraversal_seg006_1413_172F
TestForClosestAttackCollisionHit_seg024_24E9_7C	LookupObjectByIndex_seg029_2A8E_971
TestForClosestAttackCollisionHit_seg024_24E9_7C	TestIfStaticOrMobile_seg029_2A8E_A87
TestForNPCHostileAndAwareOfPlayer_ovr107_6B7	ReverseObjectLookup_seg029_2A8E_927
TestIfObjectFitsInTile_seg028_2941_1021	GetNextOrLinkedObject_seg029_2A8E_8BE
TestIfObjectFitsInTile_seg028_2941_1021	ProcessMotionTileHeights_seg028_2941_385
TestIfObjectFitsInTile_seg028_2941_1021	ScanForCollisions_seg028_2941_C0E
TestIfObjectFitsInTile_seg028_2941_1021	SortCollisions_seg028_2941_ED8
TestIfPlayerCanReachObjectTile_seg026_2716_2FA	GetHighestBridgeInTile_seg026_2716_29F
TestIfPlayerCanReachObjectTile_seg026_2716_2FA	GetTile_seg036_32A9_F
TestNearbyNPCHunger_ovr107_73B	RunCodeOnTargetsAroundObject_ovr156_13AF
TestStraightPathTraversal_seg006_1413_2769	TraverseMultipleTiles_seg006_1413_D95
TestVisionAndShade_seg032_2E9B_1014	DataCopy_seg005_105F_36BD
TestVisionAndShade_seg032_2E9B_1014	GetNextVisionTilePositive_seg032_2E9B_683
TestVisionAndShade_seg032_2E9B_1014	MaybeTestVisibilityNextTile_seg032_2E9B_6CF
TestVisionAndShade_seg032_2E9B_1014	MaybeTestVisionIntoDarkness_seg032_2E9B_AF5
TileTextureCycle_ovr110_3062	GetTile_seg036_32A9_F
TileTextureCycle_ovr110_3062	SetGameLoopBitField_seg012_1D31_AE
ToggleMusic_seg016_1E73_1AF8	LoadXMIFile_seg016_1E73_174B
ToggleMusic_seg016_1E73_1AF8	PickLevelThemeMusic_seg016_1E73_2B1E
ToggleMusic_seg016_1E73_1AF8	seg022_2405_C6F
ToggleMusic_seg016_1E73_1AF8	seg022_2405_C75
ToggleSoundEffects_seg016_1E73_1B95	seg016_1E73_20C1
ToggleSwitch_seg040_34E7_720	LoadSoundEffectAtCoordinate_seg016_1E73_1C50
ToggleSwitch_seg040_34E7_720	SetGameLoopBitField_seg012_1D31_AE
TrackSkillEvent_ovr154_6E	UseDetectionSkills_ovr154_0
TradeInventorySlotClick_ovr125_242	ClickOnWeaponInInventory_seg026_2716_13E5
TradeInventorySlotClick_ovr125_242	GetNextOrLinkedObject_seg029_2A8E_8BE
TradeInventorySlotClick_ovr125_242	GetObjectMass_ovr124_DF2
TradeInventorySlotClick_ovr125_242	GetPositionIn3dWindow_seg015_1D7C_1FB
TradeInventorySlotClick_ovr125_242	InsertObjectToList_seg029_2A8E_58C
TradeInventorySlotClick_ovr125_242	InventorySlotRedraw_ovr125_904
TradeInventorySlotClick_ovr125_242	LikelyResetCursor_seg015_1D7C_6AF
TradeInventorySlotClick_ovr125_242	LookAt_seg026_2716_E74
TradeInventorySlotClick_ovr125_242	MaybeAnInventoryRedraw_ovr121_424
TradeInventorySlotClick_ovr125_242	MaybeGameLoopUpdate_seg015_1D7C_326
TradeInventorySlotClick_ovr125_242	MaybeItemClickOnSlot_ovr125_1208
TradeInventorySlotClick_ovr125_242	MouseClickRelated_seg015_1D7C_2A9
TradeInventorySlotClick_ovr125_242	MoveQuantity_ovr125_A7C
TradeInventorySlotClick_ovr125_242	PickupDropWorldorInventory_ovr121_0
TradeInventorySlotClick_ovr125_242	PrintStringFromBlock1_seg039_3452_4A4
TradeInventorySlotClick_ovr125_242	SwapTradeSlotObject_ovr125_9C2
TradeInventorySlotClick_ovr125_242	UpdateInventorySlots_ovr121_4D8
TradeInventorySlotClick_ovr125_242	ovr125_19BA
TransformRedPotionToPoison_ovr110_477B	CallFunctionOnObjectsInChain_seg029_2A8E_117
TransformRedPotionToPoison_ovr110_477B	ChangeCursor_seg015_1D7C_67D
TransformRedPotionToPoison_ovr110_477B	FindObjectInInventorySlot_ovr124_14A
TransformRedPotionToPoison_ovr110_477B	InsertObjectToList_seg029_2A8E_58C
TransformRedPotionToPoison_ovr110_477B	LikelyResetCursor_seg015_1D7C_6AF
TransformRedPotionToPoison_ovr110_477B	PrepareNewObject_seg036_32A9_44
TransformRedPotionToPoison_ovr110_477B	RNG_seg005_105F_DE7
TransformRedPotionToPoison_ovr110_477B	RedrawInventorySlot_ovr124_0
TransformTalker_ovr110_3CDA	GetTile_seg036_32A9_F
TransformTalker_ovr110_3CDA	ReverseObjectLookup_seg029_2A8E_927
TransformTalker_ovr110_3CDA	TestIfObjectFitsInTile_seg028_2941_1021
TrapDisarming_ovr154_1857	AppendItemName_seg039_3452_327
TrapDisarming_ovr154_1857	GetLinkedOrNextObjectWithFilter_seg029_2A8E_B6B
TrapDisarming_ovr154_1857	GetNextOrLinkedObject_seg029_2A8E_8BE
TrapDisarming_ovr154_1857	GetTile_seg036_32A9_F
TrapDisarming_ovr154_1857	PrintStringFromBlock1_seg039_3452_4A4
TrapDisarming_ovr154_1857	RemoveTrapChain_ovr166_1C95
TrapDisarming_ovr154_1857	RunTrigger_ovr166_3B
TrapDisarming_ovr154_1857	SkillCheck_seg038_342C_9
TrapDisarming_ovr154_1857	StoreStringInLocation_seg005_105F_2891
TrapDisarming_ovr154_1857	TriggerTrap_ovr166_24C
TrapDisarming_ovr154_1857	WriteTextToMessageScroll_seg043_3619_1A0
TraverseMultipleTiles_seg006_1413_D95	CharacterDoorLockAndKeyInteraction_seg040_34E7_7AF
TraverseMultipleTiles_seg006_1413_D95	GetNextOrLinkedObject_seg029_2A8E_8BE
TraverseMultipleTiles_seg006_1413_D95	GetTile_seg036_32A9_F
TriggerObjectLink_seg040_34E7_A95	GetLinkedOrNextObjectWithFilter_seg029_2A8E_B6B
TriggerObjectLink_seg040_34E7_A95	RemoveTrapChain_ovr166_1C95
TriggerObjectLink_seg040_34E7_A95	RunTrigger_ovr166_3B
TriggerObjectLink_seg040_34E7_A95	TriggerTrap_ovr166_24C
TriggerTrapInTile_ovr110_3C53	GetLinkedOrNextObjectWithFilter_seg029_2A8E_B6B
TriggerTrapInTile_ovr110_3C53	GetTile_seg036_32A9_F
TriggerTrapInTile_ovr110_3C53	RunTrigger_ovr166_3B
TriggerTrapInTile_ovr110_3C53	TriggerTrap_ovr166_24C
TriggerTrap_ovr166_24C	TRAPS_ovr166_5D6
TryToDoMagicAttack_seg007_17A2_DFA	GetNoMagicTileBit_ovr156_29
TryToDoMagicAttack_seg007_17A2_DFA	RNG_seg005_105F_DE7
TurnIntoMovingDoor_ovr138_12DD	AddAnimationOverlay_seg044_368F_43E
TurnIntoMovingDoor_ovr138_12DD	ReverseObjectLookup_seg029_2A8E_927
TurnTowardsPath_Adjusted_seg006_1413_2D3F	ChangeNPCHeadings_seg007_17A2_89
TurnTowardsPath_Adjusted_seg006_1413_2D3F	GetVectorHeading_seg006_1413_2EC9
TurnTowardsPath_seg006_1413_2BF5	ChangeNPCHeadings_seg007_17A2_89
TurnTowardsPath_seg006_1413_2BF5	CheckIfAtOrNearTargetTile_seg006_1413_2B98
TurnTowardsPath_seg006_1413_2BF5	FlyingCritterPitching_seg006_1413_36B8
TurnTowardsPath_seg006_1413_2BF5	GetVectorHeading_seg006_1413_2EC9
TurnTowardsPath_seg006_1413_2BF5	MaybeUpdatePathFlag_seg006_1413_2ABB
TurnTowardsPath_seg006_1413_2BF5	TurnTowardsPath_Adjusted_seg006_1413_2D3F
TurnTowardsTarget_seg007_17A2_1ADC	GetVectorHeading_seg006_1413_2EC9
TurnTowardsTarget_seg007_17A2_1ADC	TurnTowardsVector_seg007_17A2_1CE5
TurnTowardsVector_seg007_17A2_1CE5	BitLShift_seg005_105F_35D3
TurnTowardsVector_seg007_17A2_1CE5	Divide32BitNumbers_seg005_105F_3525
TurnTowardsVector_seg007_17A2_1CE5	GetSquareRoot_seg021_22FD_F3F
TurnTowardsVector_seg007_17A2_1CE5	MaybeGetTangent_seg021_22FD_EFB
UWADSpaceAllocation_seg005_105F_3D1	CheckSpaceAllocationForUWAD_seg005_105F_351
UWADSpaceAllocation_seg005_105F_3D1	MaybeAMemoryAllocationCheck_seg005_105F_3972
UWAdSpaceAllocation_seg005_105F_325E	seg005_105F_312C
UWAdSpaceAllocation_seg005_105F_325E	seg005_105F_318E
UnknownAutomapLoop_ovr147_A56	UpdateAutomapTiles_ovr094_140
UnlinkObjectFromLinkedList_seg029_2A8E_684	GetNextOrLinkedObject_seg029_2A8E_8BE
UpdateAutomapTiles_ovr094_140	GetNextOrLinkedObject_seg029_2A8E_8BE
UpdateAutomapTiles_ovr094_140	GetTile_seg036_32A9_F
UpdateInventoryLightSources_ovr135_4E3	GetItemInSlot_ovr124_15
UpdateInventoryLightSources_ovr135_4E3	RedrawInventorySlot_ovr124_0
UpdateInventorySlots_ovr121_4D8	GetNextOrLinkedObject_seg029_2A8E_8BE
UpdateInventorySlots_ovr121_4D8	ReverseObjectLookup_seg029_2A8E_927
UpdateMotionStateAndSwimming_seg008_1B09_1252	DataCopy_seg005_105F_36BD
UpdateNPCAnimation_seg007_17A2_4	RNG_seg005_105F_DE7
UpdateWeightCapacityOnScreen_ovr125_1935	Hex2DecimalString_seg005_105F_1D1B
UpdateWeightCapacityOnScreen_ovr125_1935	MaybeRedrawSlot_seg001_023B_25B
UpdateWeightCapacityOnScreen_ovr125_1935	WriteTextToScreen_seg003_0272_446D
UpdateWeightCapacityOnScreen_ovr125_1935	WritingTextToScreen_seg003_0272_454B
UseAnvil_ovr138_34F	ItemRepairLogic_ovr110_25A9
UseAnvil_ovr138_34F	LikelyResetCursor_seg015_1D7C_6AF
UseClass2ContainerFromInventory_ovr121_6B6	DrawCursorAtCoordinate_seg009_26B
UseClass2ContainerFromInventory_ovr121_6B6	GetNextOrLinkedObject_seg029_2A8E_8BE
UseClass2ContainerFromInventory_ovr121_6B6	GetTotalMassOfObjectList_ovr121_1019
UseClass2ContainerFromInventory_ovr121_6B6	InventorySlotRedraw_ovr125_904
UseClass2ContainerFromInventory_ovr121_6B6	LikelyDrawCursor_seg015_1D7C_C0
UseClass2ContainerFromInventory_ovr121_6B6	MaybeAnInventoryRedraw_ovr121_424
UseClass2ContainerFromInventory_ovr121_6B6	ProbablyAllocateSpaceForSound_seg005_105F_3344
UseClass2ContainerFromInventory_ovr121_6B6	ReverseObjectLookup_seg029_2A8E_927
UseClass2ContainerFromInventory_ovr121_6B6	UpdateUIAnim_seg037_32C0_2C8
UseClass2ContainerFromInventory_ovr121_6B6	ovr121_1EF
UseClass2ContainerFromInventory_ovr121_6B6	ovr121_293
UseClass2ContainerFromInventory_ovr121_6B6	seg001_023B_1D5
UseClass2ContainerFromInventory_ovr121_6B6	seg001_023B_4A
UseClass2ContainerFromInventory_ovr121_6B6	seg015_1D7C_D6
UseContainer_ovr138_FEB	AppendItemName_seg039_3452_327
UseContainer_ovr138_FEB	CharacterDoorLockAndKeyInteraction_seg040_34E7_7AF
UseContainer_ovr138_FEB	EmptyContainer_ovr138_1664
UseContainer_ovr138_FEB	FindObjectInInventorySlot_ovr124_14A
UseContainer_ovr138_FEB	PrintStringFromBlock1_seg039_3452_4A4
UseContainer_ovr138_FEB	WriteTextToMessageScroll_seg043_3619_1A0
UseDetectionSkills_ovr154_0	DetectMonsters_ovr157_11E3
UseDetectionSkills_ovr154_0	GetStringByID_seg039_3452_8E
UseDetectionSkills_ovr154_0	PrintStringFromBlock1_seg039_3452_4A4
UseDetectionSkills_ovr154_0	WriteTextToMessageScroll_seg043_3619_1A0
UseFishingPole_ovr110_152B	GetCoordinateInDirection_seg041_35D7_4E
UseFishingPole_ovr110_152B	GetTile_seg036_32A9_F
UseFishingPole_ovr110_152B	PrintStringFromBlock1_seg039_3452_4A4
UseFishingPole_ovr110_152B	RNG_seg005_105F_DE7
UseKey_ovr138_F92	CharacterDoorLockAndKeyInteraction_seg040_34E7_7AF
UseKey_ovr138_F92	LikelyResetCursor_seg015_1D7C_6AF
UseKey_ovr138_F92	PrintStringFromBlock1_seg039_3452_4A4
UseMajorClass5_Objects_ovr138_182C	AppendItemName_seg039_3452_327
UseMajorClass5_Objects_ovr138_182C	CharacterDoorLockAndKeyInteraction_seg040_34E7_7AF
UseMajorClass5_Objects_ovr138_182C	DoorClose_ovr138_1542
UseMajorClass5_Objects_ovr138_182C	DoorOpen_ovr138_142A
UseMajorClass5_Objects_ovr138_182C	HackTrapTrespass_ovr110_16D4
UseMajorClass5_Objects_ovr138_182C	LoadSoundEffectAtCoordinate_seg016_1E73_1C50
UseMajorClass5_Objects_ovr138_182C	MiscMajor5Minor2_ObjectUsage_ovr126_82B
UseMajorClass5_Objects_ovr138_182C	PrintStringFromBlock1_seg039_3452_4A4
UseMajorClass5_Objects_ovr138_182C	SetGameLoopBitField_seg012_1D31_AE
UseMajorClass5_Objects_ovr138_182C	SleepingLogic_ovr154_B2A
UseMajorClass5_Objects_ovr138_182C	ToggleSwitch_seg040_34E7_720
UseMajorClass5_Objects_ovr138_182C	UseContainer_ovr138_FEB
UseMajorClass5_Objects_ovr138_182C	WriteTextToMessageScroll_seg043_3619_1A0
UseObjectOnInventorySlot_ovr125_1429	AddItemToContainer_ovr121_B76
UseObjectOnInventorySlot_ovr125_1429	AddToFreeObjectLists_seg029_2A8E_508
UseObjectOnInventorySlot_ovr125_1429	CanDoObjectCombination_ovr102_125
UseObjectOnInventorySlot_ovr125_1429	CanObjectBeAddedToSlot_ovr125_BB1
UseObjectOnInventorySlot_ovr125_1429	CanObjectStackInContainer_ovr125_12AC
UseObjectOnInventorySlot_ovr125_1429	ChangeCursor_seg015_1D7C_67D
UseObjectOnInventorySlot_ovr125_1429	CreateObjectCombinationOutput_ovr102_106
UseObjectOnInventorySlot_ovr125_1429	FindAndRemoveQtyFromPlayerInventory_ovr124_8AF
UseObjectOnInventorySlot_ovr125_1429	FindObjectCombination_ovr102_16
UseObjectOnInventorySlot_ovr125_1429	GetNextOrLinkedObject_seg029_2A8E_8BE
UseObjectOnInventorySlot_ovr125_1429	InventorySlotRedraw_ovr125_904
UseObjectOnInventorySlot_ovr125_1429	LikelyResetCursor_seg015_1D7C_6AF
UseObjectOnInventorySlot_ovr125_1429	PutObjectInInventorySlot_ovr125_125C
UseObjectOnInventorySlot_ovr125_1429	RefreshPlayerStatus_ovr142_732
UseObjectOnInventorySlot_ovr125_1429	RemoveObjectFromInventory_ovr124_5BB
UseObjectOnInventorySlot_ovr125_1429	RemoveObject_seg029_2A8E_704
UseObjectOnSlot_ovr124_57	CanObjectBeAddedToSlot_ovr125_BB1
UseObjectOnSlot_ovr124_57	GetNextOrLinkedObject_seg029_2A8E_8BE
UseObjectOnSlot_ovr124_57	GetObjectMass_ovr124_DF2
UseObjectOnSlot_ovr124_57	LinkObjectToList_seg029_2A8E_5FA
UseObjectOnSlot_ovr124_57	RefreshPlayerStatus_ovr142_732
UseObjectOnSlot_ovr124_57	ReverseObjectLookup_seg029_2A8E_927
UseObjectWithPrompt_seg040_35E7_55A	AppendItemName_seg039_3452_327
UseObjectWithPrompt_seg040_35E7_55A	ChangeCursor_seg015_1D7C_67D
UseObjectWithPrompt_seg040_35E7_55A	CombineStrings_seg005_27F3
UseObjectWithPrompt_seg040_35E7_55A	STRLEN_Seg005_105F_28B5
UseObjectWithPrompt_seg040_35E7_55A	StoreStringInLocation_seg005_105F_2891
UseObjectWithPrompt_seg040_35E7_55A	WriteTextToMessageScroll_seg043_3619_1A0
UseObject_seg026_2716_C3A	CheckIfPlayerCanReachAtDistance_seg026_2716_154
UseObject_seg026_2716_C3A	MouseClickRelated_seg015_1D7C_2A9
UseObject_seg026_2716_C3A	ObjectUse_seg040_34E7_F
UseObject_seg026_2716_C3A	PrintStringFromBlock1_seg039_3452_4A4
UseObject_seg026_2716_C3A	TestIfPlayerCanReachObjectTile_seg026_2716_2FA
UseOilFlask_ovr138_9BE	ChangeCursor_seg015_1D7C_67D
UseOilFlask_ovr138_9BE	FindObjectInInventorySlot_ovr124_14A
UseOilFlask_ovr138_9BE	LikelyResetCursor_seg015_1D7C_6AF
UseOilFlask_ovr138_9BE	PrintStringFromBlock1_seg039_3452_4A4
UseOilFlask_ovr138_9BE	RedrawInventorySlot_ovr124_0
UseOilFlask_ovr138_9BE	RemoveQty1FromPlayerInventory_ovr124_5D0
UseOilFlask_ovr138_9BE	RemoveUsedObject_seg040_34E7_383
UsePoleOnObject_ovr138_301	ObjectUse_seg040_34E7_F
UsePoleOnObject_ovr138_301	PrintStringFromBlock1_seg039_3452_4A4
UsePoleOnObject_ovr138_301	RefreshPlayerStatus_ovr142_732
UseSkullsOnGravestone_ovr138_0	LikelyResetCursor_seg015_1D7C_6AF
UseSkullsOnGravestone_ovr138_0	PrintStringFromBlock1_seg039_3452_4A4
UseSkullsOnGravestone_ovr138_0	RemoveUsedObject_seg040_34E7_383
Val_ovr095_EB2	GetConvoMemoryValue_ovr095_2007
Val_ovr095_EB2	GetStringByID_seg039_3452_8E
Val_ovr095_EB2	seg039_3452_89A
VariableOperationOnQuestVariablesXClock_ovr166_2ED	BitShiftR_AXDX_BY_CX_seg005_105F_3614
VariableOperationOnQuestVariablesXClock_ovr166_2ED	PerformVariableOperation_ovr166_298
ViewAutomap_ovr094_0	ChangeCursor_seg015_1D7C_67D
ViewAutomap_ovr094_0	DisplayAutomapText_ovr094_13FB
ViewAutomap_ovr094_0	GetCurrentMusicFileNo_seg016_1E73_1AB6
ViewAutomap_ovr094_0	LikelyDrawCursor_seg015_1D7C_C0
ViewAutomap_ovr094_0	LoadAutoMap_ovr094_328
ViewAutomap_ovr094_0	PickLevelThemeMusic_seg016_1E73_2B1E
ViewAutomap_ovr094_0	RefreshMusic_seg016_1E73_2BB2
ViewAutomap_ovr094_0	RegisterClickArea_seg010_1CA1_82
ViewAutomap_ovr094_0	RegisterEventHandler_seg010_1CA1_104
ViewAutomap_ovr094_0	SaveAutomapToArk_ovr094_2D3
ViewAutomap_ovr094_0	seg015_1D7C_3B0
ViewAutomap_ovr094_0	seg015_1D7C_D6
ViewAutomap_ovr094_0	seg016_1E73_20C1
VoidDream_ovr154_14C7	RNG_seg005_105F_DE7
VoidDream_ovr154_14C7	ReinitialisePlayerOnLevelOrPositionChange_seg008_1B09_AD8
VoidDream_ovr154_14C7	SetGameLoopBitField_seg012_1D31_AE
VoidDream_ovr154_14C7	Teleport_ovr110_9C2
WaitForYesNoAnswer_ovr139_747	LikelyDrawCursor_seg015_1D7C_C0
WaitForYesNoAnswer_ovr139_747	MouseClickRelated_seg015_1D7C_2A9
WaitForYesNoAnswer_ovr139_747	PrintStringFromBlock1_seg039_3452_4A4
WaitForYesNoAnswer_ovr139_747	WaitInputCommand_seg015_1D7C_594
WaitForYesNoAnswer_ovr139_747	WriteTextToMessageScroll_seg043_3619_1A0
WaitForYesNoAnswer_ovr139_747	WriteYesorNo_ovr139_1E3
WaitForYesNoAnswer_ovr139_747	ovr139_151
WaitForYesNoAnswer_ovr139_747	seg015_1D7C_D6
WaitInputCommand_seg015_1D7C_547	seg015_1D7C_3E6
WaitInputCommand_seg015_1D7C_547	seg015_1D7C_4AE
WaitInputCommand_seg015_1D7C_594	WaitInputCommand_seg015_1D7C_547
WalkOnSurfaceTypes_seg035_31AB_A0C	DamageObject_seg025_527
WalkOnSurfaceTypes_seg035_31AB_A0C	PrintStringFromBlock1_seg039_3452_4A4
WalkOnSurfaceTypes_seg035_31AB_A0C	RNG_seg005_105F_DE7
WalkOnSurfaceTypes_seg035_31AB_A0C	SetGameLoopBitField_seg012_1D31_AE
WallRender_seg019_21BA_C07	WallRender_seg019_21BA_9AB
WandUsage_seg040_34E7_5EF	CastSpellFromObject_seg040_34E7_998
WandUsage_seg040_34E7_5EF	FindObjectInInventorySlot_ovr124_14A
WandUsage_seg040_34E7_5EF	GetLinkedOrNextObjectWithFilter_seg029_2A8E_B6B
WandUsage_seg040_34E7_5EF	PrintStringFromBlock1_seg039_3452_4A4
WandUsage_seg040_34E7_5EF	RedrawInventorySlot_ovr124_0
WandUsage_seg040_34E7_5EF	TriggerObjectLink_seg040_34E7_A95
WillObjectMoveWithTileHeightChange_ovr110_E13	GetNextOrLinkedObject_seg029_2A8E_8BE
WorldGemTravel_ovr110_3E0B	PrintStringFromBlock1_seg039_3452_4A4
WorldGemTravel_ovr110_3E0B	Teleport_ovr110_9C2
WriteDataToARKFile_ovr093_779D_4B1	ClearData_seg017_2179_EE
WriteDataToARKFile_ovr093_779D_4B1	CloseFile_seg005_105F_2FE
WriteDataToARKFile_ovr093_779D_4B1	CombineStrings_seg005_27F3
WriteDataToARKFile_ovr093_779D_4B1	CompressData_ovr153_8C
WriteDataToARKFile_ovr093_779D_4B1	CopyDataToFile_ovr093_339
WriteDataToARKFile_ovr093_779D_4B1	CopyStringToLocation_seg017_2179_13F
WriteDataToARKFile_ovr093_779D_4B1	DeleteFile_seg005_2BC0
WriteDataToARKFile_ovr093_779D_4B1	Divide32BitNumbers_cx1_seg005_105F_352C
WriteDataToARKFile_ovr093_779D_4B1	ErrorCanNoLongerRun_ovr114_D1
WriteDataToARKFile_ovr093_779D_4B1	FileAccessFunctions_seg005_105F_1E46
WriteDataToARKFile_ovr093_779D_4B1	GetFileSeekPtr_seg005_105F_1072
WriteDataToARKFile_ovr093_779D_4B1	MoveFilePointer_seg005_105F_1C75
WriteDataToARKFile_ovr093_779D_4B1	MultiplyAXByBX_seg005_105F_350B
WriteDataToARKFile_ovr093_779D_4B1	ReadDataBlockHeaderValue_ovr093_21C
WriteDataToARKFile_ovr093_779D_4B1	Rename_File_seg005_20A2
WriteDataToARKFile_ovr093_779D_4B1	SeekToOffset_ovr093_0
WriteDataToARKFile_ovr093_779D_4B1	StoreStringInLocation_seg005_105F_2891
WriteDataToARKFile_ovr093_779D_4B1	WriteFourBytesToFileAtLocation_ovr093_26E
WriteDataToARKFile_ovr093_779D_4B1	ovr093_128
WriteDataToHandleAtPointer_seg005_105F_1458	WriteDataToHandle_seg005_105F_30B5
WriteDataToHandle_seg005_105F_30B5	File_Error_Handler_seg005_1C27
WriteDataToHandle_seg005_105F_30B5	MoveFilePointer_seg005_105F_1C75
WriteFourBytesToFileAtLocation_ovr093_26E	GetFileSeekPtr_seg005_105F_1072
WriteFourBytesToFileAtLocation_ovr093_26E	MoveFilePointer_seg005_105F_1C75
WriteFourBytesToFileAtLocation_ovr093_26E	WriteDataToHandleAtPointer_seg005_105F_1458
WriteMapNotesToScreen_ovr094_1147	CopyStringToLocation_seg017_2179_13F
WriteMapNotesToScreen_ovr094_1147	OpenFont_ovr118_772BW_9B
WriteMapNotesToScreen_ovr094_1147	WriteTextToScreen_seg003_0272_446D
WriteTextToMessageScroll_seg043_3619_1A0	FindInString_seg005_105F_103F
WriteTextToMessageScroll_seg043_3619_1A0	LikelyDrawCursor_seg015_1D7C_C0
WriteTextToMessageScroll_seg043_3619_1A0	MoveDataBySize_seg005_105F_1DF9
WriteTextToMessageScroll_seg043_3619_1A0	RelatedToWritingToMessageScrollseg043_3619_2D0
WriteTextToMessageScroll_seg043_3619_1A0	StrLen_seg017_2179_109
WriteTextToMessageScroll_seg043_3619_1A0	seg015_1D7C_D6
WriteTextToMessageScroll_seg043_3619_1A0	seg043_3619_3
WriteTextToMessageScroll_seg043_3619_375	LikelyWaitForMore_ovr139_29
WriteTextToMessageScroll_seg043_3619_375	STRLEN_Seg005_105F_28B5
WriteTextToMessageScroll_seg043_3619_375	WriteTextToScreen_seg003_0272_446D
WriteTextToMessageScroll_seg043_3619_375	WriteTextWithMORE_ovr139_BD
WriteTextToMessageScroll_seg043_3619_375	WritingTextToScreen_seg003_0272_454B
WriteTextToMessageScroll_seg043_3619_375	seg043_3619_11F
WriteTextToMessageScroll_seg043_3619_375	seg043_3619_4FF
WriteTextToScreen_seg003_0272_446D	seg003_0272_527E
WriteTextWithMORE_ovr139_BD	LikelyWaitForMore_ovr139_29
WriteTextWithMORE_ovr139_BD	WriteTextToScreen_seg003_0272_446D
WriteTextWithMORE_ovr139_BD	seg003_0272_48F4
WriteTextWithMORE_ovr139_BD	seg003_0272_4CF2
WriteTextWithMORE_ovr139_BD	seg043_3619_11F
WriteYesorNo_ovr139_1E3	WriteTextToMessageScroll_seg043_3619_1A0
WriteYesorNo_ovr139_1E3	ovr139_151
WriteYesorNo_ovr139_1E3	seg003_0272_48F4
WriteYesorNo_ovr139_1E3	seg003_0272_4CF2
WritingTextToScreen_seg003_0272_454B	seg003_0272_43C5
add_to_npc_inv_ovr096_C1F	LinkObjectToList_seg029_2A8E_5FA
add_to_npc_inv_ovr096_C1F	LookupObjectByIndex_seg029_2A8E_971
babl_ask_ovr103_1117	CopyStringToLocation_seg017_2179_13F
babl_ask_ovr103_1117	CreateAGameString_seg039_3452_117
babl_ask_ovr103_1117	GetStringByID_seg039_3452_8E
babl_ask_ovr103_1117	PlayerTypedInput_ovr139_251
babl_ask_ovr103_1117	WriteTextToMessageScroll_seg043_3619_1A0
babl_ask_ovr103_1117	seg039_3452_21B
babl_ask_ovr103_1117	seg042_35ED_1DE
babl_fmenu_ovr103_BF2	AppendString_seg039_3452_90B
babl_fmenu_ovr103_BF2	ConversationTextVariableReplacement_ovr095_F56
babl_fmenu_ovr103_BF2	CopyStringToLocation_seg017_2179_13F
babl_fmenu_ovr103_BF2	GetStringByID_seg039_3452_8E
babl_fmenu_ovr103_BF2	StrLen_seg017_2179_109
babl_fmenu_ovr103_BF2	WriteTextToMessageScroll_seg043_3619_1A0
babl_fmenu_ovr103_BF2	ovr103_94A
babl_fmenu_ovr103_BF2	seg042_35ED_1DE
babl_fmenu_ovr103_BF2	seg043_3619_4E
babl_hack_ovr096_38	CreatePitFighters_ovr096_351
babl_hack_ovr096_38	GetNextOrLinkedObject_seg029_2A8E_8BE
babl_hack_ovr096_38	GetRNGSeed_seg005_105F_FF2
babl_hack_ovr096_38	GetSoundRelatedFlagValue_seg016_1E73_2F99
babl_hack_ovr096_38	Init_RNG_seg005_105F_DD6
babl_hack_ovr096_38	LookupObjectByIndex_seg029_2A8E_971
babl_hack_ovr096_38	MagicObjectUpdateCharge_seg040_34E7_E11
babl_hack_ovr096_38	ReverseObjectLookup_seg029_2A8E_927
babl_hack_ovr096_38	RunFunctionOnWhoAmI_NPC_ovr156_1486
babl_menu_ovr103_A13	AppendString_seg039_3452_90B
babl_menu_ovr103_A13	ConversationTextVariableReplacement_ovr095_F56
babl_menu_ovr103_A13	CopyStringToLocation_seg017_2179_13F
babl_menu_ovr103_A13	GetStringByID_seg039_3452_8E
babl_menu_ovr103_A13	StrLen_seg017_2179_109
babl_menu_ovr103_A13	WriteTextToMessageScroll_seg043_3619_1A0
babl_menu_ovr103_A13	ovr103_94A
babl_menu_ovr103_A13	seg042_35ED_1DE
babl_menu_ovr103_A13	seg043_3619_4E
check_inv_quality_ovr103_1987	LookupObjectByIndex_seg029_2A8E_971
count_inv_ovr103_192B	LookupObjectByIndex_seg029_2A8E_971
do_decline_ovr097_164E	ReturnTradeObjectsToNPC_ovr097_F76
do_demand_ovr097_13BD	AreItemsBeingOffered_ovr097_11DF
do_demand_ovr097_13BD	GetStringByID_seg039_3452_8E
do_demand_ovr097_13BD	GetTotalValueOfOffering_ovr097_17CB
do_demand_ovr097_13BD	ImportConversationVariable_ovr095_20AD
do_demand_ovr097_13BD	RetrieveConversationVariable_ovr095_214A
do_demand_ovr097_13BD	ReturnTradeObjectsToNPC_ovr097_F76
do_demand_ovr097_13BD	Say_ovr103_F05
do_demand_ovr097_13BD	SetGoalAndGTargForNPC_ovr107_0
do_inv_create_ovr103_171E	Do_Inv_Create_ovr097_1F38
do_inv_delete_ovr097_1F9B	GetNextOrLinkedObject_seg029_2A8E_8BE
do_inv_delete_ovr097_1F9B	RemoveObjectAndChainFromLists_seg029_2A8E_85C
do_judgement_ovr097_165B	AppendString_seg039_3452_90B
do_judgement_ovr097_165B	CopyStringToLocation_seg017_2179_13F
do_judgement_ovr097_165B	GetStringByID_seg039_3452_8E
do_judgement_ovr097_165B	GetTotalValueOfOffering_ovr097_17CB
do_offer_ovr097_1212	AreItemsBeingOffered_ovr097_11DF
do_offer_ovr097_1212	GetStringByID_seg039_3452_8E
do_offer_ovr097_1212	GetTotalValueOfOffering_ovr097_17CB
do_offer_ovr097_1212	ReturnTradeObjectsToNPC_ovr097_F76
do_offer_ovr097_1212	Say_ovr103_F05
do_offer_ovr097_1212	probablyTradeObjects_ovr097_100A
do_offer_ovr097_1212	seg042_35ED_1DE
end_barter_ovr097_3E3	LikelyDrawCursor_seg015_1D7C_C0
end_barter_ovr097_3E3	LookupObjectByIndex_seg029_2A8E_971
end_barter_ovr097_3E3	MaybeRedrawSlot_seg001_023B_25B
end_barter_ovr097_3E3	PlaceObjectAtAnotherObjectPosition_seg028_2941_1300
end_barter_ovr097_3E3	SomethingWithTradeSlot_ovr097_E83
end_barter_ovr097_3E3	seg001_023B_105
end_barter_ovr097_3E3	seg015_1D7C_D6
end_barter_ovr097_3E3	seg042_35ED_1DE
find_barter_total_ovr103_12DA	LookupObjectByIndex_seg029_2A8E_971
find_barter_total_ovr103_12DA	StoreValueOnStack_ovr095_201A
find_inv_ovr103_16BD	Find_INV_ovr097_1B9E
give_all_stuff_ovr097_2148	AreItemsBeingOffered_ovr097_11DF
give_all_stuff_ovr097_2148	ReturnTradeObjectsToNPC_ovr097_F76
give_all_stuff_ovr097_2148	SomethingWithTradeSlot_ovr097_E83
give_ptr_npc_ovr103_1512	DataCopy_seg005_105F_36BD
give_ptr_npc_ovr103_1512	GetAvailableObjectAddress_seg029_2A8E_471
give_ptr_npc_ovr103_1512	GiveObjectToNPC_ovr097_19FB
give_ptr_npc_ovr103_1512	LookupObjectByIndex_seg029_2A8E_971
give_ptr_npc_ovr103_1512	RedrawTradeSlots_ovr097_A71
give_ptr_npc_ovr103_1512	RemoveObjectAndGiveToNPC_ovr097_1B36
give_to_npc_ovr103_1425	RemoveObjectAndGiveToNPC_ovr097_1B36
gronk_door_ovr096_ECC	DoorClose_ovr138_1542
gronk_door_ovr096_ECC	DoorOpen_ovr138_142A
gronk_door_ovr096_ECC	DoorToggle_ovr138_162C
gronk_door_ovr096_ECC	GetLinkedOrNextObjectWithFilter_seg029_2A8E_B6B
gronk_door_ovr096_ECC	GetTile_seg036_32A9_F
identify_inv_ovr103_1739	AppendItemName_seg039_3452_327
identify_inv_ovr103_1739	BuildObjectIdentificationString_ovr126_36A
identify_inv_ovr103_1739	CombineStrings_seg005_27F3
identify_inv_ovr103_1739	CopyStringToLocation_seg017_2179_13F
identify_inv_ovr103_1739	CreateAGameString_seg039_3452_117
identify_inv_ovr103_1739	GetTrueValueofItemToNPC_ovr097_1835
identify_inv_ovr103_1739	Hex2DecimalString_seg005_105F_1D1B
identify_inv_ovr103_1739	LookupObjectByIndex_seg029_2A8E_971
identify_inv_ovr103_1739	STRLEN_Seg005_105F_28B5
identify_inv_ovr103_1739	StoreStringInLocation_seg005_105F_2891
identify_inv_ovr103_1739	StoreValueOnStack_ovr095_201A
ovr093_128	GetFileSeekPtr_seg005_105F_1072
ovr093_128	MoveFilePointer_seg005_105F_1C75
ovr093_DC1	CloseFile_seg005_105F_2FE
ovr093_DC1	FileAccessFunctions_seg005_105F_1E46
ovr093_DC1	ReadBytesAtFilePtr_seg005_1FCD
ovr094_1317	DataCopy_seg005_105F_36BD
ovr094_1317	DrawCursorAtCoordinate_seg009_26B
ovr094_1379	ovr094_1317
ovr094_155B	ClearAutomap_ovr094_412
ovr094_155B	DisplayAutomapText_ovr094_13FB
ovr094_155B	LoadAutoMap_ovr094_328
ovr094_155B	MoveMapNotes_ovr094_1201
ovr094_2A8	LikelyDrawCursor_seg015_1D7C_C0
ovr094_2A8	UpdateAutomapTiles_ovr094_140
ovr094_2A8	ovr094_427
ovr094_2A8	seg015_1D7C_D6
ovr094_427	PossiblyDrawAutomap_ovr094_6CD
ovr094_427	SetArrayValues_seg005_105F_1DCA
ovr094_427	ovr094_569
ovr094_427	ovr094_661
ovr094_569	ovr094_661
ovr094_661	DRAW_RELATED_seg017_2179_255
ovr094_661	RNG_seg005_105F_DE7
ovr094_661	seg003_0272_475E
ovr094_8DA	ovr094_661
ovr094_9D2	ovr094_661
ovr094_A19	CopyStringToLocation_seg017_2179_13F
ovr094_A19	WritingTextToScreen_seg003_0272_454B
ovr094_B11	GetPitWarriorPositionOffset_ovr167_101
ovr095_21E	ovr095_31
ovr095_395	ErrorCanNoLongerRun_ovr114_D1
ovr095_395	MaybeAllocateSpace_ovr095_86
ovr095_395	MoveDataBySize_seg005_105F_1DF9
ovr095_395	ovr095_21E
ovr095_E36	GetConvoMemoryValue_ovr095_2007
ovr095_ED7	CopyStringToLocation_seg017_2179_13F
ovr095_ED7	StrLen_seg017_2179_109
ovr095_ED7	ovr095_395
ovr097_4CB	LikelySlotInteractionRelated_ovr097_6E8
ovr097_4CB	ovr097_512
ovr097_4CB	seg042_35ED_1DE
ovr097_5F0	ovr097_512
ovr097_5F0	ovr097_581
ovr097_65E	GetPositionIn3dWindow_seg015_1D7C_1FB
ovr097_65E	LikelySlotInteractionRelated_ovr097_6E8
ovr097_65E	ovr097_512
ovr097_65E	seg042_35ED_1DE
ovr097_6A2	LikelySlotInteractionRelated_ovr097_6E8
ovr097_6A2	ovr097_581
ovr097_6A2	seg042_35ED_1DE
ovr097_CDB	ObjectCombineToSlot_ovr097_D30
ovr097_CDB	ReverseObjectLookup_seg029_2A8E_927
ovr101_18AD	InitialisePlayer_ovr101_0
ovr101_18AD	LoadWeapCM_seg037_32C0_FEB
ovr101_18AD	StartNewGame_ovr101_1624
ovr101_18CB	UseObjectOnSlot_ovr124_57
ovr101_BAF	GetPositionIn3dWindow_seg015_1D7C_1FB
ovr101_BAF	LikelyDrawCursor_seg015_1D7C_C0
ovr101_BAF	MaybePrintChargenQuestion_ovr101_983
ovr101_BAF	WaitInputCommand_seg015_1D7C_594
ovr101_BAF	seg015_1D7C_D6
ovr103_94A	ChangeThemeToBrittania_seg016_1E73_2B73
ovr103_94A	CombineStrings_seg005_27F3
ovr103_94A	CopyStringToLocation_seg017_2179_13F
ovr103_94A	LikelyWaitForMore_ovr139_29
ovr103_94A	ProcessCommands_seg010_1CA1_2A0
ovr103_94A	RunGameLoopFunctions_seg012_1D31_1F
ovr103_94A	WriteTextToMessageScroll_seg043_3619_1A0
ovr103_94A	seg042_35ED_1DE
ovr103_94A	seg043_3619_4E
ovr104_17	FileReadMaybe_seg005_105F_AB0
ovr108_13CD	ovr108_32F
ovr108_13D6	RefreshMusic_seg016_1E73_2BB2
ovr108_13D6	ovr108_32F
ovr108_13D6	ovr108_5A8
ovr108_14DF	WaitInputCommand_seg015_1D7C_594
ovr108_14DF	ovr108_5F7
ovr108_162B	MaybeRunQueuedCutsCallbackFunctions_ovr108_2FF0
ovr108_162B	ovr108_13D6
ovr108_162B	ovr108_934
ovr108_1693	BitShiftR_AXDX_BY_CX_seg005_105F_3614
ovr108_1693	ovr108_14DF
ovr108_1693	ovr108_162B
ovr108_3241	ovr108_32CC
ovr108_32CC	CopyAPalette_ovr118_1CA
ovr108_32F	CloseFile_seg005_105F_2FE
ovr108_32F	MapMemory_seg013_1D3C_C7
ovr108_32F	MoveDataBySize_seg005_105F_1DF9
ovr108_32F	RightShift32BitNumber_seg005_105F_35F4
ovr108_32F	seg013_1D3C_E4
ovr108_32F	seg022_2405_BDF
ovr108_32F	seg022_2405_BEB
ovr108_32F	seg022_2405_C03
ovr108_3333	seg003_0272_4A7F
ovr108_33A8	seg003_0272_4A3A
ovr108_5A8	seg022_2405_BEB
ovr108_5F7	seg022_2405_C09
ovr108_613	seg042_35ED_12B
ovr108_623	seg013_1D3C_E4
ovr108_623	seg042_35ED_12B
ovr108_667	seg042_35ED_12B
ovr108_671	BitShiftR_AXDX_BY_CX_seg005_105F_3614
ovr108_819	MoveFilePointer_seg005_105F_1C75
ovr108_934	ApplyPalette_seg017_2179_220
ovr108_934	seg023_9
ovr108_A55	ovr108_14DF
ovr108_A55	seg003_0272_48F4
ovr108_A55	seg003_0272_4D3C
ovr108_AC6	ovr108_14DF
ovr108_B8E	seg003_0272_4A7F
ovr109_0	RegisterEventHandler_seg010_1CA1_104
ovr112_1BF	ChangeDirectory_seg005_105F_1683
ovr112_1BF	DeleteFilesInFolder_ovr149_66B
ovr112_1BF	seg010_1CA1_59
ovr112_1BF	seg016_1E73_29C5
ovr112_1BF	seg016_1E73_2AEC
ovr112_1BF	seg037_32C0_2BE
ovr112_1BF	seg039_3452_84
ovr112_1BF	seg042_35ED_9B
ovr112_217	GetDirectoryName_seg005_1A91
ovr112_217	RegisterEventHandler_seg010_1CA1_104
ovr112_217	StoreStringInLocation_seg005_105F_2891
ovr112_217	ToUpperCase_seg005_105F_2940
ovr112_396	ErrorCanNoLongerRun_ovr114_D1
ovr112_396	LikelyDrawCursor_seg015_1D7C_C0
ovr112_396	MoveDataBySize_seg005_105F_1DF9
ovr112_396	RefreshPlayerStatus_ovr142_732
ovr112_396	RenderScene_seg032_2E9B_2FD
ovr112_396	SetGameLoopBitField_seg012_1D31_AE
ovr112_396	seg015_1D7C_D6
ovr112_396	seg032_2E9B_F
ovr112_396	seg037_32C0_16AA
ovr112_657	DRAWWorld_seg032_2E9B_355
ovr116_194	WriteDataToHandleAtPointer_seg005_105F_1458
ovr116_1C3	BitLShift_seg005_105F_35D3
ovr116_1C3	RightShift32BitNumber_seg005_105F_35F4
ovr116_1C3	ovr116_194
ovr116_2A3	WriteDataToHandleAtPointer_seg005_105F_1458
ovr116_2A3	ovr116_149
ovr116_2A3	ovr116_194
ovr116_2A3	ovr116_1C3
ovr116_2A3	ovr116_420
ovr116_420	DRAW_RELATED_seg017_2179_4
ovr117_111	seg042_35ED_12B
ovr117_2FD	ovr117_286
ovr118_0	DrawBitmapScreen_seg003_0272_4AC1
ovr118_0	GraphicsCall_seg003_0272_46E6
ovr118_0	OpenFont_ovr118_772BW_9B
ovr118_0	seg003_0272_4629
ovr118_0	seg003_0272_4933
ovr118_0	seg021_22FD_755
ovr118_213	ApplyCutscenePalette_ovr118_19F
ovr118_330	ApplyCutscenePalette_ovr118_19F
ovr118_42F	LikelyDrawCursor_seg015_1D7C_C0
ovr118_42F	seg015_1D7C_D6
ovr118_42F	seg021_22FD_C84
ovr118_42F	seg037_32C0_16AA
ovr118_508	ovr118_42F
ovr118_51E	CallSomeFunction_ovr118_472
ovr118_534	ovr118_42F
ovr118_54B	CallSomeFunction_ovr118_472
ovr118_D3	seg015_1D7C_D6
ovr118_D3	seg021_22FD_791
ovr119_0	FileReadToAddress_seg005_105F_954
ovr119_0	ProbablyGetAnArrayReference_seg005_105F_37AF
ovr119_0	SeekToAFile_Location_seg005_105F_A07
ovr119_1D5	CloseFile_seg005_105F_47D
ovr119_2F6	MapMemory_seg013_1D3C_C7
ovr119_472	DRAW_RELATED_seg017_2179_2A2
ovr119_472	DRAW_RELATED_seg017_2179_361
ovr119_472	seg001_023B_4A
ovr119_64B	LoadArtImage_ovr119_548
ovr119_66F	LoadArtImage_ovr119_548
ovr119_949	LoadArtImage_ovr119_548
ovr121_1EF	ChangeFClassToClosedContainer_ovr121_1A2
ovr121_1EF	UWAdSpaceAllocation_seg005_105F_325E
ovr121_293	InventorySlotRedraw_ovr125_904
ovr121_293	LikelyDrawCursor_seg015_1D7C_C0
ovr121_293	MaybeRedrawSlot_seg001_023B_25B
ovr121_293	ovr121_1EF
ovr121_293	seg015_1D7C_D6
ovr121_35B	ChangeFClassToClosedContainer_ovr121_1A2
ovr121_35B	GetNextOrLinkedObject_seg029_2A8E_8BE
ovr121_35B	MaybeAnInventoryRedraw_ovr121_424
ovr121_35B	UWAdSpaceAllocation_seg005_105F_325E
ovr121_35B	UpdateInventorySlots_ovr121_4D8
ovr121_35B	ovr121_293
ovr121_A73	MaybeAnInventoryRedraw_ovr121_424
ovr121_A73	UpdateInventorySlots_ovr121_4D8
ovr121_A98	GetNextOrLinkedObject_seg029_2A8E_8BE
ovr121_A98	MaybeAnInventoryRedraw_ovr121_424
ovr121_A98	ReverseObjectLookup_seg029_2A8E_927
ovr121_A98	UpdateInventorySlots_ovr121_4D8
ovr121_E91	CanObjectBeAddedToSlot_ovr125_BB1
ovr121_E91	ChangeCursor_seg015_1D7C_67D
ovr121_E91	GetNextOrLinkedObject_seg029_2A8E_8BE
ovr121_E91	GetObjectMass_ovr124_DF2
ovr121_E91	InsertObjectToList_seg029_2A8E_58C
ovr121_E91	LikelyResetCursor_seg015_1D7C_6AF
ovr121_E91	RefreshPlayerStatus_ovr142_732
ovr121_E91	ReverseObjectLookup_seg029_2A8E_927
ovr121_E91	SwapTradeSlotObject_ovr125_9C2
ovr121_E91	UpdateInventorySlots_ovr121_4D8
ovr122_0	ClearObjectList_ovr122_50E
ovr122_0	ClearPaperDollSlots_ovr125_1EB
ovr124_79F	FindAndRemoveQtyFromPlayerInventory_ovr124_8AF
ovr124_79F	GetNextOrLinkedObject_seg029_2A8E_8BE
ovr124_79F	InventorySlotRedraw_ovr125_904
ovr124_79F	MaybeAnInventoryRedraw_ovr121_424
ovr124_79F	UpdateInventorySlots_ovr121_4D8
ovr125_1730	DrawCursorAtCoordinate_seg009_26B
ovr125_1730	MaybeRedrawSlot_seg001_023B_25B
ovr125_1730	RedrawRangeOfSlots_ovr125_1776
ovr125_5B4	ChangeCursor_seg015_1D7C_67D
ovr125_5B4	GetMouseButtonStatus_seg015_1D7C_287
ovr125_5B4	GetPositionIn3dWindow_seg015_1D7C_1FB
ovr125_5B4	LikelyResetCursor_seg015_1D7C_6AF
ovr125_5B4	MaybeItemClickOnSlot_ovr125_1208
ovr125_5B4	MouseClickRelated_seg015_1D7C_2A9
ovr125_5B4	PickupDropWorldorInventory_ovr121_0
ovr125_5B4	ovr125_19BA
ovr136_232	ovr136_0
ovr136_232	ovr136_649
ovr136_2B	GetPositionIn3dWindow_seg015_1D7C_1FB
ovr136_2B	WaitInputCommand_seg015_1D7C_594
ovr136_2B	ovr136_0
ovr136_2B	ovr136_649
ovr136_2B	ovr136_680
ovr136_33C	ListSaveGamesInScroll_ovr149_771E_2C2
ovr136_38C	LikelyDrawCursor_seg015_1D7C_C0
ovr136_38C	PutWeaponAway_seg026_2716_1396
ovr136_38C	seg015_1D7C_D6
ovr136_487	ovr136_649
ovr136_495	ovr136_4BB
ovr136_495	ovr136_649
ovr136_4BB	ovr136_4E0
ovr136_4E0	LikelyDrawCursor_seg015_1D7C_C0
ovr136_4E0	ovr136_767
ovr136_4E0	seg015_1D7C_D6
ovr136_51E	ovr136_649
ovr136_52C	ovr136_4E0
ovr136_52C	ovr136_649
ovr136_5D0	ovr136_649
ovr136_5D0	ovr136_6CF
ovr136_649	ovr136_719
ovr136_680	GetPositionIn3dWindow_seg015_1D7C_1FB
ovr136_6CF	ovr136_767
ovr136_6CF	ovr136_7DD
ovr136_6CF	ovr136_809
ovr136_719	ovr136_767
ovr136_767	GraphicsCall_seg003_0272_46E6
ovr136_767	LikelyDrawCursor_seg015_1D7C_C0
ovr136_767	seg003_0272_48F4
ovr136_767	seg003_0272_4CF2
ovr136_767	seg003_0272_51C8
ovr136_767	seg015_1D7C_D6
ovr136_7DD	LikelyDrawCursor_seg015_1D7C_C0
ovr136_7DD	seg003_0272_48F4
ovr136_7DD	seg003_0272_4CF2
ovr136_7DD	seg015_1D7C_D6
ovr136_809	DrawCursorAtCoordinate_seg009_26B
ovr136_809	GraphicsCall_seg003_0272_46E6
ovr136_809	LikelyDrawCursor_seg015_1D7C_C0
ovr136_809	LoadArtFile_ovr119_986
ovr136_809	ovr136_767
ovr136_809	seg015_1D7C_D6
ovr136_8F	ChangeThemeToBrittania_seg016_1E73_2B73
ovr136_8F	DrawCursorAtCoordinate_seg009_26B
ovr136_8F	LikelyDrawCursor_seg015_1D7C_C0
ovr136_8F	LoadArtFile_ovr119_986
ovr136_8F	WaitInputCommand_seg015_1D7C_594
ovr136_8F	ovr136_232
ovr136_8F	ovr136_2B
ovr136_8F	ovr136_5D0
ovr136_8F	ovr136_6CF
ovr136_8F	seg014_11D
ovr136_8F	seg015_1D7C_D6
ovr136_8F	seg037_32C0_14FC
ovr137_2A8	RegisterClickArea_seg010_1CA1_82
ovr137_2A8	seg014_A
ovr137_331	seg010_1CA1_174
ovr137_331	seg014_4C
ovr137_367	DrawHUD_seg037_32C0_14C
ovr137_367	PlayerUpdateTick_seg026_2716_8
ovr137_367	ProbablyInitConversationUI_ovr125_48
ovr137_367	ovr137_2A8
ovr137_367	seg014_11D
ovr137_367	seg016_1E73_1987
ovr137_3A9	DoesNothing_ovr125_1E6
ovr137_3A9	ovr137_331
ovr137_3B7	GraphicsCall_seg003_0272_46E6
ovr137_3B7	PrintStringFromBlock1_seg039_3452_4A4
ovr139_0	seg043_3619_618
ovr139_0	seg043_3619_64
ovr139_151	seg043_3619_22
ovr139_151	seg043_3619_4E
ovr139_83C	LikelyDrawCursor_seg015_1D7C_C0
ovr139_83C	seg003_0272_48F4
ovr139_83C	seg003_0272_4CF2
ovr139_83C	seg015_1D7C_D6
ovr139_83C	seg043_3619_3
ovr139_83C	seg043_3619_64
ovr139_83C	seg043_3619_B8
ovr140_4F	DrawArtToScreen_seg003_0272_4FC2
ovr140_4F	seg009_392
ovr140_4F	seg009_3F2
ovr143_722	RegisterClickArea_seg010_1CA1_82
ovr143_722	seg010_1CA1_174
ovr143_722	seg015_1D7C_5AE
ovr143_97F	seg010_1CA1_174
ovr143_97F	seg015_1D7C_61F
ovr147_53F	DrawMainMenuLoadScreen_ovr147_CC
ovr147_53F	GetPositionIn3dWindow_seg015_1D7C_1FB
ovr147_53F	OpenFont_ovr118_772BW_9B
ovr147_53F	WaitInputCommand_seg015_1D7C_594
ovr147_53F	WritingTextToScreen_seg003_0272_454B
ovr151_12C	LoadScdArkData_ovr151_1C1
ovr151_12C	SaveSCD_ovr151_28C
ovr151_12C	ovr151_6A3
ovr151_457	ProcessGeneralSCDBlock_ovr151_2BD
ovr151_47C	DataCopy_seg005_105F_36BD
ovr151_6A3	ovr151_47C
ovr154_1401	LikelyResetCursor_seg015_1D7C_6AF
ovr154_1401	PlaceObjectAtAnotherObjectPosition_seg028_2941_1300
ovr162_0	FileReadMaybe_seg005_105F_AB0
ovr167_252	seg003_0272_48F4
ovr167_252	seg003_0272_4DC2
ovr167_421	ListFiles_ovr167_3F6
ovr167_421	MaybeErrorHandler_ovr114_AB
ovr167_463	seg005_105F_16E5
ovr167_463	seg005_105F_4FD
ovr167_531	CloseFile_seg005_105F_2FE
ovr167_531	FileAccessFunctions_seg005_105F_1E46
ovr167_531	FileWriteWithParams_ovr167_627
pause_ovr103_10DD	LikelyWaitForMore_ovr139_29
pause_ovr103_10DD	MouseClickRelated_seg015_1D7C_2A9
pause_ovr103_10DD	seg042_35ED_1DE
place_object_ovr096_9D4	GetNextOrLinkedObject_seg029_2A8E_8BE
place_object_ovr096_9D4	GetTile_seg036_32A9_F
place_object_ovr096_9D4	LinkObjectToList_seg029_2A8E_5FA
place_object_ovr096_9D4	LookupObjectByIndex_seg029_2A8E_971
place_object_ovr096_9D4	MoveObjectToCoordinates_seg028_2941_1245
place_object_ovr096_9D4	PlacedObjectCollision_seg030_2BB7_10BC
place_object_ovr096_9D4	TestIfObjectFitsInTile_seg028_2941_1021
place_object_ovr096_9D4	UnlinkObjectFromLinkedList_seg029_2A8E_684
print_ovr103_1026	AppendString_seg039_3452_90B
print_ovr103_1026	ConversationTextVariableReplacement_ovr095_F56
print_ovr103_1026	CopyStringToLocation_seg017_2179_13F
print_ovr103_1026	GetStringByID_seg039_3452_8E
print_ovr103_1026	WriteTextToMessageScroll_seg043_3619_1A0
print_ovr103_1026	seg042_35ED_1DE
print_ovr103_1026	seg043_3619_38
print_ovr103_1026	seg043_3619_4E
probablyTradeObjects_ovr097_100A	AddToFreeObjectLists_seg029_2A8E_508
probablyTradeObjects_ovr097_100A	EvalLikeDislike_ovr097_203E
probablyTradeObjects_ovr097_100A	GetNextOrLinkedObject_seg029_2A8E_8BE
probablyTradeObjects_ovr097_100A	LikelyDrawCursor_seg015_1D7C_C0
probablyTradeObjects_ovr097_100A	LinkObjectToList_seg029_2A8E_5FA
probablyTradeObjects_ovr097_100A	LookupObjectByIndex_seg029_2A8E_971
probablyTradeObjects_ovr097_100A	MaybeRedrawSlot_seg001_023B_25B
probablyTradeObjects_ovr097_100A	SomethingWithTradeSlot_ovr097_E83
probablyTradeObjects_ovr097_100A	seg015_1D7C_D6
probablyTradeObjects_ovr097_100A	seg042_35ED_1DE
remove_talker_ovr096_CA4	GetTile_seg036_32A9_F
remove_talker_ovr096_CA4	RemoveObject_seg029_2A8E_704
seg000_120	seg000_229
seg000_155	seg000_229
seg000_18B	seg000_229
seg000_1C2	seg000_229
seg000_1F9	seg000_229
seg000_330	DrawCursorAtCoordinate_seg009_26B
seg000_330	LikelyDrawCursor_seg015_1D7C_C0
seg000_330	seg001_023B_112
seg000_330	seg001_023B_1EF
seg000_330	seg001_023B_268
seg000_330	seg009_353
seg000_330	seg015_1D7C_D6
seg000_A6	seg000_229
seg000_EB	seg000_229
seg001_023B_1EF	seg003_0272_48F4
seg001_023B_1EF	seg003_0272_4CF2
seg001_023B_268	seg003_0272_48F4
seg001_023B_268	seg003_0272_4CF2
seg001_023B_C	seg003_0272_49AE
seg003_0272_28	seg021_22FD_C00
seg003_0272_283D	SetVideoMode_seg003_0272_2B9B
seg003_0272_283D	seg003_0272_2ABE
seg003_0272_283D	seg003_0272_2AED
seg003_0272_283D	seg003_0272_2B44
seg003_0272_283D	seg003_0272_2B7A
seg003_0272_283D	seg003_0272_31BE
seg003_0272_283D	seg003_0272_31E7
seg003_0272_283D	seg003_0272_3BE2
seg003_0272_2914	seg003_0272_2945
seg003_0272_2977	seg003_0272_2A8F
seg003_0272_2977	seg003_0272_2B2C
seg003_0272_2A0D	seg003_0272_2B2C
seg003_0272_2ABE	seg003_0272_295F
seg003_0272_2ABE	seg003_0272_2AED
seg003_0272_2B44	seg003_0272_2B53
seg003_0272_31BE	nullsub_1
seg003_0272_31E7	seg003_0272_2BF9
seg003_0272_31E7	seg003_0272_2C44
seg003_0272_326A	seg003_0272_52B7
seg003_0272_326D	seg003_0272_342E
seg003_0272_327D	seg003_0272_326D
seg003_0272_328F	seg003_0272_327D
seg003_0272_328F	seg003_0272_5299
seg003_0272_331A	seg003_0272_32E2
seg003_0272_331A	seg003_0272_52B4
seg003_0272_3321	seg003_0272_32E2
seg003_0272_336E	seg003_0272_33BE
seg003_0272_3371	seg003_0272_3324
seg003_0272_3371	seg003_0272_34AE
seg003_0272_341E	seg003_0272_33BE
seg003_0272_375C	seg003_0272_37BE
seg003_0272_37BE	seg003_0272_381C
seg003_0272_38B4	seg003_0272_395C
seg003_0272_38B4	seg003_0272_3989
seg003_0272_395C	seg003_0272_39BB
seg003_0272_3989	seg003_0272_39BB
seg003_0272_39BB	seg003_0272_3A02
seg003_0272_3B0D	seg003_0272_34C7
seg003_0272_3B8F	seg003_0272_3C61
seg003_0272_3B8F	seg003_0272_4150
seg003_0272_4431	seg003_0272_527B
seg003_0272_46	seg021_22FD_C00
seg003_0272_4629	seg003_0272_52BD
seg003_0272_475E	seg003_0272_529F
seg003_0272_47E2	seg003_0272_52A5
seg003_0272_48F4	seg003_0272_52B7
seg003_0272_4933	seg003_0272_52BA
seg003_0272_49AE	seg003_0272_3206
seg003_0272_4A3A	seg003_0272_2977
seg003_0272_4A7F	seg003_0272_2A0D
seg003_0272_4B1B	seg003_0272_328F
seg003_0272_4C1F	seg003_0272_34AE
seg003_0272_4CAB	seg003_0272_3324
seg003_0272_4CF2	seg003_0272_341E
seg003_0272_4D3C	seg003_0272_342E
seg003_0272_4D86	seg003_0272_3423
seg003_0272_4DC2	seg003_0272_336E
seg003_0272_5239	seg003_0272_B9B
seg003_0272_536B	seg003_0272_52B7
seg003_0272_5B50	seg003_0272_5D47
seg004_0849_1006	seg021_22FD_A34
seg004_0849_1099	seg003_0272_0
seg004_0849_1A6D	seg004_0849_34C5
seg004_0849_1B4B	seg004_0849_3A88
seg004_0849_26E1	seg004_0849_3A88
seg004_0849_27EA	seg004_0849_3A88
seg004_0849_28FA	seg004_0849_3A88
seg004_0849_2A08	seg004_0849_3A88
seg004_0849_3007	seg004_0849_30DC
seg004_0849_3007	seg004_0849_340E
seg004_0849_3007	seg004_0849_35FF
seg004_0849_30DC	SquareRoot_seg021_22FD_A30
seg004_0849_368D	seg004_0849_3650
seg004_0849_368D	seg021_22FD_A34
seg004_0849_37F5	seg004_0849_37B8
seg004_0849_37F5	seg021_22FD_A34
seg004_0849_395D	seg004_0849_3920
seg004_0849_395D	seg021_22FD_A34
seg004_0849_3B04	seg004_0849_3B41
seg004_0849_444C	seg004_0849_4166
seg004_0849_4511	seg004_0849_4220
seg004_0849_45CA	seg004_0849_42D3
seg004_0849_4686	seg004_0849_438A
seg004_0849_4686	seg004_0849_444C
seg004_0849_4686	seg004_0849_4511
seg004_0849_4686	seg004_0849_45CA
seg004_0849_4E10	seg004_0849_50E0
seg004_0849_4E8A	seg004_0849_4686
seg004_0849_4E8A	seg004_0849_4E10
seg004_0849_4E8A	seg004_0849_5A54
seg004_0849_4E8A	seg004_0849_6720
seg004_0849_50E0	seg004_0849_515A
seg004_0849_5A54	seg004_0849_54C0
seg004_0849_5A54	seg004_0849_5712
seg004_0849_5A54	seg004_0849_5966
seg004_0849_5A54	seg004_0849_5CDF
seg004_0849_5A54	seg004_0849_5D2E
seg004_0849_5A54	seg004_0849_5D66
seg004_0849_6720	seg004_0849_6240
seg004_0849_6720	seg004_0849_6437
seg004_0849_6720	seg004_0849_6632
seg004_0849_6720	seg004_0849_68B5
seg004_0849_6720	seg004_0849_6952
seg004_0849_68B5	seg004_0849_51B0
seg004_0849_68B5	seg004_0849_6866
seg004_0849_7F8D	seg004_0849_805B
seg004_0849_7FC	seg004_0849_3A88
seg004_0849_92E	seg004_0849_3A88
seg004_0849_A64	seg004_0849_3A88
seg004_0849_B98	seg004_0849_3A88
seg004_0849_F0C	seg021_22FD_A34
seg005_105F_11AF	GetTimezone_seg005_105F_2960
seg005_105F_11AF	ModulusDivision_seg005_105F_3531
seg005_105F_11AF	SomeDateCalc_seg005_105F_2AE1
seg005_105F_11AF	seg005_105F_3522
seg005_105F_137F	CombineStrings_seg005_27F3
seg005_105F_137F	seg005_105F_1D42
seg005_105F_17BB	File_Error_Handler_seg005_1C27
seg005_105F_193F	seg005_105F_54F
seg005_105F_1968	ReadBytesAtFilePtr_seg005_1FCD
seg005_105F_1968	seg005_105F_193F
seg005_105F_19C1	seg005_105F_19D9
seg005_105F_19D9	ReadBytesAtFilePtr_seg005_1FCD
seg005_105F_19D9	seg005_105F_17BB
seg005_105F_19D9	seg005_105F_193F
seg005_105F_19D9	seg005_105F_1968
seg005_105F_1D42	Hex2Dec_seg005_105F_1C9E
seg005_105F_257F	seg005_105F_2554
seg005_105F_2BD6	seg005_105F_2BDD
seg005_105F_2BDD	seg005_105F_2BE6
seg005_105F_312C	UWADSpaceAllocation_seg005_105F_3D1
seg005_105F_312C	seg005_105F_31FF
seg005_105F_318E	seg005_105F_3228
seg005_105F_3287	seg005_105F_410
seg005_105F_32E8	seg005_105F_410
seg005_105F_33C1	ProbablyAllocateSpaceForSound_seg005_105F_3344
seg005_105F_33C1	UWAdSpaceAllocation_seg005_105F_325E
seg005_105F_343B	UWADSpaceAllocation_seg005_105F_3D1
seg005_105F_343B	UWAdSpaceAllocation_seg005_105F_325E
seg005_105F_36E0	seg005_105F_36FD
seg005_105F_36E0	seg005_105F_3737
seg005_105F_36FD	seg005_105F_1614
seg005_105F_36FD	seg005_105F_3770
seg005_105F_3737	seg005_105F_378C
seg005_105F_380F	seg005_105F_1636
seg005_105F_384F	seg005_105F_1636
seg005_105F_3891	ProbablyGetAnArrayReference_seg005_105F_37AF
seg005_105F_3891	seg005_105F_36E0
seg005_105F_38C6	seg005_105F_1614
seg005_105F_38C6	seg005_105F_3737
seg005_105F_410	CheckSpaceAllocationForUWAD_seg005_105F_351
seg005_105F_410	MaybeAMemoryAllocationCheck_seg005_105F_3972
seg005_105F_410	seg005_105F_3632
seg005_105F_4FD	seg005_105F_3692
seg005_105F_54F	WriteDataToHandleAtPointer_seg005_105F_1458
seg005_105F_54F	seg005_105F_644
seg005_105F_5D5	seg005_105F_19C1
seg005_105F_644	seg005_105F_54F
seg005_105F_A6D	GetFileSeekPtr_seg005_105F_1072
seg005_105F_A6D	seg005_105F_9A1
seg005_105F_B5E	seg005_105F_B7A
seg005_105F_B7A	WriteDataToHandle_seg005_105F_30B5
seg005_105F_B7A	seg005_105F_54F
seg005_105F_C96	MoveData_seg005_105F_1D81
seg005_105F_C96	WriteDataToHandleAtPointer_seg005_105F_1458
seg005_105F_C96	WriteDataToHandle_seg005_105F_30B5
seg005_105F_C96	seg005_105F_54F
seg005_105F_C96	seg005_105F_B5E
seg005_105F_C96	seg005_105F_B7A
seg005_105F_E7E	ProbablyGetAnArrayReference_seg005_105F_37AF
seg005_105F_E7E	SeekToAFile_Location_seg005_105F_A07
seg005_105F_E7E	seg005_105F_36E0
seg005_105F_F7F	seg005_105F_20C1
seg005_105F_FBA	SetCurrentDate_seg005_105F_2732
seg005_105F_FBA	SetCurrentTime_seg005_105F_2745
seg005_105F_FBA	seg005_105F_11AF
seg009_150	seg021_22FD_F83
seg009_1A2	seg003_0272_5088
seg009_1A2	seg009_7
seg009_1A2	seg021_22FD_F83
seg009_2CC	DRAW_RELATED_seg017_2179_320
seg009_2CC	GetMouseIcon_seg009_227
seg009_2CC	seg009_7
seg009_332	GetMouseIcon_seg009_227
seg009_332	seg009_1A2
seg009_353	DRAW_RELATED_seg003_0272_5025
seg009_353	GetMouseIcon_seg009_227
seg009_392	MapMemory_seg013_1D3C_C7
seg009_7	MapMemory_seg013_1D3C_C7
seg009_73	DRAW_RELATED_seg003_0272_5025
seg009_73	DRAW_RELATED_seg017_2179_320
seg009_73	DrawArtToScreen_seg003_0272_4FC2
seg009_73	seg009_7
seg009_73	seg021_22FD_F83
seg010_1CA1_174	DataCopy_seg005_105F_36BD
seg010_1CA1_174	ErrorCanNoLongerRun_ovr114_D1
seg010_1CA1_174	RegisterEventRelated_seg005_105F_3908
seg010_1CA1_3	MaybeErrorHandler_ovr114_AB
seg010_1CA1_3	ProbablyGetAnArrayReference_seg005_105F_37AF
seg010_1CA1_59	seg005_105F_36E0
seg011_12B	ChangeThemeToBrittania_seg016_1E73_2B73
seg011_12B	seg015_1D7C_4AE
seg011_12B	seg021_22FD_7CD
seg011_12B	seg021_22FD_809
seg011_2C6	MultiplyAXByBX_seg005_105F_350B
seg011_6	MultiplyAXByBX_seg005_105F_350B
seg011_6	seg021_22FD_7CD
seg011_6	seg021_22FD_809
seg013_1D3C_A	seg013_1D3C_138
seg014_11D	DrawCursorAtCoordinate_seg009_26B
seg014_11D	GraphicsCall_seg003_0272_46E6
seg014_11D	LikelyDrawCursor_seg015_1D7C_C0
seg014_11D	seg003_0272_48F4
seg014_11D	seg003_0272_4D3C
seg014_11D	seg015_1D7C_D6
seg014_4C	seg010_1CA1_174
seg014_5C	GetPositionIn3dWindow_seg015_1D7C_1FB
seg014_A	DrawCursorAtCoordinate_seg009_26B
seg014_A	LikelyDrawCursor_seg015_1D7C_C0
seg014_A	RegisterClickArea_seg010_1CA1_82
seg014_A	seg015_1D7C_D6
seg014_AF	DrawCursorAtCoordinate_seg009_26B
seg014_AF	GraphicsCall_seg003_0272_46E6
seg014_AF	LikelyDrawCursor_seg015_1D7C_C0
seg014_AF	seg003_0272_48F4
seg014_AF	seg003_0272_4D3C
seg014_AF	seg015_1D7C_D6
seg015_1D7C_114	seg015_1D7C_6F9
seg015_1D7C_139	seg015_1D7C_CD4
seg015_1D7C_25A	LikelyDrawCursor_seg015_1D7C_C0
seg015_1D7C_25A	seg015_1D7C_7AB
seg015_1D7C_25A	seg015_1D7C_D6
seg015_1D7C_25A	seg021_22FD_9AD
seg015_1D7C_3E6	GetMouseButtonStatus_seg015_1D7C_F15
seg015_1D7C_3E6	seg015_1D7C_87F
seg015_1D7C_4AE	seg015_1D7C_432
seg015_1D7C_4AE	seg021_22FD_971
seg015_1D7C_5AE	seg015_1D7C_7AB
seg015_1D7C_61F	seg015_1D7C_7AB
seg015_1D7C_7AB	ProbablyUpdateMouseIcon_seg015_1D7C_745
seg015_1D7C_87F	DrawBitmapScreen_seg003_0272_4AC1
seg015_1D7C_87F	DrawCursorAtMouseXY_seg015_1D7C_C70
seg015_1D7C_87F	ProbablyClearMousePointer_seg015_1D7C_74
seg015_1D7C_87F	seg011_2C6
seg015_1D7C_87F	seg011_6
seg015_1D7C_87F	seg015_1D7C_7AB
seg015_1D7C_87F	seg021_22FD_9AD
seg015_1D7C_B70	seg003_0272_48F4
seg015_1D7C_B70	seg003_0272_4CF2
seg015_1D7C_BB7	seg003_0272_4CF2
seg015_1D7C_BB7	seg003_0272_517B
seg015_1D7C_BB7	seg003_0272_5239
seg015_1D7C_CD4	seg009_332
seg015_1D7C_CD4	seg015_1D7C_BB7
seg015_1D7C_D	ProbablyUpdateMouseIcon_seg015_1D7C_745
seg015_1D7C_D	seg001_023B_4A
seg015_1D7C_D6	ProbablyClearMousePointer_seg015_1D7C_74
seg015_1D7C_D6	seg003_0272_48F4
seg016_1E73_120F	seg022_2405_C09
seg016_1E73_16F0	FindAndPushAdvEntry_9C_seg022_2405_C57
seg016_1E73_16F0	ReadUW_ADBlock_seg016_1E73_1546
seg016_1E73_16F0	UWAdSpaceAllocation_seg005_105F_325E
seg016_1E73_18DD	AddFileToTable_seg005_105F_7FC
seg016_1E73_18DD	CloseFile_seg005_105F_47D
seg016_1E73_18DD	GetFileSize_seg005_105F_1883
seg016_1E73_18DD	ProbablyAllocateSpaceForSound_seg005_105F_3344
seg016_1E73_1987	FindAndPushAdvEntryAE_seg022_2405_C81
seg016_1E73_1987	seg022_2405_C6F
seg016_1E73_1987	seg022_2405_C93
seg016_1E73_19DE	AddFileToTable_seg005_105F_7FC
seg016_1E73_19DE	CloseFile_seg005_105F_47D
seg016_1E73_19DE	GetFileSize_seg005_105F_1883
seg016_1E73_19DE	ProbablyAllocateSpaceForSound_seg005_105F_3344
seg016_1E73_1BC3	seg016_1E73_20C1
seg016_1E73_1BE9	seg022_2405_C75
seg016_1E73_1FFD	seg016_1E73_120F
seg016_1E73_1FFD	seg022_2405_CC3
seg016_1E73_1FFD	seg022_2405_CED
seg016_1E73_20C1	seg016_1E73_218F
seg016_1E73_20C1	seg022_2405_CC3
seg016_1E73_20C1	seg022_2405_CED
seg016_1E73_218F	seg016_1E73_120F
seg016_1E73_2400	LoadSoundsDat_seg016_1E73_22A8
seg016_1E73_2400	seg016_1E73_1AF
seg016_1E73_2400	seg022_2405_77C
seg016_1E73_2400	seg022_2405_89E
seg016_1E73_2400	seg022_2405_97F
seg016_1E73_284	seg016_1E73_120F
seg016_1E73_29C5	seg022_2405_837
seg016_1E73_29C5	seg022_2405_8E4
seg016_1E73_29E7	UWAdSpaceAllocation_seg005_105F_325E
seg016_1E73_29E7	seg022_2405_BA6
seg016_1E73_2AEC	seg016_1E73_12AE
seg016_1E73_2AEC	seg016_1E73_29E7
seg016_1E73_2AEC	seg022_2405_717
seg016_1E73_2E31	CombineStrings_seg005_27F3
seg016_1E73_2E31	StoreStringInLocation_seg005_105F_2891
seg016_1E73_2E31	seg016_1E73_18DD
seg016_1E73_2E31	seg016_1E73_2DE4
seg016_1E73_2E31	seg022_2405_A10
seg016_1E73_2E31	seg022_2405_AC8
seg016_1E73_2E31	seg022_2405_AEE
seg016_1E73_2E31	seg022_2405_AF4
seg016_1E73_2FCB	seg005_105F_5D5
seg016_1E73_2FCB	seg005_105F_F7F
seg016_1E73_377	MapMemory_seg013_1D3C_C7
seg016_1E73_377	MoveDataBySize_seg005_105F_1DF9
seg016_1E73_377	seg013_1D3C_E4
seg016_1E73_377	seg022_2405_BD9
seg016_1E73_377	seg042_35ED_12B
seg016_1E73_5	seg022_2405_BDF
seg016_1E73_5	seg022_2405_BEB
seg016_1E73_5	seg022_2405_C03
seg016_1E73_5	seg022_2405_C1B
seg016_1E73_5	seg022_2405_C27
seg016_1E73_5	seg022_2405_CC3
seg016_1E73_5	seg022_2405_CED
seg016_1E73_F2D	CalculateSoundFallOffToPlayer_seg016_1E73_D81
seg016_1E73_F2D	RightShift32BitNumber_seg005_105F_35F4
seg016_1E73_F2D	seg016_1E73_377
seg016_1E73_F2D	seg022_2405_BDF
seg016_1E73_F2D	seg022_2405_BEB
seg016_1E73_F2D	seg022_2405_C03
seg016_1E73_F2D	seg022_2405_C1B
seg016_1E73_F2D	seg022_2405_C27
seg019_21BA_37E	GetTilesToRender_seg019_21BA_562
seg019_21BA_37E	seg019_21BA_41
seg019_21BA_37E	seg045_379C_B7
seg019_21BA_37E	seg045_379C_E5
seg021_22FD_0	seg021_22FD_244
seg021_22FD_0	seg021_22FD_65
seg021_22FD_102B	MouseRenderRelated_seg015_1D7C_B30
seg021_22FD_102B	seg021_22FD_1004
seg021_22FD_102B	seg021_22FD_FDD
seg021_22FD_112	seg021_22FD_11B
seg021_22FD_17	MaybePaletteCycling_seg021_22FD_A1
seg021_22FD_17	seg021_22FD_174
seg021_22FD_17	seg021_22FD_73E
seg021_22FD_17	seg021_22FD_E9
seg021_22FD_236	seg021_22FD_228
seg021_22FD_244	seg021_22FD_150
seg021_22FD_244	seg021_22FD_1D0
seg021_22FD_244	seg021_22FD_2B6
seg021_22FD_244	seg021_22FD_2BD
seg021_22FD_244	seg021_22FD_30A
seg021_22FD_244	seg021_22FD_598
seg021_22FD_244	seg021_22FD_6C8
seg021_22FD_244	seg021_22FD_730
seg021_22FD_30A	seg021_22FD_3FD
seg021_22FD_380	seg021_22FD_3A3
seg021_22FD_38F	seg021_22FD_3A3
seg021_22FD_3A3	seg021_22FD_3FD
seg021_22FD_4A8	seg021_22FD_454
seg021_22FD_4A8	seg021_22FD_51A
seg021_22FD_4A8	seg021_22FD_562
seg021_22FD_4A8	seg021_22FD_577
seg021_22FD_598	seg021_22FD_46B
seg021_22FD_598	seg021_22FD_5E9
seg021_22FD_5C8	seg021_22FD_5E9
seg021_22FD_692	seg021_22FD_6A6
seg021_22FD_6C0	Read_Mouse_Motion_seg021_6E7
seg021_22FD_6C4	Mouse_Position_And_Button_status_seg021_703
seg021_22FD_730	seg021_22FD_680
seg021_22FD_730	seg021_22FD_6A0
seg021_22FD_755	seg021_22FD_0
seg021_22FD_791	seg021_22FD_17
seg021_22FD_7CD	seg021_22FD_3A3
seg021_22FD_809	seg021_22FD_2EC
seg021_22FD_971	seg021_22FD_4A8
seg021_22FD_9AD	Read_Mouse_Motion_seg021_6E7
seg021_22FD_A34	HeadingLookupCalc_seg021_22FD_A38
seg021_22FD_C7E	DRAW_RELATED_seg003_0272_7F9
seg021_22FD_C84	seg003_0272_6E4
seg021_22FD_D1D	seg003_0272_7A8
seg021_22FD_D7A	seg003_0272_18
seg021_22FD_D7A	seg003_0272_6E2
seg021_22FD_D7A	seg004_0849_3007
seg021_22FD_D7A	seg004_0849_7F12
seg021_22FD_E1A	seg003_0272_5363
seg021_22FD_E9	seg021_22FD_112
seg021_22FD_F83	seg004_0849_7F0C
seg022_2405_5C9	seg022_2405_5A0
seg022_2405_63E	seg022_2405_5C9
seg022_2405_717	seg022_2405_837
seg022_2405_717	seg022_2405_880
seg022_2405_717	seg022_2405_BA6
seg022_2405_77C	seg022_2405_4E1
seg022_2405_77C	seg022_2405_524
seg022_2405_77C	seg022_2405_89E
seg022_2405_77C	seg022_2405_92A
seg022_2405_837	seg022_2405_570
seg022_2405_837	seg022_2405_5A0
seg022_2405_880	seg022_2405_837
seg022_2405_92A	seg022_2405_63E
seg022_2405_97F	seg022_2405_5F3
seg022_2405_97F	seg022_2405_92A
seg022_2405_A10	seg022_2405_AC8
seg022_2405_AC8	PushAdvTableEntry_seg022_2405_3F2
seg022_2405_AF4	FindEntryInAdvFile_seg022_2405_3BA
seg022_2405_AF4	PushAdvTableEntry_seg022_2405_3F2
seg022_2405_AF4	seg022_2405_77C
seg022_2405_AF4	seg022_2405_89E
seg022_2405_AF4	seg022_2405_97F
seg022_2405_AF4	seg022_2405_AC8
seg022_2405_BA6	seg022_2405_837
seg023_AB	ApplyPalette_seg017_2179_220
seg023_AB	seg023_9
seg024_24E9_1AC7	UpdateUIAnim_seg037_32C0_2C8
seg026_2716_523	DataCopy_seg005_105F_36BD
seg026_2716_F98	MaybeGetObjectClickedOn_ovr124_53F
seg026_2716_F98	MouseClickRelated_seg015_1D7C_2A9
seg026_2716_F98	ObjectUse_seg040_34E7_F
seg028_2941_2CF_terrainrelated	GetHeightAdjustedByTileType_seg028_2941_E
seg030_2BB7_107A	RNG_seg005_105F_DE7
seg031_2CFA_78A	InitialMotionCalc_seg031_2CFA_412
seg031_2CFA_C5C	HeadingRelated_seg031_2CFA_A49
seg031_2CFA_C5C	ProcessCollisions_seg031_2CFA_12B8
seg031_2CFA_C5C	seg028_2941_803
seg031_2CFA_C5C	seg031_2CFA_78A
seg032_2E9B_200	ShadeCalcs_seg032_2E9B_4AF
seg032_2E9B_200	seg021_22FD_E1A
seg032_2E9B_200	seg045_379C_6
seg032_2E9B_200	seg045_379C_CB
seg032_2E9B_200	seg045_379C_D6
seg032_2E9B_25D	DrawBitmapScreen_seg003_0272_4AC1
seg032_2E9B_25D	seg015_1D7C_139
seg032_2E9B_25D	seg015_1D7C_1F6
seg032_2E9B_25D	seg021_22FD_C7E
seg032_2E9B_25D	seg021_22FD_D7A
seg032_2E9B_25D	seg037_32C0_1567
seg032_2E9B_2AA	DrawBitmapScreen_seg003_0272_4AC1
seg032_2E9B_2AA	SetObjectRendingDataPtr_seg032_2E9B_24A
seg032_2E9B_2AA	seg019_21BA_37E
seg032_2E9B_2AA	seg021_22FD_D7A
seg032_2E9B_2AA	seg045_379C_213
seg032_2E9B_9B	RNG_seg005_105F_DE7
seg032_2E9B_F	seg015_1D7C_F7
seg032_2E9B_F	seg021_22FD_C34
seg032_2E9B_F	seg021_22FD_D1D
seg034_310D_15B	LookupObjectByIndex_seg029_2A8E_971
seg034_310D_230	LookupObjectByIndex_seg029_2A8E_971
seg034_310D_230	seg034_310D_15B
seg034_310D_2AB	LookupObjectByIndex_seg029_2A8E_971
seg034_310D_2AB	seg034_310D_15B
seg034_310D_430	RenderObjectList_seg034_310D_465
seg037_32C0_11F7	DRAW_RELATED_seg017_2179_4
seg037_32C0_11F7	DrawArtToScreen_seg003_0272_4FC2
seg037_32C0_11F7	ErrorCanNoLongerRun_ovr114_D1
seg037_32C0_11F7	GraphicsCall_seg003_0272_46E6
seg037_32C0_11F7	LikelyDrawCursor_seg015_1D7C_C0
seg037_32C0_11F7	MapMemory_seg013_1D3C_C7
seg037_32C0_11F7	seg015_1D7C_D6
seg037_32C0_136B	DrawArtToScreen_seg003_0272_4FC2
seg037_32C0_136B	DrawBitmapScreen_seg003_0272_4AC1
seg037_32C0_136B	DrawCursorAtCoordinate_seg009_26B
seg037_32C0_136B	LikelyDrawCursor_seg015_1D7C_C0
seg037_32C0_136B	MapMemory_seg013_1D3C_C7
seg037_32C0_136B	seg003_0272_48F4
seg037_32C0_136B	seg003_0272_4CF2
seg037_32C0_136B	seg003_0272_51C8
seg037_32C0_136B	seg015_1D7C_D6
seg037_32C0_14FC	RedrawPanel_seg037_32C0_12F0
seg037_32C0_1567	MapMemory_seg013_1D3C_C7
seg037_32C0_1567	seg003_0272_5088
seg037_32C0_1567	seg009_150
seg037_32C0_1567	seg009_332
seg037_32C0_1567	seg037_32C0_151E
seg037_32C0_1567	seg037_32C0_DB0
seg037_32C0_16AA	seg021_22FD_C7E
seg037_32C0_16AA	seg037_32C0_1567
seg037_32C0_2BE	seg037_32C0_12EB
seg037_32C0_3	DrawCursorAtCoordinate_seg009_26B
seg037_32C0_3	seg000_18B
seg037_32C0_3	seg000_330
seg037_32C0_3	seg000_EB
seg037_32C0_8B0	seg000_18B
seg037_32C0_8B0	seg000_EB
seg037_32C0_945	seg000_2
seg037_32C0_945	seg000_A6
seg037_32C0_945	seg000_EB
seg037_32C0_A06	seg037_32C0_11F7
seg037_32C0_A06	seg037_32C0_136B
seg037_32C0_A7	seg000_18B
seg037_32C0_A7	seg000_330
seg037_32C0_A7	seg000_EB
seg037_32C0_B0E	MapMemory_seg013_1D3C_C7
seg037_32C0_DB0	RNG_seg005_105F_DE7
seg039_3452_5E1	CloseFile_seg005_105F_47D
seg039_3452_5E1	UWAdSpaceAllocation_seg005_105F_325E
seg039_3452_781	seg005_105F_19D9
seg039_3452_7B2	seg039_3452_781
seg039_3452_84	seg039_3452_5E1
seg042_35ED_176	ErrorCanNoLongerRun_ovr114_D1
seg042_35ED_176	seg013_1D3C_E4
seg042_35ED_176	seg042_35ED_12B
seg042_35ED_1DE	seg013_1D3C_E4
seg042_35ED_1DE	seg042_35ED_12B
seg042_35ED_233	MapMemory_seg013_1D3C_C7
seg042_35ED_233	seg013_1D3C_E4
seg042_35ED_9B	seg013_1D3C_B2
seg043_3619_11F	seg003_0272_48F4
seg043_3619_11F	seg003_0272_4CF2
seg043_3619_11F	seg003_0272_51C8
seg043_3619_11F	seg043_3619_64
seg043_3619_11F	seg043_3619_B8
seg043_3619_3	seg015_1D7C_6F9
seg043_3619_322	MaybeAComparison_seg005_105F_282C
seg043_3619_322	WriteTextToMessageScroll_seg043_3619_375
seg043_3619_4FF	FindInString_seg005_105F_103F
seg043_3619_4FF	STRLEN_Seg005_105F_28B5
seg043_3619_4FF	WriteTextToMessageScroll_seg043_3619_375
seg043_3619_4FF	WritingTextToScreen_seg003_0272_454B
seg043_3619_618	seg003_0272_48F4
seg043_3619_618	seg003_0272_4CF2
seg043_3619_64	DrawCursorAtCoordinate_seg009_26B
seg043_3619_B8	DrawCursorAtCoordinate_seg009_26B
seg044_368F_392	EndDoorAnimation_seg044_368F_EA
seg044_368F_E82	GetAnimationOverlayIndex_seg044_368F_E0A
seg045_379C_1DB	ExitGame_seg005_105F_32C
seg045_379C_213	Divide32BitNumbers_seg005_105F_3525
seg045_379C_E5	Divide32BitNumbers_seg005_105F_3525
seg045_379C_E5	ExitGame_seg005_105F_32C
seg046_37CD_10	ReadCXFileBytes_seg046_277
seg046_37CD_10	seg046_37CD_135
seg046_37CD_10	seg046_37CD_1A8
seg046_37CD_10	seg046_37CD_1B4
seg046_37CD_10	seg046_37CD_1F4
seg046_37CD_10	seg046_37CD_287
seg046_37CD_10	seg046_37CD_307
seg046_37CD_1A8	seg046_37CD_251
seg046_37CD_1B4	seg046_37CD_251
seg046_37CD_1F4	seg046_37CD_251
seg046_37CD_287	seg046_37CD_799
seg046_37CD_307	ReadFromFilePosition_seg046_37CD_3D4
seg046_37CD_307	seg046_37CD_40D
seg046_37CD_307	seg046_37CD_67F
seg046_37CD_40D	seg046_37CD_452
seg046_37CD_546	seg046_37CD_60B
seg046_37CD_546	seg046_37CD_623
seg046_37CD_546	seg046_37CD_6D0
seg046_37CD_546	seg046_37CD_721
seg046_37CD_546	seg046_37CD_771
seg046_37CD_546	seg046_37CD_78D
seg046_37CD_546	seg046_37CD_799
seg046_37CD_590	seg046_37CD_546
seg046_37CD_590	seg046_37CD_65E
seg046_37CD_590	seg046_37CD_69D
seg046_37CD_590	seg046_37CD_721
seg046_37CD_590	seg046_37CD_771
seg046_37CD_590	seg046_37CD_78D
seg046_37CD_60B	seg046_37CD_69D
seg046_37CD_623	seg046_37CD_6D0
seg046_37CD_623	seg046_37CD_78D
seg046_37CD_65E	seg046_37CD_73F
seg046_37CD_69D	seg046_37CD_73F
seg046_37CD_6D0	seg046_37CD_74B
seg046_37CD_721	seg046_37CD_78D
seg046_37CD_73F	seg046_37CD_74B
seg046_37CD_87F	seg046_37CD_590
seg046_37CD_8D7	EMMXXXX_seg046_37CD_D79
seg046_37CD_8D7	seg046_37CD_E2B
seg046_37CD_BBB	seg046_37CD_1196
seg046_37CD_BBB	seg046_37CD_C1A
seg046_37CD_C1A	seg046_37CD_C0E
seg046_37CD_C1A	seg046_37CD_CC1
seg046_37CD_C1A	seg046_37CD_CF0
seg046_37CD_EBA	seg046_37CD_1196
set_inv_quality_ovr103_19BD	LookupObjectByIndex_seg029_2A8E_971
set_race_attitude_ovr096_784	GetNextOrLinkedObject_seg029_2A8E_8BE
set_race_attitude_ovr096_784	GetTile_seg036_32A9_F
set_sequence_ovr096_5B4	RunFunctionOnWhoAmI_NPC_ovr156_1486
setup_to_barter_ovr097_0	GetNextOrLinkedObject_seg029_2A8E_8BE
setup_to_barter_ovr097_0	InsertObjectToList_seg029_2A8E_58C
setup_to_barter_ovr097_0	LookupObjectByIndex_seg029_2A8E_971
setup_to_barter_ovr097_0	RNG_seg005_105F_DE7
setup_to_barter_ovr097_0	RedrawTradeSlot_ovr097_A91
setup_to_barter_ovr097_0	ReverseObjectLookup_seg029_2A8E_927
setup_to_barter_ovr097_0	SpawnNPCLoot_ovr163_609
setup_to_barter_ovr097_0	UnlinkObjectFromLinkedList_seg029_2A8E_684
setup_to_barter_ovr097_0	seg042_35ED_1DE
show_inv_ovr103_11A5	StoreValueOnStack_ovr095_201A
start	ExitGame_seg005_105F_32C
start	GameInitialisation_ovr112_0
start	GetInterrupts_seg005_173
switch_pic_ovr103_1A08	AppendItemName_seg039_3452_327
switch_pic_ovr103_1A08	DrawArtToScreen_seg003_0272_4FC2
switch_pic_ovr103_1A08	LikelyDrawCursor_seg015_1D7C_C0
switch_pic_ovr103_1A08	LoadArtImage_ovr119_548
switch_pic_ovr103_1A08	WriteTextToScreen_seg003_0272_446D
switch_pic_ovr103_1A08	seg003_0272_48F4
switch_pic_ovr103_1A08	seg003_0272_4D3C
switch_pic_ovr103_1A08	seg015_1D7C_D6
switch_pic_ovr103_1A08	seg042_35ED_1DE
take_from_npc_inv_ovr096_BB7	GetNextOrLinkedObject_seg029_2A8E_8BE
take_from_npc_ovr103_16E8	TakeFromNPC_ovr097_1C52
take_id_from_npc_ovr097_1DE3	ChangeCursor_seg015_1D7C_67D
take_id_from_npc_ovr097_1DE3	GetNextOrLinkedObject_seg029_2A8E_8BE
take_id_from_npc_ovr097_1DE3	LikelyDrawCursor_seg015_1D7C_C0
take_id_from_npc_ovr097_1DE3	PlaceObjectAtAnotherObjectPosition_seg028_2941_1300
take_id_from_npc_ovr097_1DE3	RedrawTradeSlot_ovr097_A91
take_id_from_npc_ovr097_1DE3	ReverseObjectLookup_seg029_2A8E_927
take_id_from_npc_ovr097_1DE3	SomethingWithTradeSlot_ovr097_E83
take_id_from_npc_ovr097_1DE3	UnlinkObjectFromLinkedList_seg029_2A8E_684
take_id_from_npc_ovr097_1DE3	seg015_1D7C_D6
take_id_from_npc_ovr097_1DE3	seg042_35ED_1DE
take_id_from_npc_ovr103_1703	take_id_from_npc_ovr097_1DE3
transform_talker_ovr096_C53	TransformTalker_ovr110_3CDA
unreferenced_seg008_1B09_160	FlashColour_ovr118_562
unreferenced_seg008_1B09_160	RNG_seg005_105F_DE7
unreferenced_seg008_1B09_160	SetScreenShake_seg035_31AB_CA3
unreferenced_seg008_1B09_160	UpdateUIAnim_seg037_32C0_2C8
x_clock_ovr096_E12	BitShiftR_AXDX_BY_CX_seg005_105F_3614
x_clock_ovr096_E12	MultiplyAXByBX_seg005_105F_350B
x_exp_ovr096_610	BitShiftR_AXDX_BY_CX_seg005_105F_3614
x_exp_ovr096_610	Experience_seg038_342C_45
x_exp_ovr096_610	seg042_35ED_1DE
x_obj_pos_ovr096_1281	GetTile_seg036_32A9_F
x_obj_pos_ovr096_1281	LookupObjectByIndex_seg029_2A8E_971
x_obj_stuff_ovr096_FCE	LookupObjectByIndex_seg029_2A8E_971
x_skills_ovr096_8FB	AdvanceSkill_ovr154_273
x_skills_ovr096_8FB	IncreaseSkillGroup_ovr154_3BB
x_traps_ovr096_98D	GetVarQuestOrClockValue_ovr166_53E
x_traps_ovr096_98D	VariableOperationOnQuestVariablesXClock_ovr166_2ED
