seg000	seg000_2	2	A4
seg000	seg000_A6	A6	45
seg000	seg000_EB	EB	35
seg000	seg000_120	120	35
seg000	seg000_155	155	36
seg000	seg000_18B	18B	37
seg000	seg000_1C2	1C2	37
seg000	seg000_1F9	1F9	30
seg000	seg000_229	229	107
seg000	seg000_330	330	1BA
seg001_023B	seg001_023B_C	C	3E
seg001_023B	seg001_023B_4A	4A	BB
seg001_023B	seg001_023B_105	105	D
seg001_023B	seg001_023B_112	112	C3
seg001_023B	seg001_023B_1D5	1D5	1A
seg001_023B	seg001_023B_1EF	1EF	6C
seg001_023B	MaybeRedrawSlot_seg001_023B_25B	25B	D
seg001_023B	seg001_023B_268	268	69
seg003_0272	seg003_0272_0	0	8
seg003_0272	seg003_0272_8	8	8
seg003_0272	seg003_0272_10	10	8
seg003_0272	seg003_0272_18	18	10
seg003_0272	seg003_0272_28	28	1E
seg003_0272	seg003_0272_46	46	A6
seg003_0272	seg003_0272_EC	EC	-D7
seg003_0272	nullsub_15	15	16E
seg003_0272	seg003_0272_183	183	55F
seg003_0272	seg003_0272_6E2	6E2	2
seg003_0272	seg003_0272_6E4	6E4	80
seg003_0272	seg003_0272_764	764	24
seg003_0272	seg003_0272_788	788	20
seg003_0272	seg003_0272_7A8	7A8	51
seg003_0272	DRAW_RELATED_seg003_0272_7F9	7F9	8F
seg003_0272	seg003_0272_888	888	141
seg003_0272	seg003_0272_9C9	9C9	33
seg003_0272	seg003_0272_9FC	9FC	83
seg003_0272	seg003_0272_A7F	A7F	11C
seg003_0272	seg003_0272_B9B	B9B	-B89
seg003_0272	nullsub_12	12	C01
seg003_0272	seg003_0272_C13	C13	10B
seg003_0272	seg003_0272_D1E	D1E	1B1F
seg003_0272	seg003_0272_283D	283D	D7
seg003_0272	seg003_0272_2914	2914	31
seg003_0272	seg003_0272_2945	2945	1A
seg003_0272	seg003_0272_295F	295F	18
seg003_0272	seg003_0272_2977	2977	96
seg003_0272	seg003_0272_2A0D	2A0D	82
seg003_0272	seg003_0272_2A8F	2A8F	2F
seg003_0272	seg003_0272_2ABE	2ABE	2F
seg003_0272	seg003_0272_2AED	2AED	3F
seg003_0272	seg003_0272_2B2C	2B2C	18
seg003_0272	seg003_0272_2B44	2B44	F
seg003_0272	seg003_0272_2B53	2B53	F
seg003_0272	seg003_0272_2B62	2B62	18
seg003_0272	seg003_0272_2B7A	2B7A	21
seg003_0272	SetVideoMode_seg003_0272_2B9B	2B9B	5E
seg003_0272	seg003_0272_2BF9	2BF9	4B
seg003_0272	seg003_0272_2C44	2C44	13F
seg003_0272	seg003_0272_2D83	2D83	195
seg003_0272	seg003_0272_2F18	2F18	17C
seg003_0272	seg003_0272_3094	3094	4F
seg003_0272	seg003_0272_30E3	30E3	18
seg003_0272	seg003_0272_30FB	30FB	26
seg003_0272	seg003_0272_3121	3121	43
seg003_0272	seg003_0272_3164	3164	31
seg003_0272	seg003_0272_3195	3195	29
seg003_0272	seg003_0272_31BE	31BE	-31BD
seg003_0272	nullsub_1	1	31E6
seg003_0272	seg003_0272_31E7	31E7	1F
seg003_0272	seg003_0272_3206	3206	15
seg003_0272	seg003_0272_321B	321B	4F
seg003_0272	seg003_0272_326A	326A	3
seg003_0272	seg003_0272_326D	326D	10
seg003_0272	seg003_0272_327D	327D	12
seg003_0272	seg003_0272_328F	328F	53
seg003_0272	seg003_0272_32E2	32E2	38
seg003_0272	seg003_0272_331A	331A	7
seg003_0272	seg003_0272_3321	3321	3
seg003_0272	seg003_0272_3324	3324	4A
seg003_0272	seg003_0272_336E	336E	3
seg003_0272	seg003_0272_3371	3371	4D
seg003_0272	seg003_0272_33BE	33BE	60
seg003_0272	seg003_0272_341E	341E	5
seg003_0272	seg003_0272_3423	3423	B
seg003_0272	seg003_0272_342E	342E	51
seg003_0272	seg003_0272_347F	347F	2F
seg003_0272	seg003_0272_34AE	34AE	14
seg003_0272	seg003_0272_34C2	34C2	5
seg003_0272	seg003_0272_34C7	34C7	1C7
seg003_0272	seg003_0272_368E	368E	CE
seg003_0272	seg003_0272_375C	375C	62
seg003_0272	seg003_0272_37BE	37BE	5E
seg003_0272	seg003_0272_381C	381C	98
seg003_0272	seg003_0272_38B4	38B4	A8
seg003_0272	seg003_0272_395C	395C	2D
seg003_0272	seg003_0272_3989	3989	32
seg003_0272	seg003_0272_39BB	39BB	47
seg003_0272	seg003_0272_3A02	3A02	10B
seg003_0272	seg003_0272_3B0D	3B0D	11
seg003_0272	seg003_0272_3B1E	3B1E	18
seg003_0272	seg003_0272_3B36	3B36	59
seg003_0272	seg003_0272_3B8F	3B8F	53
seg003_0272	seg003_0272_3BE2	3BE2	1B
seg003_0272	seg003_0272_3BFD	3BFD	64
seg003_0272	seg003_0272_3C61	3C61	4EF
seg003_0272	seg003_0272_4150	4150	36
seg003_0272	seg003_0272_4186	4186	23F
seg003_0272	seg003_0272_43C5	43C5	6C
seg003_0272	seg003_0272_4431	4431	3C
seg003_0272	WriteTextToScreen_seg003_0272_446D	446D	DE
seg003_0272	WritingTextToScreen_seg003_0272_454B	454B	DE
seg003_0272	seg003_0272_4629	4629	81
seg003_0272	MaybeApplyPalette_seg003_0272_46AA	46AA	3C
seg003_0272	GraphicsCall_seg003_0272_46E6	46E6	78
seg003_0272	seg003_0272_475E	475E	84
seg003_0272	seg003_0272_47E2	47E2	112
seg003_0272	seg003_0272_48F4	48F4	3F
seg003_0272	seg003_0272_4933	4933	7B
seg003_0272	seg003_0272_49AE	49AE	8C
seg003_0272	seg003_0272_4A3A	4A3A	45
seg003_0272	seg003_0272_4A7F	4A7F	42
seg003_0272	DrawBitmapScreen_seg003_0272_4AC1	4AC1	5A
seg003_0272	seg003_0272_4B1B	4B1B	3C
seg003_0272	GraphicsCall_seg003_0272_4B57	4B57	C8
seg003_0272	seg003_0272_4C1F	4C1F	8C
seg003_0272	seg003_0272_4CAB	4CAB	47
seg003_0272	seg003_0272_4CF2	4CF2	4A
seg003_0272	seg003_0272_4D3C	4D3C	4A
seg003_0272	seg003_0272_4D86	4D86	3C
seg003_0272	seg003_0272_4DC2	4DC2	200
seg003_0272	DrawArtToScreen_seg003_0272_4FC2	4FC2	63
seg003_0272	DRAW_RELATED_seg003_0272_5025	5025	63
seg003_0272	seg003_0272_5088	5088	F3
seg003_0272	seg003_0272_517B	517B	4D
seg003_0272	seg003_0272_51C8	51C8	58
seg003_0272	seg003_0272_5220	5220	19
seg003_0272	seg003_0272_5239	5239	3F
seg003_0272	seg003_0272_5278	5278	3
seg003_0272	seg003_0272_527B	527B	3
seg003_0272	seg003_0272_527E	527E	9
seg003_0272	seg003_0272_5287	5287	6
seg003_0272	seg003_0272_528D	528D	6
seg003_0272	seg003_0272_5293	5293	3
seg003_0272	seg003_0272_5296	5296	3
seg003_0272	seg003_0272_5299	5299	3
seg003_0272	seg003_0272_529C	529C	3
seg003_0272	seg003_0272_529F	529F	3
seg003_0272	seg003_0272_52A2	52A2	3
seg003_0272	seg003_0272_52A5	52A5	3
seg003_0272	seg003_0272_52A8	52A8	9
seg003_0272	seg003_0272_52B1	52B1	3
seg003_0272	seg003_0272_52B4	52B4	3
seg003_0272	seg003_0272_52B7	52B7	3
seg003_0272	seg003_0272_52BA	52BA	3
seg003_0272	seg003_0272_52BD	52BD	3
seg003_0272	seg003_0272_52C0	52C0	24
seg003_0272	seg003_0272_52E4	52E4	2D
seg003_0272	seg003_0272_5311	5311	52
seg003_0272	seg003_0272_5363	5363	8
seg003_0272	seg003_0272_536B	536B	4FE
seg003_0272	seg003_0272_5869	5869	2E7
seg003_0272	seg003_0272_5B50	5B50	1F7
seg003_0272	seg003_0272_5D47	5D47	23
seg004_0849	seg004_0849_63	63	68
seg004_0849	seg004_0849_CB	CB	C2
seg004_0849	seg004_0849_18D	18D	7
seg004_0849	seg004_0849_194	194	CC
seg004_0849	seg004_0849_260	260	59C
seg004_0849	seg004_0849_7FC	7FC	132
seg004_0849	seg004_0849_92E	92E	136
seg004_0849	seg004_0849_A64	A64	134
seg004_0849	seg004_0849_B98	B98	345
seg004_0849	seg004_0849_EDD	EDD	2F
seg004_0849	seg004_0849_F0C	F0C	FA
seg004_0849	seg004_0849_1006	1006	93
seg004_0849	seg004_0849_1099	1099	33D
seg004_0849	seg004_0849_13D6	13D6	A
seg004_0849	seg004_0849_13E0	13E0	F
seg004_0849	seg004_0849_13EF	13EF	4FE
seg004_0849	seg004_0849_18ED	18ED	9
seg004_0849	seg004_0849_18F6	18F6	11
seg004_0849	seg004_0849_1907	1907	13
seg004_0849	seg004_0849_191A	191A	54
seg004_0849	seg004_0849_196E	196E	48
seg004_0849	seg004_0849_19B6	19B6	3D
seg004_0849	seg004_0849_19F3	19F3	3D
seg004_0849	seg004_0849_1A30	1A30	3D
seg004_0849	seg004_0849_1A6D	1A6D	DE
seg004_0849	seg004_0849_1B4B	1B4B	B96
seg004_0849	seg004_0849_26E1	26E1	109
seg004_0849	seg004_0849_27EA	27EA	110
seg004_0849	seg004_0849_28FA	28FA	10E
seg004_0849	seg004_0849_2A08	2A08	5FF
seg004_0849	seg004_0849_3007	3007	D5
seg004_0849	seg004_0849_30DC	30DC	332
seg004_0849	seg004_0849_340E	340E	B7
seg004_0849	seg004_0849_34C5	34C5	6F
seg004_0849	seg004_0849_3534	3534	CB
seg004_0849	seg004_0849_35FF	35FF	51
seg004_0849	seg004_0849_3650	3650	3D
seg004_0849	seg004_0849_368D	368D	12B
seg004_0849	seg004_0849_37B8	37B8	3D
seg004_0849	seg004_0849_37F5	37F5	12B
seg004_0849	seg004_0849_3920	3920	3D
seg004_0849	seg004_0849_395D	395D	12B
seg004_0849	seg004_0849_3A88	3A88	7C
seg004_0849	seg004_0849_3B04	3B04	3D
seg004_0849	seg004_0849_3B41	3B41	436
seg004_0849	seg004_0849_3F77	3F77	1EF
seg004_0849	seg004_0849_4166	4166	BA
seg004_0849	seg004_0849_4220	4220	B3
seg004_0849	seg004_0849_42D3	42D3	B7
seg004_0849	seg004_0849_438A	438A	C2
seg004_0849	seg004_0849_444C	444C	C5
seg004_0849	seg004_0849_4511	4511	B9
seg004_0849	seg004_0849_45CA	45CA	BC
seg004_0849	seg004_0849_4686	4686	78A
seg004_0849	seg004_0849_4E10	4E10	7A
seg004_0849	seg004_0849_4E8A	4E8A	256
seg004_0849	seg004_0849_50E0	50E0	7A
seg004_0849	seg004_0849_515A	515A	56
seg004_0849	seg004_0849_51B0	51B0	310
seg004_0849	seg004_0849_54C0	54C0	252
seg004_0849	seg004_0849_5712	5712	254
seg004_0849	seg004_0849_5966	5966	EE
seg004_0849	seg004_0849_5A54	5A54	28B
seg004_0849	seg004_0849_5CDF	5CDF	4F
seg004_0849	seg004_0849_5D2E	5D2E	38
seg004_0849	seg004_0849_5D66	5D66	4DA
seg004_0849	seg004_0849_6240	6240	1F7
seg004_0849	seg004_0849_6437	6437	1FB
seg004_0849	seg004_0849_6632	6632	EE
seg004_0849	seg004_0849_6720	6720	146
seg004_0849	seg004_0849_6866	6866	4F
seg004_0849	seg004_0849_68B5	68B5	9D
seg004_0849	seg004_0849_6952	6952	158C
seg004_0849	seg004_0849_7EDE	7EDE	2E
seg004_0849	seg004_0849_7F0C	7F0C	6
seg004_0849	seg004_0849_7F12	7F12	7B
seg004_0849	seg004_0849_7F8D	7F8D	CE
seg004_0849	seg004_0849_805B	805B	F7
seg005_105F	start	0	113
seg005_105F	seg005_105F_113	113	20
seg005_105F	ExitProgram_seg005_105F_133	133	40
seg005_105F	GetInterrupts_seg005_173	173	43
seg005_105F	SetInterruptVectors_seg005_105F_1B6	1B6	70
seg005_105F	WriteBufferToHandle2_seg005_105F_226	226	23
seg005_105F	FileOrDirectoryExists_seg005_105F_249	249	37
seg005_105F	seg005_105F_280	280	2D
seg005_105F	InitAnObjectListArray_seg005_105F_2AD	2AD	51
seg005_105F	CloseFile_seg005_105F_2FE	2FE	2E
seg005_105F	ExitGame_seg005_105F_32C	32C	25
seg005_105F	CheckSpaceAllocationForUWAD_seg005_105F_351	351	80
seg005_105F	UWADSpaceAllocation_seg005_105F_3D1	3D1	3F
seg005_105F	seg005_105F_410	410	6D
seg005_105F	CloseFile_seg005_105F_47D	47D	80
seg005_105F	seg005_105F_4FD	4FD	52
seg005_105F	seg005_105F_54F	54F	86
seg005_105F	seg005_105F_5D5	5D5	6F
seg005_105F	seg005_105F_644	644	38
seg005_105F	MaybeGetFileAccessSetting_seg005_105F_67C	67C	C6
seg005_105F	OpenAndAddHandleToFileTable_seg005_105F_742	742	98
seg005_105F	MaybeGetFreeOffset_seg005_105F_7DA	7DA	22
seg005_105F	AddFileToTable_seg005_105F_7FC	7FC	6C
seg005_105F	FileReadToAddress_seg005_105F_868	868	EC
seg005_105F	FileReadToAddress_seg005_105F_954	954	4D
seg005_105F	seg005_105F_9A1	9A1	66
seg005_105F	SeekToAFile_Location_seg005_105F_A07	A07	66
seg005_105F	seg005_105F_A6D	A6D	43
seg005_105F	FileReadMaybe_seg005_105F_AB0	AB0	49
seg005_105F	GetDate_seg005_AF9	AF9	13
seg005_105F	GetSystemTime_seg005_105F_B0C	B0C	13
seg005_105F	ABS_seg005_105F_B1F	B1F	28
seg005_105F	MaybeMusicInit_seg005_105F_B47	B47	17
seg005_105F	seg005_105F_B5E	B5E	1C
seg005_105F	seg005_105F_B7A	B7A	11C
seg005_105F	seg005_105F_C96	C96	140
seg005_105F	Init_RNG_seg005_105F_DD6	DD6	11
seg005_105F	RNG_seg005_105F_DE7	DE7	97
seg005_105F	seg005_105F_E7E	E7E	101
seg005_105F	seg005_105F_F7F	F7F	3B
seg005_105F	seg005_105F_FBA	FBA	38
seg005_105F	GetRNGSeed_seg005_105F_FF2	FF2	4D
seg005_105F	FindInString_seg005_105F_103F	103F	33
seg005_105F	GetFileSeekPtr_seg005_105F_1072	1072	1A
seg005_105F	CalculateRNGSeeds_seg005_105F_108C	108C	123
seg005_105F	seg005_105F_11AF	11AF	1D0
seg005_105F	seg005_105F_137F	137F	81
seg005_105F	ToLowerCase_seg005_105F_1400	1400	2C
seg005_105F	seg005_105F_142C	142C	2C
seg005_105F	WriteDataToHandleAtPointer_seg005_105F_1458	1458	F9
seg005_105F	CloseAFileInTheOpenFilesTable_seg005_105F_1551	1551	46
seg005_105F	ParseNumber_seg005_105F_1597	1597	7D
seg005_105F	seg005_105F_1614	1614	22
seg005_105F	seg005_105F_1636	1636	4D
seg005_105F	ChangeDirectory_seg005_105F_1683	1683	29
seg005_105F	GetSetFileAttributes_seg005_105F_16AC	16AC	1B
seg005_105F	CloseFileByHandle_seg005_16C7	16C7	1E
seg005_105F	seg005_105F_16E5	16E5	10
seg005_105F	SomeFileDateTimeCalc_seg005_105F_16F5	16F5	C6
seg005_105F	seg005_105F_17BB	17BB	68
seg005_105F	FindFirstFile_seg005_105F_1823	1823	33
seg005_105F	FindNextFile_seg005_105F_1856	1856	2D
seg005_105F	GetFileSize_seg005_105F_1883	1883	41
seg005_105F	LoadVocFileProperties_seg005_105F_18C4	18C4	7B
seg005_105F	seg005_105F_193F	193F	29
seg005_105F	seg005_105F_1968	1968	59
seg005_105F	seg005_105F_19C1	19C1	18
seg005_105F	seg005_105F_19D9	19D9	B8
seg005_105F	GetDirectoryName_seg005_1A91	1A91	1B
seg005_105F	GetDOSPathVariable_seg005_105F_1AAC	1AAC	6F
seg005_105F	GetDriveInfo_seg005_105F_1B1B	1B1B	1D
seg005_105F	GetDiskSpace_seg005_105F_1B38	1B38	20
seg005_105F	GetInteruptVector_seg005_105F_1B58	1B58	F
seg005_105F	SetInteruptVector_seg005_105F_1B67	1B67	36
seg005_105F	FileOperationFromParamsArray_seg005_105F_1B9D	1B9D	63
seg005_105F	CheckFileDeviceStatus_seg005_1C00	1C00	27
seg005_105F	File_Error_Handler_seg005_1C27	1C27	3D
seg005_105F	CheckDiskDevice_seg005_105F_1C64	1C64	11
seg005_105F	MoveFilePointer_seg005_105F_1C75	1C75	29
seg005_105F	Hex2Dec_seg005_105F_1C9E	1C9E	7D
seg005_105F	Hex2DecimalString_seg005_105F_1D1B	1D1B	27
seg005_105F	seg005_105F_1D42	1D42	1A
seg005_105F	Hex2Dec_seg005_105F_1D5C	1D5C	25
seg005_105F	MoveData_seg005_105F_1D81	1D81	21
seg005_105F	SetArrayValues_seg005_105F_1DA2	1DA2	28
seg005_105F	SetArrayValues_seg005_105F_1DCA	1DCA	19
seg005_105F	CreateDirectory_seg005_1DE3	1DE3	16
seg005_105F	MoveDataBySize_seg005_105F_1DF9	1DF9	22
seg005_105F	CreateFile_seg005_105F_1E1B	1E1B	19
seg005_105F	WriteCXBytesToHandle_seg005_105F_1E34	1E34	12
seg005_105F	FileAccessFunctions_seg005_105F_1E46	1E46	13B
seg005_105F	OpenFile_seg005_1F81	1F81	4C
seg005_105F	ReadBytesAtFilePtr_seg005_1FCD	1FCD	BB
seg005_105F	ReadFileBytes_seg005_2088	2088	1A
seg005_105F	Rename_File_seg005_20A2	20A2	1F
seg005_105F	seg005_105F_20C1	20C1	14
seg005_105F	seg005_105F_20D5	20D5	47F
seg005_105F	seg005_105F_2554	2554	2B
seg005_105F	seg005_105F_257F	257F	17F
seg005_105F	seg005_105F_26FE	26FE	18
seg005_105F	AllocateMemoryBlockOfSize_seg005_2716	2716	1C
seg005_105F	SetCurrentDate_seg005_105F_2732	2732	13
seg005_105F	SetCurrentTime_seg005_105F_2745	2745	13
seg005_105F	MaybeTryAndFindFile_seg005_105F_2758	2758	9B
seg005_105F	CombineStrings_seg005_27F3	27F3	39
seg005_105F	MaybeAComparison_seg005_105F_282C	282C	36
seg005_105F	seg005_105F_2862	2862	2F
seg005_105F	StoreStringInLocation_seg005_105F_2891	2891	24
seg005_105F	STRLEN_Seg005_105F_28B5	28B5	1A
seg005_105F	ExtractString_seg005_105F_28CF	28CF	2C
seg005_105F	seg005_105F_28FB	28FB	45
seg005_105F	ToUpperCase_seg005_105F_2940	2940	20
seg005_105F	GetTimezone_seg005_105F_2960	2960	181
seg005_105F	SomeDateCalc_seg005_105F_2AE1	2AE1	DF
seg005_105F	DeleteFile_seg005_2BC0	2BC0	16
seg005_105F	seg005_105F_2BD6	2BD6	7
seg005_105F	seg005_105F_2BDD	2BDD	9
seg005_105F	seg005_105F_2BE6	2BE6	8
seg005_105F	MaybeMusicInit_seg005_105F_2BEE	2BEE	1A
seg005_105F	seg005_105F_2C08	2C08	D
seg005_105F	seg005_105F_2C15	2C15	9
seg005_105F	seg005_105F_2C1E	2C1E	497
seg005_105F	WriteDataToHandle_seg005_105F_30B5	30B5	49
seg005_105F	seg005_105F_30FE	30FE	2E
seg005_105F	seg005_105F_312C	312C	62
seg005_105F	seg005_105F_318E	318E	71
seg005_105F	seg005_105F_31FF	31FF	29
seg005_105F	seg005_105F_3228	3228	36
seg005_105F	UWAdSpaceAllocation_seg005_105F_325E	325E	29
seg005_105F	seg005_105F_3287	3287	61
seg005_105F	seg005_105F_32E8	32E8	39
seg005_105F	seg005_105F_3321	3321	23
seg005_105F	ProbablyAllocateSpaceForSound_seg005_105F_3344	3344	7D
seg005_105F	seg005_105F_33C1	33C1	7A
seg005_105F	seg005_105F_343B	343B	D0
seg005_105F	MultiplyAXByBX_seg005_105F_350B	350B	17
seg005_105F	seg005_105F_3522	3522	3
seg005_105F	Divide32BitNumbers_seg005_105F_3525	3525	7
seg005_105F	Divide32BitNumbers_cx1_seg005_105F_352C	352C	5
seg005_105F	ModulusDivision_seg005_105F_3531	3531	B
seg005_105F	ModulusDivision_seg005_105F_353C	353C	97
seg005_105F	BitLShift_seg005_105F_35D3	35D3	21
seg005_105F	RightShift32BitNumber_seg005_105F_35F4	35F4	20
seg005_105F	BitShiftR_AXDX_BY_CX_seg005_105F_3614	3614	1E
seg005_105F	seg005_105F_3632	3632	60
seg005_105F	seg005_105F_3692	3692	2B
seg005_105F	DataCopy_seg005_105F_36BD	36BD	23
seg005_105F	seg005_105F_36E0	36E0	1D
seg005_105F	seg005_105F_36FD	36FD	3A
seg005_105F	seg005_105F_3737	3737	39
seg005_105F	seg005_105F_3770	3770	1C
seg005_105F	seg005_105F_378C	378C	23
seg005_105F	ProbablyGetAnArrayReference_seg005_105F_37AF	37AF	60
seg005_105F	seg005_105F_380F	380F	40
seg005_105F	seg005_105F_384F	384F	29
seg005_105F	seg005_105F_3878	3878	19
seg005_105F	seg005_105F_3891	3891	35
seg005_105F	seg005_105F_38C6	38C6	42
seg005_105F	RegisterEventRelated_seg005_105F_3908	3908	53
seg005_105F	Multiply_DxAx_By_CxBx_seg005_105F_395B	395B	17
seg005_105F	MaybeAMemoryAllocationCheck_seg005_105F_3972	3972	21
seg005_105F	seg005_105F_3993	3993	4
seg005_105F	seg005_105F_3997	3997	4
seg005_105F	seg005_105F_399B	399B	4
seg005_105F	seg005_105F_399F	399F	-399A
seg005_105F	nullsub_5	5	3B3B
seg006_1413	DropNPCRemains_seg006_1413_5	5	16E
seg006_1413	MotionProcessing_seg006_1413_173	173	155
seg006_1413	HomingDartTargeting_seg006_1413_2C8	2C8	83
seg006_1413	GetDeflectionMaybe_seg006_1413_34B	34B	55
seg006_1413	HomingDart_seg006_1413_3A0	3A0	30D
seg006_1413	Satellite_seg006_1413_6AD	6AD	26F
seg006_1413	InitVariablesAndDelegates_seg006_1413_91C	91C	D9
seg006_1413	InitMotionCalcArrayForNPC_seg006_1413_9F5	9F5	CA
seg006_1413	GroundNPCMotionCollision_seg006_1413_ABF	ABF	1DE
seg006_1413	FlierNPCCollision_seg006_1413_C9D	C9D	60
seg006_1413	SwimmerNPCCollision_seg006_1413_CFD	CFD	6D
seg006_1413	CalculateMotionTopLevel_seg006_1413_D6A	D6A	2B
seg006_1413	TraverseMultipleTiles_seg006_1413_D95	D95	99A
seg006_1413	TestBasicTileTraversal_seg006_1413_172F	172F	265
seg006_1413	PathFindBetweenTiles_seg006_1413_1994	1994	5D2
seg006_1413	StorePath_seg006_1413_1F66	1F66	F5
seg006_1413	FindPathAlongStraghtLine_seg006_1413_205B	205B	29C
seg006_1413	TestBetweenCoordinates_seg006_1413_22F7	22F7	472
seg006_1413	TestStraightPathTraversal_seg006_1413_2769	2769	192
seg006_1413	FindSetIndexOfBitField_seg006_1413_28FB	28FB	39
seg006_1413	UpdateSeg57TurningValues_seg006_1413_2934	2934	187
seg006_1413	MaybeUpdatePathFlag_seg006_1413_2ABB	2ABB	DD
seg006_1413	CheckIfAtOrNearTargetTile_seg006_1413_2B98	2B98	5D
seg006_1413	TurnTowardsPath_seg006_1413_2BF5	2BF5	14A
seg006_1413	TurnTowardsPath_Adjusted_seg006_1413_2D3F	2D3F	18A
seg006_1413	GetVectorHeading_seg006_1413_2EC9	2EC9	88
seg006_1413	SetNPCTargetDestination_seg006_1413_2F51	2F51	B7
seg006_1413	NPC_GOTO_seg006_1413_3008	3008	6B0
seg006_1413	FlyingCritterPitching_seg006_1413_36B8	36B8	144
seg006_1413	NPCTryToOpenDoor_seg006_1413_37FC	37FC	F8
seg007_17A2	UpdateNPCAnimation_seg007_17A2_4	4	85
seg007_17A2	ChangeNPCHeadings_seg007_17A2_89	89	3C
seg007_17A2	NPCWanderUpdate_seg007_17A2_C5	C5	442
seg007_17A2	NPC_Goal8_seg007_17A2_507	507	D2
seg007_17A2	StandStill_seg007_17A2_5D9	5D9	1A9
seg007_17A2	NPC_Goal5_Attack_seg007_17A2_782	782	225
seg007_17A2	ChooseMeleeAttackToMake_seg007_17A2_9A7	9A7	2D7
seg007_17A2	AttackGoalSearchForTarget_seg007_17A2_C7E	C7E	17C
seg007_17A2	TryToDoMagicAttack_seg007_17A2_DFA	DFA	89
seg007_17A2	NPCStartMagicAttack_seg007_17A2_E83	E83	13B
seg007_17A2	NPCStartRangedAttack_seg007_17A2_FBE	FBE	CB
seg007_17A2	NPCGoal9_seg007_17A2_1089	1089	DE
seg007_17A2	NPC_Goal6_seg007_17A2_1167	1167	379
seg007_17A2	MaybeVectorsToPlayer_seg007_17A2_14E0	14E0	11A
seg007_17A2	NPC_GoalA_TalkTo_seg007_17A2_15FA	15FA	136
seg007_17A2	ReactToPlayerPresence_seg007_17A2_1730	1730	C1
seg007_17A2	NPCGoalC_seg007_17A2_17F1	17F1	BC
seg007_17A2	SearchForGoalTarget_seg007_17A2_18AD	18AD	22F
seg007_17A2	TurnTowardsTarget_seg007_17A2_1ADC	1ADC	C2
seg007_17A2	NPC_Move_seg007_17A2_1B9E	1B9E	147
seg007_17A2	TurnTowardsVector_seg007_17A2_1CE5	1CE5	19E
seg007_17A2	GetPitchToGTarg_seg007_17A2_1E83	1E83	96
seg007_17A2	SetCurrObj_seg007_17A2_1F19	1F19	132
seg007_17A2	GetCritterAnimationGlobalsForCurrObj_seg007_17A2_204B	204B	4A
seg007_17A2	NPCInitialProcessing_seg007_17A2_2095	2095	79F
seg007_17A2	NPCBehaviours_seg007_17A2_2834	2834	6FE
seg007_17A2	GetDistancesToGTarg_seg007_17A2_2F32	2F32	118
seg007_17A2	MaybeShouldNPCWithdraw_seg007_17A2_304A	304A	87
seg007_17A2	GetCritterRange_seg007_17A2_30D1	30D1	6E
seg007_17A2	SetNewGoalAndTarget_seg007_17A2_313F	313F	6F
seg007_17A2	ResetGoalAndTarget_seg007_17A2_31AE	31AE	7A
seg007_17A2	NPCDeath_seg007_17A2_3228	3228	54
seg007_17A2	DeathBegin_seg007_17A2_327C	327C	BE
seg007_17A2	DamageCharacter_seg007_17A2_333A	333A	222
seg007_17A2	CheckIfUpdateNeeded_seg007_17A2_355C	355C	43
seg007_17A2	ProcessMobileObjects_seg007_17A2_359F	359F	DE
seg008_1B09	StartSwimming_seg008_1B09_D	D	32
seg008_1B09	ProcessPlayerTileState_seg008_1B09_3F	3F	121
seg008_1B09	unreferenced_seg008_1B09_160	160	C5
seg008_1B09	EasyMoveTurnPlayerHeading_seg008_1B09_225	225	39F
seg008_1B09	ApplyWaterCurrentIceSliding_seg008_1B09_5C4	5C4	1EE
seg008_1B09	PlayerMotionInitialCalculation_seg008_1B09_7B2	7B2	326
seg008_1B09	ReinitialisePlayerOnLevelOrPositionChange_seg008_1B09_AD8	AD8	245
seg008_1B09	ApplyPlayerMotion_seg008_1B09_D1D	D1D	2FC
seg008_1B09	CheckIfPlayerIsNoLongerLost_seg008_1B09_1019	1019	34
seg008_1B09	StopPlayerMotion_seg008_1B09_104D	104D	41
seg008_1B09	CalculateMotionFromCommand_seg008_1B09_108E	108E	181
seg008_1B09	StopFalling_seg008_1B09_120F	120F	2A
seg008_1B09	RefreshPlayerTileState_seg008_1B09_1239	1239	19
seg008_1B09	UpdateMotionStateAndSwimming_seg008_1B09_1252	1252	129
seg008_1B09	PlacePlayerInTile_seg008_1B09_137B	137B	136
seg008_1B09	PressureTriggerZChange_seg008_1B09_14B1	14B1	66
seg009	seg009_7	7	6C
seg009	seg009_73	73	DD
seg009	seg009_150	150	52
seg009	seg009_1A2	1A2	85
seg009	GetMouseIcon_seg009_227	227	44
seg009	DrawCursorAtCoordinate_seg009_26B	26B	61
seg009	seg009_2CC	2CC	66
seg009	seg009_332	332	21
seg009	seg009_353	353	3F
seg009	seg009_392	392	60
seg009	seg009_3F2	3F2	81
seg010_1CA1	seg010_1CA1_3	3	56
seg010_1CA1	seg010_1CA1_59	59	29
seg010_1CA1	RegisterClickArea_seg010_1CA1_82	82	82
seg010_1CA1	RegisterEventHandler_seg010_1CA1_104	104	70
seg010_1CA1	seg010_1CA1_174	174	12C
seg010_1CA1	ProcessCommands_seg010_1CA1_2A0	2A0	14C
seg010_1CA1	ProcessEventHandlers_seg010_1CA1_3EC	3EC	7A
seg011	seg011_6	6	125
seg011	seg011_12B	12B	8D
seg011	JoyStickCalibration_seg011_1B8	1B8	10E
seg011	seg011_2C6	2C6	1DB
seg012_1D31	MaybeGameLoop_seg012_1D31_1	1	1E
seg012_1D31	RunGameLoopFunctions_seg012_1D31_1F	1F	8F
seg012_1D31	SetGameLoopBitField_seg012_1D31_AE	AE	C
seg013_1D3C	seg013_1D3C_A	A	A8
seg013_1D3C	seg013_1D3C_B2	B2	15
seg013_1D3C	MapMemory_seg013_1D3C_C7	C7	1D
seg013_1D3C	seg013_1D3C_E4	E4	54
seg013_1D3C	seg013_1D3C_138	138	92
seg014	seg014_A	A	42
seg014	seg014_4C	4C	10
seg014	seg014_5C	5C	53
seg014	seg014_AF	AF	6E
seg014	seg014_11D	11D	6E
seg014	MaybeOptionsMenuEvents_seg014_18B	18B	C2
seg015_1D7C	seg015_1D7C_D	D	67
seg015_1D7C	ProbablyClearMousePointer_seg015_1D7C_74	74	4C
seg015_1D7C	LikelyDrawCursor_seg015_1D7C_C0	C0	16
seg015_1D7C	seg015_1D7C_D6	D6	21
seg015_1D7C	seg015_1D7C_F7	F7	1D
seg015_1D7C	seg015_1D7C_114	114	25
seg015_1D7C	seg015_1D7C_139	139	BD
seg015_1D7C	seg015_1D7C_1F6	1F6	5
seg015_1D7C	GetPositionIn3dWindow_seg015_1D7C_1FB	1FB	15
seg015_1D7C	seg015_1D7C_210	210	2A
seg015_1D7C	seg015_1D7C_23A	23A	20
seg015_1D7C	seg015_1D7C_25A	25A	2D
seg015_1D7C	GetMouseButtonStatus_seg015_1D7C_287	287	22
seg015_1D7C	MouseClickRelated_seg015_1D7C_2A9	2A9	7D
seg015_1D7C	MaybeGameLoopUpdate_seg015_1D7C_326	326	8A
seg015_1D7C	seg015_1D7C_3B0	3B0	1D
seg015_1D7C	MaybeSetScreenSize_seg015_1D7C_3CD	3CD	19
seg015_1D7C	seg015_1D7C_3E6	3E6	4C
seg015_1D7C	seg015_1D7C_432	432	7C
seg015_1D7C	seg015_1D7C_4AE	4AE	99
seg015_1D7C	WaitInputCommand_seg015_1D7C_547	547	4D
seg015_1D7C	WaitInputCommand_seg015_1D7C_594	594	D
seg015_1D7C	GetCommand_seg015_1D7C_5A1	5A1	D
seg015_1D7C	seg015_1D7C_5AE	5AE	71
seg015_1D7C	seg015_1D7C_61F	61F	5E
seg015_1D7C	ChangeCursor_seg015_1D7C_67D	67D	32
seg015_1D7C	LikelyResetCursor_seg015_1D7C_6AF	6AF	4A
seg015_1D7C	seg015_1D7C_6F9	6F9	4C
seg015_1D7C	ProbablyUpdateMouseIcon_seg015_1D7C_745	745	66
seg015_1D7C	seg015_1D7C_7AB	7AB	D4
seg015_1D7C	seg015_1D7C_87F	87F	2B1
seg015_1D7C	MouseRenderRelated_seg015_1D7C_B30	B30	40
seg015_1D7C	seg015_1D7C_B70	B70	47
seg015_1D7C	seg015_1D7C_BB7	BB7	B9
seg015_1D7C	DrawCursorAtMouseXY_seg015_1D7C_C70	C70	64
seg015_1D7C	seg015_1D7C_CD4	CD4	68
seg015_1D7C	seg015_1D7C_D3C	D3C	6B
seg015_1D7C	SomethingWithMousePos_seg015_1D7C_DA7	DA7	16E
seg015_1D7C	GetMouseButtonStatus_seg015_1D7C_F15	F15	60
seg016_1E73	seg016_1E73_5	5	1AA
seg016_1E73	seg016_1E73_1AF	1AF	B1
seg016_1E73	LoadVOCSoundFile_seg016_1E73_260	260	24
seg016_1E73	seg016_1E73_284	284	6A
seg016_1E73	seg016_1E73_2EE	2EE	89
seg016_1E73	seg016_1E73_377	377	262
seg016_1E73	LoadVocFile_seg016_5D9	5D9	7A8
seg016_1E73	CalculateSoundFallOffToPlayer_seg016_1E73_D81	D81	1AC
seg016_1E73	seg016_1E73_F2D	F2D	2E2
seg016_1E73	seg016_1E73_120F	120F	9F
seg016_1E73	seg016_1E73_12AE	12AE	17
seg016_1E73	IncrementPITTimer_seg016_1E73_12C5	12C5	12
seg016_1E73	StartPitTimer_seg016_1E73_12D7	12D7	4C
seg016_1E73	MaybeSoundInit_seg016_1E73_1323	1323	33
seg016_1E73	MaybeSoundRelated_seg016_1356	1356	1F0
seg016_1E73	ReadUW_ADBlock_seg016_1E73_1546	1546	D8
seg016_1E73	LoadSoundEffects_seg016_1E73_161E	161E	D2
seg016_1E73	seg016_1E73_16F0	16F0	5B
seg016_1E73	LoadXMIFile_seg016_1E73_174B	174B	192
seg016_1E73	seg016_1E73_18DD	18DD	AA
seg016_1E73	seg016_1E73_1987	1987	57
seg016_1E73	seg016_1E73_19DE	19DE	7A
seg016_1E73	LoadSoundFile_seg016_1E73_1A58	1A58	5E
seg016_1E73	GetCurrentMusicFileNo_seg016_1E73_1AB6	1AB6	8
seg016_1E73	GetMusicOption_seg016_1E73_1ABE	1ABE	15
seg016_1E73	GetSoundEffectOption_seg016_1E73_1AD3	1AD3	15
seg016_1E73	seg016_1E73_1AE8	1AE8	8
seg016_1E73	seg016_1E73_1AF0	1AF0	8
seg016_1E73	ToggleMusic_seg016_1E73_1AF8	1AF8	9D
seg016_1E73	ToggleSoundEffects_seg016_1E73_1B95	1B95	2E
seg016_1E73	seg016_1E73_1BC3	1BC3	26
seg016_1E73	seg016_1E73_1BE9	1BE9	67
seg016_1E73	LoadSoundEffectAtCoordinate_seg016_1E73_1C50	1C50	162
seg016_1E73	PlaySoundEffectAtAvatar_seg016_1E73_1DB2	1DB2	CC
seg016_1E73	PlaySoundEffectAtObject_seg016_1E73_1E7E	1E7E	69
seg016_1E73	MakeASound_seg016_1E73_1EE7	1EE7	116
seg016_1E73	seg016_1E73_1FFD	1FFD	C4
seg016_1E73	seg016_1E73_20C1	20C1	CE
seg016_1E73	seg016_1E73_218F	218F	119
seg016_1E73	LoadSoundsDat_seg016_1E73_22A8	22A8	158
seg016_1E73	seg016_1E73_2400	2400	6B
seg016_1E73	LoadBasicSound_seg016_1E73_246B	246B	251
seg016_1E73	PlayMusicalInstrument_seg016_26BC	26BC	309
seg016_1E73	seg016_1E73_29C5	29C5	22
seg016_1E73	seg016_1E73_29E7	29E7	105
seg016_1E73	seg016_1E73_2AEC	2AEC	20
seg016_1E73	ChangeThemeMusic_seg016_1E73_2B0C	2B0C	12
seg016_1E73	PickLevelThemeMusic_seg016_1E73_2B1E	2B1E	55
seg016_1E73	ChangeThemeToBrittania_seg016_1E73_2B73	2B73	3F
seg016_1E73	RefreshMusic_seg016_1E73_2BB2	2BB2	206
seg016_1E73	CheckMusicThemeIsPlaying_seg016_1E73_2DB8	2DB8	2C
seg016_1E73	seg016_1E73_2DE4	2DE4	4D
seg016_1E73	seg016_1E73_2E31	2E31	168
seg016_1E73	GetSoundRelatedFlagValue_seg016_1E73_2F99	2F99	21
seg016_1E73	seg016_1E73_2FBA	2FBA	11
seg016_1E73	seg016_1E73_2FCB	2FCB	98
seg017_2179	DRAW_RELATED_seg017_2179_4	4	DA
seg017_2179	Print_String_To_Console_seg017_DE	DE	10
seg017_2179	ClearData_seg017_2179_EE	EE	1B
seg017_2179	StrLen_seg017_2179_109	109	16
seg017_2179	CopySubstring_seg017_2179_11F	11F	20
seg017_2179	CopyStringToLocation_seg017_2179_13F	13F	35
seg017_2179	FindStringDelimiter_seg017_2179_174	174	28
seg017_2179	seg017_2179_19C	19C	5B
seg017_2179	StringCompare_seg017_2179_1F7	1F7	29
seg017_2179	ApplyPalette_seg017_2179_220	220	35
seg017_2179	DRAW_RELATED_seg017_2179_255	255	4D
seg017_2179	DRAW_RELATED_seg017_2179_2A2	2A2	7E
seg017_2179	DRAW_RELATED_seg017_2179_320	320	41
seg017_2179	DRAW_RELATED_seg017_2179_361	361	5C
seg019_21BA	seg019_21BA_C	C	35
seg019_21BA	seg019_21BA_41	41	1A
seg019_21BA	UpdateDetailLevelIndirectFunctions_seg019_21BA_5B	5B	75
seg019_21BA	RenderingFunctions_seg019_21BA_D0	D0	2AE
seg019_21BA	seg019_21BA_37E	37E	1E4
seg019_21BA	GetTilesToRender_seg019_21BA_562	562	279
seg019_21BA	FloorRender_seg019_21BA_7DB	7DB	E9
seg019_21BA	seg019_21BA_8C4	8C4	E7
seg019_21BA	WallRender_seg019_21BA_9AB	9AB	E9
seg019_21BA	FloorRender_seg019_21BA_A94	A94	173
seg019_21BA	WallRender_seg019_21BA_C07	C07	135
seg019_21BA	StartDrawingTileAndUpdatingAutomapTile_seg019_21BA_D3C	D3C	685
seg020	seg020_24	24	4A
seg021_22FD	seg021_22FD_0	0	17
seg021_22FD	seg021_22FD_17	17	4E
seg021_22FD	seg021_22FD_65	65	3C
seg021_22FD	MaybePaletteCycling_seg021_22FD_A1	A1	48
seg021_22FD	seg021_22FD_E9	E9	29
seg021_22FD	seg021_22FD_112	112	9
seg021_22FD	seg021_22FD_11B	11B	35
seg021_22FD	seg021_22FD_150	150	24
seg021_22FD	seg021_22FD_174	174	15
seg021_22FD	seg021_22FD_189	189	47
seg021_22FD	seg021_22FD_1D0	1D0	58
seg021_22FD	seg021_22FD_228	228	E
seg021_22FD	seg021_22FD_236	236	E
seg021_22FD	seg021_22FD_244	244	72
seg021_22FD	seg021_22FD_2B6	2B6	7
seg021_22FD	seg021_22FD_2BD	2BD	2F
seg021_22FD	seg021_22FD_2EC	2EC	1E
seg021_22FD	seg021_22FD_30A	30A	6B
seg021_22FD	seg021_22FD_375	375	B
seg021_22FD	seg021_22FD_380	380	F
seg021_22FD	seg021_22FD_38F	38F	14
seg021_22FD	seg021_22FD_3A3	3A3	5A
seg021_22FD	seg021_22FD_3FD	3FD	57
seg021_22FD	seg021_22FD_454	454	17
seg021_22FD	seg021_22FD_46B	46B	3D
seg021_22FD	seg021_22FD_4A8	4A8	72
seg021_22FD	seg021_22FD_51A	51A	38
seg021_22FD	seg021_22FD_552	552	10
seg021_22FD	seg021_22FD_562	562	15
seg021_22FD	seg021_22FD_577	577	21
seg021_22FD	seg021_22FD_598	598	30
seg021_22FD	seg021_22FD_5C8	5C8	21
seg021_22FD	seg021_22FD_5E9	5E9	97
seg021_22FD	seg021_22FD_680	680	12
seg021_22FD	seg021_22FD_692	692	E
seg021_22FD	seg021_22FD_6A0	6A0	6
seg021_22FD	seg021_22FD_6A6	6A6	1A
seg021_22FD	seg021_22FD_6C0	6C0	4
seg021_22FD	seg021_22FD_6C4	6C4	4
seg021_22FD	seg021_22FD_6C8	6C8	1F
seg021_22FD	Read_Mouse_Motion_seg021_6E7	6E7	11
seg021_22FD	Mouse_Sensitivity_Maybe_seg021_6F8	6F8	B
seg021_22FD	Mouse_Position_And_Button_status_seg021_703	703	2D
seg021_22FD	seg021_22FD_730	730	E
seg021_22FD	seg021_22FD_73E	73E	17
seg021_22FD	seg021_22FD_755	755	3C
seg021_22FD	seg021_22FD_791	791	3C
seg021_22FD	seg021_22FD_7CD	7CD	3C
seg021_22FD	seg021_22FD_809	809	168
seg021_22FD	seg021_22FD_971	971	3C
seg021_22FD	seg021_22FD_9AD	9AD	43
seg021_22FD	Mouse_Button_Status_seg021_9F0	9F0	40
seg021_22FD	SquareRoot_seg021_22FD_A30	A30	4
seg021_22FD	seg021_22FD_A34	A34	4
seg021_22FD	HeadingLookupCalc_seg021_22FD_A38	A38	31
seg021_22FD	LookupHeadingTable_seg021_22FD_A69	A69	F
seg021_22FD	SquareRoot_seg021_22FD_A78	A78	100
seg021_22FD	seg021_22FD_B78	B78	2A
seg021_22FD	seg021_22FD_BA2	BA2	32
seg021_22FD	MaybeTangent_seg021_22FD_BD4	BD4	2C
seg021_22FD	seg021_22FD_C00	C00	34
seg021_22FD	seg021_22FD_C34	C34	4A
seg021_22FD	seg021_22FD_C7E	C7E	6
seg021_22FD	seg021_22FD_C84	C84	33
seg021_22FD	CallbackFunctionSleepRelated_seg021_22FD_CB7	CB7	33
seg021_22FD	Callback_seg021_22FD_CEA	CEA	33
seg021_22FD	seg021_22FD_D1D	D1D	5D
seg021_22FD	seg021_22FD_D7A	D7A	A0
seg021_22FD	seg021_22FD_E1A	E1A	49
seg021_22FD	GetVectorForDirection_seg021_22FD_E63	E63	4B
seg021_22FD	SomethingProjectileHeading_seg021_22FD_EAE	EAE	4D
seg021_22FD	MaybeGetTangent_seg021_22FD_EFB	EFB	44
seg021_22FD	GetSquareRoot_seg021_22FD_F3F	F3F	44
seg021_22FD	seg021_22FD_F83	F83	5A
seg021_22FD	seg021_22FD_FDD	FDD	27
seg021_22FD	seg021_22FD_1004	1004	27
seg021_22FD	seg021_22FD_102B	102B	47
seg022_2405	FindEntryInAdvFile_seg022_2405_3BA	3BA	38
seg022_2405	PushAdvTableEntry_seg022_2405_3F2	3F2	18
seg022_2405	TimerInterupt_seg022_2405_40A	40A	D7
seg022_2405	seg022_2405_4E1	4E1	43
seg022_2405	seg022_2405_524	524	4C
seg022_2405	seg022_2405_570	570	30
seg022_2405	seg022_2405_5A0	5A0	29
seg022_2405	seg022_2405_5C9	5C9	2A
seg022_2405	seg022_2405_5F3	5F3	4B
seg022_2405	seg022_2405_63E	63E	95
seg022_2405	seg022_2405_6D3	6D3	44
seg022_2405	seg022_2405_717	717	65
seg022_2405	seg022_2405_77C	77C	BB
seg022_2405	seg022_2405_837	837	49
seg022_2405	seg022_2405_880	880	1E
seg022_2405	seg022_2405_89E	89E	46
seg022_2405	seg022_2405_8E4	8E4	46
seg022_2405	seg022_2405_92A	92A	55
seg022_2405	seg022_2405_97F	97F	91
seg022_2405	seg022_2405_A10	A10	B8
seg022_2405	seg022_2405_AC8	AC8	26
seg022_2405	seg022_2405_AEE	AEE	6
seg022_2405	seg022_2405_AF4	AF4	B2
seg022_2405	seg022_2405_BA6	BA6	33
seg022_2405	seg022_2405_BD9	BD9	6
seg022_2405	seg022_2405_BDF	BDF	C
seg022_2405	seg022_2405_BEB	BEB	18
seg022_2405	seg022_2405_C03	C03	6
seg022_2405	seg022_2405_C09	C09	6
seg022_2405	seg022_2405_C0F	C0F	6
seg022_2405	seg022_2405_C15	C15	6
seg022_2405	seg022_2405_C1B	C1B	C
seg022_2405	seg022_2405_C27	C27	C
seg022_2405	seg022_2405_C33	C33	6
seg022_2405	seg022_2405_C39	C39	6
seg022_2405	seg022_2405_C3F	C3F	6
seg022_2405	seg022_2405_C45	C45	6
seg022_2405	seg022_2405_C4B	C4B	6
seg022_2405	seg022_2405_C51	C51	6
seg022_2405	FindAndPushAdvEntry_9C_seg022_2405_C57	C57	6
seg022_2405	seg022_2405_C5D	C5D	6
seg022_2405	seg022_2405_C63	C63	6
seg022_2405	seg022_2405_C69	C69	6
seg022_2405	seg022_2405_C6F	C6F	6
seg022_2405	seg022_2405_C75	C75	C
seg022_2405	FindAndPushAdvEntryAE_seg022_2405_C81	C81	12
seg022_2405	seg022_2405_C93	C93	6
seg022_2405	seg022_2405_C99	C99	2A
seg022_2405	seg022_2405_CC3	CC3	1E
seg022_2405	seg022_2405_CE1	CE1	C
seg022_2405	seg022_2405_CED	CED	A
seg023	seg023_9	9	A2
seg023	seg023_AB	AB	A8
seg024_24E9	PickBodyHitPoint_seg024_24E9_3	3	79
seg024_24E9	TestForClosestAttackCollisionHit_seg024_24E9_7C	7C	24F
seg024_24E9	SpawnImpactAnimo_seg024_24E9_2CB	2CB	1B6
seg024_24E9	CheckForAttackHit_seg024_24E9_481	481	253
seg024_24E9	CheckForPoisonableDamageWeapons_seg024_24E9_6D4	6D4	63
seg024_24E9	CalculateAttackResults_seg024_24E9_737	737	24C
seg024_24E9	AttackerAppliesFinalDamage_seg024_24E9_983	983	3B6
seg024_24E9	CombatMissImpactSound_seg024_24E9_D39	D39	13B
seg024_24E9	CalcFlankingBonus_seg024_24E9_E74	E74	54
seg024_24E9	ExecuteAttack_seg024_24E9_EC8	EC8	DD
seg024_24E9	CheckForAmmo_seg024_24E9_FA5	FA5	86
seg024_24E9	SetCurrentWeaponDetails_seg024_24E9_102B	102B	114
seg024_24E9	CalculateAttackScorePlayer_seg024_24E9_113F	113F	165
seg024_24E9	EndCombatSwing_seg024_24E9_12A4	12A4	3C
seg024_24E9	MaybeCancelWeaponSwingAnim_seg024_24E9_12E0	12E0	2F
seg024_24E9	CancelAttack_seg024_24E9_130F	130F	3C
seg024_24E9	PlayerCombat_seg024_24E9_134B	134B	515
seg024_24E9	MissileAttackHit_seg024_24E9_1860	1860	129
seg024_24E9	NPC_ExecuteAttack_seg024_24E9_1989	1989	13E
seg024_24E9	seg024_24E9_1AC7	1AC7	30
seg024_24E9	AwardKillEXP_seg024_24E9_1AF7	1AF7	8C
seg025_26A1	RemoveDoorLock_seg025_26A1_3	3	92
seg025_26A1	RemoveObjectFromTile_seg025_26A1_95	95	3B
seg025_26A1	DamageObject_Destruction_seg025_D0	D0	374
seg025_26A1	GetObjectDebris_seg025_26A1_444	444	4F
seg025_26A1	ScaleDamageAgainstObject_seg025_26A1_493	493	94
seg025_26A1	DamageObject_seg025_527	527	8D
seg025_26A1	DamageObjectOrDoor_seg025_26A1_5B4	5B4	1A4
seg026_2716	PlayerUpdateTick_seg026_2716_8	8	127
seg026_2716	ResetPaperInventoryPanel_seg026_2716_12F	12F	25
seg026_2716	CheckIfPlayerCanReachAtDistance_seg026_2716_154	154	14B
seg026_2716	GetHighestBridgeInTile_seg026_2716_29F	29F	5B
seg026_2716	TestIfPlayerCanReachObjectTile_seg026_2716_2FA	2FA	229
seg026_2716	seg026_2716_523	523	C4
seg026_2716	RayCast_seg026_2716_5E7	5E7	158
seg026_2716	LookAtOrInteractWithSurface_seg026_2716_73F	73F	74
seg026_2716	Pickup_seg026_2716_7B3	7B3	50
seg026_2716	Pickup_seg026_2716_803	803	2F8
seg026_2716	TalkTo_seg026_2716_AFB	AFB	1E
seg026_2716	LookAt_seg026_B19	B19	121
seg026_2716	UseObject_seg026_2716_C3A	C3A	7B
seg026_2716	Combat_seg026_2716_CB5	CB5	46
seg026_2716	HandleObjectOrTileClick_seg026_2716_CFB	CFB	179
seg026_2716	LookAt_seg026_2716_E74	E74	124
seg026_2716	seg026_2716_F98	F98	41
seg026_2716	ProbablyInventoryPanelClick_seg026_2716_FD9	FD9	FD
seg026_2716	ClickOnPanel_seg026_2716_10D6	10D6	54
seg026_2716	SetInteractionMode_seg026_2716_112A	112A	1CC
seg026_2716	DrawWeapon_seg026_2716_12F6	12F6	A0
seg026_2716	PutWeaponAway_seg026_2716_1396	1396	4F
seg026_2716	ClickOnWeaponInInventory_seg026_2716_13E5	13E5	27
seg027_2856	InitPlayerProjectilesValues_seg027_2856_C	C	92
seg027_2856	MissileRelease_seg027_9E	9E	228
seg027_2856	NPCMissileLaunch_seg027_2856_2C6	2C6	7C
seg027_2856	ProjectileSpell_seg027_2856_342	342	F7
seg027_2856	DropObjectByPlayer_seg027_2856_439	439	41F
seg027_2856	ArrowTrap_seg027_2856_858	858	82
seg027_2856	PrepareProjectileObject_seg027_2856_8DA	8DA	3F2
seg027_2856	PlaceProjectileInWorld_seg027_2856_CCC	CCC	1F2
seg028_2941	GetHeightAdjustedByTileType_seg028_2941_E	E	1A1
seg028_2941	GetTileZOffset_seg028_2941_1AF	1AF	68
seg028_2941	GetNeighbourTileDetails_seg028_2941_217	217	B0
seg028_2941	seg028_2941_2CF_terrainrelated	2C7	BE
seg028_2941	ProcessMotionTileHeights_seg028_2941_385	385	47E
seg028_2941	seg028_2941_803	803	26A
seg028_2941	GetTileAttribute8_seg028_2941_A6D	A6D	B
seg028_2941	CreateCollisionRecord_seg028_2941_A78	A78	196
seg028_2941	ScanForCollisions_seg028_2941_C0E	C0E	265
seg028_2941	SwapCollisionRecords_seg028_2941_E73	E73	65
seg028_2941	SortCollisions_seg028_2941_ED8	ED8	149
seg028_2941	TestIfObjectFitsInTile_seg028_2941_1021	1021	224
seg028_2941	MoveObjectToCoordinates_seg028_2941_1245	1245	BB
seg028_2941	PlaceObjectAtAnotherObjectPosition_seg028_2941_1300	1300	5A
seg028_2941	MoveAndFitObjectToCoordinate_seg028_2941_135A	135A	17C
seg029_2A8E	ClearTilemap_seg029_2A8E_6	6	111
seg029_2A8E	CallFunctionOnObjectsInChain_seg029_2A8E_117	117	BA
seg029_2A8E	ObjectCullingRngTest_2A8E_1D1	1D1	80
seg029_2A8E	ObjectCullingTest_seg029_2A8E_251	251	C3
seg029_2A8E	CullingCheckOnObjectChain_seg029_2A8E_314	314	40
seg029_2A8E	CullObjects_seg029_2A8E_354	354	11D
seg029_2A8E	GetAvailableObjectAddress_seg029_2A8E_471	471	97
seg029_2A8E	AddToFreeObjectLists_seg029_2A8E_508	508	84
seg029_2A8E	InsertObjectToList_seg029_2A8E_58C	58C	6E
seg029_2A8E	LinkObjectToList_seg029_2A8E_5FA	5FA	8A
seg029_2A8E	UnlinkObjectFromLinkedList_seg029_2A8E_684	684	80
seg029_2A8E	RemoveObject_seg029_2A8E_704	704	95
seg029_2A8E	ClearLinkedList_seg029_2A8E_799	799	C3
seg029_2A8E	RemoveObjectAndChainFromLists_seg029_2A8E_85C	85C	62
seg029_2A8E	GetNextOrLinkedObject_seg029_2A8E_8BE	8BE	69
seg029_2A8E	ReverseObjectLookup_seg029_2A8E_927	927	4A
seg029_2A8E	LookupObjectByIndex_seg029_2A8E_971	971	41
seg029_2A8E	FindObjectListHeadObject_seg029_2A8E_9B2	9B2	D5
seg029_2A8E	TestIfStaticOrMobile_seg029_2A8E_A87	A87	1E
seg029_2A8E	AddtoEndOfTileMapMobiles_seg029_2A8E_AA5	AA5	13
seg029_2A8E	RemoveFromMobilesList_seg029_2A8E_AB8	AB8	4C
seg029_2A8E	UNREFERENCED_seg029_2A8E_B04	B04	67
seg029_2A8E	GetLinkedOrNextObjectWithFilter_seg029_2A8E_B6B	B6B	100
seg029_2A8E	CheckIfItemID_Or_ContainsItemID_seg029_2A8E_C6B	C6B	69
seg029_2A8E	FindItemInMapByClassWithPosition_seg029_2A8E_CD4	CD4	A5
seg029_2A8E	FindObjectWithSpecificProps_seg029_2A8E_D79	D79	34
seg029_2A8E	CheckWeightOnPressureTrigger_seg029_2A8E_DAD	DAD	130
seg029_2A8E	CountObjectsInChain_seg029_2A8E_EDD	EDD	BD
seg029_2A8E	CountObjects_seg029_2A8E_F9A	F9A	B9
seg029_2A8E	CheckCountOfAllObjects_seg029_2A8E_1053	1053	1AD
seg029_2A8E	CrunchObjectList_seg029_2A8E_1200	1200	98
seg030_2BB7	BounceOtherObject_seg030_2BB7_8	8	AA
seg030_2BB7	MissileImpact_seg030_2BB7_B2	B2	11C
seg030_2BB7	CollideObjects_seg030_2BB7_1CE	1CE	26F
seg030_2BB7	InitMotionParams_seg030_2BB7_43D	43D	24C
seg030_2BB7	ApplyProjectileMotion_seg030_2BB7_689	689	483
seg030_2BB7	MoveObjectToMobileObjectList_seg030_2BB7_B0C	B0C	11B
seg030_2BB7	InitMobileObject_seg030_2BB7_C27	C27	135
seg030_2BB7	OilOnMud_seg030_D5C	D5C	83
seg030_2BB7	ObjectHitsFloorTile_seg030_2BB7_DDF	DDF	29B
seg030_2BB7	seg030_2BB7_107A	107A	42
seg030_2BB7	PlacedObjectCollision_seg030_2BB7_10BC	10BC	380
seg031_2CFA	CalculateMotion_seg031_2CFA_C	C	87
seg031_2CFA	CopyMotionValsFromInitialToBase25C4_seg031_2CFA_93	93	7B
seg031_2CFA	SetCollisionTarget_seg031_2CFA_10E	10E	304
seg031_2CFA	InitialMotionCalc_seg031_2CFA_412	412	378
seg031_2CFA	seg031_2CFA_78A	78A	35
seg031_2CFA	ZeroiseMotionValues_seg031_2CFA_7BF	7BF	41
seg031_2CFA	StoreNewXYZH_seg031_2CFA_800	800	A6
seg031_2CFA	LikelyTranslateXY_seg031_2CFA_8A6	8A6	199
seg031_2CFA	seg031_2CFA_A3F	A3F	A
seg031_2CFA	HeadingRelated_seg031_2CFA_A49	A49	213
seg031_2CFA	seg031_2CFA_C5C	C5C	6A
seg031_2CFA	MaybeReflection_seg031_2CFA_CC6	CC6	59
seg031_2CFA	DoCollision_seg031_2CFA_D1F	D1F	419
seg031_2CFA	MAYBEGRAVITYZ_seg031_2CFA_1138	1138	180
seg031_2CFA	ProcessCollisions_seg031_2CFA_12B8	12B8	93
seg031_2CFA	GetTileState_seg031_2CFA_134B	134B	67
seg031_2CFA	GetCollisionHeightState_seg031_2CFA_13B2	13B2	3EA
seg031_2CFA	DoTileCollisionMaybe_seg031_2CFA_179C	179C	CC
seg031_2CFA	JumpTrap_seg031_2CFA_1868	1868	A6
seg031_2CFA	FindClosedDoorCollision_seg031_2CFA_190E	190E	E9
seg031_2CFA	GetCollisionObject_seg031_2CFA_19F7	19F7	28
seg032_2E9B	seg032_2E9B_F	F	8C
seg032_2E9B	seg032_2E9B_9B	9B	F0
seg032_2E9B	seg032_2E9B_18B	18B	A
seg032_2E9B	seg032_2E9B_195	195	6B
seg032_2E9B	seg032_2E9B_200	200	4A
seg032_2E9B	SetObjectRendingDataPtr_seg032_2E9B_24A	24A	13
seg032_2E9B	seg032_2E9B_25D	25D	4D
seg032_2E9B	seg032_2E9B_2AA	2AA	53
seg032_2E9B	RenderScene_seg032_2E9B_2FD	2FD	58
seg032_2E9B	DRAWWorld_seg032_2E9B_355	355	45
seg032_2E9B	PositionCamera_seg032_2E9B_39A	39A	115
seg032_2E9B	ShadeCalcs_seg032_2E9B_4AF	4AF	109
seg032_2E9B	SetRangeOfVisonParams_seg032_2E9B_5B8	5B8	CB
seg032_2E9B	GetNextVisionTilePositive_seg032_2E9B_683	683	26
seg032_2E9B	GetNextVisionTileNegative_seg032_2E9B_6A9	6A9	26
seg032_2E9B	MaybeTestVisibilityNextTile_seg032_2E9B_6CF	6CF	426
seg032_2E9B	MaybeTestVisionIntoDarkness_seg032_2E9B_AF5	AF5	1A8
seg032_2E9B	ProcessLOSArcsseg032_2E9B_C9D	C9D	377
seg032_2E9B	TestVisionAndShade_seg032_2E9B_1014	1014	14E
seg032_2E9B	GetViewDistances_seg032_2E9B_1162	1162	BC
seg032_2E9B	LikelyDoRender_seg032_2E9B_121E	121E	1B
seg033_2FBE	RenderingObjects_seg033_2FBE_9	9	5D5
seg033_2FBE	Render3DObject_seg033_2FBE_5DE	5DE	915
seg033_2FBE	RenderDoor_seg033_2FBE_EF3	EF3	5FB
seg034_310D	InitSomeArrays_seg034_310D_6	6	E4
seg034_310D	seg034_310D_EA	EA	56
seg034_310D	seg034_310D_140	140	1B
seg034_310D	seg034_310D_15B	15B	D5
seg034_310D	seg034_310D_230	230	7B
seg034_310D	seg034_310D_2AB	2AB	A8
seg034_310D	StoreObjectPositionsInArray_seg034_310D_353	353	A4
seg034_310D	seg034_310D_3F7	3F7	39
seg034_310D	seg034_310D_430	430	35
seg034_310D	RenderObjectList_seg034_310D_465	465	583
seg035_31AB	LikelyMouseMove_seg035_31AB_8	8	4E
seg035_31AB	MoveInDirectionEvent_seg035_31AB_56	56	1A0
seg035_31AB	ProcessMotionInputs_seg035_31AB_1F6	1F6	15A
seg035_31AB	EasyMoveTurnEvent_seg035_31AB_350	350	D2
seg035_31AB	ClockUpdate_seg035_31AB_422	422	112
seg035_31AB	GameObjectLoop_seg035_31AB_534	534	B7
seg035_31AB	RunPlayerMotions_seg035_31AB_5EB	5EB	40
seg035_31AB	PlayerMotion_seg035_31AB_62B	62B	10F
seg035_31AB	SurfaceFootsteps_seg035_31AB_73A	73A	22D
seg035_31AB	ApplyPlayerSneakScore_seg035_31AB_967	967	A5
seg035_31AB	WalkOnSurfaceTypes_seg035_31AB_A0C	A0C	297
seg035_31AB	SetScreenShake_seg035_31AB_CA3	CA3	3C
seg035_31AB	PositionCameraAtObject_seg035_31AB_CDF	CDF	310
seg036_32A9	GetTile_seg036_32A9_F	F	35
seg036_32A9	PrepareNewObject_seg036_32A9_44	44	12F
seg037_32C0	seg037_32C0_3	3	A4
seg037_32C0	seg037_32C0_A7	A7	5C
seg037_32C0	ResetUIElements_seg037_32C0_103	103	49
seg037_32C0	DrawHUD_seg037_32C0_14C	14C	15A
seg037_32C0	ChangePanelMode_seg037_32C0_2A6	2A6	18
seg037_32C0	seg037_32C0_2BE	2BE	A
seg037_32C0	UpdateUIAnim_seg037_32C0_2C8	2C8	141
seg037_32C0	MaybeUIUdates_seg037_32C0_409	409	174
seg037_32C0	ProbablyDrawFlask_seg037_32C0_57D	57D	333
seg037_32C0	seg037_32C0_8B0	8B0	95
seg037_32C0	seg037_32C0_945	945	C1
seg037_32C0	seg037_32C0_A06	A06	49
seg037_32C0	ProbablyDrawEyes_seg037_32C0_A4F	A4F	BF
seg037_32C0	seg037_32C0_B0E	B0E	58
seg037_32C0	seg037_32C0_B66	B66	29
seg037_32C0	seg037_32C0_B8F	B8F	25
seg037_32C0	LoadWeapDat_seg037_32C0_BB4	BB4	1FC
seg037_32C0	seg037_32C0_DB0	DB0	5C
seg037_32C0	ProbablyDrawOrAnimateWeapon_seg037_32C0_E0C	E0C	1DF
seg037_32C0	LoadWeapCM_seg037_32C0_FEB	FEB	AD
seg037_32C0	DisplaySelectedRunes_seg037_32C0_1098	1098	A9
seg037_32C0	ProbablyLoadSpellIconArt_seg037_32C0_1141	1141	B6
seg037_32C0	seg037_32C0_11F7	11F7	F4
seg037_32C0	seg037_32C0_12EB	12EB	5
seg037_32C0	RedrawPanel_seg037_32C0_12F0	12F0	7B
seg037_32C0	seg037_32C0_136B	136B	191
seg037_32C0	seg037_32C0_14FC	14FC	22
seg037_32C0	seg037_32C0_151E	151E	49
seg037_32C0	seg037_32C0_1567	1567	143
seg037_32C0	seg037_32C0_16AA	16AA	15
seg037_32C0	ReturnFar_seg037_32C0_16BF	16BF	5
seg037_32C0	seg037_32C0_16C4	16C4	5
seg038_342C	SkillCheck_seg038_342C_9	9	3C
seg038_342C	Experience_seg038_342C_45	45	1BC
seg038_342C	RefreshPanels_seg038_342C_201	201	63
seg039_3452	BeginLoadStringsPak_seg039_4	4	80
seg039_3452	seg039_3452_84	84	A
seg039_3452	GetStringByID_seg039_3452_8E	8E	89
seg039_3452	CreateAGameString_seg039_3452_117	117	104
seg039_3452	seg039_3452_21B	21B	7B
seg039_3452	seg039_3452_296	296	91
seg039_3452	AppendItemName_seg039_3452_327	327	C6
seg039_3452	SplitObjectNames_seg039_3452_3ED	3ED	B7
seg039_3452	PrintStringFromBlock1_seg039_3452_4A4	4A4	29
seg039_3452	PrintMultipleStrings_seg039_3452_4CD	4CD	7A
seg039_3452	LoadFileStringsPak_seg039_547	547	9A
seg039_3452	seg039_3452_5E1	5E1	20
seg039_3452	GetString_seg039_3452_601	601	180
seg039_3452	seg039_3452_781	781	31
seg039_3452	seg039_3452_7B2	7B2	62
seg039_3452	ToUpper_seg039_3452_814	814	43
seg039_3452	seg039_3452_857	857	43
seg039_3452	seg039_3452_89A	89A	71
seg039_3452	AppendString_seg039_3452_90B	90B	54
seg040_34E7	ObjectUse_seg040_34E7_F	F	374
seg040_34E7	RemoveUsedObject_seg040_34E7_383	383	131
seg040_34E7	CreateObjectInHand_seg040_34E7_4B4	4B4	60
seg040_34E7	KeyLockpickUsage_seg040_34E7_514	514	46
seg040_34E7	UseObjectWithPrompt_seg040_35E7_55A	55A	95
seg040_34E7	WandUsage_seg040_34E7_5EF	5EF	EF
seg040_34E7	PotionDrink_seg040_34E7_6DE	6DE	42
seg040_34E7	ToggleSwitch_seg040_34E7_720	720	8F
seg040_34E7	CharacterDoorLockAndKeyInteraction_seg040_34E7_7AF	7AF	1E9
seg040_34E7	CastSpellFromObject_seg040_34E7_998	998	FD
seg040_34E7	TriggerObjectLink_seg040_34E7_A95	A95	1A3
seg040_34E7	ReleaseSpell_seg040_34E7_C38	C38	31
seg040_34E7	GetItemEnchantment_seg040_34E7_C69	C69	175
seg040_34E7	ClearsEnchantmentFlag_seg040_34E7_DDE	DDE	33
seg040_34E7	MagicObjectUpdateCharge_seg040_34E7_E11	E11	F2
seg041_35D7	ChangesLookupDown_seg041_35D7_3	3	4B
seg041_35D7	GetCoordinateInDirection_seg041_35D7_4E	4E	9B
seg041_35D7	seg041_35D7_E9	E9	36
seg041_35D7	DiceRoll_seg041_35D7_11F	11F	47
seg042_35ED	EMM_seg042_35ED_6	6	95
seg042_35ED	seg042_35ED_9B	9B	A
seg042_35ED	seg042_35ED_A5	A5	86
seg042_35ED	seg042_35ED_12B	12B	26
seg042_35ED	AllocateMemory_seg042_35ED_151	151	25
seg042_35ED	seg042_35ED_176	176	68
seg042_35ED	seg042_35ED_1DE	1DE	55
seg042_35ED	seg042_35ED_233	233	90
seg043_3619	seg043_3619_3	3	1F
seg043_3619	seg043_3619_22	22	16
seg043_3619	seg043_3619_38	38	16
seg043_3619	seg043_3619_4E	4E	16
seg043_3619	seg043_3619_64	64	54
seg043_3619	seg043_3619_B8	B8	67
seg043_3619	seg043_3619_11F	11F	81
seg043_3619	WriteTextToMessageScroll_seg043_3619_1A0	1A0	130
seg043_3619	RelatedToWritingToMessageScrollseg043_3619_2D0	2D0	52
seg043_3619	seg043_3619_322	322	53
seg043_3619	WriteTextToMessageScroll_seg043_3619_375	375	18A
seg043_3619	seg043_3619_4FF	4FF	119
seg043_3619	seg043_3619_618	618	149
seg044_368F	RemoveCompletedAnimo_seg044_368F_1	1	7E
seg044_368F	RemoveTheAnimationOverlay_seg044_368F_7F	7F	6B
seg044_368F	EndDoorAnimation_seg044_368F_EA	EA	2A8
seg044_368F	seg044_368F_392	392	3C
seg044_368F	MoveAnimationOverlayLink_seg044_368F_3CE	3CE	70
seg044_368F	AddAnimationOverlay_seg044_368F_43E	43E	11E
seg044_368F	AnimoUpdate_seg044_368F_55C	55C	1BD
seg044_368F	LoopAnimationOverlaysAndTimers_seg044_368F_719	719	1D1
seg044_368F	SpawnMultipleAnimoObjectCopies_seg044_8EA	8EA	1CA
seg044_368F	DetonateProjectile_seg044_368F_AB4	AB4	D9
seg044_368F	SpawnClass7_ObjectAtTarget_seg044_368F_B8D	B8D	156
seg044_368F	CreateAnimoForSrcObject_seg044_368F_CE3	CE3	127
seg044_368F	GetAnimationOverlayIndex_seg044_368F_E0A	E0A	4C
seg044_368F	GetDoorAnimationDuration_seg044_368F_E56	E56	2C
seg044_368F	seg044_368F_E82	E82	28
seg044_368F	MovingDoor_seg044_368F_EAA	EAA	1EA
seg044_368F	MoveObjectIndexInArrayToNewPositionTimerRelated_seg044_1094	1094	42
seg045_379C	seg045_379C_6	6	B1
seg045_379C	seg045_379C_B7	B7	14
seg045_379C	seg045_379C_CB	CB	B
seg045_379C	seg045_379C_D6	D6	F
seg045_379C	seg045_379C_E5	E5	F6
seg045_379C	seg045_379C_1DB	1DB	38
seg045_379C	seg045_379C_213	213	102
seg046_37CD	seg046_37CD_10	10	125
seg046_37CD	seg046_37CD_135	135	73
seg046_37CD	seg046_37CD_1A8	1A8	C
seg046_37CD	seg046_37CD_1B4	1B4	40
seg046_37CD	seg046_37CD_1F4	1F4	5D
seg046_37CD	seg046_37CD_251	251	26
seg046_37CD	ReadCXFileBytes_seg046_277	277	10
seg046_37CD	seg046_37CD_287	287	80
seg046_37CD	seg046_37CD_307	307	CD
seg046_37CD	ReadFromFilePosition_seg046_37CD_3D4	3D4	39
seg046_37CD	seg046_37CD_40D	40D	45
seg046_37CD	seg046_37CD_452	452	8E
seg046_37CD	Interrupt_3F_seg046_37CD_4E0	4E0	66
seg046_37CD	seg046_37CD_546	546	4A
seg046_37CD	seg046_37CD_590	590	7B
seg046_37CD	seg046_37CD_60B	60B	18
seg046_37CD	seg046_37CD_623	623	3B
seg046_37CD	seg046_37CD_65E	65E	21
seg046_37CD	seg046_37CD_67F	67F	1E
seg046_37CD	seg046_37CD_69D	69D	33
seg046_37CD	seg046_37CD_6D0	6D0	51
seg046_37CD	seg046_37CD_721	721	1E
seg046_37CD	seg046_37CD_73F	73F	C
seg046_37CD	seg046_37CD_74B	74B	26
seg046_37CD	seg046_37CD_771	771	1C
seg046_37CD	seg046_37CD_78D	78D	C
seg046_37CD	seg046_37CD_799	799	18
seg046_37CD	seg046_37CD_7B1	7B1	36
seg046_37CD	seg046_37CD_7E7	7E7	98
seg046_37CD	seg046_37CD_87F	87F	58
seg046_37CD	seg046_37CD_8D7	8D7	2E4
seg046_37CD	seg046_37CD_BBB	BBB	53
seg046_37CD	seg046_37CD_C0E	C0E	C
seg046_37CD	seg046_37CD_C1A	C1A	A7
seg046_37CD	seg046_37CD_CC1	CC1	2F
seg046_37CD	seg046_37CD_CF0	CF0	-CE9
seg046_37CD	nullsub_7	7	D72
seg046_37CD	EMMXXXX_seg046_37CD_D79	D79	B2
seg046_37CD	seg046_37CD_E2B	E2B	8F
seg046_37CD	seg046_37CD_EBA	EBA	1B0
seg046_37CD	seg046_37CD_106A	106A	D8
seg046_37CD	seg046_37CD_1142	1142	54
seg046_37CD	seg046_37CD_1196	1196	AB
stub091	j_LoadAnimationObjectDat_ovr091_0	0	1
stub092	stub092_20	20	5
stub092	stub092_25	25	5
stub092	stub092_2A	2A	5
stub092	stub092_2F	2F	5
stub092	stub092_34	34	5
stub092	stub092_39	39	1
stub093	stub093_20	20	A
stub093	stub093_2A	2A	37C
stub093	j_OpenArkFile_ovr093_779D_3A6	3A6	9A2
stub093	j_ReadDataFileBlock_ovr093_D48	D48	-D05
stub093	stub093_43	43	BF0
stub093	j_ReadArkFileBlock_ovr093_C33	C33	-782
stub093	j_WriteDataToArkFile_ovr093_779D_4B1	4B1	1
stub094	j_PossiblyDrawAutomap_ovr094_6CD	6CD	F55
stub094	j_CopyMapPiece_ovr094_1622	1622	-15DF
stub094	stub094_43	43	5
stub094	stub094_48	48	1830
stub094	j_AutoMapTrap_ovr094_1878	1878	-1826
stub094	stub094_52	52	5
stub094	stub094_57	57	-57
stub094	j_ViewAutomap_ovr094_0	0	6B
stub094	stub094_6B	6B	5
stub094	stub094_70	70	5
stub094	stub094_75	75	5
stub094	stub094_7A	7A	A
stub094	stub094_84	84	BC
stub094	j_UpdateAutomapTiles_ovr094_140	140	-A3
stub094	stub094_9D	9D	A
stub094	stub094_A7	A7	1
stub095	Compare_stub095_5C	5C	B7F
stub095	j_Contains_ovr095_BDB	BDB	-B70
stub095	Plural_stub095_6B	6B	5
stub095	stub095_70	70	14
stub095	stub095_84	84	7F1
stub095	j_LoadNPCConversation_ovr095_875	875	-7E7
stub095	stub095_8E	8E	5
stub095	GetConvoMemoryVariable_stub095_93	93	14
stub095	stub095_A7	A7	A
stub095	AddImportedFunction_stub095_B1	B1	5
stub095	stub095_B6	B6	143F
stub095	j_ConversationVM_ovr095_14F5	14F5	-142B
stub095	ReadConvoMemory_stub095_CA	CA	19
stub095	stub095_E3	E3	1
stub096	j_x_clock_ovr096_E12	E12	-68E
stub096	j_set_race_attitude_ovr096_784	784	177
stub096	j_x_skills_ovr096_8FB	8FB	2BC
stub096	j_take_from_npc_inv_ovr096_BB7	BB7	417
stub096	j_x_obj_stuff_ovr096_FCE	FCE	-F6D
stub096	SetSequence_stub096_61	61	BF2
stub096	j_transform_talker_ovr096_C53	C53	-27F
stub096	j_place_object_ovr096_9D4	9D4	-420
stub096	j_set_sequence_ovr096_5B4	5B4	-263
stub096	j_CreatePitFighters_ovr096_351	351	-338
stub096	j_SetBit7InUnk0xA_ovr096_19	19	C8B
stub096	j_remove_talker_ovr096_CA4	CA4	1
stub097	j_set_likes_dislikes_stub097_2A	2A	211E
stub097	j_give_all_stuff_ovr097_2148	2148	-365
stub097	j_take_id_from_npc_ovr097_1DE3	1DE3	-1DE3
stub097	j_setup_to_barter_ovr097_0	0	1212
stub097	j_do_offer_ovr097_1212	1212	-11CA
stub097	GetSelectedPlayerTradeItems_stub097_48	48	1375
stub097	j_do_demand_ovr097_13BD	13BD	29E
stub097	j_do_judgement_ovr097_165B	165B	-15E1
stub097	stub097_7A	7A	14
stub097	stub097_8E	8E	5
stub097	stub097_93	93	A
stub097	stub097_9D	9D	F
stub097	stub097_AC	AC	1E8C
stub097	j_Do_Inv_Create_ovr097_1F38	1F38	-1E82
stub097	do_inv_delete_stub097_B6	B6	1AE8
stub097	j_Find_INV_ovr097_1B9E	1B9E	-1ADE
stub097	stub097_C0	C0	1B92
stub097	j_TakeFromNPC_ovr097_1C52	1C52	1
stub099	stub099_20	20	5
stub099	stub099_25	25	5
stub099	stub099_2A	2A	5
stub099	stub099_2F	2F	5
stub099	stub099_34	34	A
stub099	stub099_3E	3E	1
stub101	stub101_20	20	5
stub101	stub101_25	25	5
stub101	stub101_2A	2A	1
stub102	j_CreateObjectCombinationOutput_ovr102_106	106	-F0
stub102	j_FindObjectCombination_ovr102_16	16	1
stub103	j_set_inv_quality_ovr103_19BD	19BD	-19BD
stub103	j_TalkTo_ovr103_0	0	1739
stub103	j_identify_inv_ovr103_1739	1739	-51
stub103	j_take_from_npc_ovr103_16E8	16E8	-166E
stub103	SelectConverstionOptionNo_stub103_7A	7A	A
stub103	stub103_84	84	16C
stub103	j_BeginConversation_ovr103_1F0	1F0	103C
stub103	j_find_barter_ovr103_122C	122C	-1176
stub103	stub103_B6	B6	1
stub104	j_LoadCritersObjectDat_ovr104_0	0	25
stub104	stub104_25	25	4E
stub104	j_InitialiseCritterValues_ovr104_73	73	1
stub106	j_RetrieveImportedVariablesAfterConversation_ovr106_48F	48F	-48F
stub106	j_ImportConversationVariables_ovr106_0	0	1
stub107	j_SetGoalAndGTargForNPC_ovr107_0	0	56F
stub107	j_ResetMobileObjectsAndNPCs_ovr107_56F	56F	64B
stub107	j_MoveNPCToTile_ovr107_BBA	BBA	785
stub107	j_RunCastleSchedule_ovr107_133F	133F	-BD9
stub107	j_NPCFindsSleepingPlayer_ovr107_766	766	745
stub107	j_AngerNPCByIllegalAction_ovr107_EAB	EAB	218
stub107	j_ClearOwnerShip_ovr107_10C3	10C3	-308
stub107	j_NPCSHuntForSleepingPlayer_ovr107_DBB	DBB	542
stub107	j_DefeatLivingPitWarrior_ovr107_12FD	12FD	-20D
stub107	j_FlagTheftToObjectOwner_ovr107_10F0	10F0	1
stub108	stub108_20	20	12B3
stub108	j_Cutscene_20_Unk_ovr108_12D3	12D3	-129F
stub108	stub108_34	34	A
stub108	stub108_3E	3E	19
stub108	stub108_57	57	2D
stub108	stub108_84	84	A
stub108	stub108_8E	8E	A
stub108	stub108_98	98	1E
stub108	stub108_B6	B6	5
stub108	stub108_BB	BB	5
stub108	stub108_C0	C0	93E
stub108	j_Cutscene_27_UNK_ovr108_9FE	9FE	-92F
stub108	stub108_CF	CF	5
stub108	stub108_D4	D4	5
stub108	stub108_D9	D9	14
stub108	stub108_ED	ED	2CD8
stub108	j_PlayCutscene_ovr108_2DC5	2DC5	-1EED
stub108	j_Cutscene_4_PlayToFrame_ovr108_ED8	ED8	-DB4
stub108	stub108_124	124	F
stub108	stub108_133	133	E08
stub108	j_Cutscene_7_RepeatSeg_ovr108_F3B	F3B	-303
stub108	j_Cutscene_0_DisplayString_ovr108_C38	C38	-26
stub108	j_Cutscene_25_Music_ovr108_C12	C12	-AC1
stub108	stub108_151	151	A
stub108	stub108_15B	15B	5
stub108	stub108_160	160	A
stub108	stub108_16A	16A	5
stub108	stub108_16F	16F	A
stub108	stub108_179	179	F07
stub108	j_Cutscene_10_FadeIn_ovr108_1080	1080	-EF8
stub108	stub108_188	188	1
stub109	stub109_20	20	5
stub109	stub109_25	25	1
stub110	j_TriggerTrapInTile_ovr110_3C53	3C53	-1444
stub110	j_ClearHeadingBit2FromAllObjects_ovr110_280F	280F	-10EA
stub110	j_HackTrapChangeHeight_ovr110_1725	1725	1DB
stub110	j_PitFighterLoses_ovr110_1900	1900	-3D5
stub110	j_UseFishingPole_ovr110_152B	152B	2ABE
stub110	j_QbertTraps_ovr110_3FE9	3FE9	8D4
stub110	j_HackTrapTransformPotionToPoison_ovr110_48BD	48BD	5D9
stub110	j_SendAvatarToJail_ovr110_4E96	4E96	-3874
stub110	j_SpawnATalkingRotworm_ovr110_1622	1622	-147
stub110	j_SpellTrap_ovr110_14DB	14DB	-B19
stub110	j_Teleport_ovr110_9C2	9C2	28B7
stub110	j_HackTrapPlatformReset_ovr110_3279	3279	-14E
stub110	j_HackTrapGraffiti_ovr110_312B	312B	283
stub110	j_HackTrap_ClassItem_ovr110_33AE	33AE	1301
stub110	j_AvatarIsACowardInThePits_ovr110_46AF	46AF	-9D5
stub110	j_TransformTalker_ovr110_3CDA	3CDA	-2B2
stub110	j_LothIsDead_ovr110_3A28	3A28	-2354
stub110	j_HackTrapTrespass_ovr110_16D4	16D4	149A
stub110	j_BritanniaGoesDry_ovr110_2B6E	2B6E	-2225
stub110	j_AddTimeToClock_ovr110_949	949	34C2
stub110	j_WorldGemTravel_ovr110_3E0B	3E0B	-1672
stub110	j_ClearHeadingBit2ovr110_2799	2799	-E3D
stub110	j_SpecialDeathCases_ovr110_195C	195C	C4D
stub110	j_ItemRepairLogic_ovr110_25A9	25A9	F64
stub110	j_HackTrap_ForceField_ovr110_350D	350D	-4AB
stub110	j_TileTextureCycle_ovr110_3062	3062	-18B9
stub110	j_HackTrapChangeObjectZPos_ovr110_17A9	17A9	1214
stub110	j_GrowMushroomsInBritannia_ovr110_29BD	29BD	1DBE
stub110	j_TransformRedPotionToPoison_ovr110_477B	477B	1
stub112	stub112_34	34	5
stub112	stub112_39	39	A
stub112	stub112_43	43	-43
stub112	j_GameInitialisation_ovr112_0	0	4D
stub112	j_ShowMapAndOtherFullScreenUIs_stub112_4D	4D	5
stub112	stub112_52	52	A
stub112	stub112_5C	5C	90C
stub112	j_CopyArkFilesToSaveFolder_ovr112_968	968	-8EE
stub112	ReturnToMainMenu_stub112_7A	7A	A
stub112	stub112_84	84	1
stub113	j_SCDRunBlockOfEvents_ovr113_AF4	AF4	-5FC
stub113	j_SCDChangeQuest_ovr113_4F8	4F8	542
stub113	j_SCDFindAndCloseDoor_ovr113_A3A	A3A	-880
stub113	j_SCDSetGoalAndGTARG_ovr113_1BA	1BA	7E1
stub113	j_SCDChangeTile_ovr113_99B	99B	-2B6
stub113	j_SCDMoveNPCToTileRange_ovr113_6E5	6E5	3AC
stub113	j_SetAttitude_ovr113_A91	A91	-42B
stub113	j_SCDChangeNPCHeading_ovr113_666	666	5A2
stub113	j_ProcessSCDRow_ovr113_C08	C08	-A72
stub113	j_SetGoalAndGTargFromArray_ovr113_196	196	8CC
stub113	j_CallNestedSCDCodeJumps_ovr113_A62	A62	1
stub116	stub116_25	25	5
stub116	stub116_2A	2A	5
stub116	stub116_2F	2F	1
stub117	stub117_25	25	5
stub117	stub117_2A	2A	139
stub117	j_CritterCRxxLoadRelated_ovr117_163	163	-12F
stub117	stub117_34	34	1
stub118	stub118_25	25	5
stub118	stub118_2A	2A	147
stub118	j_SetPalette_ovr118_171	171	-13D
stub118	stub118_34	34	5
stub118	stub118_39	39	A
stub118	stub118_43	43	58
stub118	j_OpenFont_ovr118_772BW_9B	9B	-49
stub118	stub118_52	52	F
stub118	stub118_61	61	5
stub118	stub118_66	66	AB
stub118	j_OpenPalsData_ovr118_772B_111	111	-9C
stub118	stub118_75	75	1
stub119	stub119_25	25	5
stub119	stub119_2A	2A	9BE
stub119	j_OpenArtFiles_ovr119_9E8	9E8	-9AA
stub119	stub119_3E	3E	19
stub119	stub119_57	57	A
stub119	stub119_61	61	14
stub119	stub119_75	75	F
stub119	UnpackGR_stub119_84	84	5
stub119	stub119_89	89	5
stub119	LoadPanelsResource_stub119_8E	8E	1
stub120	j_GetObjectDatForMajorClass0_ovr120_3A	3A	-3A
stub120	j_ReadObjectsDat_Part_1_ovr120_0	0	1
stub121	stub121_20	20	A
stub121	stub121_2A	2A	5
stub121	stub121_2F	2F	5
stub121	stub121_34	34	F
stub121	stub121_43	43	A
stub121	stub121_4D	4D	155
stub121	j_ChangeFClassToClosedContainer_ovr121_1A2	1A2	1
stub122	j_SaveLoadPlayerDatovr122_17C	17C	-157
stub122	stub122_25	25	668
stub122	j_LoadPlayerDatovr122_68D	68D	-645
stub122	stub122_48	48	5
stub122	stub122_4D	4D	5
stub122	stub122_52	52	5
stub122	stub122_57	57	1
stub123	j_PlayerAttemptsSpellCast_ovr123_387	387	-D0
stub123	j_PrintSpellStability_ovr123_2B7	2B7	1
stub124	j_EquipmentDamage_ovr124_C26	C26	-BF7
stub124	stub124_2F	2F	1ED
stub124	j_SearchInventoryForItem_ovr124_21C	21C	99D
stub124	j_CheckIfEquipmentInValidSlot_ovr124_BB9	BB9	-B3A
stub124	stub124_7F	7F	1
stub125	stub125_2F	2F	5
stub125	stub125_34	34	A48
stub125	j_MoveQuantity_ovr125_A7C	A7C	-A2A
stub125	stub125_52	52	125A
stub125	j_CanObjectStackInContainer_ovr125_12AC	12AC	-12AC
stub125	j_ProbablyResetPaperdoll_ovr125_0	0	1
stub126	j_BuildObjectIdentificationString_ovr126_36A	36A	-36A
stub126	j_LookDescription_ovr126_75BD_0	0	1
stub127	j_DecompressArkData_ovr127_440	440	355
stub127	j_DataCompression_ovr127_795	795	1
stub128	j_LoadLevARK_ovr128_76	76	-76
stub128	j_InitialiseTileMapData_ovr128_0	0	167
stub128	j_SaveLEVARK_ovr128_167	167	1
stub130	j_ObjectDatFileReads_ovr130_0	0	1
stub131	j_PlayCredits_ovr131_0	0	1
stub134	j_GetObjectDatForItem_ovr134_F5	F5	1
stub135	j_UpdateInventoryLightSources_ovr135_4E3	4E3	10B
stub135	j_SwimmingSkillCheck_ovr135_5EE	5EE	DA
stub135	j_PlayerStatusEffectSpells_ovr135_6C8	6C8	-597
stub135	j_PlayerUpdates_ovr135_131	131	1
stub136	stub136_20	20	5
stub136	stub136_25	25	A
stub136	stub136_2F	2F	5
stub136	stub136_34	34	5
stub136	stub136_39	39	5
stub136	stub136_3E	3E	5
stub136	stub136_43	43	5
stub136	stub136_48	48	5
stub136	stub136_4D	4D	5
stub136	stub136_52	52	5
stub136	stub136_57	57	5
stub136	stub136_5C	5C	5
stub136	stub136_61	61	5
stub136	stub136_66	66	5
stub136	stub136_6B	6B	5
stub136	stub136_70	70	5
stub136	stub136_75	75	5
stub136	stub136_7A	7A	4D7
stub136	j_SoundMenu_ovr136_551	551	-4CD
stub136	stub136_84	84	5
stub136	stub136_89	89	5
stub136	stub136_8E	8E	5
stub136	stub136_93	93	5
stub136	stub136_98	98	5
stub136	stub136_9D	9D	5
stub136	stub136_A2	A2	5
stub136	stub136_A7	A7	34D
stub136	j_SoundMenuOptions_ovr136_3F4	3F4	-343
stub136	stub136_B1	B1	5
stub136	stub136_B6	B6	1
stub137	stub137_25	25	3C1
stub137	j_ResetPlayerDoingSomething_ovr137_3E6	3E6	-3B2
stub137	stub137_34	34	5
stub137	stub137_39	39	5
stub137	stub137_3E	3E	-3E
stub137	j_SwitchInventoryAndStats_ovr137_0	0	48
stub137	stub137_48	48	1
stub138	j_UseMajorClass5_Objects_ovr138_182C	182C	-182C
stub138	j_UseSkullsOnGravestone_ovr138_0	0	2F
stub138	UseAnvil_stub138_2F	2F	3E
stub138	j_LookAtWatch_ovr138_6D	6D	16BB
stub138	j_RuneTraps_ovr138_1728	1728	-138D
stub138	j_EatingFood_ovr138_39B	39B	16B4
stub138	j_Major4_Minor2_ObjectUsage_ovr138_1A4F	1A4F	-1896
stub138	j_BlackRockGemsUsedOnWorldGemovr138_1B9	1B9	-68
stub138	j_LookAtDataCrystal_ovr138_151	151	D68
stub138	j_LockPicking_ovr138_EB9	EB9	38A
stub138	j_MiscMajor4_Minor1_ObjectUsage_ovr138_1243	1243	3E9
stub138	j_DoorToggle_ovr138_162C	162C	5BE
stub138	j_RockHammerUsage_ovr138_1BEA	1BEA	-7C0
stub138	j_DoorOpen_ovr138_142A	142A	-A6C
stub138	j_UseOilFlask_ovr138_9BE	9BE	-926
stub138	UseKey_stub138_98	98	1
stub139	stub139_20	20	5
stub139	stub139_25	25	23
stub139	stub139_48	48	1
stub140	j_LoadTextureMapData_ovr140_9F	9F	CD
stub140	j_SaveTextureMapsToArk_ovr140_16C	16C	-133
stub140	stub140_39	39	1
stub142	j_RetrieveActiveSpells_ovr142_591	591	1A1
stub142	j_RefreshPlayerStatus_ovr142_732	732	-6F9
stub142	stub142_39	39	-34
stub142	j_CopyPlayerPropsFromObjectToPDAT_ovr142_5	5	27A
stub142	j_ShroomsCameraEffects_ovr142_27F	27F	1
stub143	j_InitPlayerAndRegisterKeys_ovr143_B0	B0	9D2
stub143	j_SetCameraViewAtObject_ovr143_A82	A82	C9
stub143	j_RoamingSightInput_ovr143_B4B	B4B	1FB
stub143	j_MakeObjectTheCamera_ovr143_D46	D46	16
stub143	j_HackTrapCamera_ovr143_D5C	D5C	-D19
stub143	stub143_43	43	A24
stub143	j_PrintGameVersion_ovr143_A67	A67	-7A
stub143	j_PrintPlayerPosition_ovr143_9ED	9ED	-987
stub143	stub143_66	66	1
stub146	stub146_20	20	1
stub147	stub147_25	25	A
stub147	stub147_2F	2F	5
stub147	stub147_34	34	1E4
stub147	j_MainMenu_ovr147_218	218	1
stub149	j_MaybeCreateSaveGameFolder_ovr149_0	0	66B
stub149	j_DeleteFilesInFolder_ovr149_66B	66B	298
stub149	j_OpenCloseDoorInTile_ovr149_903	903	-4E8
stub149	j_OpenSaveGame_ovr149_771E_41B	41B	1
stub150	LoadBitMap_stub150_20	20	2A
stub150	j_LoadBitmapFromBytArk_ovr150_4A	4A	1
stub151	stub151_2A	2A	5
stub151	stub151_2F	2F	19
stub151	stub151_48	48	A
stub151	stub151_52	52	A
stub151	stub151_5C	5C	34A
stub151	j_ProcessSCDARK_ovr151_3A6	3A6	1
stub152	j_LoadLightAndXFerDat_ovr152_141	141	-F7
stub152	j_OpenAndApplyShadesDat_ovr152_4A	4A	-4A
stub152	j_OpenDataFile_ovr152_0	0	16E
stub152	j_ChangeShroomPaletteData_ovr152_16E	16E	1
stub153	j_CompressData_ovr153_8C	8C	-61
stub153	j_ReadCompressedArk_ovr153_2B	2B	1
stub154	stub154_20	20	FC
stub154	j_CharLevelUp_ovr154_11C	11C	F13
stub154	j_ChangeHunger_ovr154_102F	102F	-C74
stub154	j_IncreaseSkillGroup_ovr154_3BB	3BB	76F
stub154	j_SleepingLogic_ovr154_B2A	B2A	D2D
stub154	j_TrapDisarming_ovr154_1857	1857	-3FA
stub154	j_AwakeFromVoidDream_ovr154_145D	145D	154
stub154	j_DeathAndResurrection_ovr154_15B1	15B1	20F
stub154	j_CheckForTrapTrigger_ovr154_17C0	17C0	-7C3
stub154	j_MakeCampEvent_ovr154_FFD	FFD	-F8F
stub154	j_TrackSkillEvent_ovr154_6E	6E	1
stub156	j_RunCodeOnTargetsAroundObject_ovr156_13AF	13AF	196
stub156	j_Class7SpellsGroup0to7_ovr156_1545	1545	760
stub156	j_SpellDamagesObjectsInTile_ovr156_1CA5	1CA5	-669
stub156	j_Class7SpellsGroup7to15_ovr156_163C	163C	-546
stub156	j_RunCodeOnTargetsInArea_ovr156_10F6	10F6	-102D
stub156	j_CastSpell_ovr156_C9	C9	DF7
stub156	j_CauseFear_ovr156_EC0	EC0	-E74
stub156	j_SpellTrapWandNPCCast_ovr156_4C	4C	97E
stub156	j_Charm_ovr156_9CA	9CA	-2A2
stub156	j_FlameWind_ovr156_728	728	129C
stub156	j_MapAreaCallBack_ovr156_19C4	19C4	-14CD
stub156	j_HealSpell_ovr156_4F7	4F7	47
stub156	j_CursedObject_ovr156_53E	53E	6E4
stub156	j_Shockwave_ovr156_C22	C22	-835
stub156	j_PlayerHPRegenerationChange_ovr156_3ED	3ED	2AE
stub156	j_SheetLightning_ovr156_69B	69B	869
stub156	j_RepelUndead_ovr156_F04	F04	-A7F
stub156	j_ChangeHealth_ovr156_485	485	-146
stub156	j_ManaChange_ovr156_33F	33F	1
stub157	j_QuakeSpell_ovr157_14D4	14D4	-829
stub157	j_Class8Summoning_Spells_ovr157_CAB	CAB	538
stub157	j_DetectMonsters_ovr157_11E3	11E3	435
stub157	j_ClassB_Spells_ovr157_1618	1618	3F2
stub157	j_AltarasWand_ovr157_1A0A	1A0A	-121F
stub157	j_EnchantObject_ovr157_7EB	7EB	40A
stub157	j_RevealSpell_ovr157_BF5	BF5	-A1D
stub157	j_SpellCode_Study_Monster_ovr157_1D8	1D8	17D9
stub157	j_AltarasWand_ovr157_19B1	19B1	1
stub162	stub162_20	20	1
stub163	j_SpillInventory_ovr163_0	0	609
stub163	j_SpawnNPCLoot_ovr163_609	609	1
stub165	stub165_20	20	5
stub165	stub165_25	25	1
stub166	j_TRAPS_ovr166_5D6	5D6	203A
stub166	j_RemoveTrapTriggerChain_ovr166_2610	2610	-25D5
stub166	j_RunTrigger_ovr166_3B	3B	-24
stub166	j_MajorClass6TriggerType_ovr166_17	17	2D6
stub166	j_VariableOperationOnQuestVariablesXClock_ovr166_2ED	2ED	24E6
stub166	j_SCDFindandCloseDoor_ovr166_27D3	27D3	-101
stub166	j_CheckIfWithin8TilesFromPlayerovr166_26D2	26D2	-2486
stub166	j_TriggerTrap_ovr166_24C	24C	26A7
stub166	j_RunPressureEnterExitTriggersInChain_ovr166_28F3	28F3	-1CD
stub166	j_FindAndTriggerCreateObjectTrap_ovr166_2726	2726	-2726
stub166	j_LoadTriggerObjDat_ovr166_0	0	1
stub167	stub167_2A	2A	14D
stub167	j_GetHeadingBetweenPoints_ovr167_177	177	666
stub167	j_SaveFileEncryption_ovr167_7DD	7DD	-795
stub167	stub167_48	48	-48
stub167	j_NOT_ovr167_0	0	57
stub167	stub167_57	57	5
stub167	ListDataFolderContents_stub167_5C	5C	5
stub167	stub167_61	61	5
stub167	ReadFileToAddress_stub167_66	66	5
stub167	stub167_6B	6B	2826
stub167	Stub_OpenDataFile_seg005_2891	2891	-2037
stub167	j_LoadStringsPakToTable_ovr167_85A	85A	-7E0
stub167	LoadDATFile_stub167_7A	7A	299
stub167	j_DartSatelliteVectoring_ovr167_313	313	-285
stub167	FileWriteWithParams_stub167_8E	8E	1
ovr091	LoadAnimationObjectDat_ovr091_0	0	17
ovr091	MajorClass7_ovr091_17	17	15
ovr092	ovr092_0	0	5
ovr092	ovr092_5	5	E
ovr092	ovr092_13	13	5
ovr092	ovr092_18	18	5
ovr092	ovr092_1D	1D	5
ovr092	ovr092_22	22	5
ovr092	ReturnFar_ovr092_27	27	5
ovr093	SeekToOffset_ovr093_0	0	128
ovr093	ovr093_128	128	F4
ovr093	ReadDataBlockHeaderValue_ovr093_21C	21C	52
ovr093	WriteFourBytesToFileAtLocation_ovr093_26E	26E	4C
ovr093	BuildArkDataFileName_ovr093_779D_2BA	2BA	7F
ovr093	CopyDataToFile_ovr093_339	339	6D
ovr093	OpenArkFile_ovr093_779D_3A6	3A6	D9
ovr093	CloseLevArk_ovr093_779D_47F	47F	32
ovr093	WriteDataToARKFile_ovr093_779D_4B1	4B1	782
ovr093	ReadArkFileBlock_ovr093_C33	C33	115
ovr093	ReadDataFileBlock_ovr093_D48	D48	74
ovr093	ovr093_DBC	DBC	5
ovr093	ovr093_DC1	DC1	6C
ovr094	ViewAutomap_ovr094_0	0	140
ovr094	UpdateAutomapTiles_ovr094_140	140	161
ovr094	SetALTo1_ovr094_2A1	2A1	7
ovr094	ovr094_2A8	2A8	2B
ovr094	SaveAutomapToArk_ovr094_2D3	2D3	55
ovr094	LoadAutoMap_ovr094_328	328	77
ovr094	ClosingAutomap_ovr094_39F	39F	73
ovr094	ClearAutomap_ovr094_412	412	15
ovr094	ovr094_427	427	142
ovr094	ovr094_569	569	F8
ovr094	ovr094_661	661	6C
ovr094	PossiblyDrawAutomap_ovr094_6CD	6CD	20D
ovr094	ovr094_8DA	8DA	F8
ovr094	ovr094_9D2	9D2	47
ovr094	ovr094_A19	A19	F8
ovr094	ovr094_B11	B11	CE
ovr094	AutomapRelated_ovr094_BDF	BDF	568
ovr094	WriteMapNotesToScreen_ovr094_1147	1147	BA
ovr094	MoveMapNotes_ovr094_1201	1201	C5
ovr094	LoadMapNotesData_ovr094_12C6	12C6	51
ovr094	ovr094_1317	1317	62
ovr094	ovr094_1379	1379	82
ovr094	DisplayAutomapText_ovr094_13FB	13FB	160
ovr094	ovr094_155B	155B	33
ovr094	ChangeThemeToBrittania_ovr094_158E	158E	A
ovr094	GetMapPieceSegmentNo_ovr094_1598	1598	8A
ovr094	CopyMapPiece_ovr094_1622	1622	256
ovr094	AutoMapTrap_ovr094_1878	1878	56
ovr095	ovr095_0	0	31
ovr095	ovr095_31	31	55
ovr095	MaybeAllocateSpace_ovr095_86	86	198
ovr095	ovr095_21E	21E	177
ovr095	ovr095_395	395	2DE
ovr095	ReadWriteBabGlobsDAT_ovr095_673	673	D1
ovr095	ReadInBGlobals_ovr095_744	744	9D
ovr095	SaveBGlobals_ovr095_7E1	7E1	94
ovr095	LoadNPCConversation_ovr095_875	875	1DF
ovr095	do_input_wait_ovr095_A54	A54	7
ovr095	Random_ovr095_A5B	A5B	30
ovr095	Compare_ovr095_A8B	A8B	10A
ovr095	Plural_ovr095_B95	B95	46
ovr095	Contains_ovr095_BDB	BDB	12F
ovr095	Append_ovr095_D0A	D0A	BD
ovr095	Copy_ovr095_DC7	DC7	6F
ovr095	ovr095_E36	E36	57
ovr095	Length_ovr095_E8D	E8D	25
ovr095	Val_ovr095_EB2	EB2	25
ovr095	ovr095_ED7	ED7	7F
ovr095	ConversationTextVariableReplacement_ovr095_F56	F56	26A
ovr095	GetStringReplacementNumberValue_ovr095_11C0	11C0	103
ovr095	ReadConversationHeader_ovr095_12C3	12C3	1EE
ovr095	CopyConversationCode_ovr095_14B1	14B1	23
ovr095	ExitConversation_ovr095_14D4	14D4	21
ovr095	ConversationVM_ovr095_14F5	14F5	3DA
ovr095	OPADD_ovr095_18CF	18CF	39
ovr095	OPNEG_ovr095_1908	1908	24
ovr095	OPMUL_ovr095_192C	192C	39
ovr095	OPSUB_ovr095_1965	1965	39
ovr095	OPDIV_ovr095_199E	199E	50
ovr095	OPMOD_ovr095_19EE	19EE	50
ovr095	OPOR_ovr095_1A3E	1A3E	45
ovr095	OPAND_ovr095_1A83	1A83	45
ovr095	TSTGT_ovr095_1AC8	1AC8	42
ovr095	TSTGE_ovr095_1B0A	1B0A	42
ovr095	TSTLT_ovr095_1B4C	1B4C	42
ovr095	TSTLE_ovr095_1B8E	1B8E	42
ovr095	TSTEQ_ovr095_1BD0	1BD0	42
ovr095	TSTNE_ovr095_1C12	1C12	42
ovr095	CALL_ovr095_1C54	1C54	2E
ovr095	RET_ovr095_1C82	1C82	28
ovr095	FETCHM_ovr095_1CAA	1CAA	2D
ovr095	OFFSET_ovr095_1CD7	1CD7	3A
ovr095	STO_ovr095_1D11	1D11	33
ovr095	CallImportedFunction_ovr095_1D44	1D44	7D
ovr095	STRCMP_ovr095_1DC1	1DC1	E1
ovr095	SAY_OP_ovr095_1EA2	1EA2	A8
ovr095	RESPOND_OP_ovr095_1F4A	1F4A	A8
ovr095	ReadConvoMemory_ovr095_1FF2	1FF2	15
ovr095	GetConvoMemoryValue_ovr095_2007	2007	13
ovr095	StoreValueOnStack_ovr095_201A	201A	16
ovr095	GetValueAtBasePTRPlusArg0_ovr095_2030	2030	16
ovr095	AddImportedFunction_ovr095_2046	2046	67
ovr095	ImportConversationVariable_ovr095_20AD	20AD	9D
ovr095	RetrieveConversationVariable_ovr095_214A	214A	75
ovr095	SomethingWithImportedVariableTypes_ovr095_21BF	21BF	D7
ovr095	ovr095_2296	2296	5
ovr096	SetFightingInPit_ovr096_0	0	19
ovr096	SetBit7InUnk0xA_ovr096_19	19	1F
ovr096	babl_hack_ovr096_38	38	319
ovr096	CreatePitFighters_ovr096_351	351	21D
ovr096	SetSequence_ovr096_56E	56E	46
ovr096	set_sequence_ovr096_5B4	5B4	5C
ovr096	x_exp_ovr096_610	610	35
ovr096	teleport_player_ovr096_645	645	4D
ovr096	teleport_talker_ovr096_692	692	2A
ovr096	PostConversationTeleport_ovr096_6BC	6BC	6C
ovr096	SetAttitude_ovr096_728	728	21
ovr096	SetAttitude_ovr096_749	749	3B
ovr096	set_race_attitude_ovr096_784	784	177
ovr096	x_skills_ovr096_8FB	8FB	92
ovr096	x_traps_ovr096_98D	98D	47
ovr096	place_object_ovr096_9D4	9D4	1E3
ovr096	take_from_npc_inv_ovr096_BB7	BB7	68
ovr096	add_to_npc_inv_ovr096_C1F	C1F	34
ovr096	transform_talker_ovr096_C53	C53	51
ovr096	remove_talker_ovr096_CA4	CA4	4B
ovr096	SetQuest_ovr096_CEF	CEF	A3
ovr096	GetQuest_ovr096_D92	D92	80
ovr096	x_clock_ovr096_E12	E12	95
ovr096	Sex_ovr096_EA7	EA7	25
ovr096	gronk_door_ovr096_ECC	ECC	102
ovr096	x_obj_stuff_ovr096_FCE	FCE	2B3
ovr096	x_obj_pos_ovr096_1281	1281	1D1
ovr097	setup_to_barter_ovr097_0	0	1AF
ovr097	InitNPCTrade_ovr097_1AF	1AF	234
ovr097	end_barter_ovr097_3E3	3E3	E8
ovr097	ovr097_4CB	4CB	47
ovr097	ovr097_512	512	6F
ovr097	ovr097_581	581	6F
ovr097	ovr097_5F0	5F0	6E
ovr097	ovr097_65E	65E	44
ovr097	ovr097_6A2	6A2	46
ovr097	LikelySlotInteractionRelated_ovr097_6E8	6E8	389
ovr097	RedrawTradeSlots_ovr097_A71	A71	20
ovr097	RedrawTradeSlot_ovr097_A91	A91	1A8
ovr097	SetObjectInHand_ovr097_C39	C39	A2
ovr097	ovr097_CDB	CDB	55
ovr097	ObjectCombineToSlot_ovr097_D30	D30	153
ovr097	SomethingWithTradeSlot_ovr097_E83	E83	F3
ovr097	ReturnTradeObjectsToNPC_ovr097_F76	F76	94
ovr097	probablyTradeObjects_ovr097_100A	100A	1D5
ovr097	AreItemsBeingOffered_ovr097_11DF	11DF	33
ovr097	do_offer_ovr097_1212	1212	1AB
ovr097	do_demand_ovr097_13BD	13BD	291
ovr097	do_decline_ovr097_164E	164E	D
ovr097	do_judgement_ovr097_165B	165B	170
ovr097	GetTotalValueOfOffering_ovr097_17CB	17CB	6A
ovr097	GetTrueValueofItemToNPC_ovr097_1835	1835	125
ovr097	GetValueOffsetByRandomRange_ovr097_195A	195A	3E
ovr097	GetSelectedPlayerTradeItems_ovr097_1998	1998	63
ovr097	GiveObjectToNPC_ovr097_19FB	19FB	13B
ovr097	RemoveObjectAndGiveToNPC_ovr097_1B36	1B36	68
ovr097	Find_INV_ovr097_1B9E	1B9E	B4
ovr097	TakeFromNPC_ovr097_1C52	1C52	191
ovr097	take_id_from_npc_ovr097_1DE3	1DE3	155
ovr097	Do_Inv_Create_ovr097_1F38	1F38	63
ovr097	do_inv_delete_ovr097_1F9B	1F9B	71
ovr097	set_likes_dislikes_ovr097_200C	200C	32
ovr097	EvalLikeDislike_ovr097_203E	203E	10A
ovr097	give_all_stuff_ovr097_2148	2148	4E
ovr099	ovr099_0	0	5
ovr099	ovr099_5	5	5
ovr099	ovr099_A	A	8
ovr099	ovr099_12	12	5
ovr099	ovr099_17	17	5
ovr099	REFT_ovr099_1C	1C	5
ovr099	ovr099_21	21	5
ovr101	InitialisePlayer_ovr101_0	0	291
ovr101	GetSkillChoices_ovr101_291	291	EF
ovr101	StatsScreen_ovr101_380	380	150
ovr101	ChargenPrintCurrentStatSkills_ovr101_4D0	4D0	BE
ovr101	RollSkills_ovr101_58E	58E	2D
ovr101	CharGenInitClassSkills_ovr101_5BB	5BB	D9
ovr101	PrintChargenOptions_ovr101_694	694	2EF
ovr101	MaybePrintChargenQuestion_ovr101_983	983	22C
ovr101	ovr101_BAF	BAF	195
ovr101	LikelyChargenChoice_ovr101_D44	D44	334
ovr101	CharGen_ovr101_1078	1078	54B
ovr101	MaybeAnImageDraw_ovr101_15C3	15C3	22
ovr101	MaybeAnImageUnpack_ovr101_15E5	15E5	3F
ovr101	StartNewGame_ovr101_1624	1624	289
ovr101	ovr101_18AD	18AD	1E
ovr101	ovr101_18CB	18CB	1E
ovr102	LoadCMB_DAT_ovr102_0	0	16
ovr102	FindObjectCombination_ovr102_16	16	F0
ovr102	CreateObjectCombinationOutput_ovr102_106	106	1F
ovr102	CanDoObjectCombination_ovr102_125	125	39
ovr102	SetsALtoZero_ovr102_15E	15E	7
ovr103	TalkTo_ovr103_0	0	1A5
ovr103	ovr103_1A5	1A5	22
ovr103	Load8BitUncompressedImage_ovr103_1C7	1C7	29
ovr103	BeginConversation_ovr103_1F0	1F0	2D8
ovr103	EndConversationMode_ovr103_4C8	4C8	6F
ovr103	ovr103_537	537	5
ovr103	InitConversation_ovr103_53C	53C	40E
ovr103	ovr103_94A	94A	C9
ovr103	babl_menu_ovr103_A13	A13	1DF
ovr103	babl_fmenu_ovr103_BF2	BF2	224
ovr103	SelectConverstionOptionNo_ovr103_E16	E16	EF
ovr103	Say_ovr103_F05	F05	67
ovr103	Respond_ovr103_F6C	F6C	53
ovr103	MaybePrintConversationText_ovr103_FBF	FBF	67
ovr103	print_ovr103_1026	1026	B7
ovr103	pause_ovr103_10DD	10DD	3A
ovr103	babl_ask_ovr103_1117	1117	8E
ovr103	show_inv_ovr103_11A5	11A5	87
ovr103	find_barter_ovr103_122C	122C	AE
ovr103	find_barter_total_ovr103_12DA	12DA	14B
ovr103	give_to_npc_ovr103_1425	1425	ED
ovr103	give_ptr_npc_ovr103_1512	1512	190
ovr103	do_inv_delete_ovr103_16A2	16A2	1B
ovr103	find_inv_ovr103_16BD	16BD	2B
ovr103	take_from_npc_ovr103_16E8	16E8	1B
ovr103	take_id_from_npc_ovr103_1703	1703	1B
ovr103	do_inv_create_ovr103_171E	171E	1B
ovr103	identify_inv_ovr103_1739	1739	1F2
ovr103	count_inv_ovr103_192B	192B	5C
ovr103	check_inv_quality_ovr103_1987	1987	36
ovr103	set_inv_quality_ovr103_19BD	19BD	4B
ovr103	switch_pic_ovr103_1A08	1A08	1A4
ovr104	LoadCrittersObjectsDat_ovr104_0	0	17
ovr104	ovr104_17	17	17
ovr104	GetObjectDatForMajorClass1_ovr104_2E	2E	30
ovr104	InitCritter_ovr104_5E	5E	15
ovr104	InitialiseCritterValues_ovr104_73	73	226
ovr106	ImportConversationVariables_ovr106_0	0	48F
ovr106	RetrieveImportedVariablesAfterConversation_ovr106_48F	48F	1EC
ovr107	SetGoalAndGTargForNPC_ovr107_0	0	3E
ovr107	SomethingWithUpdatingAllNPCHunger_ovr107_3E	3E	7D
ovr107	GetDefaultFreePositionOnTile_ovr107_BB	BB	5A
ovr107	ReturnNPCsToHomeTile_ovr107_115	115	312
ovr107	StopMobileObjects_ovr107_427	427	148
ovr107	ResetMobileObjectsAndNPCs_ovr107_56F	56F	148
ovr107	TestForNPCHostileAndAwareOfPlayer_ovr107_6B7	6B7	84
ovr107	TestNearbyNPCHunger_ovr107_73B	73B	2B
ovr107	NPCFindsSleepingPlayer_ovr107_766	766	454
ovr107	MoveNPCToTile_ovr107_BBA	BBA	201
ovr107	NPCSHuntForSleepingPlayer_ovr107_DBB	DBB	2B
ovr107	LoadCombatState_ovr107_DE6	DE6	34
ovr107	SaveRecentCombatAction_ovr107_E1A	E1A	44
ovr107	ClearBitOnAllObjects_ovr107_E5E	E5E	3A
ovr107	ResetLastDamagedCharacter_ovr107_E98	E98	13
ovr107	AngerNPCByIllegalAction_ovr107_EAB	EAB	218
ovr107	ClearOwnerShip_ovr107_10C3	10C3	2D
ovr107	FlagTheftToObjectOwner_ovr107_10F0	10F0	BA
ovr107	HackTrapMovePitWarriors_ovr107_11AA	11AA	2D
ovr107	HackTrapMovePitWarriors_ovr107_11D7	11D7	126
ovr107	DefeatLivingPitWarrior_ovr107_12FD	12FD	42
ovr107	RunCastleSchedule_ovr107_133F	133F	CA
ovr107	CastleNPC_Schedule_ovr107_1409	1409	224
ovr108	PlayCutsceneAudio_ovr108_0	0	32F
ovr108	ovr108_32F	32F	279
ovr108	ovr108_5A8	5A8	4F
ovr108	ovr108_5F7	5F7	1C
ovr108	ovr108_613	613	10
ovr108	ovr108_623	623	44
ovr108	ovr108_667	667	A
ovr108	ovr108_671	671	3C
ovr108	ProbablyReadDescriptors_ovr108_6AD	6AD	A4
ovr108	ReadCutsN0XData_ovr108_751	751	6E
ovr108	ProbablyReadCutsImageData_ovr108_7BF	7BF	5A
ovr108	ovr108_819	819	AF
ovr108	ReadCutsN0XPaletteData_ovr108_8C8	8C8	6C
ovr108	ovr108_934	934	CA
ovr108	Cutscene_27_UNK_ovr108_9FE	9FE	57
ovr108	ovr108_A55	A55	71
ovr108	ovr108_AC6	AC6	54
ovr108	FadeInRelated_ovr108_B1A	B1A	53
ovr108	FadingRelated_ovr108_B6D	B6D	21
ovr108	ovr108_B8E	B8E	5B
ovr108	Cutscene_NOP_ovr108_BE9	BE9	8
ovr108	Cutscene_24_Unk_ovr108_BF1	BF1	21
ovr108	Cutscene_Music_ovr108_C12	C12	26
ovr108	CutsceneDisplayString_ovr108_C38	C38	215
ovr108	Cutscene_1_ClearFlag_ovr108_E4D	E4D	F
ovr108	CutsceneNOP_ovr108_E5C	E5C	8
ovr108	Cutscene_3_Pause_ovr108_E64	E64	2D
ovr108	Cutscene_14_Wait_ovr108_E91	E91	47
ovr108	Cutscene4_PlayToFrame_ovr108_ED8	ED8	41
ovr108	Cutscene5_UNK_ovr108_F19	F19	E
ovr108	Cutscene_End_ovr108_F27	F27	14
ovr108	Cutscene_RepeatSeg_ovr108_F3B	F3B	2E
ovr108	Cutscene_ChangeFile_ovr108_F69	F69	71
ovr108	CutsceneTextAndSound_ovr108_FDA	FDA	72
ovr108	Cutscene_FadeOut_ovr108_104C	104C	34
ovr108	Cutscene_FadeIn_ovr108_1080	1080	34
ovr108	Cutscene_11_Unk_ovr108_10B4	10B4	39
ovr108	Cutscene_12_Unknown_ovr108_10ED	10ED	1E
ovr108	Cutscene_KLANG_ovr108_110B	110B	7
ovr108	Cutscene_16_Unk_ovr108_1112	1112	53
ovr108	Cutscene_17_Unk_ovr108_1165	1165	BC
ovr108	Cutscene_18_NOP_ovr108_1221	1221	8
ovr108	Cutscene_19_Unk_ovr108_1229	1229	AA
ovr108	Cutscene_20_Unk_ovr108_12D3	12D3	64
ovr108	Cutscene_21_Unk_ovr108_1337	1337	3E
ovr108	Cutscene_22_CutsceneBitmap_ovr108_1375	1375	1E
ovr108	Cutscene_23_Unk_ovr108_1393	1393	3A
ovr108	ovr108_13CD	13CD	9
ovr108	ovr108_13D6	13D6	37
ovr108	SetupCutsceneDataFlags_ovr108_140D	140D	7F
ovr108	GetCutsceneFileName_ovr108_148C	148C	53
ovr108	ovr108_14DF	14DF	9C
ovr108	ProbablyCutsSubtitle_ovr108_157B	157B	B0
ovr108	ovr108_162B	162B	68
ovr108	ovr108_1693	1693	CC
ovr108	ProcessCutsceneFunctions_ovr108_175F	175F	140
ovr108	DRAW_RELATED_ovr108_189F	189F	ABA
ovr108	MaybePlayCutsArtFile_ovr108_2359	2359	522
ovr108	InitCutsceneFlags_ovr108_287B	287B	4C
ovr108	PlayCutsceneFile_ovr108_28C7	28C7	2AC
ovr108	CutsceneDataLoading_ovr108_2B73	2B73	252
ovr108	PlayCutscene_ovr108_2DC5	2DC5	E2
ovr108	DoesNothing_ovr108_2EA7	2EA7	5
ovr108	OpenCutsFile_ovr108_2EAC	2EAC	144
ovr108	MaybeRunQueuedCutsCallbackFunctions_ovr108_2FF0	2FF0	158
ovr108	RunCutsCallbackFunctions_ovr108_3148	3148	19
ovr108	RunCutsCallbackFunction_ovr108_3161	3161	30
ovr108	RegisterCutsCallbackFunction_ovr108_3191	3191	6F
ovr108	ovr108_3200	3200	41
ovr108	ovr108_3241	3241	74
ovr108	ClearUnknownCutsFunctionPTR_ovr108_32B5	32B5	17
ovr108	ovr108_32CC	32CC	67
ovr108	ovr108_3333	3333	75
ovr108	ovr108_33A8	33A8	38
ovr108	CutsceneBitmap_ovr108_33E0	33E0	240
ovr108	ovr108_3620	3620	1
ovr109	ovr109_0	0	31
ovr109	ovr109_31	31	5
ovr110	TeleportCharToTile_ovr110_0	0	949
ovr110	AddTimeToClock_ovr110_949	949	79
ovr110	Teleport_ovr110_9C2	9C2	211
ovr110	RaiseZposOfObjectInChangingTile_ovr110_BD3	BD3	135
ovr110	LowerZposOfObjectInChangingTile_ovr110_D08	D08	10B
ovr110	WillObjectMoveWithTileHeightChange_ovr110_E13	E13	124
ovr110	ChangeTile_ovr110_F37	F37	2F6
ovr110	ChangeFromTrap_ovr110_122D	122D	1EE
ovr110	DamageTrap_ovr110_141B	141B	C0
ovr110	SpellTrap_ovr110_14DB	14DB	50
ovr110	UseFishingPole_ovr110_152B	152B	F7
ovr110	SpawnATalkingRotworm_ovr110_1622	1622	B2
ovr110	HackTrapTrespass_ovr110_16D4	16D4	51
ovr110	HackTrapChangeHeight_ovr110_1725	1725	84
ovr110	HackTrapChangeObjectZPos_ovr110_17A9	17A9	AA
ovr110	SpecialEffects_ovr110_1853	1853	66
ovr110	RemoveNPC_ovr110_18B9	18B9	47
ovr110	PitWarriorLosesFight_ovr110_1900	1900	5C
ovr110	SpecialDeathCases_ovr110_195C	195C	8B6
ovr110	TalkToDyingNPC_ovr110_2212	2212	6C
ovr110	RunScheduleTriggersInTile_15_29_ovr110_227E	227E	12D
ovr110	PitArenaRelated_ovr110_23AB	23AB	79
ovr110	GetItemDurability_ovr110_2424	2424	6D
ovr110	RepairItem_ovr110_2491	2491	118
ovr110	ItemRepairLogic_ovr110_25A9	25A9	1F0
ovr110	ClearHeadingBit2ovr110_2799	2799	76
ovr110	ClearHeadingBit2FromAllObjects_ovr110_280F	280F	6D
ovr110	ScintillusPlatformsTrap_ovr110_287C	287C	A8
ovr110	HackTrapCastleSchedule_ovr110_2924	2924	99
ovr110	GrowMushroomsInBritannia_ovr110_29BD	29BD	1B1
ovr110	BritanniaGoesDry_ovr110_2B6E	2B6E	277
ovr110	HackTrapBlySkupChamber_ovr110_2DE5	2DE5	1BB
ovr110	HackTrapOscillateTiles_ovr110_2FA0	2FA0	C2
ovr110	TileTextureCycle_ovr110_3062	3062	C9
ovr110	HackTrapGraffiti_ovr110_312B	312B	14E
ovr110	HackTrapPlatformReset_ovr110_3279	3279	135
ovr110	HackTrap_ClassItem_ovr110_33AE	33AE	15F
ovr110	HackTrap_ForceField_ovr110_350D	350D	DC
ovr110	FindAndUseSwitch_ovr110_35E9	35E9	59
ovr110	RandomSwitchFlicker_ovr110_3642	3642	44
ovr110	FlickSwitchesInTileRandomly_ovr110_3686	3686	73
ovr110	RechargeLightSphere_ovr110_36F9	36F9	24
ovr110	RechargeLightSpheresInTile_ovr110_371D	371D	AB
ovr110	BottleRecycler_ovr110_37C8	37C8	26
ovr110	HackTrapBottleRecycler_ovr110_37EE	37EE	4C
ovr110	ToggleForcefield_ovr110_383A	383A	44
ovr110	HackTrapForceField_ovr110_387E	387E	2F
ovr110	SmiteUndead_ovr110_38AD	38AD	B0
ovr110	PrisonTowerQuest60_ovr110_395D	395D	CB
ovr110	LothIsDeadKillHisLiches_ovr110_3A28	3A28	97
ovr110	KillCritter_ovr110_3ABF	3ABF	FD
ovr110	CheckIfMatchingRace_ovr110_3BBC	3BBC	7E
ovr110	RemoveBishop_ovr110_3C3A	3C3A	19
ovr110	TriggerTrapInTile_ovr110_3C53	3C53	87
ovr110	TransformTalker_ovr110_3CDA	3CDA	131
ovr110	WorldGemTravel_ovr110_3E0B	3E0B	143
ovr110	RotateWorldGem_ovr110_3F4E	3F4E	9B
ovr110	QbertTraps_ovr110_3FE9	3FE9	6C6
ovr110	AvatarIsACowardInThePits_ovr110_46AF	46AF	CC
ovr110	TransformRedPotionToPoison_ovr110_477B	477B	142
ovr110	HackTrapTransformPotionToPoison_ovr110_48BD	48BD	2F
ovr110	FindAcademyWand_ovr110_48EC	48EC	6E
ovr110	MoveAcademyWand_ovr110_495A	495A	1E2
ovr110	HackTrapVendingMachine_ovr110_4B3C	4B3C	1ED
ovr110	CollectMoneyInTile_ovr110_4D29	4D29	151
ovr110	StoreReverseObjectLookupResultInVar_ovr110_4E7A	4E7A	1C
ovr110	SendAvatarToJail_ovr110_4E96	4E96	1A8
ovr110	KilhornIsCrashing_ovr110_503E	503E	53
ovr112	GameInitialisation_ovr112_0	0	36
ovr112	SplashPart1_ovr112_36	36	189
ovr112	ovr112_1BF	1BF	40
ovr112	SplashPart2ovr112_1FF	1FF	18
ovr112	ovr112_217	217	95
ovr112	ovr112_2AC	2AC	F
ovr112	ovr112_2BB	2BB	B
ovr112	ResetMap_ovr112_2C6	2C6	19
ovr112	SetGameLoopForScreenMode_ovr112_2DF	2DF	3B
ovr112	ShowMapAndOtherFullScreenUIs_ovr112_31A	31A	6F
ovr112	ovr112_389	389	D
ovr112	ovr112_396	396	B2
ovr112	MaybeSetupConversationUI_ovr112_448	448	14
ovr112	ResetTimers_ovr112_45C	45C	29
ovr112	ResetCharacter_ovr112_485	485	F7
ovr112	ReturnToMainMenu_ovr112_57C	57C	DB
ovr112	ovr112_657	657	A
ovr112	DivideByZeroError_ovr112_661	661	4F
ovr112	TeleportToPosition_ovr112_6B0	6B0	189
ovr112	SomethingWithDataFolders_ovr112_839	839	12F
ovr112	CopyArkFilesToSaveFolder_ovr112_968	968	26
ovr113	RunCodeOnRace_ovr113_0	0	9B
ovr113	RunCodeOnAllNPCS_ovr113_9B	9B	6C
ovr113	SCD_RunCodeOnObjectsAndNPCS_ovr113_107	107	88
ovr113	SetAL_ToZero_ovr113_18F	18F	7
ovr113	SetGoalAndGTargFromArray_ovr113_196	196	24
ovr113	SCDSetGoalAndGTARG_ovr113_1BA	1BA	35
ovr113	CheckIfInFrontOfPlayer_ovr113_1EF	1EF	AF
ovr113	SCDMoveNPCSToTiles_ovr113_29E	29E	10D
ovr113	SCDRunCodeOnNPCSToMoveTile_ovr113_3AB	3AB	35
ovr113	SCDRemoveObjectFromTile_ovr113_3E0	3E0	53
ovr113	SCDKillCNPC_ovr113_433	433	5B
ovr113	SCDRunCodeOnNPCAndKill_ovr113_48E	48E	35
ovr113	SCDRemoveObjectFromTile_ovr113_4C3	4C3	35
ovr113	SCDChangeQuest_ovr113_4F8	4F8	82
ovr113	SCDCallTrigger_ovr113_57A	57A	EC
ovr113	SCDChangeNPCHeading_ovr113_666	666	46
ovr113	SCDChangeHeading_ovr113_6AC	6AC	39
ovr113	SCDMoveNPCToTileRange_ovr113_6E5	6E5	90
ovr113	SCDMoveNPCToTileRange_ovr113_775	775	39
ovr113	SCDVariableOperation_ovr113_7AE	7AE	52
ovr113	SCDRunVariableOperationOnNPCs_ovr113_800	800	39
ovr113	SCDMoveNPCToTileRandom_ovr113_839	839	128
ovr113	SCDMoveNPCToRandom_ovr113_961	961	3A
ovr113	SCDChangeTile_ovr113_99B	99B	9F
ovr113	SCDFindAndCloseDoor_ovr113_A3A	A3A	28
ovr113	CallNestedSCDCodeJumps_ovr113_A62	A62	2F
ovr113	SetAttitude_ovr113_A91	A91	2C
ovr113	SCDSetAttitude_ovr113_ABD	ABD	37
ovr113	SCDRunBlockOfEvents_ovr113_AF4	AF4	E4
ovr113	SCDOperationOnQuestOrVariables_ovr113_BD8	BD8	30
ovr113	ProcessSCDEventRow_ovr113_C08	C08	A1
ovr114	ErrorHandler_ovr114_0	0	AB
ovr114	MaybeErrorHandler_ovr114_AB	AB	26
ovr114	ErrorCanNoLongerRun_ovr114_D1	D1	8C
ovr114	ExitWithError_ovr114_15D	15D	3F
ovr116	SaveScreenshot_ovr116_0	0	149
ovr116	ovr116_149	149	4B
ovr116	ovr116_194	194	2F
ovr116	ovr116_1C3	1C3	E0
ovr116	ovr116_2A3	2A3	17D
ovr116	ovr116_420	420	86
ovr117	LoadCritterAnimations_ovr117_0	0	111
ovr117	ovr117_111	111	52
ovr117	CritterCRxxLoadRelated_ovr117_163	163	123
ovr117	ovr117_286	286	77
ovr117	ovr117_2FD	2FD	B8
ovr118	ovr118_0	0	34
ovr118	OpenDataFileByParam_ovr118_772B_34	34	67
ovr118	OpenFont_ovr118_772BW_9B	9B	38
ovr118	ovr118_D3	D3	F
ovr118	ProbablyResetScreen_ovr118_E2	E2	2F
ovr118	OpenPalsDat_ovr118_772B_111	111	60
ovr118	SetPalette_ovr118_171	171	2E
ovr118	ApplyCutscenePalette_ovr118_19F	19F	2B
ovr118	CopyAPalette_ovr118_1CA	1CA	49
ovr118	ovr118_213	213	11D
ovr118	ovr118_330	330	FF
ovr118	ovr118_42F	42F	43
ovr118	CallSomeFunction_ovr118_472	472	96
ovr118	ovr118_508	508	16
ovr118	ovr118_51E	51E	16
ovr118	ovr118_534	534	17
ovr118	ovr118_54B	54B	17
ovr118	FlashColour_ovr118_562	562	31
ovr118	SwitchCamera_ovr118_593	593	54
ovr119	ovr119_0	0	89
ovr119	LoadArtFileData_ovr119_89	89	14C
ovr119	ovr119_1D5	1D5	10
ovr119	ReadArtDataToLocation_ovr119_1E5	1E5	BD
ovr119	ImageUnpackFunction_ovr119_2A2	2A2	54
ovr119	ovr119_2F6	2F6	41
ovr119	ovr119_337	337	40
ovr119	LoadIconsRelated_ovr119_377	377	6F
ovr119	LoadIconsRelated_ovr119_3E6	3E6	75
ovr119	ReturnSegment_3EE2_0_ovr119_45B	45B	B
ovr119	GetArtResourceDST_ovr119_466	466	C
ovr119	ovr119_472	472	7D
ovr119	ProbablyArtUnpackCode_ovr119_4EF	4EF	59
ovr119	LoadArtImage_ovr119_548	548	D5
ovr119	LoadArtFile_ovr119_61D	61D	2E
ovr119	ovr119_64B	64B	24
ovr119	ovr119_66F	66F	26
ovr119	LoadTextureFile_ovr119_695	695	16F
ovr119	LoadArtFile_ovr119_804	804	117
ovr119	LoadGRFile_ovr119_91B	91B	2E
ovr119	ovr119_949	949	3D
ovr119	LoadArtFile_ovr119_986	986	37
ovr119	LoadPanelsResource_ovr119_9BD	9BD	2B
ovr119	OpenArtFiles_ovr119_9E8	9E8	182
ovr119	LoadDoorArt_ovr119_B6A	B6A	57
ovr120	ReadObjectsDat_Part_1_ovr120_0	0	3A
ovr120	GetObjectDatForMajorClass0_ovr120_3A	3A	53
ovr121	PickupDropWorldorInventory_ovr121_0	0	1A2
ovr121	ChangeFClassToClosedContainer_ovr121_1A2	1A2	4D
ovr121	ovr121_1EF	1EF	A4
ovr121	ovr121_293	293	C8
ovr121	ovr121_35B	35B	C9
ovr121	MaybeAnInventoryRedraw_ovr121_424	424	B4
ovr121	UpdateInventorySlots_ovr121_4D8	4D8	1DE
ovr121	UseClass2ContainerFromInventory_ovr121_6B6	6B6	3BD
ovr121	ovr121_A73	A73	25
ovr121	ovr121_A98	A98	DE
ovr121	AddItemToContainer_ovr121_B76	B76	31B
ovr121	ovr121_E91	E91	188
ovr121	GetTotalMassOfObjectList_ovr121_1019	1019	BC
ovr122	ovr122_0	0	22
ovr122	CopyPlayerObject_ovr122_22	22	15A
ovr122	SaveLoadPlayerDat_ovr122_17C	17C	DA
ovr122	ProbablyCopyObjectLists_ovr122_256	256	E0
ovr122	ovr122_336	336	54
ovr122	ovr122_38A	38A	1A
ovr122	ovr122_3A4	3A4	22
ovr122	ovr122_3C6	3C6	55
ovr122	CopyObjectToSlot_ovr122_41B	41B	F3
ovr122	ClearObjectList_ovr122_50E	50E	B9
ovr122	CopyPlayerObject_ovr122_5C7	5C7	C6
ovr122	LoadPlayerDat_ovr122_68D	68D	12F
ovr123	AddRuneStonesToRuneBag_ovr123_0	0	64
ovr123	ClearRuneBag_ovr123_64	64	19
ovr123	DrawRunestoneAtPoint_ovr123_7D	7D	58
ovr123	DrawRunebagContents_ovr123_D5	D5	61
ovr123	ClearSelectedRunes_ovr123_136	136	2E
ovr123	ProablyRunePanelClick_ovr123_164	164	142
ovr123	NotASpellMessage_ovr123_2A6	2A6	11
ovr123	ClickOnActiveSpell_ovr123_2B7	2B7	D0
ovr123	PlayerAttemptsSpellCast_ovr123_387	387	EA
ovr123	PrintSpellFailureReason_ovr123_471	471	23
ovr123	PlayerCastsValidSpell_ovr123_494	494	213
ovr124	RedrawInventorySlot_ovr124_0	0	15
ovr124	GetItemInSlot_ovr124_15	15	17
ovr124	ovr124_2C	2C	2B
ovr124	UseObjectOnSlot_ovr124_57	57	F3
ovr124	FindObjectInInventorySlot_ovr124_14A	14A	D2
ovr124	SearchInventoryForItem_ovr124_21C	21C	230
ovr124	FindObjectInObjectList_ovr124_44C	44C	F3
ovr124	MaybeGetObjectClickedOn_ovr124_53F	53F	65
ovr124	GetObjectAtSlot_ovr124_5A4	5A4	17
ovr124	RemoveObjectFromInventory_ovr124_5BB	5BB	15
ovr124	RemoveQty1FromPlayerInventory_ovr124_5D0	5D0	15
ovr124	RemoveQtyOfObjectFromPlayerInventory_ovr124_5E5	5E5	1BA
ovr124	ovr124_79F	79F	88
ovr124	FindAndRemoveFromPlayerInventory_ovr124_827	827	88
ovr124	FindAndRemoveQtyFromPlayerInventory_ovr124_8AF	8AF	30
ovr124	FindAndRemoveQTYOfObject_ovr124_8DF	8DF	2DA
ovr124	CheckIfEquipmentInValidSlot_ovr124_BB9	BB9	6D
ovr124	EquipmentDamage_ovr124_C26	C26	1CC
ovr124	GetObjectMass_ovr124_DF2	DF2	97
ovr124	CheckifWeightCanBeCarried_ovr124_E89	E89	21
ovr125	ProbablyResetPaperdoll_ovr125_0	0	48
ovr125	ProbablyInitConversationUI_ovr125_48	48	19E
ovr125	DoesNothing_ovr125_1E6	1E6	5
ovr125	ClearPaperDollSlots_ovr125_1EB	1EB	57
ovr125	TradeInventorySlotClick_ovr125_242	242	372
ovr125	ovr125_5B4	5B4	D7
ovr125	LoadMaleOrFemaleArmourArt_ovr125_68B	68B	3A
ovr125	ProbablyRedrawInventory_ovr125_6C5	6C5	23F
ovr125	InventorySlotRedraw_ovr125_904	904	BE
ovr125	SwapTradeSlotObject_ovr125_9C2	9C2	BA
ovr125	MoveQuantity_ovr125_A7C	A7C	135
ovr125	CanObjectBeAddedToSlot_ovr125_BB1	BB1	657
ovr125	MaybeItemClickOnSlot_ovr125_1208	1208	54
ovr125	PutObjectInInventorySlot_ovr125_125C	125C	50
ovr125	CanObjectStackInContainer_ovr125_12AC	12AC	17D
ovr125	UseObjectOnInventorySlot_ovr125_1429	1429	307
ovr125	ovr125_1730	1730	46
ovr125	RedrawRangeOfSlots_ovr125_1776	1776	1BF
ovr125	UpdateWeightCapacityOnScreen_ovr125_1935	1935	85
ovr125	ovr125_19BA	19BA	98
ovr126	LookDescription_ovr126_75BD_0	0	36A
ovr126	BuildObjectIdentificationString_ovr126_36A	36A	F5
ovr126	MagicItemDescription_ovr126_45F	45F	25D
ovr126	LookAtReadableItems_ovr126_6BC	6BC	16F
ovr126	MiscMajor5Minor2_ObjectUsage_ovr126_82B	82B	285
ovr126	LookAtBones_ovr126_AB0	AB0	F6
ovr126	LookAtKey_ovr126_BA6	BA6	42
ovr126	GetNPCDescription_ovr126_BE8	BE8	1F2
ovr126	LookAtItem_ovr126_DDA	DDA	C1
ovr126	ObjectDescription_ovr126_E9B	E9B	146
ovr127	DataCompressionSubFunction_ovr127_0	0	23C
ovr127	DataCompressionRelatedFunction_ovr127_23C	23C	204
ovr127	DecompressArkData_ovr127_440	440	355
ovr127	DataCompression_ovr127_795	795	479
ovr128	InitialiseEmptyTileMapData_ovr128_0	0	37
ovr128	OverwriteAllTiles_ovr128_37	37	3F
ovr128	LoadLevARK_ovr128_76	76	F1
ovr128	SaveLEVARK_ovr128_167	167	10A
ovr128	LoadAnimationOverlays_ovr128_271	271	97
ovr128	StoreAnimationOverlaysToLevArk_ovr128_308	308	82
ovr130	ObjectDatFileReads_ovr130_0	0	3A
ovr130	MajorClass2_ovr130_3A	3A	50
ovr131	PlayCredits_ovr131_0	0	18
ovr132	Interupt4_COM1_ovr132_0	0	7
ovr134	LoadDatFiles_ovr134_0	0	EE
ovr134	Return0_ovr134_EE	EE	7
ovr134	GetObjectDatForItem_ovr134_F5	F5	36
ovr135	CancelActiveSpell_ovr135_0	0	131
ovr135	PlayerUpdates_ovr135_131	131	3B2
ovr135	UpdateInventoryLightSources_ovr135_4E3	4E3	10B
ovr135	SwimmingSkillCheck_ovr135_5EE	5EE	DA
ovr135	PlayerStatusEffectSpells_ovr135_6C8	6C8	109
ovr136	ovr136_0	0	2B
ovr136	ovr136_2B	2B	64
ovr136	ovr136_8F	8F	1A3
ovr136	ovr136_232	232	71
ovr136	ovr136_2A3	2A3	5
ovr136	ovr136_2A8	2A8	14
ovr136	ChangeDetailSetting_ovr136_2BC	2BC	59
ovr136	ovr136_315	315	B
ovr136	ovr136_320	320	1C
ovr136	ovr136_33C	33C	28
ovr136	OptionsMenuSaveGames_ovr136_364	364	28
ovr136	ovr136_38C	38C	52
ovr136	ovr136_3DE	3DE	B
ovr136	ovr136_3E9	3E9	B
ovr136	SoundMenuOptions_ovr136_3F4	3F4	8E
ovr136	ovr136_482	482	5
ovr136	ovr136_487	487	E
ovr136	ovr136_495	495	26
ovr136	ovr136_4BB	4BB	25
ovr136	ovr136_4E0	4E0	3E
ovr136	ovr136_51E	51E	E
ovr136	ovr136_52C	52C	25
ovr136	SoundMenu_ovr136_551	551	7A
ovr136	ovr136_5CB	5CB	5
ovr136	ovr136_5D0	5D0	79
ovr136	ovr136_649	649	37
ovr136	ovr136_680	680	4F
ovr136	ovr136_6CF	6CF	4A
ovr136	ovr136_719	719	4E
ovr136	ovr136_767	767	76
ovr136	ovr136_7DD	7DD	2C
ovr136	ovr136_809	809	F4
ovr137	SwitchInventoryAndStatsEvent_ovr137_0	0	23
ovr137	PrintCompassPlayerStatus_ovr137_23	23	127
ovr137	PrintFlaskHealthManaMessage_ovr137_14A	14A	15E
ovr137	ovr137_2A8	2A8	89
ovr137	ovr137_331	331	36
ovr137	ovr137_367	367	42
ovr137	ovr137_3A9	3A9	E
ovr137	ovr137_3B7	3B7	2F
ovr137	ResetPlayerDoingSomething_ovr137_3E6	3E6	1D
ovr138	UseSkullsOnGravestone_ovr138_0	0	6D
ovr138	LookAtWatch_ovr138_6D	6D	E4
ovr138	LookAtDataCrystal_ovr138_151	151	68
ovr138	BlackRockGemsUsedOnWorldGemovr138_1B9	1B9	148
ovr138	UsePoleOnObject_ovr138_301	301	4E
ovr138	UseAnvil_ovr138_34F	34F	4C
ovr138	EatingFoodAndDrinking_ovr138_39B	39B	623
ovr138	UseOilFlask_ovr138_9BE	9BE	271
ovr138	ReadBooksAndMaps_ovr138_C2F	C2F	28A
ovr138	LockPicking_ovr138_EB9	EB9	D9
ovr138	UseKey_ovr138_F92	F92	59
ovr138	UseContainer_ovr138_FEB	FEB	A4
ovr138	LightUsage_ovr138_108F	108F	1B4
ovr138	MiscMajor4_Minor1_ObjectUsage_ovr138_1243	1243	9A
ovr138	TurnIntoMovingDoor_ovr138_12DD	12DD	61
ovr138	MovingDoorOpenCloseRelated_ovr138_133E	133E	EC
ovr138	DoorOpen_ovr138_142A	142A	118
ovr138	DoorClose_ovr138_1542	1542	EA
ovr138	DoorToggle_ovr138_162C	162C	38
ovr138	EmptyContainer_ovr138_1664	1664	C4
ovr138	RuneTraps_ovr138_1728	1728	104
ovr138	UseMajorClass5_Objects_ovr138_182C	182C	223
ovr138	Major4_Minor2_ObjectUsage_ovr138_1A4F	1A4F	19B
ovr138	RockHammerUsage_ovr138_1BEA	1BEA	1DE
ovr138	MiscClass3_ObjectUsages_ovr138_1DC8	1DC8	C7
ovr139	ovr139_0	0	29
ovr139	LikelyWaitForMore_ovr139_29	29	94
ovr139	WriteTextWithMORE_ovr139_BD	BD	94
ovr139	ovr139_151	151	1B
ovr139	PrintQTY_ovr139_16C	16C	77
ovr139	WriteYesorNo_ovr139_1E3	1E3	6E
ovr139	PlayerTypedInput_ovr139_251	251	4F6
ovr139	WaitForYesNoAnswer_ovr139_747	747	F5
ovr139	ovr139_83C	83C	87
ovr140	LoadTextures_ovr140_0	0	4F
ovr140	ovr140_4F	4F	50
ovr140	LoadTextureMapData_ovr140_9F	9F	CD
ovr140	SaveTextureMapsToArk_ovr140_16C	16C	CB
ovr140	LoadT64AndDoorsGR_ovr140_237	237	14
ovr140	LoadTerrainDat_ovr140_24B	24B	5E
ovr142	MaybePlayerDayLoadrelated_ovr142_0	0	5
ovr142	CopyPlayerPropsFromObjectToPDAT_ovr142_5	5	FD
ovr142	ReadPlayerDat_ovr142_102	102	FE
ovr142	ResetSomePlayerValues_ovr142_200	200	7A
ovr142	ovr142_27A	27A	5
ovr142	ShroomsCameraEffects_ovr142_27F	27F	AE
ovr142	ActiveEnchantedItem_Spells_ovr142_32D	32D	264
ovr142	RetrieveActiveSpells_ovr142_591	591	84
ovr142	ApplyDefenceStealthBonuses_ovr142_615	615	C6
ovr142	GetArmourProtection_ovr142_6DB	6DB	57
ovr142	RefreshPlayerStatus_ovr142_732	732	3C0
ovr142	OpenDL_DAT_ovr142_AF2	AF2	7D
ovr143	InitPlayerObject_ovr143_0	0	B0
ovr143	InitPlayerAndRegisterKeys_ovr143_B0	B0	672
ovr143	ovr143_722	722	25D
ovr143	ovr143_97F	97F	6E
ovr143	PrintPlayerPosition_ovr143_9ED	9ED	7A
ovr143	PrintGameVersion_ovr143_A67	A67	1B
ovr143	SetCameraViewObjectDefaults_ovr143_A82	A82	C9
ovr143	RoamingSightInput_ovr143_B4B	B4B	102
ovr143	ChangeReferenceToCameraObject_ovr143_C4D	C4D	F9
ovr143	MakeObjectTheCamera_ovr143_D46	D46	16
ovr143	HackTrapCamera_ovr143_D5C	D5C	AD
ovr143	LaunchPlayerAtMoongate_ovr143_E09	E09	F4
ovr143	LookUpDown_ovr143_EFD	EFD	5B
ovr143	ChangeCameraRoll_ovr143_F58	F58	25
ovr143	LookUpDown_ovr143_F7D	F7D	27
ovr146	ovr146_0	0	5
ovr147	ovr147_0	0	22
ovr147	ovr147_22	22	72
ovr147	PlayIntroIfNoSaveGames_ovr147_94	94	38
ovr147	DrawMainMenuLoadScreen_ovr147_CC	CC	14C
ovr147	MainMenu_ovr147_218	218	327
ovr147	ovr147_53F	53F	1ED
ovr147	MainMenuInputHandler_ovr147_76EE_72C	72C	1B7
ovr147	MainMenuListSaveGames_ovr147_76EE_W_8E3	8E3	173
ovr147	UnknownAutomapLoop_ovr147_A56	A56	1D
ovr147	UnknownCallBackFunctionForAutomap_ovr147_A73	A73	4E
ovr148	SetsAXTo0_ovr148_0	0	7
ovr149	MaybeCreateSaveGameFolder_ovr149_0	0	92
ovr149	LoadGameMap_ovr149_92	92	A1
ovr149	SaveGame_ovr149_133	133	B3
ovr149	EnumerateSaveGames_ovr149_1E6	1E6	DC
ovr149	ListSaveGamesInScroll_ovr149_771E_2C2	2C2	96
ovr149	LikeylSelectSaveSlot_ovr149_358	358	C3
ovr149	OpenSaveGame_ovr149_771E_41B	41B	C9
ovr149	SaveGame_ovr149_771E_4E4	4E4	187
ovr149	DeleteFilesInFolder_ovr149_66B	66B	83
ovr149	CopyFile_ovr149_771E_6EE	6EE	111
ovr149	CopySaveGameFiles_ovr149_771E_7FF	7FF	6F
ovr149	PlayerUpdatesOnLevelChange_ovr149_86E	86E	95
ovr149	OpenCloseDoorInTile_ovr149_903	903	7F
ovr149	LevelChangeEvents_ovr149_982	982	19F
ovr150	LoadBitMap_ovr150_0	0	4A
ovr150	LoadBitmapFromBytArk_ovr150_4A	4A	DD
ovr151	FindSCDRowsToExecute_ovr151_0	0	D3
ovr151	SetSomeValuesInSCDRows_ovr151_D3	D3	59
ovr151	ovr151_12C	12C	7A
ovr151	SCD_AllocatePointer_ovr151_1A6	1A6	1B
ovr151	LoadScdArkData_ovr151_1C1	1C1	57
ovr151	SaveScdArkRelated_ovr151_218	218	74
ovr151	SaveSCD_ovr151_28C	28C	14
ovr151	GetSCDOffset_ovr151_2A0	2A0	1D
ovr151	ProcessGeneralSCDBlock_ovr151_2BD	2BD	71
ovr151	SCD_ProcessBlock0_ovr151_32E	32E	78
ovr151	ProcessSCDARK_ovr151_3A6	3A6	B1
ovr151	ovr151_457	457	25
ovr151	ovr151_47C	47C	15F
ovr151	DeleteSCDRecord_ovr151_5DB	5DB	8B
ovr151	ProbablyCopyEventRow_ovr151_666	666	3D
ovr151	ovr151_6A3	6A3	18
ovr151	ovr151_6BB	6BB	E
ovr152	OpenDataFile_ovr152_0	0	4A
ovr152	OpenAndApplyShadesDat_ovr152_4A	4A	F7
ovr152	LoadLightAndXFerDat_ovr152_141	141	2D
ovr152	ChangeShroomPaletteData_ovr152_16E	16E	88
ovr153	AllocateDataOffsetsForCompression_ovr153_0	0	2B
ovr153	ReadCompressedArk_ovr153_2B	2B	61
ovr153	CompressData_ovr153_8C	8C	62
ovr154	UseDetectionSkills_ovr154_0	0	6E
ovr154	TrackSkillEvent_ovr154_6E	6E	25
ovr154	CalculateHealthManaWeightValues_ovr154_93	93	89
ovr154	CharLevelUp_ovr154_11C	11C	78
ovr154	GetGoverningStatForSkill_ovr154_194	194	1D
ovr154	RollSkillStat_ovr154_1B1	1B1	C2
ovr154	AdvanceSkill_ovr154_273	273	148
ovr154	IncreaseSkillGroup_ovr154_3BB	3BB	E7
ovr154	EndGameStats_ovr154_4A2	4A2	469
ovr154	Dreaming_SleepLogic_ovr154_90B	90B	17A
ovr154	SleepingOnDamagingSurface_ovr154_A85	A85	A5
ovr154	SleepingLogic_ovr154_B2A	B2A	4D3
ovr154	MakeCampEvent_ovr154_FFD	FFD	32
ovr154	ChangeHunger_ovr154_102F	102F	7F
ovr154	RunVictorySequence_ovr154_10AE	10AE	76
ovr154	PostConversationCutscenes_ovr154_1124	1124	45
ovr154	FindItemOnMap_ovr154_1169	1169	63
ovr154	PlayerResurrectRestorationEvent_ovr154_11CC	11CC	1E6
ovr154	ReturnFromDreamworldRestorePositionCallback_ovr154_13B2	13B2	3C
ovr154	FindMoonStone_ovr154_13EE	13EE	13
ovr154	ovr154_1401	1401	5C
ovr154	AwakeFromVoidDream_ovr154_145D	145D	6A
ovr154	VoidDream_ovr154_14C7	14C7	EA
ovr154	DeathAndResurrection_ovr154_15B1	15B1	20F
ovr154	CheckForTrapTrigger_ovr154_17C0	17C0	97
ovr154	TrapDisarming_ovr154_1857	1857	2DD
ovr155	SetsAXTo0_ovr155_0	0	7
ovr156	ApplyManaCost_ovr156_0	0	29
ovr156	GetNoMagicTileBit_ovr156_29	29	23
ovr156	SpellTrapWandNPCCast_ovr156_4C	4C	7D
ovr156	CastSpell_ovr156_C9	C9	276
ovr156	ManaChange_ovr156_33F	33F	AE
ovr156	PlayerHPRegenerationChange_ovr156_3ED	3ED	98
ovr156	ChangeHealth_ovr156_485	485	72
ovr156	Class4_HealSpells_ovr156_4F7	4F7	47
ovr156	Class9Spells_CursedObjects_ovr156_53E	53E	8E
ovr156	Class5_ProjectileSpells_ovr156_5CC	5CC	70
ovr156	CreateObjectInTile_ovr156_63C	63C	5F
ovr156	SheetLightning_ovr156_69B	69B	8D
ovr156	FlameWind_ovr156_728	728	11B
ovr156	SmiteUndead_ovr156_843	843	AD
ovr156	Poison_ovr156_8F0	8F0	6A
ovr156	ApplyAttitudeChangingSpellToNPC__ovr156_95A	95A	70
ovr156	Charm_ovr156_9CA	9CA	D4
ovr156	MassConfusion_ovr156_A9E	A9E	A6
ovr156	DirectDamageSpellWithVulnerability_ovr156_B44	B44	DE
ovr156	Shockwave_ovr156_C22	C22	A4
ovr156	BleedingSpellCast_ovr156_CC6	CC6	82
ovr156	SmiteFoe_ovr156_D48	D48	81
ovr156	Frost_ovr156_DC9	DC9	F7
ovr156	CauseFear_ovr156_EC0	EC0	44
ovr156	RepelUndead_ovr156_F04	F04	17A
ovr156	Paralyse_ovr156_107E	107E	78
ovr156	RunCodeOnTargetsInArea__ovr156_10F6	10F6	2B9
ovr156	RunCodeOnTargetsAroundObject_ovr156_13AF	13AF	D7
ovr156	RunFunctionOnWhoAmI_NPC_ovr156_1486	1486	6D
ovr156	Class6_Spells_ovr156_14F3	14F3	52
ovr156	Class7_Group0to7_ovr156_1545	1545	9B
ovr156	Class7_SpellCast_ovr156_15E0	15E0	5C
ovr156	Class7Spells_Group1_ovr156_163C	163C	388
ovr156	MapAreaCallBack_ovr156_19C4	19C4	3B
ovr156	ClassD_Spells_ovr156_19FF	19FF	2A6
ovr156	SpellDamagesObjectsInTile_ovr156_1CA5	1CA5	C0
ovr157	StudyMonsterSpellDetailsAndProperties_ovr157_0	0	1D8
ovr157	SpellCode_StudyMonster_ovr157_1D8	1D8	319
ovr157	CanObjectBeEnchanted_ovr157_4F1	4F1	5E
ovr157	EnchantmentFailureExplosion_ovr157_54F	54F	EF
ovr157	ChargeObjectSpellWithEffectID_ovr157_63E	63E	142
ovr157	FailEnchantment_ovr157_780	780	6B
ovr157	EnchantObject_ovr157_7EB	7EB	385
ovr157	CanObjectBeRepaired_ovr157_B70	B70	85
ovr157	RevealSpell_ovr157_BF5	BF5	B6
ovr157	Class8Summoning_Spells_ovr157_CAB	CAB	4E7
ovr157	DetectCreatureString_ovr157_1192	1192	51
ovr157	DetectMonsters_ovr157_11E3	11E3	2F1
ovr157	QuakeSpell_ovr157_14D4	14D4	144
ovr157	ClassB_Spells_ovr157_1618	1618	399
ovr157	AltarasWand_ovr157_19B1	19B1	59
ovr157	AltarasWand_ovr157_1A0A	1A0A	137
ovr158	PrintCharNameClassLevel_ovr158_0	0	F3
ovr158	PrintPlayerAttribute_ovr158_F3	F3	5C
ovr158	PrintAHPString_ovr158_14F	14F	74
ovr158	PrintAManaString_ovr158_1C3	1C3	73
ovr158	PrintEXPString_ovr158_236	236	4E
ovr158	PrintSkill_ovr158_284	284	F8
ovr158	StatsDisplay_ovr158_37C	37C	E4
ovr158	ProbablyStatDisplayClick_ovr158_460	460	ED
ovr158	RedrawStatPanel_ovr158_54D	54D	1A
ovr159	SetsAXTo0_ovr159_0	0	7
ovr162	ovr162_0	0	17
ovr163	SpillInventory_ovr163_0	0	1F1
ovr163	SpillCritterInventory_ovr163_1F1	1F1	2C
ovr163	LootSpawnValuables_ovr163_21D	21D	179
ovr163	LootSpawnFood_ovr163_396	396	66
ovr163	LootSpawnArms_ovr163_3FC	3FC	121
ovr163	LootSpawnOther_ovr163_51D	51D	EC
ovr163	SpawnNPCLoot_ovr163_609	609	86
ovr165	ovr165_0	0	E
ovr165	ovr165_E	E	5
ovr166	LoadTriggerObjDat_ovr166_0	0	17
ovr166	MajorClass6TriggerType_ovr166_17	17	24
ovr166	RunTrigger_ovr166_3B	3B	211
ovr166	TriggerTrap_ovr166_24C	24C	4C
ovr166	PerformVariableOperation_ovr166_298	298	55
ovr166	VariableOperationOnQuestVariablesXClock_ovr166_2ED	2ED	251
ovr166	GetVarQuestOrClockValue_ovr166_53E	53E	98
ovr166	TRAPS_ovr166_5D6	5D6	15AE
ovr166	RemoveTriggersPointingAtTrapToRemove_ovr166_1B84	1B84	111
ovr166	RemoveTrapChain_ovr166_1C95	1C95	BE
ovr166	HackTraps_ovr166_1D53	1D53	591
ovr166	CreateMoveTriggerAndTrapInTile_ovr166_22E4	22E4	25B
ovr166	RemoveTriggerChain_ovr166_253F	253F	D1
ovr166	RemoveTrapTriggerChain_ovr166_2610	2610	3B
ovr166	CheckObjectBitRelatedToCreateObject_0xD_8_ovr166_264B	264B	51
ovr166	CheckIfMobileBit_D_8_1BB8_ovr166_269C	269C	36
ovr166	CheckIfWithin8TilesFromObject_ovr166_26D2	26D2	54
ovr166	FindAndTriggerCreateObjectTrap_ovr166_2726	2726	AD
ovr166	SCDFindandCloseDoor_ovr166_27D3	27D3	F5
ovr166	GetPlayerWeightPlusObjectInHand_ovr166_28C8	28C8	2B
ovr166	RunPressureEnterExitTriggersInChain_ovr166_28F3	28F3	27E
ovr166	PressureTriggerTextureChange_ovr166_2B71	2B71	EF
ovr166	HackTrapCollapseFloor_ovr166_2C60	2C60	EA
ovr166	BridgeTrapCreate_ovr166_2D4A	2D4A	12E
ovr166	BridgeTrapRemove_ovr166_2E78	2E78	B1
ovr166	Critter_RNG_STR_CHECK_ovr166_2F29	2F29	47
ovr166	OscillateSpecificTiles_ovr166_2F70	2F70	5E
ovr167	NOT_ovr167_0	0	17
ovr167	ovr167_17	17	65
ovr167	TurnVectorsIntoHeading_ovr167_7C	7C	85
ovr167	GetPitWarriorPositionOffset_ovr167_101	101	76
ovr167	GetHeadingBetweenPoints_ovr167_177	177	1A
ovr167	GetDetectedCreatureDirections_ovr167_191	191	C1
ovr167	ovr167_252	252	C1
ovr167	DartSatelliteVectoring_ovr167_313	313	AE
ovr167	PrintErrorToMessageScroll_ovr167_3C1	3C1	35
ovr167	ListFiles_ovr167_3F6	3F6	2B
ovr167	ovr167_421	421	42
ovr167	ovr167_463	463	26
ovr167	DeleteTempFiles_ovr167_489	489	A8
ovr167	ovr167_531	531	56
ovr167	LoadDatFile_ovr167_587	587	53
ovr167	FileReadToAddress_ovr167_5DA	5DA	4D
ovr167	FileWriteWithParams_ovr167_627	627	4D
ovr167	ovr167_674	674	9B
ovr167	SaveDecrypt_ovr167_70F	70F	5A
ovr167	DecryptPlayerDat_ovr167_769	769	74
ovr167	SaveFileEncryption_ovr167_7DD	7DD	7D
ovr167	LoadStringsPakToTable_ovr167_85A	85A	35
ovr167	OpenDataFile_ovr167_88F	88F	65
