# segment	ida_name	offset	size	original_name	how	calls_agree	calls_checkable
seg000	seg000_2	2	A4		library	0	0
seg000	seg000_A6	A6	45		library	0	0
seg000	seg000_EB	EB	35		library	0	0
seg000	seg000_120	120	35		library	0	0
seg000	seg000_155	155	36		library	0	0
seg000	seg000_18B	18B	37		library	0	0
seg000	seg000_1C2	1C2	37		library	0	0
seg000	seg000_1F9	1F9	30		library	0	0
seg000	seg000_229	229	107		library	0	0
seg000	seg000_330	330	1BA		library	0	0
seg001_023B	seg001_023B_C	C	3E			0	0
seg001_023B	seg001_023B_4A	4A	BB			0	0
seg001_023B	seg001_023B_105	105	D			0	0
seg001_023B	seg001_023B_112	112	C3	keyboard_interrupt	size only	0	0
seg001_023B	seg001_023B_1D5	1D5	1A	keyboard_setup	size, calls disagree	0	5
seg001_023B	seg001_023B_1EF	1EF	6C			0	0
seg001_023B	MaybeRedrawSlot_seg001_023B_25B	25B	D	keyboard_reset	size, calls disagree	0	9
seg001_023B	seg001_023B_268	268	69	_real_initialize	size only	0	0
seg003_0272	seg003_0272_0	0	8	_real_exit	size only	0	0
seg003_0272	seg003_0272_8	8	8	_shutdown	size only	0	0
seg003_0272	seg003_0272_10	10	8	_old_keyboard	size only	0	0
seg003_0272	seg003_0272_18	18	10			0	0
seg003_0272	seg003_0272_28	28	1E			0	0
seg003_0272	seg003_0272_46	46	A6			0	0
seg003_0272	seg003_0272_EC	EC	1	_Keyarray	size only	0	0
seg003_0272	nullsub_15	15	16E			0	0
seg003_0272	seg003_0272_183	183	55F			0	0
seg003_0272	seg003_0272_6E2	6E2	2	_key_on	size only	0	0
seg003_0272	seg003_0272_6E4	6E4	80	keyarray	size only	0	0
seg003_0272	seg003_0272_764	764	24			0	0
seg003_0272	seg003_0272_788	788	20			0	0
seg003_0272	seg003_0272_7A8	7A8	51			0	0
seg003_0272	DRAW_RELATED_seg003_0272_7F9	7F9	8F			0	0
seg003_0272	seg003_0272_888	888	141			0	0
seg003_0272	seg003_0272_9C9	9C9	33			0	0
seg003_0272	seg003_0272_9FC	9FC	83			0	0
seg003_0272	seg003_0272_A7F	A7F	11C			0	0
seg003_0272	seg003_0272_B9B	B9B	1	_shift	size only	0	0
seg003_0272	nullsub_12	12	C01			0	0
seg003_0272	seg003_0272_C13	C13	10B			0	0
seg003_0272	seg003_0272_D1E	D1E	1B1F			0	0
seg003_0272	seg003_0272_283D	283D	D7			0	0
seg003_0272	seg003_0272_2914	2914	31			0	0
seg003_0272	seg003_0272_2945	2945	1A			0	0
seg003_0272	seg003_0272_295F	295F	18			0	0
seg003_0272	seg003_0272_2977	2977	96			0	0
seg003_0272	seg003_0272_2A0D	2A0D	82			0	0
seg003_0272	seg003_0272_2A8F	2A8F	2F			0	0
seg003_0272	seg003_0272_2ABE	2ABE	2F			0	0
seg003_0272	seg003_0272_2AED	2AED	3F			0	0
seg003_0272	seg003_0272_2B2C	2B2C	18			0	0
seg003_0272	seg003_0272_2B44	2B44	F			0	0
seg003_0272	seg003_0272_2B53	2B53	F			0	0
seg003_0272	seg003_0272_2B62	2B62	18			0	0
seg003_0272	seg003_0272_2B7A	2B7A	21			0	0
seg003_0272	SetVideoMode_seg003_0272_2B9B	2B9B	5E			0	0
seg003_0272	seg003_0272_2BF9	2BF9	4B			0	0
seg003_0272	seg003_0272_2C44	2C44	13F			0	0
seg003_0272	seg003_0272_2D83	2D83	195			0	0
seg003_0272	seg003_0272_2F18	2F18	17C			0	0
seg003_0272	seg003_0272_3094	3094	4F			0	0
seg003_0272	seg003_0272_30E3	30E3	18			0	0
seg003_0272	seg003_0272_30FB	30FB	26			0	0
seg003_0272	seg003_0272_3121	3121	43			0	0
seg003_0272	seg003_0272_3164	3164	31			0	0
seg003_0272	seg003_0272_3195	3195	29			0	0
seg003_0272	seg003_0272_31BE	31BE	1	_key_hit	size only	0	0
seg003_0272	nullsub_1	1	31E6			0	0
seg003_0272	seg003_0272_31E7	31E7	1F			0	0
seg003_0272	seg003_0272_3206	3206	15			0	0
seg003_0272	seg003_0272_321B	321B	4F			0	0
seg003_0272	seg003_0272_326A	326A	3	_iinkey	size, calls disagree	0	1
seg003_0272	seg003_0272_326D	326D	10			0	0
seg003_0272	seg003_0272_327D	327D	12			0	0
seg003_0272	seg003_0272_328F	328F	53			0	0
seg003_0272	seg003_0272_32E2	32E2	38			0	0
seg003_0272	seg003_0272_331A	331A	7			0	0
seg003_0272	seg003_0272_3321	3321	3			0	0
seg003_0272	seg003_0272_3324	3324	4A			0	0
seg003_0272	seg003_0272_336E	336E	3			0	0
seg003_0272	seg003_0272_3371	3371	4D			0	0
seg003_0272	seg003_0272_33BE	33BE	60			0	0
seg003_0272	seg003_0272_341E	341E	5			0	0
seg003_0272	seg003_0272_3423	3423	B			0	0
seg003_0272	seg003_0272_342E	342E	51			0	0
seg003_0272	seg003_0272_347F	347F	2F			0	0
seg003_0272	seg003_0272_34AE	34AE	14			0	0
seg003_0272	seg003_0272_34C2	34C2	5			0	0
seg003_0272	seg003_0272_34C7	34C7	1C7			0	0
seg003_0272	seg003_0272_368E	368E	CE			0	0
seg003_0272	seg003_0272_375C	375C	62			0	0
seg003_0272	seg003_0272_37BE	37BE	5E			0	0
seg003_0272	seg003_0272_381C	381C	98			0	0
seg003_0272	seg003_0272_38B4	38B4	A8			0	0
seg003_0272	seg003_0272_395C	395C	2D	_key_set	size only	0	0
seg003_0272	seg003_0272_3989	3989	32			0	0
seg003_0272	seg003_0272_39BB	39BB	47			0	0
seg003_0272	seg003_0272_3A02	3A02	10B			0	0
seg003_0272	seg003_0272_3B0D	3B0D	11			0	0
seg003_0272	seg003_0272_3B1E	3B1E	18			0	0
seg003_0272	seg003_0272_3B36	3B36	59			0	0
seg003_0272	seg003_0272_3B8F	3B8F	53			0	0
seg003_0272	seg003_0272_3BE2	3BE2	1B			0	0
seg003_0272	seg003_0272_3BFD	3BFD	64			0	0
seg003_0272	seg003_0272_3C61	3C61	4EF			0	0
seg003_0272	seg003_0272_4150	4150	36			0	0
seg003_0272	seg003_0272_4186	4186	23F			0	0
seg003_0272	seg003_0272_43C5	43C5	6C			0	0
seg003_0272	seg003_0272_4431	4431	3C			0	0
seg003_0272	WriteTextToScreen_seg003_0272_446D	446D	DE			0	0
seg003_0272	WritingTextToScreen_seg003_0272_454B	454B	DE			0	0
seg003_0272	seg003_0272_4629	4629	81			0	0
seg003_0272	MaybeApplyPalette_seg003_0272_46AA	46AA	3C			0	0
seg003_0272	GraphicsCall_seg003_0272_46E6	46E6	78			0	0
seg003_0272	seg003_0272_475E	475E	84			0	0
seg003_0272	seg003_0272_47E2	47E2	112			0	0
seg003_0272	seg003_0272_48F4	48F4	3F			0	0
seg003_0272	seg003_0272_4933	4933	7B			0	0
seg003_0272	seg003_0272_49AE	49AE	8C			0	0
seg003_0272	seg003_0272_4A3A	4A3A	45			0	0
seg003_0272	seg003_0272_4A7F	4A7F	42			0	0
seg003_0272	DrawBitmapScreen_seg003_0272_4AC1	4AC1	5A			0	0
seg003_0272	seg003_0272_4B1B	4B1B	3C			0	0
seg003_0272	GraphicsCall_seg003_0272_4B57	4B57	C8			0	0
seg003_0272	seg003_0272_4C1F	4C1F	8C			0	0
seg003_0272	seg003_0272_4CAB	4CAB	47			0	0
seg003_0272	seg003_0272_4CF2	4CF2	4A			0	0
seg003_0272	seg003_0272_4D3C	4D3C	4A			0	0
seg003_0272	seg003_0272_4D86	4D86	3C			0	0
seg003_0272	seg003_0272_4DC2	4DC2	200			0	0
seg003_0272	DrawArtToScreen_seg003_0272_4FC2	4FC2	63			0	0
seg003_0272	DRAW_RELATED_seg003_0272_5025	5025	63			0	0
seg003_0272	seg003_0272_5088	5088	F3			0	0
seg003_0272	seg003_0272_517B	517B	4D			0	0
seg003_0272	seg003_0272_51C8	51C8	58			0	0
seg003_0272	seg003_0272_5220	5220	19			0	0
seg003_0272	seg003_0272_5239	5239	3F			0	0
seg003_0272	seg003_0272_5278	5278	3	_Shift	size only	0	0
seg003_0272	seg003_0272_527B	527B	3	shift0	size only	0	0
seg003_0272	seg003_0272_527E	527E	9			0	0
seg003_0272	seg003_0272_5287	5287	6			0	0
seg003_0272	seg003_0272_528D	528D	6			0	0
seg003_0272	seg003_0272_5293	5293	3	_Alt	size only	0	0
seg003_0272	seg003_0272_5296	5296	3	alt0	size only	0	0
seg003_0272	seg003_0272_5299	5299	3	_Ctrl	size only	0	0
seg003_0272	seg003_0272_529C	529C	3	ctrl0	size only	0	0
seg003_0272	seg003_0272_529F	529F	3	_Shift1	size only	0	0
seg003_0272	seg003_0272_52A2	52A2	3	shift1	size only	0	0
seg003_0272	seg003_0272_52A5	52A5	3	_Alt1	size only	0	0
seg003_0272	seg003_0272_52A8	52A8	9			0	0
seg003_0272	seg003_0272_52B1	52B1	3	alt1	size only	0	0
seg003_0272	seg003_0272_52B4	52B4	3	_Ctrl1	size only	0	0
seg003_0272	seg003_0272_52B7	52B7	3	ctrl1	size, calls disagree	0	1
seg003_0272	seg003_0272_52BA	52BA	3	_Caps	size only	0	0
seg003_0272	seg003_0272_52BD	52BD	3	caps	size only	0	0
seg003_0272	seg003_0272_52C0	52C0	24			0	0
seg003_0272	seg003_0272_52E4	52E4	2D			0	0
seg003_0272	seg003_0272_5311	5311	52	kq	size only	0	0
seg003_0272	seg003_0272_5363	5363	8			0	0
seg003_0272	seg003_0272_536B	536B	4FE			0	0
seg003_0272	seg003_0272_5869	5869	2E7			0	0
seg003_0272	seg003_0272_5B50	5B50	1F7			0	0
seg003_0272	seg003_0272_5D47	5D47	23	lptrkq	size only	0	0
seg004_0849	seg004_0849_63	63	68			0	0
seg004_0849	seg004_0849_CB	CB	C2			0	0
seg004_0849	seg004_0849_18D	18D	7			0	0
seg004_0849	seg004_0849_194	194	CC			0	0
seg004_0849	seg004_0849_260	260	59C			0	0
seg004_0849	seg004_0849_7FC	7FC	132			0	0
seg004_0849	seg004_0849_92E	92E	136			0	0
seg004_0849	seg004_0849_A64	A64	134			0	0
seg004_0849	seg004_0849_B98	B98	345	_cstart_	size only	0	0
seg004_0849	seg004_0849_EDD	EDD	2F	__exit_with_msg_	size only	0	0
seg004_0849	seg004_0849_F0C	F0C	FA			0	0
seg004_0849	seg004_0849_1006	1006	93			0	0
seg004_0849	seg004_0849_1099	1099	33D			0	0
seg004_0849	seg004_0849_13D6	13D6	A			0	0
seg004_0849	seg004_0849_13E0	13E0	F			0	0
seg004_0849	seg004_0849_13EF	13EF	4FE			0	0
seg004_0849	seg004_0849_18ED	18ED	9	__GETDS	size only	0	0
seg004_0849	seg004_0849_18F6	18F6	11			0	0
seg004_0849	seg004_0849_1907	1907	13			0	0
seg004_0849	seg004_0849_191A	191A	54			0	0
seg004_0849	seg004_0849_196E	196E	48			0	0
seg004_0849	seg004_0849_19B6	19B6	3D			0	0
seg004_0849	seg004_0849_19F3	19F3	3D			0	0
seg004_0849	seg004_0849_1A30	1A30	3D			0	0
seg004_0849	seg004_0849_1A6D	1A6D	DE			0	0
seg004_0849	seg004_0849_1B4B	1B4B	B96			0	0
seg004_0849	seg004_0849_26E1	26E1	109			0	0
seg004_0849	seg004_0849_27EA	27EA	110			0	0
seg004_0849	seg004_0849_28FA	28FA	10E			0	0
seg004_0849	seg004_0849_2A08	2A08	5FF			0	0
seg004_0849	seg004_0849_3007	3007	D5			0	0
seg004_0849	seg004_0849_30DC	30DC	332			0	0
seg004_0849	seg004_0849_340E	340E	B7			0	0
seg004_0849	seg004_0849_34C5	34C5	6F			0	0
seg004_0849	seg004_0849_3534	3534	CB			0	0
seg004_0849	seg004_0849_35FF	35FF	51			0	0
seg004_0849	seg004_0849_3650	3650	3D			0	0
seg004_0849	seg004_0849_368D	368D	12B			0	0
seg004_0849	seg004_0849_37B8	37B8	3D			0	0
seg004_0849	seg004_0849_37F5	37F5	12B			0	0
seg004_0849	seg004_0849_3920	3920	3D			0	0
seg004_0849	seg004_0849_395D	395D	12B			0	0
seg004_0849	seg004_0849_3A88	3A88	7C			0	0
seg004_0849	seg004_0849_3B04	3B04	3D			0	0
seg004_0849	seg004_0849_3B41	3B41	436			0	0
seg004_0849	seg004_0849_3F77	3F77	1EF			0	0
seg004_0849	seg004_0849_4166	4166	BA			0	0
seg004_0849	seg004_0849_4220	4220	B3			0	0
seg004_0849	seg004_0849_42D3	42D3	B7			0	0
seg004_0849	seg004_0849_438A	438A	C2			0	0
seg004_0849	seg004_0849_444C	444C	C5			0	0
seg004_0849	seg004_0849_4511	4511	B9			0	0
seg004_0849	seg004_0849_45CA	45CA	BC			0	0
seg004_0849	seg004_0849_4686	4686	78A			0	0
seg004_0849	seg004_0849_4E10	4E10	7A			0	0
seg004_0849	seg004_0849_4E8A	4E8A	256			0	0
seg004_0849	seg004_0849_50E0	50E0	7A			0	0
seg004_0849	seg004_0849_515A	515A	56			0	0
seg004_0849	seg004_0849_51B0	51B0	310			0	0
seg004_0849	seg004_0849_54C0	54C0	252			0	0
seg004_0849	seg004_0849_5712	5712	254			0	0
seg004_0849	seg004_0849_5966	5966	EE			0	0
seg004_0849	seg004_0849_5A54	5A54	28B			0	0
seg004_0849	seg004_0849_5CDF	5CDF	4F			0	0
seg004_0849	seg004_0849_5D2E	5D2E	38			0	0
seg004_0849	seg004_0849_5D66	5D66	4DA			0	0
seg004_0849	seg004_0849_6240	6240	1F7			0	0
seg004_0849	seg004_0849_6437	6437	1FB			0	0
seg004_0849	seg004_0849_6632	6632	EE			0	0
seg004_0849	seg004_0849_6720	6720	146			0	0
seg004_0849	seg004_0849_6866	6866	4F			0	0
seg004_0849	seg004_0849_68B5	68B5	9D			0	0
seg004_0849	seg004_0849_6952	6952	158C			0	0
seg004_0849	seg004_0849_7EDE	7EDE	2E	conv_comobj_	size only	0	0
seg004_0849	seg004_0849_7F0C	7F0C	6			0	0
seg004_0849	seg004_0849_7F12	7F12	7B			0	0
seg004_0849	seg004_0849_7F8D	7F8D	CE			0	0
seg004_0849	seg004_0849_805B	805B	F7			0	0
seg005_105F	start	0	113		library	0	0
seg005_105F	seg005_105F_113	113	20		library	0	0
seg005_105F	ExitProgram_seg005_105F_133	133	40		library	0	0
seg005_105F	GetInterrupts_seg005_173	173	43		library	0	0
seg005_105F	SetInterruptVectors_seg005_105F_1B6	1B6	70		library	0	0
seg005_105F	WriteBufferToHandle2_seg005_105F_226	226	23		library	0	0
seg005_105F	FileOrDirectoryExists_seg005_105F_249	249	37		library	0	0
seg005_105F	seg005_105F_280	280	2D		library	0	0
seg005_105F	InitAnObjectListArray_seg005_105F_2AD	2AD	51		library	0	0
seg005_105F	CloseFile_seg005_105F_2FE	2FE	2E		library	0	0
seg005_105F	ExitGame_seg005_105F_32C	32C	25		library	0	0
seg005_105F	CheckSpaceAllocationForUWAD_seg005_105F_351	351	80		library	0	0
seg005_105F	UWADSpaceAllocation_seg005_105F_3D1	3D1	3F		library	0	0
seg005_105F	seg005_105F_410	410	6D		library	0	0
seg005_105F	CloseFile_seg005_105F_47D	47D	80		library	0	0
seg005_105F	seg005_105F_4FD	4FD	52		library	0	0
seg005_105F	seg005_105F_54F	54F	86		library	0	0
seg005_105F	seg005_105F_5D5	5D5	6F		library	0	0
seg005_105F	seg005_105F_644	644	38		library	0	0
seg005_105F	MaybeGetFileAccessSetting_seg005_105F_67C	67C	C6		library	0	0
seg005_105F	OpenAndAddHandleToFileTable_seg005_105F_742	742	98		library	0	0
seg005_105F	MaybeGetFreeOffset_seg005_105F_7DA	7DA	22		library	0	0
seg005_105F	AddFileToTable_seg005_105F_7FC	7FC	6C		library	0	0
seg005_105F	FileReadToAddress_seg005_105F_868	868	EC		library	0	0
seg005_105F	FileReadToAddress_seg005_105F_954	954	4D		library	0	0
seg005_105F	seg005_105F_9A1	9A1	66		library	0	0
seg005_105F	SeekToAFile_Location_seg005_105F_A07	A07	66		library	0	0
seg005_105F	seg005_105F_A6D	A6D	43		library	0	0
seg005_105F	FileReadMaybe_seg005_105F_AB0	AB0	49		library	0	0
seg005_105F	GetDate_seg005_AF9	AF9	13		library	0	0
seg005_105F	GetSystemTime_seg005_105F_B0C	B0C	13		library	0	0
seg005_105F	ABS_seg005_105F_B1F	B1F	28		library	0	0
seg005_105F	MaybeMusicInit_seg005_105F_B47	B47	17		library	0	0
seg005_105F	seg005_105F_B5E	B5E	1C		library	0	0
seg005_105F	seg005_105F_B7A	B7A	11C		library	0	0
seg005_105F	seg005_105F_C96	C96	140		library	0	0
seg005_105F	Init_RNG_seg005_105F_DD6	DD6	11		library	0	0
seg005_105F	RNG_seg005_105F_DE7	DE7	97		library	0	0
seg005_105F	seg005_105F_E7E	E7E	101		library	0	0
seg005_105F	seg005_105F_F7F	F7F	3B		library	0	0
seg005_105F	seg005_105F_FBA	FBA	38		library	0	0
seg005_105F	GetRNGSeed_seg005_105F_FF2	FF2	4D		library	0	0
seg005_105F	FindInString_seg005_105F_103F	103F	33		library	0	0
seg005_105F	GetFileSeekPtr_seg005_105F_1072	1072	1A		library	0	0
seg005_105F	CalculateRNGSeeds_seg005_105F_108C	108C	123		library	0	0
seg005_105F	seg005_105F_11AF	11AF	1D0		library	0	0
seg005_105F	seg005_105F_137F	137F	81		library	0	0
seg005_105F	ToLowerCase_seg005_105F_1400	1400	2C		library	0	0
seg005_105F	seg005_105F_142C	142C	2C		library	0	0
seg005_105F	WriteDataToHandleAtPointer_seg005_105F_1458	1458	F9		library	0	0
seg005_105F	CloseAFileInTheOpenFilesTable_seg005_105F_1551	1551	46		library	0	0
seg005_105F	ParseNumber_seg005_105F_1597	1597	7D		library	0	0
seg005_105F	seg005_105F_1614	1614	22		library	0	0
seg005_105F	seg005_105F_1636	1636	4D		library	0	0
seg005_105F	ChangeDirectory_seg005_105F_1683	1683	29		library	0	0
seg005_105F	GetSetFileAttributes_seg005_105F_16AC	16AC	1B		library	0	0
seg005_105F	CloseFileByHandle_seg005_16C7	16C7	1E		library	0	0
seg005_105F	seg005_105F_16E5	16E5	10		library	0	0
seg005_105F	SomeFileDateTimeCalc_seg005_105F_16F5	16F5	C6		library	0	0
seg005_105F	seg005_105F_17BB	17BB	68		library	0	0
seg005_105F	FindFirstFile_seg005_105F_1823	1823	33		library	0	0
seg005_105F	FindNextFile_seg005_105F_1856	1856	2D		library	0	0
seg005_105F	GetFileSize_seg005_105F_1883	1883	41		library	0	0
seg005_105F	LoadVocFileProperties_seg005_105F_18C4	18C4	7B		library	0	0
seg005_105F	seg005_105F_193F	193F	29		library	0	0
seg005_105F	seg005_105F_1968	1968	59		library	0	0
seg005_105F	seg005_105F_19C1	19C1	18		library	0	0
seg005_105F	seg005_105F_19D9	19D9	B8		library	0	0
seg005_105F	GetDirectoryName_seg005_1A91	1A91	1B		library	0	0
seg005_105F	GetDOSPathVariable_seg005_105F_1AAC	1AAC	6F		library	0	0
seg005_105F	GetDriveInfo_seg005_105F_1B1B	1B1B	1D		library	0	0
seg005_105F	GetDiskSpace_seg005_105F_1B38	1B38	20		library	0	0
seg005_105F	GetInteruptVector_seg005_105F_1B58	1B58	F		library	0	0
seg005_105F	SetInteruptVector_seg005_105F_1B67	1B67	36		library	0	0
seg005_105F	FileOperationFromParamsArray_seg005_105F_1B9D	1B9D	63		library	0	0
seg005_105F	CheckFileDeviceStatus_seg005_1C00	1C00	27		library	0	0
seg005_105F	File_Error_Handler_seg005_1C27	1C27	3D		library	0	0
seg005_105F	CheckDiskDevice_seg005_105F_1C64	1C64	11		library	0	0
seg005_105F	MoveFilePointer_seg005_105F_1C75	1C75	29		library	0	0
seg005_105F	Hex2Dec_seg005_105F_1C9E	1C9E	7D		library	0	0
seg005_105F	Hex2DecimalString_seg005_105F_1D1B	1D1B	27		library	0	0
seg005_105F	seg005_105F_1D42	1D42	1A		library	0	0
seg005_105F	Hex2Dec_seg005_105F_1D5C	1D5C	25		library	0	0
seg005_105F	MoveData_seg005_105F_1D81	1D81	21		library	0	0
seg005_105F	SetArrayValues_seg005_105F_1DA2	1DA2	28		library	0	0
seg005_105F	SetArrayValues_seg005_105F_1DCA	1DCA	19		library	0	0
seg005_105F	CreateDirectory_seg005_1DE3	1DE3	16		library	0	0
seg005_105F	MoveDataBySize_seg005_105F_1DF9	1DF9	22		library	0	0
seg005_105F	CreateFile_seg005_105F_1E1B	1E1B	19		library	0	0
seg005_105F	WriteCXBytesToHandle_seg005_105F_1E34	1E34	12		library	0	0
seg005_105F	FileAccessFunctions_seg005_105F_1E46	1E46	13B		library	0	0
seg005_105F	OpenFile_seg005_1F81	1F81	4C		library	0	0
seg005_105F	ReadBytesAtFilePtr_seg005_1FCD	1FCD	BB		library	0	0
seg005_105F	ReadFileBytes_seg005_2088	2088	1A		library	0	0
seg005_105F	Rename_File_seg005_20A2	20A2	1F		library	0	0
seg005_105F	seg005_105F_20C1	20C1	14		library	0	0
seg005_105F	seg005_105F_20D5	20D5	47F		library	0	0
seg005_105F	seg005_105F_2554	2554	2B		library	0	0
seg005_105F	seg005_105F_257F	257F	17F		library	0	0
seg005_105F	seg005_105F_26FE	26FE	18		library	0	0
seg005_105F	AllocateMemoryBlockOfSize_seg005_2716	2716	1C		library	0	0
seg005_105F	SetCurrentDate_seg005_105F_2732	2732	13		library	0	0
seg005_105F	SetCurrentTime_seg005_105F_2745	2745	13		library	0	0
seg005_105F	MaybeTryAndFindFile_seg005_105F_2758	2758	9B		library	0	0
seg005_105F	CombineStrings_seg005_27F3	27F3	39		library	0	0
seg005_105F	MaybeAComparison_seg005_105F_282C	282C	36		library	0	0
seg005_105F	seg005_105F_2862	2862	2F		library	0	0
seg005_105F	StoreStringInLocation_seg005_105F_2891	2891	24		library	0	0
seg005_105F	STRLEN_Seg005_105F_28B5	28B5	1A		library	0	0
seg005_105F	ExtractString_seg005_105F_28CF	28CF	2C		library	0	0
seg005_105F	seg005_105F_28FB	28FB	45		library	0	0
seg005_105F	ToUpperCase_seg005_105F_2940	2940	20		library	0	0
seg005_105F	GetTimezone_seg005_105F_2960	2960	181		library	0	0
seg005_105F	SomeDateCalc_seg005_105F_2AE1	2AE1	DF		library	0	0
seg005_105F	DeleteFile_seg005_2BC0	2BC0	16		library	0	0
seg005_105F	seg005_105F_2BD6	2BD6	7		library	0	0
seg005_105F	seg005_105F_2BDD	2BDD	9		library	0	0
seg005_105F	seg005_105F_2BE6	2BE6	8		library	0	0
seg005_105F	MaybeMusicInit_seg005_105F_2BEE	2BEE	1A		library	0	0
seg005_105F	seg005_105F_2C08	2C08	D		library	0	0
seg005_105F	seg005_105F_2C15	2C15	9		library	0	0
seg005_105F	seg005_105F_2C1E	2C1E	497		library	0	0
seg005_105F	WriteDataToHandle_seg005_105F_30B5	30B5	49		library	0	0
seg005_105F	seg005_105F_30FE	30FE	2E		library	0	0
seg005_105F	seg005_105F_312C	312C	62		library	0	0
seg005_105F	seg005_105F_318E	318E	71		library	0	0
seg005_105F	seg005_105F_31FF	31FF	29		library	0	0
seg005_105F	seg005_105F_3228	3228	36		library	0	0
seg005_105F	UWAdSpaceAllocation_seg005_105F_325E	325E	29		library	0	0
seg005_105F	seg005_105F_3287	3287	61		library	0	0
seg005_105F	seg005_105F_32E8	32E8	39		library	0	0
seg005_105F	seg005_105F_3321	3321	23		library	0	0
seg005_105F	ProbablyAllocateSpaceForSound_seg005_105F_3344	3344	7D		library	0	0
seg005_105F	seg005_105F_33C1	33C1	7A		library	0	0
seg005_105F	seg005_105F_343B	343B	D0		library	0	0
seg005_105F	MultiplyAXByBX_seg005_105F_350B	350B	17		library	0	0
seg005_105F	seg005_105F_3522	3522	3		library	0	0
seg005_105F	Divide32BitNumbers_seg005_105F_3525	3525	7		library	0	0
seg005_105F	Divide32BitNumbers_cx1_seg005_105F_352C	352C	5		library	0	0
seg005_105F	ModulusDivision_seg005_105F_3531	3531	B		library	0	0
seg005_105F	ModulusDivision_seg005_105F_353C	353C	97		library	0	0
seg005_105F	BitLShift_seg005_105F_35D3	35D3	21		library	0	0
seg005_105F	RightShift32BitNumber_seg005_105F_35F4	35F4	20		library	0	0
seg005_105F	BitShiftR_AXDX_BY_CX_seg005_105F_3614	3614	1E		library	0	0
seg005_105F	seg005_105F_3632	3632	60		library	0	0
seg005_105F	seg005_105F_3692	3692	2B		library	0	0
seg005_105F	DataCopy_seg005_105F_36BD	36BD	23		library	0	0
seg005_105F	seg005_105F_36E0	36E0	1D		library	0	0
seg005_105F	seg005_105F_36FD	36FD	3A		library	0	0
seg005_105F	seg005_105F_3737	3737	39		library	0	0
seg005_105F	seg005_105F_3770	3770	1C		library	0	0
seg005_105F	seg005_105F_378C	378C	23		library	0	0
seg005_105F	ProbablyGetAnArrayReference_seg005_105F_37AF	37AF	60		library	0	0
seg005_105F	seg005_105F_380F	380F	40		library	0	0
seg005_105F	seg005_105F_384F	384F	29		library	0	0
seg005_105F	seg005_105F_3878	3878	19		library	0	0
seg005_105F	seg005_105F_3891	3891	35		library	0	0
seg005_105F	seg005_105F_38C6	38C6	42		library	0	0
seg005_105F	RegisterEventRelated_seg005_105F_3908	3908	53		library	0	0
seg005_105F	Multiply_DxAx_By_CxBx_seg005_105F_395B	395B	17		library	0	0
seg005_105F	MaybeAMemoryAllocationCheck_seg005_105F_3972	3972	21		library	0	0
seg005_105F	seg005_105F_3993	3993	4		library	0	0
seg005_105F	seg005_105F_3997	3997	4		library	0	0
seg005_105F	seg005_105F_399B	399B	4		library	0	0
seg005_105F	seg005_105F_399F	399F	1		library	0	0
seg005_105F	nullsub_5	5	3B3B		library	0	0
seg006_1413	DropNPCRemains_seg006_1413_5	5	16E	build_corpse_	anchor	7	7
seg006_1413	MotionProcessing_seg006_1413_173	173	155	move_me_joe_	anchor	8	8
seg006_1413	HomingDartTargeting_seg006_1413_2C8	2C8	83	store_targ_	size only	1	1
seg006_1413	GetDeflectionMaybe_seg006_1413_34B	34B	55	merge_angles_	confirmed	2	2
seg006_1413	HomingDart_seg006_1413_3A0	3A0	30D	check_homing_	confirmed	4	5
seg006_1413	Satellite_seg006_1413_6AD	6AD	26F	check_sat_	confirmed	3	4
seg006_1413	InitVariablesAndDelegates_seg006_1413_91C	91C	D9	init_ai_	anchor	1	1
seg006_1413	InitMotionCalcArrayForNPC_seg006_1413_9F5	9F5	CA	get_terrain_	anchor	3	3
seg006_1413	GroundNPCMotionCollision_seg006_1413_ABF	ABF	1DE	crit_hndlr_walk_	confirmed	4	4
seg006_1413	FlierNPCCollision_seg006_1413_C9D	C9D	60	crit_hndlr_fly_	size only	1	1
seg006_1413	SwimmerNPCCollision_seg006_1413_CFD	CFD	6D	crit_hndlr_swim_	size only	1	1
seg006_1413	CalculateMotionTopLevel_seg006_1413_D6A	D6A	2B	do_crit_phys_	anchor	3	3
seg006_1413	TraverseMultipleTiles_seg006_1413_D95	D95	99A	max_dbase_size	size, calls disagree	2	6
seg006_1413	TestBasicTileTraversal_seg006_1413_172F	172F	265	hyp_see_	confirmed	2	2
seg006_1413	PathFindBetweenTiles_seg006_1413_1994	1994	5D2	flood_path_	anchor	3	5
seg006_1413	StorePath_seg006_1413_1F66	1F66	F5	make_path_from_flood_data_	size only	1	1
seg006_1413	FindPathAlongStraghtLine_seg006_1413_205B	205B	29C	beeline_	confirmed	3	4
seg006_1413	TestBetweenCoordinates_seg006_1413_22F7	22F7	472	line_of_sight_	anchor	5	5
seg006_1413	TestStraightPathTraversal_seg006_1413_2769	2769	192	add_to_beeline_path_	size, calls disagree	1	2
seg006_1413	FindSetIndexOfBitField_seg006_1413_28FB	28FB	39	find_free_path_	size only	1	1
seg006_1413	UpdateSeg57TurningValues_seg006_1413_2934	2934	187	store_path_	size only	1	1
seg006_1413	MaybeUpdatePathFlag_seg006_1413_2ABB	2ABB	DD	set_next_square_on_path_	confirmed	2	2
seg006_1413	CheckIfAtOrNearTargetTile_seg006_1413_2B98	2B98	5D	close_to_square_	size only	1	1
seg006_1413	TurnTowardsPath_seg006_1413_2BF5	2BF5	14A	move_along_path_	confirmed	7	7
seg006_1413	TurnTowardsPath_Adjusted_seg006_1413_2D3F	2D3F	18A	do_that_jump_kinda_thing_	confirmed	3	3
seg006_1413	GetVectorHeading_seg006_1413_2EC9	2EC9	88	deltatotheta_	anchor	12	12
seg006_1413	SetNPCTargetDestination_seg006_1413_2F51	2F51	B7	set_loc_	anchor	5	5
seg006_1413	NPC_GOTO_seg006_1413_3008	3008	6B0	crit_head_for_loc_	anchor	20	20
seg006_1413	FlyingCritterPitching_seg006_1413_36B8	36B8	144	adjust_height_	confirmed	3	3
seg006_1413	NPCTryToOpenDoor_seg006_1413_37FC	37FC	F8	try_to_open_door_	confirmed	4	4
seg007_17A2	UpdateNPCAnimation_seg007_17A2_4	4	85	change_or_inc_seq_	anchor	7	7
seg007_17A2	ChangeNPCHeadings_seg007_17A2_89	89	3C	set_htx_	anchor	7	7
seg007_17A2	NPCWanderUpdate_seg007_17A2_C5	C5	442	crit_drunkwalk_	anchor	9	9
seg007_17A2	NPC_Goal8_seg007_17A2_507	507	D2	crit_mill_	anchor	6	6
seg007_17A2	StandStill_seg007_17A2_5D9	5D9	1A9	crit_guard_	anchor	11	11
seg007_17A2	NPC_Goal5_Attack_seg007_17A2_782	782	225	crit_offense_	anchor	8	8
seg007_17A2	ChooseMeleeAttackToMake_seg007_17A2_9A7	9A7	2D7	crit_attack_	anchor	4	4
seg007_17A2	AttackGoalSearchForTarget_seg007_17A2_C7E	C7E	17C	crit_offense_find_target_	anchor	5	5
seg007_17A2	TryToDoMagicAttack_seg007_17A2_DFA	DFA	89	maybe_cast_defensive_spell_	anchor	4	4
seg007_17A2	NPCStartMagicAttack_seg007_17A2_E83	E83	13B	crit_magik_attack_	anchor	5	5
seg007_17A2	NPCStartRangedAttack_seg007_17A2_FBE	FBE	CB	crit_missile_attack_	anchor	4	4
seg007_17A2	NPCGoal9_seg007_17A2_1089	1089	DE	crit_defense_	anchor	9	9
seg007_17A2	NPC_Goal6_seg007_17A2_1167	1167	379	crit_flee_	anchor	8	8
seg007_17A2	MaybeVectorsToPlayer_seg007_17A2_14E0	14E0	11A	crit_avoid_player_	anchor	4	4
seg007_17A2	NPC_GoalA_TalkTo_seg007_17A2_15FA	15FA	136	crit_talk_	anchor	9	9
seg007_17A2	ReactToPlayerPresence_seg007_17A2_1730	1730	C1	check_out_player_	anchor	4	4
seg007_17A2	NPCGoalC_seg007_17A2_17F1	17F1	BC	crit_hover_	anchor	5	5
seg007_17A2	SearchForGoalTarget_seg007_17A2_18AD	18AD	22F	target_found_	anchor	5	5
seg007_17A2	TurnTowardsTarget_seg007_17A2_1ADC	1ADC	C2	look_for_target_	anchor	5	5
seg007_17A2	NPC_Move_seg007_17A2_1B9E	1B9E	147	constrain_movement_	anchor	1	1
seg007_17A2	TurnTowardsVector_seg007_17A2_1CE5	1CE5	19E	turn_real_fine_	anchor	1	1
seg007_17A2	GetPitchToGTarg_seg007_17A2_1E83	1E83	96	compute_trz_or_try_rather_	anchor	2	2
seg007_17A2	SetCurrObj_seg007_17A2_1F19	1F19	132	set_critter_vars_	anchor	3	3
seg007_17A2	GetCritterAnimationGlobalsForCurrObj_seg007_17A2_204B	204B	4A	set_cur_seq_len_	anchor	4	4
seg007_17A2	NPCInitialProcessing_seg007_17A2_2095	2095	79F	critter_ai_	anchor	22	22
seg007_17A2	NPCBehaviours_seg007_17A2_2834	2834	6FE	critter_mv_	anchor	20	20
seg007_17A2	GetDistancesToGTarg_seg007_17A2_2F32	2F32	118	set_up_target_	anchor	6	6
seg007_17A2	MaybeShouldNPCWithdraw_seg007_17A2_304A	304A	87	should_i_flee_	anchor	1	1
seg007_17A2	GetCritterRange_seg007_17A2_30D1	30D1	6E	acceptable_danger_	anchor	1	1
seg007_17A2	SetNewGoalAndTarget_seg007_17A2_313F	313F	6F	critter_set_goal_	anchor	9	9
seg007_17A2	ResetGoalAndTarget_seg007_17A2_31AE	31AE	7A	critter_discard_goal_	anchor	2	2
seg007_17A2	NPCDeath_seg007_17A2_3228	3228	54	go_into_dying_sequence_	anchor	2	2
seg007_17A2	DeathBegin_seg007_17A2_327C	327C	BE	crit_die_	anchor	3	3
seg007_17A2	DamageCharacter_seg007_17A2_333A	333A	222	damage_critter_	anchor	6	6
seg007_17A2	CheckIfUpdateNeeded_seg007_17A2_355C	355C	43	timetodo_	anchor	1	1
seg007_17A2	ProcessMobileObjects_seg007_17A2_359F	359F	DE	move_mobile_	anchor	5	5
seg008_1B09	StartSwimming_seg008_1B09_D	D	32	water_set_	anchor	2	2
seg008_1B09	ProcessPlayerTileState_seg008_1B09_3F	3F	121	parse_player_terr_	anchor	7	7
seg008_1B09	unreferenced_seg008_1B09_160	160	C5			0	0
seg008_1B09	EasyMoveTurnPlayerHeading_seg008_1B09_225	225	39F	simple_fizix_	anchor	9	9
seg008_1B09	ApplyWaterCurrentIceSliding_seg008_1B09_5C4	5C4	1EE	munge_vectors_	anchor	1	1
seg008_1B09	PlayerMotionInitialCalculation_seg008_1B09_7B2	7B2	326	set_player_phys_params_	anchor	4	4
seg008_1B09	ReinitialisePlayerOnLevelOrPositionChange_seg008_1B09_AD8	AD8	245	player_setup_	anchor	12	12
seg008_1B09	ApplyPlayerMotion_seg008_1B09_D1D	D1D	2FC	phys_affect_player_	anchor	8	8
seg008_1B09	CheckIfPlayerIsNoLongerLost_seg008_1B09_1019	1019	34	player_newsq_	anchor	2	2
seg008_1B09	StopPlayerMotion_seg008_1B09_104D	104D	41	player_sqhandler_	anchor	0	0
seg008_1B09	CalculateMotionFromCommand_seg008_1B09_108E	108E	181	do_player_input_	anchor	1	1
seg008_1B09	StopFalling_seg008_1B09_120F	120F	2A	phys_bounce_up_	anchor	1	1
seg008_1B09	RefreshPlayerTileState_seg008_1B09_1239	1239	19	fizix_update_	anchor	2	2
seg008_1B09	UpdateMotionStateAndSwimming_seg008_1B09_1252	1252	129	newFPS_	anchor	4	4
seg008_1B09	PlacePlayerInTile_seg008_1B09_137B	137B	136	change_GrSq_	anchor	9	9
seg008_1B09	PressureTriggerZChange_seg008_1B09_14B1	14B1	66	hgt_change_	anchor	3	3
seg009	seg009_7	7	6C	grs_plot_	size, calls disagree	0	2
seg009	seg009_73	73	DD			0	0
seg009	seg009_150	150	52	grs_unpack_	size only	1	1
seg009	seg009_1A2	1A2	85	grs_fbplot_	size, calls disagree	1	2
seg009	GetMouseIcon_seg009_227	227	44	grs_which1_	confirmed	4	4
seg009	DrawCursorAtCoordinate_seg009_26B	26B	61	pic_to_screen_	anchor	18	19
seg009	seg009_2CC	2CC	66			0	0
seg009	seg009_332	332	21	pic_to_fbuf_	confirmed	4	4
seg009	seg009_353	353	3F	mask_to_screen_	size only	1	1
seg009	seg009_392	392	60			0	0
seg009	seg009_3F2	3F2	81	grs_scaledown_	size, calls disagree	0	1
seg010_1CA1	seg010_1CA1_3	3	56	init_input_	anchor	2	2
seg010_1CA1	seg010_1CA1_59	59	29	free_input_	anchor	1	1
seg010_1CA1	RegisterClickArea_seg010_1CA1_82	82	82	input_addmouse_	anchor	7	7
seg010_1CA1	RegisterEventHandler_seg010_1CA1_104	104	70	_input_addkey_	anchor	4	5
seg010_1CA1	seg010_1CA1_174	174	12C	input_del_	anchor	5	5
seg010_1CA1	ProcessCommands_seg010_1CA1_2A0	2A0	14C	input_dispatch_	anchor	4	4
seg010_1CA1	ProcessEventHandlers_seg010_1CA1_3EC	3EC	7A	dispatch_key_	size only	1	1
seg011	seg011_6	6	125			0	0
seg011	seg011_12B	12B	8D			0	0
seg011	JoyStickCalibration_seg011_1B8	1B8	10E			0	0
seg011	seg011_2C6	2C6	1DB			0	0
seg012_1D31	MaybeGameLoop_seg012_1D31_1	1	1E	mainloop_	anchor	3	3
seg012_1D31	RunGameLoopFunctions_seg012_1D31_1F	1F	8F	do_changes_	anchor	5	5
seg012_1D31	SetGameLoopBitField_seg012_1D31_AE	AE	C	editchng_	anchor	44	44
seg013_1D3C	seg013_1D3C_A	A	A8			0	0
seg013_1D3C	seg013_1D3C_B2	B2	15			0	0
seg013_1D3C	MapMemory_seg013_1D3C_C7	C7	1D			0	0
seg013_1D3C	seg013_1D3C_E4	E4	54			0	0
seg013_1D3C	seg013_1D3C_138	138	92			0	0
seg014	seg014_A	A	42	setup_icon_buttons_	anchor	5	5
seg014	seg014_4C	4C	10	term_icon_buttons_	anchor	2	2
seg014	seg014_5C	5C	53	get_iconreg_button_	anchor	2	2
seg014	seg014_AF	AF	6E	new_IconUnselect_	anchor	6	6
seg014	seg014_11D	11D	6E	new_IconSelect_	anchor	7	7
seg014	MaybeOptionsMenuEvents_seg014_18B	18B	C2	do_option_shortcut_	anchor	4	4
seg015_1D7C	seg015_1D7C_D	D	67	init_mouse_	anchor	2	2
seg015_1D7C	ProbablyClearMousePointer_seg015_1D7C_74	74	4C	_actual_mhide_	confirmed	3	3
seg015_1D7C	LikelyDrawCursor_seg015_1D7C_C0	C0	16	mouse_show_	anchor	56	57
seg015_1D7C	seg015_1D7C_D6	D6	21	mouse_hide_	anchor	59	60
seg015_1D7C	seg015_1D7C_F7	F7	1D	mous_3d_set_	anchor	1	1
seg015_1D7C	seg015_1D7C_114	114	25	mous_in_3d_p_	anchor	2	2
seg015_1D7C	seg015_1D7C_139	139	BD	mous_3d_hide_	anchor	2	2
seg015_1D7C	seg015_1D7C_1F6	1F6	5	mous_3d_show_	anchor	1	1
seg015_1D7C	GetPositionIn3dWindow_seg015_1D7C_1FB	1FB	15	mouse_getxy_	anchor	11	11
seg015_1D7C	seg015_1D7C_210	210	2A	mouse_Qgetxy_	size only	1	1
seg015_1D7C	seg015_1D7C_23A	23A	20	mouse_clearQ_	anchor	1	1
seg015_1D7C	seg015_1D7C_25A	25A	2D	mouse_putxy_	anchor	4	4
seg015_1D7C	GetMouseButtonStatus_seg015_1D7C_287	287	22	mouse_getbut_	anchor	6	6
seg015_1D7C	MouseClickRelated_seg015_1D7C_2A9	2A9	7D	mouse_release_	anchor	33	33
seg015_1D7C	MaybeGameLoopUpdate_seg015_1D7C_326	326	8A	mouse_dragged_	anchor	10	10
seg015_1D7C	seg015_1D7C_3B0	3B0	1D	mouse_constrain_	anchor	3	3
seg015_1D7C	MaybeSetScreenSize_seg015_1D7C_3CD	3CD	19	mouse_freereign_	anchor	6	6
seg015_1D7C	seg015_1D7C_3E6	3E6	4C	do_mouse_input_	confirmed	3	3
seg015_1D7C	seg015_1D7C_432	432	7C	do_keyarray_input_	size only	1	1
seg015_1D7C	seg015_1D7C_4AE	4AE	99	do_keyboard_input_	anchor	5	5
seg015_1D7C	WaitInputCommand_seg015_1D7C_547	547	4D	get_input_	confirmed	4	4
seg015_1D7C	WaitInputCommand_seg015_1D7C_594	594	D	mouse_get_input_	anchor	16	16
seg015_1D7C	GetCommand_seg015_1D7C_5A1	5A1	D	mouse_get_input_sp_	anchor	5	5
seg015_1D7C	seg015_1D7C_5AE	5AE	71	defineMouseRegion_	anchor	3	3
seg015_1D7C	seg015_1D7C_61F	61F	5E	undefineMouseRegion_	anchor	2	2
seg015_1D7C	ChangeCursor_seg015_1D7C_67D	67D	32	force_mouse_cursor_	anchor	21	21
seg015_1D7C	LikelyResetCursor_seg015_1D7C_6AF	6AF	4A	unforce_mouse_cursor_	anchor	37	37
seg015_1D7C	seg015_1D7C_6F9	6F9	4C	mouse_check_reg_	anchor	2	2
seg015_1D7C	ProbablyUpdateMouseIcon_seg015_1D7C_745	745	66	set_mouse_data_	confirmed	7	8
seg015_1D7C	seg015_1D7C_7AB	7AB	D4	checkMouse_	confirmed	6	6
seg015_1D7C	seg015_1D7C_87F	87F	2B1	moveMouse_	confirmed	7	7
seg015_1D7C	MouseRenderRelated_seg015_1D7C_B30	B30	40	MousQUp_	anchor	3	3
seg015_1D7C	seg015_1D7C_B70	B70	47	MousReSave_	confirmed	2	2
seg015_1D7C	seg015_1D7C_BB7	BB7	B9	MousReSave3d_	size only	1	1
seg015_1D7C	DrawCursorAtMouseXY_seg015_1D7C_C70	C70	64	drawMouse_	confirmed	4	4
seg015_1D7C	seg015_1D7C_CD4	CD4	68	draw3dMouse_	confirmed	3	3
seg015_1D7C	seg015_1D7C_D3C	D3C	6B	warpMouse_	size only	1	1
seg015_1D7C	SomethingWithMousePos_seg015_1D7C_DA7	DA7	16E	keyboard_mouse_	anchor	4	4
seg015_1D7C	GetMouseButtonStatus_seg015_1D7C_F15	F15	60	mouse_btns_	confirmed	4	4
seg016_1E73	seg016_1E73_5	5	1AA	_digi_fx_timer	size, calls disagree	0	7
seg016_1E73	seg016_1E73_1AF	1AF	B1	init_digi_fx_	size only	1	1
seg016_1E73	LoadVOCSoundFile_seg016_1E73_260	260	24	load_digi_fx_	anchor	4	4
seg016_1E73	seg016_1E73_284	284	6A	punt_all_digi_fx_	anchor	5	5
seg016_1E73	seg016_1E73_2EE	2EE	89	free_dfx_ems_	size only	1	1
seg016_1E73	seg016_1E73_377	377	262	load_dfx_page_	confirmed	2	3
seg016_1E73	LoadVocFile_seg016_5D9	5D9	7A8	digi_fx_play_	size, calls disagree	6	13
seg016_1E73	CalculateSoundFallOffToPlayer_seg016_1E73_D81	D81	1AC	sound_move_	confirmed	3	3
seg016_1E73	seg016_1E73_F2D	F2D	2E2	update_digi_playback_	anchor	4	9
seg016_1E73	seg016_1E73_120F	120F	9F	stop_digi_file_	size, calls disagree	2	4
seg016_1E73	seg016_1E73_12AE	12AE	17	free_digi_stuff_	size only	1	1
seg016_1E73	IncrementPITTimer_seg016_1E73_12C5	12C5	12	_cllbck_tst	size only	0	0
seg016_1E73	StartPitTimer_seg016_1E73_12D7	12D7	4C	init_timers_	anchor	2	2
seg016_1E73	MaybeSoundInit_seg016_1E73_1323	1323	33	punt_sound_stuff_	anchor	2	3
seg016_1E73	MaybeSoundRelated_seg016_1356	1356	1F0	init_sounds_	anchor	5	9
seg016_1E73	ReadUW_ADBlock_seg016_1E73_1546	1546	D8	load_global_timbre_	size only	1	1
seg016_1E73	LoadSoundEffects_seg016_1E73_161E	161E	D2	init_timbres_	size, calls disagree	2	4
seg016_1E73	seg016_1E73_16F0	16F0	5B	install_timbre_	confirmed	5	6
seg016_1E73	LoadXMIFile_seg016_1E73_174B	174B	192	load_new_music_	anchor	8	16
seg016_1E73	seg016_1E73_18DD	18DD	AA			0	0
seg016_1E73	seg016_1E73_1987	1987	57	load_sound_driver_	size, calls disagree	0	4
seg016_1E73	seg016_1E73_19DE	19DE	7A	play_music_	size only	0	0
seg016_1E73	LoadSoundFile_seg016_1E73_1A58	1A58	5E	read_file_to_mbuf_	size only	1	1
seg016_1E73	GetCurrentMusicFileNo_seg016_1E73_1AB6	1AB6	8	get_current_music_	anchor	4	4
seg016_1E73	GetMusicOption_seg016_1E73_1ABE	1ABE	15	music_is_on_	confirmed	2	2
seg016_1E73	GetSoundEffectOption_seg016_1E73_1AD3	1AD3	15	fx_is_on_	confirmed	2	2
seg016_1E73	seg016_1E73_1AE8	1AE8	8	fx_available_	size only	1	1
seg016_1E73	seg016_1E73_1AF0	1AF0	8	music_available_	size only	1	1
seg016_1E73	ToggleMusic_seg016_1E73_1AF8	1AF8	9D	turn_music_	confirmed	4	6
seg016_1E73	ToggleSoundEffects_seg016_1E73_1B95	1B95	2E	turn_fx_	confirmed	3	3
seg016_1E73	seg016_1E73_1BC3	1BC3	26	stop_music_	size, calls disagree	0	1
seg016_1E73	seg016_1E73_1BE9	1BE9	67			0	0
seg016_1E73	LoadSoundEffectAtCoordinate_seg016_1E73_1C50	1C50	162	play_effect_	anchor	15	15
seg016_1E73	PlaySoundEffectAtAvatar_seg016_1E73_1DB2	1DB2	CC	play_effect_here_	anchor	17	17
seg016_1E73	PlaySoundEffectAtObject_seg016_1E73_1E7E	1E7E	69	play_effect_on_mobile_	anchor	7	7
seg016_1E73	MakeASound_seg016_1E73_1EE7	1EE7	116	play_effect_on_mobile_src_	anchor	7	7
seg016_1E73	seg016_1E73_1FFD	1FFD	C4	kill_effect_	anchor	2	4
seg016_1E73	seg016_1E73_20C1	20C1	CE	kill_all_effects_	anchor	4	8
seg016_1E73	seg016_1E73_218F	218F	119	_fx_timer	size, calls disagree	0	4
seg016_1E73	LoadSoundsDat_seg016_1E73_22A8	22A8	158	read_fx_data_	size only	1	1
seg016_1E73	seg016_1E73_2400	2400	6B	init_fx_	confirmed	3	3
seg016_1E73	LoadBasicSound_seg016_1E73_246B	246B	251	fx_play_	confirmed	4	7
seg016_1E73	PlayMusicalInstrument_seg016_26BC	26BC	309	play_instrument_	anchor	5	9
seg016_1E73	seg016_1E73_29C5	29C5	22	free_timers_	anchor	2	2
seg016_1E73	seg016_1E73_29E7	29E7	105	free_s_mem_	confirmed	2	2
seg016_1E73	seg016_1E73_2AEC	2AEC	20	free_sounds_	anchor	4	4
seg016_1E73	ChangeThemeMusic_seg016_1E73_2B0C	2B0C	12	set_new_music_	anchor	11	11
seg016_1E73	PickLevelThemeMusic_seg016_1E73_2B1E	2B1E	55	set_random_walking_music_	anchor	10	10
seg016_1E73	ChangeThemeToBrittania_seg016_1E73_2B73	2B73	3F	loop_music_maybe_	anchor	6	6
seg016_1E73	RefreshMusic_seg016_1E73_2BB2	2BB2	206	change_music_maybe_	anchor	11	11
seg016_1E73	CheckMusicThemeIsPlaying_seg016_1E73_2DB8	2DB8	2C	music_over_	confirmed	2	3
seg016_1E73	seg016_1E73_2DE4	2DE4	4D	do_settings_	size, calls disagree	1	2
seg016_1E73	seg016_1E73_2E31	2E31	168	init_speech_	size, calls disagree	2	4
seg016_1E73	GetSoundRelatedFlagValue_seg016_1E73_2F99	2F99	21			0	0
seg016_1E73	seg016_1E73_2FBA	2FBA	11	speech_available_	size, calls disagree	0	1
seg016_1E73	seg016_1E73_2FCB	2FCB	98			0	0
seg017_2179	DRAW_RELATED_seg017_2179_4	4	DA			0	0
seg017_2179	Print_String_To_Console_seg017_DE	DE	10	free_speech_stuff_	size, calls disagree	0	2
seg017_2179	ClearData_seg017_2179_EE	EE	1B	grab_	size, calls disagree	0	6
seg017_2179	StrLen_seg017_2179_109	109	16			0	0
seg017_2179	CopySubstring_seg017_2179_11F	11F	20			0	0
seg017_2179	CopyStringToLocation_seg017_2179_13F	13F	35			0	0
seg017_2179	FindStringDelimiter_seg017_2179_174	174	28			0	0
seg017_2179	seg017_2179_19C	19C	5B	show320_	size, calls disagree	0	1
seg017_2179	StringCompare_seg017_2179_1F7	1F7	29			0	0
seg017_2179	ApplyPalette_seg017_2179_220	220	35	local_do_palette_	anchor	5	5
seg017_2179	DRAW_RELATED_seg017_2179_255	255	4D	SetPnt_	size, calls disagree	0	2
seg017_2179	DRAW_RELATED_seg017_2179_2A2	2A2	7E	create_sprite_	size, calls disagree	0	2
seg017_2179	DRAW_RELATED_seg017_2179_320	320	41	destroy_sprite_	size only	0	0
seg017_2179	DRAW_RELATED_seg017_2179_361	361	5C	change_sprite_	size, calls disagree	0	2
seg019_21BA	seg019_21BA_C	C	35	draw_sprite_	size only	0	0
seg019_21BA	seg019_21BA_41	41	1A	draw_mask_	size only	0	0
seg019_21BA	UpdateDetailLevelIndirectFunctions_seg019_21BA_5B	5B	75	erase_sprite_	size, calls disagree	0	3
seg019_21BA	RenderingFunctions_seg019_21BA_D0	D0	2AE			0	0
seg019_21BA	seg019_21BA_37E	37E	1E4			0	0
seg019_21BA	GetTilesToRender_seg019_21BA_562	562	279			0	0
seg019_21BA	FloorRender_seg019_21BA_7DB	7DB	E9			0	0
seg019_21BA	seg019_21BA_8C4	8C4	E7			0	0
seg019_21BA	WallRender_seg019_21BA_9AB	9AB	E9			0	0
seg019_21BA	FloorRender_seg019_21BA_A94	A94	173	set_yoff_	size, calls disagree	0	1
seg019_21BA	WallRender_seg019_21BA_C07	C07	135	update_sprites_	size, calls disagree	0	2
seg019_21BA	StartDrawingTileAndUpdatingAutomapTile_seg019_21BA_D3C	D3C	685			0	0
seg020	seg020_24	24	4A			0	0
seg021_22FD	seg021_22FD_0	0	17	save_rect_	size, calls disagree	0	2
seg021_22FD	seg021_22FD_17	17	4E	save_rect	size, calls disagree	0	4
seg021_22FD	seg021_22FD_65	65	3C	restore_rect_	size, calls disagree	0	1
seg021_22FD	MaybePaletteCycling_seg021_22FD_A1	A1	48	find_proc	size, calls disagree	0	1
seg021_22FD	seg021_22FD_E9	E9	29	call_driver	size, calls disagree	0	2
seg021_22FD	seg021_22FD_112	112	9	send_EOI	size, calls disagree	0	2
seg021_22FD	seg021_22FD_11B	11B	35	init_DDA_arrays	size, calls disagree	0	1
seg021_22FD	seg021_22FD_150	150	24	hook_timer_process	size only	1	1
seg021_22FD	seg021_22FD_174	174	15	unhook_timer_process	size, calls disagree	0	1
seg021_22FD	seg021_22FD_189	189	47	_AIL_startup	size only	0	0
seg021_22FD	seg021_22FD_1D0	1D0	58	_AIL_shutdown	size, calls disagree	0	1
seg021_22FD	seg021_22FD_228	228	E			0	0
seg021_22FD	seg021_22FD_236	236	E			0	0
seg021_22FD	seg021_22FD_244	244	72	_AIL_register_timer	size, calls disagree	2	8
seg021_22FD	seg021_22FD_2B6	2B6	7			0	0
seg021_22FD	seg021_22FD_2BD	2BD	2F	_AIL_release_timer_handle	size, calls disagree	0	1
seg021_22FD	seg021_22FD_2EC	2EC	1E	_AIL_release_all_timers	size only	0	0
seg021_22FD	seg021_22FD_30A	30A	6B	_AIL_start_timer	size, calls disagree	1	2
seg021_22FD	seg021_22FD_375	375	B			0	0
seg021_22FD	seg021_22FD_380	380	F	_AIL_start_all_timers	size, calls disagree	0	1
seg021_22FD	seg021_22FD_38F	38F	14	_AIL_stop_timer	size, calls disagree	0	1
seg021_22FD	seg021_22FD_3A3	3A3	5A	_AIL_stop_all_timers	size, calls disagree	0	3
seg021_22FD	seg021_22FD_3FD	3FD	57	_AIL_set_timer_period	size, calls disagree	0	2
seg021_22FD	seg021_22FD_454	454	17	_AIL_set_timer_frequency	size, calls disagree	0	1
seg021_22FD	seg021_22FD_46B	46B	3D	_AIL_set_timer_divisor	size, calls disagree	0	1
seg021_22FD	seg021_22FD_4A8	4A8	72	_AIL_register_driver	size, calls disagree	0	4
seg021_22FD	seg021_22FD_51A	51A	38	_AIL_release_driver_handle	size, calls disagree	0	1
seg021_22FD	seg021_22FD_552	552	10	_AIL_describe_driver	size only	0	0
seg021_22FD	seg021_22FD_562	562	15	_AIL_detect_device	size, calls disagree	0	1
seg021_22FD	seg021_22FD_577	577	21	_AIL_init_driver	size, calls disagree	0	1
seg021_22FD	seg021_22FD_598	598	30	_AIL_shutdown_driver	size, calls disagree	0	2
seg021_22FD	seg021_22FD_5C8	5C8	21	_AIL_index_VOC_block	size only	0	0
seg021_22FD	seg021_22FD_5E9	5E9	97			0	0
seg021_22FD	seg021_22FD_680	680	12	_AIL_register_sound_buffer	size, calls disagree	0	1
seg021_22FD	seg021_22FD_692	692	E	_AIL_format_sound_buffer	size, calls disagree	0	1
seg021_22FD	seg021_22FD_6A0	6A0	6	_AIL_sound_buffer_status	size, calls disagree	0	1
seg021_22FD	seg021_22FD_6A6	6A6	1A	_AIL_play_VOC_file	size, calls disagree	0	1
seg021_22FD	seg021_22FD_6C0	6C0	4	_AIL_format_VOC_file	size, calls disagree	0	1
seg021_22FD	seg021_22FD_6C4	6C4	4	_AIL_VOC_playback_status	size only	0	0
seg021_22FD	seg021_22FD_6C8	6C8	1F	_AIL_start_digital_playback	size, calls disagree	0	1
seg021_22FD	Read_Mouse_Motion_seg021_6E7	6E7	11	_AIL_stop_digital_playback	size, calls disagree	0	2
seg021_22FD	Mouse_Sensitivity_Maybe_seg021_6F8	6F8	B	_AIL_pause_digital_playback	size, calls disagree	0	1
seg021_22FD	Mouse_Position_And_Button_status_seg021_703	703	2D			0	0
seg021_22FD	seg021_22FD_730	730	E	_AIL_resume_digital_playback	size, calls disagree	0	3
seg021_22FD	seg021_22FD_73E	73E	17	_AIL_set_digital_playback_volume	size, calls disagree	0	1
seg021_22FD	seg021_22FD_755	755	3C			0	0
seg021_22FD	seg021_22FD_791	791	3C			0	0
seg021_22FD	seg021_22FD_7CD	7CD	3C			0	0
seg021_22FD	seg021_22FD_809	809	168			0	0
seg021_22FD	seg021_22FD_971	971	3C			0	0
seg021_22FD	seg021_22FD_9AD	9AD	43			0	0
seg021_22FD	Mouse_Button_Status_seg021_9F0	9F0	40			0	0
seg021_22FD	SquareRoot_seg021_22FD_A30	A30	4	_AIL_digital_playback_volume	size only	0	0
seg021_22FD	seg021_22FD_A34	A34	4	_AIL_set_digital_playback_panpot	size only	0	0
seg021_22FD	HeadingLookupCalc_seg021_22FD_A38	A38	31			0	0
seg021_22FD	LookupHeadingTable_seg021_22FD_A69	A69	F	_AIL_digital_playback_panpot	size only	0	0
seg021_22FD	SquareRoot_seg021_22FD_A78	A78	100			0	0
seg021_22FD	seg021_22FD_B78	B78	2A			0	0
seg021_22FD	seg021_22FD_BA2	BA2	32			0	0
seg021_22FD	MaybeTangent_seg021_22FD_BD4	BD4	2C			0	0
seg021_22FD	seg021_22FD_C00	C00	34			0	0
seg021_22FD	seg021_22FD_C34	C34	4A			0	0
seg021_22FD	seg021_22FD_C7E	C7E	6	_AIL_state_table_size	size, calls disagree	0	2
seg021_22FD	seg021_22FD_C84	C84	33			0	0
seg021_22FD	CallbackFunctionSleepRelated_seg021_22FD_CB7	CB7	33			0	0
seg021_22FD	Callback_seg021_22FD_CEA	CEA	33			0	0
seg021_22FD	seg021_22FD_D1D	D1D	5D			0	0
seg021_22FD	seg021_22FD_D7A	D7A	A0			0	0
seg021_22FD	seg021_22FD_E1A	E1A	49			0	0
seg021_22FD	GetVectorForDirection_seg021_22FD_E63	E63	4B			0	0
seg021_22FD	SomethingProjectileHeading_seg021_22FD_EAE	EAE	4D			0	0
seg021_22FD	MaybeGetTangent_seg021_22FD_EFB	EFB	44			0	0
seg021_22FD	GetSquareRoot_seg021_22FD_F3F	F3F	44			0	0
seg021_22FD	seg021_22FD_F83	F83	5A			0	0
seg021_22FD	seg021_22FD_FDD	FDD	27	_AIL_register_sequence	size only	0	0
seg021_22FD	seg021_22FD_1004	1004	27	_AIL_release_sequence_handle	size only	0	0
seg021_22FD	seg021_22FD_102B	102B	47			0	0
seg022_2405	FindEntryInAdvFile_seg022_2405_3BA	3BA	38			0	0
seg022_2405	PushAdvTableEntry_seg022_2405_3F2	3F2	18	_AIL_default_timbre_cache_size	size, calls disagree	0	1
seg022_2405	TimerInterupt_seg022_2405_40A	40A	D7			0	0
seg022_2405	seg022_2405_4E1	4E1	43			0	0
seg022_2405	seg022_2405_524	524	4C			0	0
seg022_2405	seg022_2405_570	570	30			0	0
seg022_2405	seg022_2405_5A0	5A0	29	_AIL_define_timbre_cache	size only	0	0
seg022_2405	seg022_2405_5C9	5C9	2A			0	0
seg022_2405	seg022_2405_5F3	5F3	4B			0	0
seg022_2405	seg022_2405_63E	63E	95			0	0
seg022_2405	seg022_2405_6D3	6D3	44			0	0
seg022_2405	seg022_2405_717	717	65			0	0
seg022_2405	seg022_2405_77C	77C	BB			0	0
seg022_2405	seg022_2405_837	837	49			0	0
seg022_2405	seg022_2405_880	880	1E	_AIL_timbre_request	size only	0	0
seg022_2405	seg022_2405_89E	89E	46			0	0
seg022_2405	seg022_2405_8E4	8E4	46			0	0
seg022_2405	seg022_2405_92A	92A	55			0	0
seg022_2405	seg022_2405_97F	97F	91			0	0
seg022_2405	seg022_2405_A10	A10	B8			0	0
seg022_2405	seg022_2405_AC8	AC8	26	_AIL_install_timbre	size, calls disagree	0	3
seg022_2405	seg022_2405_AEE	AEE	6	_AIL_protect_timbre	size, calls disagree	0	2
seg022_2405	seg022_2405_AF4	AF4	B2			0	0
seg022_2405	seg022_2405_BA6	BA6	33			0	0
seg022_2405	seg022_2405_BD9	BD9	6	_AIL_unprotect_timbre	size, calls disagree	0	2
seg022_2405	seg022_2405_BDF	BDF	C	_AIL_timbre_status	size, calls disagree	0	5
seg022_2405	seg022_2405_BEB	BEB	18	_AIL_start_sequence	size, calls disagree	0	5
seg022_2405	seg022_2405_C03	C03	6	_AIL_stop_sequence	size, calls disagree	0	3
seg022_2405	seg022_2405_C09	C09	6	_AIL_resume_sequence	size, calls disagree	0	2
seg022_2405	seg022_2405_C0F	C0F	6	_AIL_sequence_status	size, calls disagree	0	1
seg022_2405	seg022_2405_C15	C15	6	_AIL_relative_volume	size, calls disagree	0	1
seg022_2405	seg022_2405_C1B	C1B	C	_AIL_relative_tempo	size, calls disagree	0	4
seg022_2405	seg022_2405_C27	C27	C	_AIL_set_relative_volume	size, calls disagree	0	4
seg022_2405	seg022_2405_C33	C33	6	_AIL_set_relative_tempo	size, calls disagree	0	1
seg022_2405	seg022_2405_C39	C39	6	_AIL_beat_count	size, calls disagree	0	1
seg022_2405	seg022_2405_C3F	C3F	6	_AIL_measure_count	size, calls disagree	0	1
seg022_2405	seg022_2405_C45	C45	6	_AIL_branch_index	size, calls disagree	0	1
seg022_2405	seg022_2405_C4B	C4B	6	_AIL_controller_value	size, calls disagree	0	1
seg022_2405	seg022_2405_C51	C51	6	_AIL_set_controller_value	size, calls disagree	0	1
seg022_2405	FindAndPushAdvEntry_9C_seg022_2405_C57	C57	6	_AIL_channel_notes	size, calls disagree	0	1
seg022_2405	seg022_2405_C5D	C5D	6	_AIL_send_channel_voice_message	size only	0	0
seg022_2405	seg022_2405_C63	C63	6	_AIL_send_sysex_message	size only	0	0
seg022_2405	seg022_2405_C69	C69	6	_AIL_write_display	size, calls disagree	0	2
seg022_2405	seg022_2405_C6F	C6F	6	_AIL_install_callback	size, calls disagree	0	3
seg022_2405	seg022_2405_C75	C75	C	_AIL_cancel_callback	size, calls disagree	0	2
seg022_2405	FindAndPushAdvEntryAE_seg022_2405_C81	C81	12	_AIL_lock_channel	size, calls disagree	0	2
seg022_2405	seg022_2405_C93	C93	6	_AIL_map_sequence_channel	size, calls disagree	0	2
seg022_2405	seg022_2405_C99	C99	2A	_AIL_release_channel	size, calls disagree	0	1
seg022_2405	seg022_2405_CC3	CC3	1E	_AIL_true_sequence_channel	size, calls disagree	0	6
seg022_2405	seg022_2405_CE1	CE1	C	_AIL_register_fx	size, calls disagree	0	2
seg022_2405	seg022_2405_CED	CED	A	_AIL_request_fx	size, calls disagree	0	4
seg023	seg023_9	9	A2	rotate_bank_	anchor	2	2
seg023	seg023_AB	AB	A8	cycle_colors_	anchor	3	3
seg024_24E9	PickBodyHitPoint_seg024_24E9_3	3	79	pickloc_	anchor	2	2
seg024_24E9	TestForClosestAttackCollisionHit_seg024_24E9_7C	7C	24F	set_hitobj_	anchor	3	3
seg024_24E9	SpawnImpactAnimo_seg024_24E9_2CB	2CB	1B6	find_wall_coll_	anchor	10	10
seg024_24E9	CheckForAttackHit_seg024_24E9_481	481	253	resolve_attack_	anchor	8	8
seg024_24E9	CheckForPoisonableDamageWeapons_seg024_24E9_6D4	6D4	63	is_sharp_	anchor	2	2
seg024_24E9	CalculateAttackResults_seg024_24E9_737	737	24C	frp_check_	anchor	8	8
seg024_24E9	AttackerAppliesFinalDamage_seg024_24E9_983	983	3B6	do_damage_	anchor	10	10
seg024_24E9	CombatMissImpactSound_seg024_24E9_D39	D39	13B	do_miss_	anchor	4	4
seg024_24E9	CalcFlankingBonus_seg024_24E9_E74	E74	54	compute_hitangle_	anchor	2	2
seg024_24E9	ExecuteAttack_seg024_24E9_EC8	EC8	DD	do_attack_	anchor	10	10
seg024_24E9	CheckForAmmo_seg024_24E9_FA5	FA5	86	check_ammo_	anchor	5	6
seg024_24E9	SetCurrentWeaponDetails_seg024_24E9_102B	102B	114	GetPlayerWeapon_	anchor	5	5
seg024_24E9	CalculateAttackScorePlayer_seg024_24E9_113F	113F	165	DoPlayerWeapon_	anchor	2	2
seg024_24E9	EndCombatSwing_seg024_24E9_12A4	12A4	3C	missile_finish_	anchor	3	3
seg024_24E9	MaybeCancelWeaponSwingAnim_seg024_24E9_12E0	12E0	2F	fin_attack_	anchor	3	3
seg024_24E9	CancelAttack_seg024_24E9_130F	130F	3C	clear_fight_state_	anchor	7	7
seg024_24E9	PlayerCombat_seg024_24E9_134B	134B	515	player_attack_	anchor	27	27
seg024_24E9	MissileAttackHit_seg024_24E9_1860	1860	129	missile_thwack_	anchor	7	7
seg024_24E9	NPC_ExecuteAttack_seg024_24E9_1989	1989	13E	critter_attack_	anchor	4	4
seg024_24E9	seg024_24E9_1AC7	1AC7	30			0	0
seg024_24E9	AwardKillEXP_seg024_24E9_1AF7	1AF7	8C	player_killed_a_	anchor	4	4
seg025_26A1	RemoveDoorLock_seg025_26A1_3	3	92	remove_lock_	anchor	5	5
seg025_26A1	RemoveObjectFromTile_seg025_26A1_95	95	3B	try_remove_	anchor	2	2
seg025_26A1	DamageObject_Destruction_seg025_D0	D0	374	remove_object_	anchor	17	17
seg025_26A1	GetObjectDebris_seg025_26A1_444	444	4F	debris_type_	anchor	3	3
seg025_26A1	ScaleDamageAgainstObject_seg025_26A1_493	493	94	check_res_	anchor	12	12
seg025_26A1	DamageObject_seg025_527	527	8D	damage_item_	anchor	26	26
seg025_26A1	DamageObjectOrDoor_seg025_26A1_5B4	5B4	1A4	damage_object_	anchor	4	4
seg026_2716	PlayerUpdateTick_seg026_2716_8	8	127	display_scr_	anchor	8	8
seg026_2716	ResetPaperInventoryPanel_seg026_2716_12F	12F	25	RedispInv_	anchor	3	3
seg026_2716	CheckIfPlayerCanReachAtDistance_seg026_2716_154	154	14B	InPickRange_	anchor	4	4
seg026_2716	GetHighestBridgeInTile_seg026_2716_29F	29F	5B	BridgeHeight_	anchor	2	2
seg026_2716	TestIfPlayerCanReachObjectTile_seg026_2716_2FA	2FA	229	BlockingTerrain_	anchor	5	5
seg026_2716	seg026_2716_523	523	C4	check_around_	anchor	1	1
seg026_2716	RayCast_seg026_2716_5E7	5E7	158	pick_3d_	anchor	5	5
seg026_2716	LookAtOrInteractWithSurface_seg026_2716_73F	73F	74	look_nothing_	anchor	5	5
seg026_2716	Pickup_seg026_2716_7B3	7B3	50	release_3d_	anchor	4	4
seg026_2716	Pickup_seg026_2716_803	803	2F8	player_3dget_	anchor	18	18
seg026_2716	TalkTo_seg026_2716_AFB	AFB	1E	player_3dtalk_	anchor	3	3
seg026_2716	LookAt_seg026_B19	B19	121	player_3dlook_	anchor	11	11
seg026_2716	UseObject_seg026_2716_C3A	C3A	7B	player_3duse_	anchor	6	6
seg026_2716	Combat_seg026_2716_CB5	CB5	46	player_3dattack_	anchor	1	1
seg026_2716	HandleObjectOrTileClick_seg026_2716_CFB	CFB	179	mous_in_3d_	anchor	10	10
seg026_2716	LookAt_seg026_2716_E74	E74	124	inv_look_	anchor	5	5
seg026_2716	seg026_2716_F98	F98	41			0	0
seg026_2716	ProbablyInventoryPanelClick_seg026_2716_FD9	FD9	FD	mous_in_inv_	anchor	4	4
seg026_2716	ClickOnPanel_seg026_2716_10D6	10D6	54	mous_in_panel_	anchor	3	3
seg026_2716	SetInteractionMode_seg026_2716_112A	112A	1CC	deal_with_icons_	anchor	11	11
seg026_2716	DrawWeapon_seg026_2716_12F6	12F6	A0	pick_fightmode_	anchor	7	7
seg026_2716	PutWeaponAway_seg026_2716_1396	1396	4F	punt_fightmode_	anchor	10	10
seg026_2716	ClickOnWeaponInInventory_seg026_2716_13E5	13E5	27	toggle_fightmode_	anchor	4	4
seg027_2856	InitPlayerProjectilesValues_seg027_2856_C	C	92	player_settr_	anchor	4	4
seg027_2856	MissileRelease_seg027_9E	9E	228	player_fire_	anchor	10	10
seg027_2856	NPCMissileLaunch_seg027_2856_2C6	2C6	7C	critter_fire_	anchor	3	3
seg027_2856	ProjectileSpell_seg027_2856_342	342	F7	spell_fire_	anchor	5	5
seg027_2856	DropObjectByPlayer_seg027_2856_439	439	41F	ReturnObject_	anchor	12	12
seg027_2856	ArrowTrap_seg027_2856_858	858	82	trap_fire_	anchor	3	3
seg027_2856	PrepareProjectileObject_seg027_2856_8DA	8DA	3F2	missile_fire_	anchor	13	13
seg027_2856	PlaceProjectileInWorld_seg027_2856_CCC	CCC	1F2	push_missile_	anchor	6	6
seg028_2941	GetHeightAdjustedByTileType_seg028_2941_E	E	1A1	GetHgt_	anchor	2	2
seg028_2941	GetTileZOffset_seg028_2941_1AF	1AF	68	GetSlopeHgt_	anchor	1	1
seg028_2941	GetNeighbourTileDetails_seg028_2941_217	217	B0	SolvePnt_	anchor	2	2
seg028_2941	seg028_2941_2CF_terrainrelated	2C7	BE	SolveCenter_	anchor	2	2
seg028_2941	ProcessMotionTileHeights_seg028_2941_385	385	47E	TerrainCheck_	anchor	12	12
seg028_2941	seg028_2941_803	803	26A	ComputeHeading_	anchor	1	1
seg028_2941	GetTileAttribute8_seg028_2941_A6D	A6D	B	get_home_tile_	anchor	1	1
seg028_2941	CreateCollisionRecord_seg028_2941_A78	A78	196	obj_coll_check_	anchor	1	1
seg028_2941	ScanForCollisions_seg028_2941_C0E	C0E	265	ObjectCheck_	anchor	12	12
seg028_2941	SwapCollisionRecords_seg028_2941_E73	E73	65	oCswap_	anchor	1	1
seg028_2941	SortCollisions_seg028_2941_ED8	ED8	149	process_objlist_	anchor	8	8
seg028_2941	TestIfObjectFitsInTile_seg028_2941_1021	1021	224	can_place_	anchor	20	20
seg028_2941	MoveObjectToCoordinates_seg028_2941_1245	1245	BB	put_at_	anchor	15	15
seg028_2941	PlaceObjectAtAnotherObjectPosition_seg028_2941_1300	1300	5A	near_mob_put_at_	anchor	8	8
seg028_2941	MoveAndFitObjectToCoordinate_seg028_2941_135A	135A	17C	drop_around_place_	anchor	8	8
seg029_2A8E	ClearTilemap_seg029_2A8E_6	6	111	Map_ObjFix_	anchor	3	3
seg029_2A8E	CallFunctionOnObjectsInChain_seg029_2A8E_117	117	BA	Obj_Check_	anchor	12	12
seg029_2A8E	ObjectCullingRngTest_2A8E_1D1	1D1	80	chkTenacious_	anchor	1	1
seg029_2A8E	ObjectCullingTest_seg029_2A8E_251	251	C3	Obj_Elem_Fate_	anchor	9	9
seg029_2A8E	CullingCheckOnObjectChain_seg029_2A8E_314	314	40	Obj_Fate_	anchor	3	3
seg029_2A8E	CullObjects_seg029_2A8E_354	354	11D	Obj_GarbageCollect_	anchor	6	6
seg029_2A8E	GetAvailableObjectAddress_seg029_2A8E_471	471	97	Obj_Alloc_	anchor	14	14
seg029_2A8E	AddToFreeObjectLists_seg029_2A8E_508	508	84	Obj_Free_	anchor	39	39
seg029_2A8E	InsertObjectToList_seg029_2A8E_58C	58C	6E	Obj_Add_	anchor	40	40
seg029_2A8E	LinkObjectToList_seg029_2A8E_5FA	5FA	8A	Obj_AddEnd_	anchor	10	10
seg029_2A8E	UnlinkObjectFromLinkedList_seg029_2A8E_684	684	80	Obj_Rem_	anchor	38	38
seg029_2A8E	RemoveObject_seg029_2A8E_704	704	95	Obj_Punt_	anchor	23	23
seg029_2A8E	ClearLinkedList_seg029_2A8E_799	799	C3	Obj_FreeChain_	anchor	10	10
seg029_2A8E	RemoveObjectAndChainFromLists_seg029_2A8E_85C	85C	62	Obj_FreeLinkChain_	anchor	13	13
seg029_2A8E	GetNextOrLinkedObject_seg029_2A8E_8BE	8BE	69	Obj_PtrTMem_	anchor	99	99
seg029_2A8E	ReverseObjectLookup_seg029_2A8E_927	927	4A	Obj_MemTPtr_	anchor	81	81
seg029_2A8E	LookupObjectByIndex_seg029_2A8E_971	971	41	Obj_IntTMem_	anchor	72	72
seg029_2A8E	FindObjectListHeadObject_seg029_2A8E_9B2	9B2	D5	Obj_Find_	anchor	7	7
seg029_2A8E	TestIfStaticOrMobile_seg029_2A8E_A87	A87	1E	IsMobElem_	anchor	22	22
seg029_2A8E	AddtoEndOfTileMapMobiles_seg029_2A8E_AA5	AA5	13	active_critter_	anchor	1	1
seg029_2A8E	RemoveFromMobilesList_seg029_2A8E_AB8	AB8	4C	free_critter_	anchor	1	1
seg029_2A8E	UNREFERENCED_seg029_2A8E_B04	B04	67			0	0
seg029_2A8E	GetLinkedOrNextObjectWithFilter_seg029_2A8E_B6B	B6B	100	Obj_InList_	anchor	22	22
seg029_2A8E	CheckIfItemID_Or_ContainsItemID_seg029_2A8E_C6B	C6B	69	HasOrIsObj_	anchor	4	4
seg029_2A8E	FindItemInMapByClassWithPosition_seg029_2A8E_CD4	CD4	A5	Obj_FindInMap_	anchor	5	5
seg029_2A8E	FindObjectWithSpecificProps_seg029_2A8E_D79	D79	34	Obj_FindInMapSquare_	anchor	10	10
seg029_2A8E	CheckWeightOnPressureTrigger_seg029_2A8E_DAD	DAD	130	check_weight_	anchor	2	2
seg029_2A8E	CountObjectsInChain_seg029_2A8E_EDD	EDD	BD	flog_list_	anchor	4	4
seg029_2A8E	CountObjects_seg029_2A8E_F9A	F9A	B9	count_list_	anchor	4	4
seg029_2A8E	CheckCountOfAllObjects_seg029_2A8E_1053	1053	1AD	Obj_ListOkay_	anchor	3	3
seg029_2A8E	CrunchObjectList_seg029_2A8E_1200	1200	98	ObjCrunch_	anchor	3	5
seg030_2BB7	BounceOtherObject_seg030_2BB7_8	8	AA	bounce_obj_	anchor	3	3
seg030_2BB7	MissileImpact_seg030_2BB7_B2	B2	11C	missile_newhit_	anchor	4	4
seg030_2BB7	CollideObjects_seg030_2BB7_1CE	1CE	26F	do_objhit_	anchor	6	6
seg030_2BB7	InitMotionParams_seg030_2BB7_43D	43D	24C	get_phys_data_	anchor	4	4
seg030_2BB7	ApplyProjectileMotion_seg030_2BB7_689	689	483	set_phys_data_	anchor	14	14
seg030_2BB7	MoveObjectToMobileObjectList_seg030_2BB7_B0C	B0C	11B	static_to_mob_	anchor	9	9
seg030_2BB7	InitMobileObject_seg030_2BB7_C27	C27	135	mob_init_	anchor	3	3
seg030_2BB7	OilOnMud_seg030_D5C	D5C	83	do_filanium_	anchor	5	5
seg030_2BB7	ObjectHitsFloorTile_seg030_2BB7_DDF	DDF	29B	mob_to_static_	anchor	12	12
seg030_2BB7	seg030_2BB7_107A	107A	42	update_hack_vecs_	anchor	1	1
seg030_2BB7	PlacedObjectCollision_seg030_2BB7_10BC	10BC	380	obj_deal_	anchor	20	20
seg031_2CFA	CalculateMotion_seg031_2CFA_C	C	87	do_physics_	anchor	6	6
seg031_2CFA	CopyMotionValsFromInitialToBase25C4_seg031_2CFA_93	93	7B	space_to_pos_	anchor	1	1
seg031_2CFA	SetCollisionTarget_seg031_2CFA_10E	10E	304	set_targz_	anchor	6	6
seg031_2CFA	InitialMotionCalc_seg031_2CFA_412	412	378	space_to_motion_	anchor	6	6
seg031_2CFA	seg031_2CFA_78A	78A	35	recalc_vecs_	anchor	4	4
seg031_2CFA	ZeroiseMotionValues_seg031_2CFA_7BF	7BF	41	stop_me_	anchor	2	2
seg031_2CFA	StoreNewXYZH_seg031_2CFA_800	800	A6	back_to_space_	anchor	2	2
seg031_2CFA	LikelyTranslateXY_seg031_2CFA_8A6	8A6	199	flat_move_	anchor	2	2
seg031_2CFA	seg031_2CFA_A3F	A3F	A			0	0
seg031_2CFA	HeadingRelated_seg031_2CFA_A49	A49	213	rehead_	anchor	2	2
seg031_2CFA	seg031_2CFA_C5C	C5C	6A	do_2dbounce_	anchor	5	5
seg031_2CFA	MaybeReflection_seg031_2CFA_CC6	CC6	59	bounce_that_guy_	anchor	1	1
seg031_2CFA	DoCollision_seg031_2CFA_D1F	D1F	419	do_zbounce_	anchor	7	7
seg031_2CFA	MAYBEGRAVITYZ_seg031_2CFA_1138	1138	180	full_move_	anchor	3	3
seg031_2CFA	ProcessCollisions_seg031_2CFA_12B8	12B8	93	grid_move_	anchor	9	9
seg031_2CFA	GetTileState_seg031_2CFA_134B	134B	67	set_resterr_	anchor	3	3
seg031_2CFA	GetCollisionHeightState_seg031_2CFA_13B2	13B2	3EA	get_pcoll_	anchor	7	7
seg031_2CFA	DoTileCollisionMaybe_seg031_2CFA_179C	179C	CC	check_positions_	anchor	7	7
seg031_2CFA	JumpTrap_seg031_2CFA_1868	1868	A6	set_jmp_	anchor	1	1
seg031_2CFA	FindClosedDoorCollision_seg031_2CFA_190E	190E	E9	IsaDoor_	anchor	2	2
seg031_2CFA	GetCollisionObject_seg031_2CFA_19F7	19F7	28	CollObject_	anchor	4	4
seg032_2E9B	seg032_2E9B_F	F	8C	place_3d_view_	anchor	2	2
seg032_2E9B	seg032_2E9B_9B	9B	F0	set_cyb_	anchor	1	1
seg032_2E9B	seg032_2E9B_18B	18B	A			0	0
seg032_2E9B	seg032_2E9B_195	195	6B			0	0
seg032_2E9B	seg032_2E9B_200	200	4A	init_3d_	anchor	2	2
seg032_2E9B	SetObjectRendingDataPtr_seg032_2E9B_24A	24A	13	reset_db_	anchor	3	3
seg032_2E9B	seg032_2E9B_25D	25D	4D	send_db_	anchor	4	5
seg032_2E9B	seg032_2E9B_2AA	2AA	53	do_3d_grab_	anchor	2	2
seg032_2E9B	RenderScene_seg032_2E9B_2FD	2FD	58	render_FB_	anchor	9	9
seg032_2E9B	DRAWWorld_seg032_2E9B_355	355	45	establish_view_	anchor	5	5
seg032_2E9B	PositionCamera_seg032_2E9B_39A	39A	115	setup_vars_	anchor	4	4
seg032_2E9B	ShadeCalcs_seg032_2E9B_4AF	4AF	109	preset_grid_	anchor	1	1
seg032_2E9B	SetRangeOfVisonParams_seg032_2E9B_5B8	5B8	CB	init_grid_	anchor	1	1
seg032_2E9B	GetNextVisionTilePositive_seg032_2E9B_683	683	26	incvec_	anchor	4	4
seg032_2E9B	GetNextVisionTileNegative_seg032_2E9B_6A9	6A9	26	decvec_	anchor	3	3
seg032_2E9B	MaybeTestVisibilityNextTile_seg032_2E9B_6CF	6CF	426	enc_n_chk_	anchor	5	5
seg032_2E9B	MaybeTestVisionIntoDarkness_seg032_2E9B_AF5	AF5	1A8	newdels_	anchor	4	4
seg032_2E9B	ProcessLOSArcsseg032_2E9B_C9D	C9D	377	move_to_next_	anchor	4	4
seg032_2E9B	TestVisionAndShade_seg032_2E9B_1014	1014	14E	fill_the_grid_	anchor	4	4
seg032_2E9B	GetViewDistances_seg032_2E9B_1162	1162	BC	build_grid_	anchor	3	3
seg032_2E9B	LikelyDoRender_seg032_2E9B_121E	121E	1B	do_2dclip_	anchor	5	5
seg033_2FBE	RenderingObjects_seg033_2FBE_9	9	5D5	do_obj_	confirmed	5	6
seg033_2FBE	Render3DObject_seg033_2FBE_5DE	5DE	915	do_rect_	confirmed	2	3
seg033_2FBE	RenderDoor_seg033_2FBE_EF3	EF3	5FB	do_door_	confirmed	2	3
seg034_310D	InitSomeArrays_seg034_310D_6	6	E4	sort_setup_	size only	0	0
seg034_310D	seg034_310D_EA	EA	56	sort_obj_	size only	1	1
seg034_310D	seg034_310D_140	140	1B	build_sort_	size only	1	1
seg034_310D	seg034_310D_15B	15B	D5	do_partition_	confirmed	3	3
seg034_310D	seg034_310D_230	230	7B	z_part_	confirmed	3	3
seg034_310D	seg034_310D_2AB	2AB	A8	door_part_	confirmed	3	3
seg034_310D	StoreObjectPositionsInArray_seg034_310D_353	353	A4	set_sds_	size only	1	1
seg034_310D	seg034_310D_3F7	3F7	39	set_osum_	size only	1	1
seg034_310D	seg034_310D_430	430	35	clear_objsort_	size only	1	1
seg034_310D	RenderObjectList_seg034_310D_465	465	583	do_objsort_	confirmed	11	11
seg035_31AB	LikelyMouseMove_seg035_31AB_8	8	4E	player_mous_move_	anchor	4	4
seg035_31AB	MoveInDirectionEvent_seg035_31AB_56	56	1A0	parse_playin_	anchor	4	4
seg035_31AB	ProcessMotionInputs_seg035_31AB_1F6	1F6	15A	do_player_keyboard_	anchor	2	2
seg035_31AB	EasyMoveTurnEvent_seg035_31AB_350	350	D2	player_simple_move_	anchor	5	5
seg035_31AB	ClockUpdate_seg035_31AB_422	422	112	check_physics_	anchor	2	2
seg035_31AB	GameObjectLoop_seg035_31AB_534	534	B7	move_physics_	anchor	8	8
seg035_31AB	RunPlayerMotions_seg035_31AB_5EB	5EB	40	finish_player_	anchor	2	2
seg035_31AB	PlayerMotion_seg035_31AB_62B	62B	10F	move_player_	anchor	6	6
seg035_31AB	SurfaceFootsteps_seg035_31AB_73A	73A	22D	make_noise_	anchor	3	3
seg035_31AB	ApplyPlayerSneakScore_seg035_31AB_967	967	A5	set_sound_	anchor	1	1
seg035_31AB	WalkOnSurfaceTypes_seg035_31AB_A0C	A0C	297	parse_effect_	anchor	6	6
seg035_31AB	SetScreenShake_seg035_31AB_CA3	CA3	3C	set_effect_	anchor	6	6
seg035_31AB	PositionCameraAtObject_seg035_31AB_CDF	CDF	310	get_eye_	anchor	1	1
seg036_32A9	GetTile_seg036_32A9_F	F	35	Map_GetAddr_	anchor	91	92
seg036_32A9	PrepareNewObject_seg036_32A9_44	44	12F	CreateObj_	anchor	27	27
seg037_32C0	seg037_32C0_3	3	A4	set_flask_	anchor	4	4
seg037_32C0	seg037_32C0_A7	A7	5C	set_compass_	anchor	2	2
seg037_32C0	ResetUIElements_seg037_32C0_103	103	49	reset_scrgr_	anchor	1	1
seg037_32C0	DrawHUD_seg037_32C0_14C	14C	15A	init_scrgr_	anchor	6	6
seg037_32C0	ChangePanelMode_seg037_32C0_2A6	2A6	18	hold_scrgr_	anchor	1	1
seg037_32C0	seg037_32C0_2BE	2BE	A	free_scrgr_	anchor	1	1
seg037_32C0	UpdateUIAnim_seg037_32C0_2C8	2C8	141	set_screen_frame_	anchor	12	12
seg037_32C0	MaybeUIUdates_seg037_32C0_409	409	174	update_screen_	anchor	0	0
seg037_32C0	ProbablyDrawFlask_seg037_32C0_57D	57D	333	adjust_flasks_	size only	1	1
seg037_32C0	seg037_32C0_8B0	8B0	95	adjust_compass_	size only	0	0
seg037_32C0	seg037_32C0_945	945	C1	adjust_power_	size only	0	0
seg037_32C0	seg037_32C0_A06	A06	49	adjust_panel_	confirmed	2	2
seg037_32C0	ProbablyDrawEyes_seg037_32C0_A4F	A4F	BF	adjust_eyes_	size only	0	0
seg037_32C0	seg037_32C0_B0E	B0E	58	adr_weapon_	size only	0	0
seg037_32C0	seg037_32C0_B66	B66	29	move_weapon_	size only	0	0
seg037_32C0	seg037_32C0_B8F	B8F	25	load_weapon_	size only	1	1
seg037_32C0	LoadWeapDat_seg037_32C0_BB4	BB4	1FC	do_weapload_	confirmed	2	2
seg037_32C0	seg037_32C0_DB0	DB0	5C	jiggle_weapon_	size only	1	1
seg037_32C0	ProbablyDrawOrAnimateWeapon_seg037_32C0_E0C	E0C	1DF	adjust_weapon_	confirmed	3	3
seg037_32C0	LoadWeapCM_seg037_32C0_FEB	FEB	AD	load_weapcm_	anchor	3	3
seg037_32C0	DisplaySelectedRunes_seg037_32C0_1098	1098	A9	set_runes_	anchor	3	3
seg037_32C0	ProbablyLoadSpellIconArt_seg037_32C0_1141	1141	B6	active_spells_	size only	1	1
seg037_32C0	seg037_32C0_11F7	11F7	F4	init_panelflip_	confirmed	4	4
seg037_32C0	seg037_32C0_12EB	12EB	5			0	0
seg037_32C0	RedrawPanel_seg037_32C0_12F0	12F0	7B	pretty_panelagain_	anchor	6	6
seg037_32C0	seg037_32C0_136B	136B	191	do_panel_frame_	confirmed	3	4
seg037_32C0	seg037_32C0_14FC	14FC	22	restore_sliding_panel_	confirmed	2	2
seg037_32C0	seg037_32C0_151E	151E	49	get_wfr_	anchor	3	3
seg037_32C0	seg037_32C0_1567	1567	143	do_fbuf_bms_	anchor	6	6
seg037_32C0	seg037_32C0_16AA	16AA	15	send_FB_	anchor	7	8
seg037_32C0	ReturnFar_seg037_32C0_16BF	16BF	5	player_look_shaft_	anchor	1	1
seg037_32C0	seg037_32C0_16C4	16C4	5			0	0
seg038_342C	SkillCheck_seg038_342C_9	9	3C	skill_check_	anchor	20	20
seg038_342C	Experience_seg038_342C_45	45	1BC	player_get_exp_	anchor	11	11
seg038_342C	RefreshPanels_seg038_342C_201	201	63	panel_check_hpmp_	anchor	11	13
seg039_3452	BeginLoadStringsPak_seg039_4	4	80	init_strings_	anchor	2	2
seg039_3452	seg039_3452_84	84	A	free_strings_	anchor	1	1
seg039_3452	GetStringByID_seg039_3452_8E	8E	89	get_string_	anchor	44	48
seg039_3452	CreateAGameString_seg039_3452_117	117	104	make_string_	anchor	1	3
seg039_3452	seg039_3452_21B	21B	7B	replace_string_	size only	0	0
seg039_3452	seg039_3452_296	296	91	clear_dynamics_	size only	0	0
seg039_3452	AppendItemName_seg039_3452_327	327	C6	get_name_	anchor	22	22
seg039_3452	SplitObjectNames_seg039_3452_3ED	3ED	B7	fix_name_string_	anchor	3	4
seg039_3452	PrintStringFromBlock1_seg039_3452_4A4	4A4	29	game_sprint_	anchor	76	79
seg039_3452	PrintMultipleStrings_seg039_3452_4CD	4CD	7A	game_strings_3_	confirmed	4	4
seg039_3452	LoadFileStringsPak_seg039_547	547	9A			0	0
seg039_3452	seg039_3452_5E1	5E1	20			0	0
seg039_3452	GetString_seg039_3452_601	601	180	read_string_	size only	1	1
seg039_3452	seg039_3452_781	781	31			0	0
seg039_3452	seg039_3452_7B2	7B2	62			0	0
seg039_3452	ToUpper_seg039_3452_814	814	43			0	0
seg039_3452	seg039_3452_857	857	43			0	0
seg039_3452	seg039_3452_89A	89A	71			0	0
seg039_3452	AppendString_seg039_3452_90B	90B	54			0	0
seg040_34E7	ObjectUse_seg040_34E7_F	F	374	UseObj_	anchor	24	24
seg040_34E7	RemoveUsedObject_seg040_34E7_383	383	131	using_punt_	anchor	17	17
seg040_34E7	CreateObjectInHand_seg040_34E7_4B4	4B4	60	place_new_	anchor	3	3
seg040_34E7	KeyLockpickUsage_seg040_34E7_514	514	46	UseKey_	anchor	2	2
seg040_34E7	UseObjectWithPrompt_seg040_35E7_55A	55A	95	UseThing_	anchor	7	7
seg040_34E7	WandUsage_seg040_34E7_5EF	5EF	EF	UseWand_	anchor	7	7
seg040_34E7	PotionDrink_seg040_34E7_6DE	6DE	42	UseReag_	anchor	1	1
seg040_34E7	ToggleSwitch_seg040_34E7_720	720	8F	flip_switch_	anchor	5	5
seg040_34E7	CharacterDoorLockAndKeyInteraction_seg040_34E7_7AF	7AF	1E9	checkLock_	anchor	13	13
seg040_34E7	CastSpellFromObject_seg040_34E7_998	998	FD	checkSpell_	anchor	9	9
seg040_34E7	TriggerObjectLink_seg040_34E7_A95	A95	1A3	checkTrap_	anchor	18	18
seg040_34E7	ReleaseSpell_seg040_34E7_C38	C38	31	BlastFunction_	anchor	3	3
seg040_34E7	GetItemEnchantment_seg040_34E7_C69	C69	175	decode_obj_spell_	anchor	10	10
seg040_34E7	ClearsEnchantmentFlag_seg040_34E7_DDE	DDE	33	remove_spell_	anchor	1	1
seg040_34E7	MagicObjectUpdateCharge_seg040_34E7_E11	E11	F2	useNSpellCharges_	anchor	6	6
seg041_35D7	ChangesLookupDown_seg041_35D7_3	3	4B	mvcheck_	anchor	2	2
seg041_35D7	GetCoordinateInDirection_seg041_35D7_4E	4E	9B	move_along_	anchor	10	10
seg041_35D7	seg041_35D7_E9	E9	36			0	0
seg041_35D7	DiceRoll_seg041_35D7_11F	11F	47	rollem_	anchor	14	14
seg042_35ED	EMM_seg042_35ED_6	6	95	init_mem_	anchor	2	4
seg042_35ED	seg042_35ED_9B	9B	A	free_mem_	anchor	2	2
seg042_35ED	seg042_35ED_A5	A5	86	mem_setup_	size only	1	1
seg042_35ED	seg042_35ED_12B	12B	26			0	0
seg042_35ED	AllocateMemory_seg042_35ED_151	151	25			0	0
seg042_35ED	seg042_35ED_176	176	68	get_workspace_	anchor	12	12
seg042_35ED	seg042_35ED_1DE	1DE	55	set_workspace_	anchor	25	25
seg042_35ED	seg042_35ED_233	233	90	release_workspace_	anchor	11	11
seg043_3619	seg043_3619_3	3	1F	set_mouse_in_	anchor	4	4
seg043_3619	seg043_3619_22	22	16	do_main_scroll_	anchor	2	2
seg043_3619	seg043_3619_38	38	16	do_npc_scroll_	anchor	5	5
seg043_3619	seg043_3619_4E	4E	16	do_play_scroll_	anchor	8	8
seg043_3619	seg043_3619_64	64	54	draw_edges_	anchor	4	4
seg043_3619	seg043_3619_B8	B8	67	draw_conv_edges_	anchor	3	3
seg043_3619	seg043_3619_11F	11F	81	scroll_up_	anchor	4	4
seg043_3619	WriteTextToMessageScroll_seg043_3619_1A0	1A0	130	scroll_print_	anchor	58	59
seg043_3619	RelatedToWritingToMessageScrollseg043_3619_2D0	2D0	52	scroll_print1_	anchor	2	2
seg043_3619	seg043_3619_322	322	53	scroll_print2_	anchor	2	2
seg043_3619	WriteTextToMessageScroll_seg043_3619_375	375	18A	scroll_print3_	anchor	6	6
seg043_3619	seg043_3619_4FF	4FF	119	scroll_wrap_	anchor	2	2
seg043_3619	seg043_3619_618	618	149	draw_scroll_	anchor	1	1
seg044_368F	RemoveCompletedAnimo_seg044_368F_1	1	7E	rem_anim_from_map_	anchor	5	5
seg044_368F	RemoveTheAnimationOverlay_seg044_368F_7F	7F	6B	rem_anim_from_list_	anchor	2	2
seg044_368F	EndDoorAnimation_seg044_368F_EA	EA	2A8	toast_animobj_	anchor	8	8
seg044_368F	seg044_368F_392	392	3C			0	0
seg044_368F	MoveAnimationOverlayLink_seg044_368F_3CE	3CE	70	Change_AnimPtr_	anchor	3	3
seg044_368F	AddAnimationOverlay_seg044_368F_43E	43E	11E	add_animobj_	anchor	13	13
seg044_368F	AnimoUpdate_seg044_368F_55C	55C	1BD	do_animobj_	anchor	4	4
seg044_368F	LoopAnimationOverlaysAndTimers_seg044_368F_719	719	1D1	update_animobj_	anchor	11	11
seg044_368F	SpawnMultipleAnimoObjectCopies_seg044_8EA	8EA	1CA	fireball_effect_	anchor	12	12
seg044_368F	DetonateProjectile_seg044_368F_AB4	AB4	D9	mts_doanim_	anchor	5	5
seg044_368F	SpawnClass7_ObjectAtTarget_seg044_368F_B8D	B8D	156	put_effect_	anchor	21	21
seg044_368F	CreateAnimoForSrcObject_seg044_368F_CE3	CE3	127			0	0
seg044_368F	GetAnimationOverlayIndex_seg044_368F_E0A	E0A	4C	find_anim_	anchor	4	4
seg044_368F	GetDoorAnimationDuration_seg044_368F_E56	E56	2C	get_animlen_	anchor	3	3
seg044_368F	seg044_368F_E82	E82	28	set_animlen_	anchor	2	2
seg044_368F	MovingDoor_seg044_368F_EAA	EAA	1EA	check_door_	anchor	6	6
seg044_368F	MoveObjectIndexInArrayToNewPositionTimerRelated_seg044_1094	1094	42	rem_timer_obj_	anchor	2	2
seg045_379C	seg045_379C_6	6	B1			0	0
seg045_379C	seg045_379C_B7	B7	14			0	0
seg045_379C	seg045_379C_CB	CB	B			0	0
seg045_379C	seg045_379C_D6	D6	F			0	0
seg045_379C	seg045_379C_E5	E5	F6			0	0
seg045_379C	seg045_379C_1DB	1DB	38			0	0
seg045_379C	seg045_379C_213	213	102			0	0
seg046_37CD	seg046_37CD_10	10	125			0	0
seg046_37CD	seg046_37CD_135	135	73			0	0
seg046_37CD	seg046_37CD_1A8	1A8	C			0	0
seg046_37CD	seg046_37CD_1B4	1B4	40			0	0
seg046_37CD	seg046_37CD_1F4	1F4	5D			0	0
seg046_37CD	seg046_37CD_251	251	26			0	0
seg046_37CD	ReadCXFileBytes_seg046_277	277	10			0	0
seg046_37CD	seg046_37CD_287	287	80			0	0
seg046_37CD	seg046_37CD_307	307	CD			0	0
seg046_37CD	ReadFromFilePosition_seg046_37CD_3D4	3D4	39			0	0
seg046_37CD	seg046_37CD_40D	40D	45			0	0
seg046_37CD	seg046_37CD_452	452	8E			0	0
seg046_37CD	Interrupt_3F_seg046_37CD_4E0	4E0	66			0	0
seg046_37CD	seg046_37CD_546	546	4A			0	0
seg046_37CD	seg046_37CD_590	590	7B			0	0
seg046_37CD	seg046_37CD_60B	60B	18			0	0
seg046_37CD	seg046_37CD_623	623	3B			0	0
seg046_37CD	seg046_37CD_65E	65E	21	animobj_load_	size only	0	0
seg046_37CD	seg046_37CD_67F	67F	1E			0	0
seg046_37CD	seg046_37CD_69D	69D	33			0	0
seg046_37CD	seg046_37CD_6D0	6D0	51			0	0
seg046_37CD	seg046_37CD_721	721	1E			0	0
seg046_37CD	seg046_37CD_73F	73F	C			0	0
seg046_37CD	seg046_37CD_74B	74B	26			0	0
seg046_37CD	seg046_37CD_771	771	1C	animobj_class_data_	size only	0	0
seg046_37CD	seg046_37CD_78D	78D	C			0	0
seg046_37CD	seg046_37CD_799	799	18			0	0
seg046_37CD	seg046_37CD_7B1	7B1	36			0	0
seg046_37CD	seg046_37CD_7E7	7E7	98			0	0
seg046_37CD	seg046_37CD_87F	87F	58			0	0
seg046_37CD	seg046_37CD_8D7	8D7	2E4			0	0
seg046_37CD	seg046_37CD_BBB	BBB	53			0	0
seg046_37CD	seg046_37CD_C0E	C0E	C			0	0
seg046_37CD	seg046_37CD_C1A	C1A	A7			0	0
seg046_37CD	seg046_37CD_CC1	CC1	2F			0	0
seg046_37CD	seg046_37CD_CF0	CF0	1			0	0
seg046_37CD	nullsub_7	7	D72			0	0
seg046_37CD	EMMXXXX_seg046_37CD_D79	D79	B2	arc_read_tables_	size only	0	0
seg046_37CD	seg046_37CD_E2B	E2B	8F			0	0
seg046_37CD	seg046_37CD_EBA	EBA	1B0			0	0
seg046_37CD	seg046_37CD_106A	106A	D8	arc_write_tables_	size only	0	0
seg046_37CD	seg046_37CD_1142	1142	54			0	0
seg046_37CD	seg046_37CD_1196	1196	AB			0	0
ovr091	LoadAnimationObjectDat_ovr091_0	0	17			0	0
ovr091	MajorClass7_ovr091_17	17	15			0	0
ovr092	ovr092_0	0	5			0	0
ovr092	ovr092_5	5	E			0	0
ovr092	ovr092_13	13	5			0	0
ovr092	ovr092_18	18	5			0	0
ovr092	ovr092_1D	1D	5			0	0
ovr092	ovr092_22	22	5			0	0
ovr092	ReturnFar_ovr092_27	27	5			0	0
ovr093	SeekToOffset_ovr093_0	0	128			0	0
ovr093	ovr093_128	128	F4			0	0
ovr093	ReadDataBlockHeaderValue_ovr093_21C	21C	52	get_ulong_	confirmed	3	3
ovr093	WriteFourBytesToFileAtLocation_ovr093_26E	26E	4C	put_ulong_	size only	1	1
ovr093	BuildArkDataFileName_ovr093_779D_2BA	2BA	7F	decode_ark_	confirmed	2	2
ovr093	CopyDataToFile_ovr093_339	339	6D	ac_suck_data_	size only	1	1
ovr093	OpenArkFile_ovr093_779D_3A6	3A6	D9	open_arc_	anchor	12	12
ovr093	CloseLevArk_ovr093_779D_47F	47F	32	close_arc_	anchor	13	13
ovr093	WriteDataToARKFile_ovr093_779D_4B1	4B1	782	put_arc_	confirmed	5	6
ovr093	ReadArkFileBlock_ovr093_C33	C33	115	get_arc_	anchor	8	8
ovr093	ReadDataFileBlock_ovr093_D48	D48	74	check_arc_	confirmed	3	3
ovr093	ovr093_DBC	DBC	5	explode_arc_	size only	0	0
ovr093	ovr093_DC1	DC1	6C	count_arc_	size only	0	0
ovr094	ViewAutomap_ovr094_0	0	140	AutoMap_	anchor	13	13
ovr094	UpdateAutomapTiles_ovr094_140	140	161	automap_area_	anchor	3	4
ovr094	SetALTo1_ovr094_2A1	2A1	7			0	0
ovr094	ovr094_2A8	2A8	2B			0	0
ovr094	SaveAutomapToArk_ovr094_2D3	2D3	55	SaveAutoMapLevel_	anchor	5	5
ovr094	LoadAutoMap_ovr094_328	328	77	GetAutoMapLevel_	anchor	8	8
ovr094	ClosingAutomap_ovr094_39F	39F	73	ExitAutoMap_	anchor	11	11
ovr094	ClearAutomap_ovr094_412	412	15	ClearAutoMap_	anchor	2	2
ovr094	ovr094_427	427	142	ShowDungeonMap_	anchor	4	4
ovr094	ovr094_569	569	F8	ShadeSide_	anchor	2	2
ovr094	ovr094_661	661	6C	PixelDarken_	anchor	4	5
ovr094	PossiblyDrawAutomap_ovr094_6CD	6CD	20D	DoTile_	anchor	3	4
ovr094	ovr094_8DA	8DA	F8	DoDoorTile_	anchor	2	2
ovr094	ovr094_9D2	9D2	47			0	0
ovr094	ovr094_A19	A19	F8	DetermineBetterHit_	anchor	1	1
ovr094	ovr094_B11	B11	CE	true_gem_region_	anchor	2	2
ovr094	AutomapRelated_ovr094_BDF	BDF	568	ManageDungeonMap_	anchor	16	17
ovr094	WriteMapNotesToScreen_ovr094_1147	1147	BA	RedisplayStrings_	anchor	3	3
ovr094	MoveMapNotes_ovr094_1201	1201	C5	SaveTheWords_	anchor	5	5
ovr094	LoadMapNotesData_ovr094_12C6	12C6	51	GetTheWords_	anchor	5	5
ovr094	ovr094_1317	1317	62	show_a_part_	anchor	2	2
ovr094	ovr094_1379	1379	82	show_gem_parts_	anchor	2	2
ovr094	DisplayAutomapText_ovr094_13FB	13FB	160	ShowAutoMapLevel_	anchor	15	16
ovr094	ovr094_155B	155B	33	ChangeAutoMapLevel_	anchor	5	5
ovr094	ChangeThemeToBrittania_ovr094_158E	158E	A	automap_scr_	anchor	1	1
ovr094	GetMapPieceSegmentNo_ovr094_1598	1598	8A	map_section_	anchor	1	1
ovr094	CopyMapPiece_ovr094_1622	1622	256	update_map_scraps_	anchor	10	10
ovr094	AutoMapTrap_ovr094_1878	1878	56	make_terrain_unseen_	anchor	1	1
ovr095	ovr095_0	0	31	tag_check_	size only	0	0
ovr095	ovr095_31	31	55			0	0
ovr095	MaybeAllocateSpace_ovr095_86	86	198			0	0
ovr095	ovr095_21E	21E	177			0	0
ovr095	ovr095_395	395	2DE			0	0
ovr095	ReadWriteBabGlobsDAT_ovr095_673	673	D1			0	0
ovr095	ReadInBGlobals_ovr095_744	744	9D	bab_malloc_	size only	0	0
ovr095	SaveBGlobals_ovr095_7E1	7E1	94	bab_free_	size only	0	0
ovr095	LoadNPCConversation_ovr095_875	875	1DF			0	0
ovr095	do_input_wait_ovr095_A54	A54	7			0	0
ovr095	Random_ovr095_A5B	A5B	30			0	0
ovr095	Compare_ovr095_A8B	A8B	10A	bab_realloc_	size, calls disagree	0	3
ovr095	Plural_ovr095_B95	B95	46			0	0
ovr095	Contains_ovr095_BDB	BDB	12F	init_babl_	size, calls disagree	0	4
ovr095	Append_ovr095_D0A	D0A	BD	bab_get_globals_	size, calls disagree	0	3
ovr095	Copy_ovr095_DC7	DC7	6F			0	0
ovr095	ovr095_E36	E36	57			0	0
ovr095	Length_ovr095_E8D	E8D	25			0	0
ovr095	Val_ovr095_EB2	EB2	25			0	0
ovr095	ovr095_ED7	ED7	7F	bab_put_globals_	size, calls disagree	0	1
ovr095	ConversationTextVariableReplacement_ovr095_F56	F56	26A	load_script_	size, calls disagree	2	7
ovr095	GetStringReplacementNumberValue_ovr095_11C0	11C0	103			0	0
ovr095	ReadConversationHeader_ovr095_12C3	12C3	1EE			0	0
ovr095	CopyConversationCode_ovr095_14B1	14B1	23	add_to_	size only	0	0
ovr095	ExitConversation_ovr095_14D4	14D4	21			0	0
ovr095	ConversationVM_ovr095_14F5	14F5	3DA	convert_string_	size, calls disagree	0	1
ovr095	OPADD_ovr095_18CF	18CF	39			0	0
ovr095	OPNEG_ovr095_1908	1908	24			0	0
ovr095	OPMUL_ovr095_192C	192C	39			0	0
ovr095	OPSUB_ovr095_1965	1965	39			0	0
ovr095	OPDIV_ovr095_199E	199E	50			0	0
ovr095	OPMOD_ovr095_19EE	19EE	50			0	0
ovr095	OPOR_ovr095_1A3E	1A3E	45			0	0
ovr095	OPAND_ovr095_1A83	1A83	45			0	0
ovr095	TSTGT_ovr095_1AC8	1AC8	42			0	0
ovr095	TSTGE_ovr095_1B0A	1B0A	42			0	0
ovr095	TSTLT_ovr095_1B4C	1B4C	42			0	0
ovr095	TSTLE_ovr095_1B8E	1B8E	42			0	0
ovr095	TSTEQ_ovr095_1BD0	1BD0	42			0	0
ovr095	TSTNE_ovr095_1C12	1C12	42			0	0
ovr095	CALL_ovr095_1C54	1C54	2E			0	0
ovr095	RET_ovr095_1C82	1C82	28			0	0
ovr095	FETCHM_ovr095_1CAA	1CAA	2D			0	0
ovr095	OFFSET_ovr095_1CD7	1CD7	3A			0	0
ovr095	STO_ovr095_1D11	1D11	33			0	0
ovr095	CallImportedFunction_ovr095_1D44	1D44	7D			0	0
ovr095	STRCMP_ovr095_1DC1	1DC1	E1			0	0
ovr095	SAY_OP_ovr095_1EA2	1EA2	A8			0	0
ovr095	RESPOND_OP_ovr095_1F4A	1F4A	A8			0	0
ovr095	ReadConvoMemory_ovr095_1FF2	1FF2	15	getmem_addr_	size only	0	0
ovr095	GetConvoMemoryValue_ovr095_2007	2007	13	getmem_	size, calls disagree	1	4
ovr095	StoreValueOnStack_ovr095_201A	201A	16	babl_setmem_	confirmed	3	3
ovr095	GetValueAtBasePTRPlusArg0_ovr095_2030	2030	16			0	0
ovr095	AddImportedFunction_ovr095_2046	2046	67	bab_fun_	size only	0	0
ovr095	ImportConversationVariable_ovr095_20AD	20AD	9D	bab_var_	anchor	2	2
ovr095	RetrieveConversationVariable_ovr095_214A	214A	75	bab_var_out_	anchor	2	2
ovr095	SomethingWithImportedVariableTypes_ovr095_21BF	21BF	D7	bab_var_clear_	size only	0	0
ovr095	ovr095_2296	2296	5			0	0
ovr096	SetFightingInPit_ovr096_0	0	19	set_me_inarena_	size only	0	0
ovr096	SetBit7InUnk0xA_ovr096_19	19	1F	set_me_loner_	size only	0	0
ovr096	babl_hack_ovr096_38	38	319	babl_hack_	confirmed	6	6
ovr096	CreatePitFighters_ovr096_351	351	21D	place_pitfighter_	anchor	7	7
ovr096	SetSequence_ovr096_56E	56E	46	set_mob_seq_n_frame_	size only	0	0
ovr096	set_sequence_ovr096_5B4	5B4	5C	set_sequence_	size only	1	1
ovr096	x_exp_ovr096_610	610	35	x_exp_	confirmed	2	2
ovr096	teleport_player_ovr096_645	645	4D	teleport_player_	size only	0	0
ovr096	teleport_talker_ovr096_692	692	2A	teleport_talker_	size only	0	0
ovr096	PostConversationTeleport_ovr096_6BC	6BC	6C	do_babl_teleport_	confirmed	4	4
ovr096	SetAttitude_ovr096_728	728	21	set_mob_att_	size only	0	0
ovr096	SetAttitude_ovr096_749	749	3B	set_attitude_	size only	1	1
ovr096	set_race_attitude_ovr096_784	784	177	set_race_attitude_	confirmed	2	2
ovr096	x_skills_ovr096_8FB	8FB	92	x_skills_	confirmed	2	2
ovr096	x_traps_ovr096_98D	98D	47	x_traps_	confirmed	2	2
ovr096	place_object_ovr096_9D4	9D4	1E3	place_object_	confirmed	8	8
ovr096	take_from_npc_inv_ovr096_BB7	BB7	68	take_from_npc_inv_	size only	1	1
ovr096	add_to_npc_inv_ovr096_C1F	C1F	34	add_to_npc_inv_	confirmed	2	2
ovr096	transform_talker_ovr096_C53	C53	51	transform_talker_	size only	1	1
ovr096	remove_talker_ovr096_CA4	CA4	4B	remove_talker_	confirmed	2	2
ovr096	SetQuest_ovr096_CEF	CEF	A3	set_quest_	size only	0	0
ovr096	GetQuest_ovr096_D92	D92	80	get_quest_	size only	0	0
ovr096	x_clock_ovr096_E12	E12	95	x_clock_	size only	0	0
ovr096	Sex_ovr096_EA7	EA7	25	sex_	size only	0	0
ovr096	gronk_door_ovr096_ECC	ECC	102	gronk_door_	confirmed	5	5
ovr096	x_obj_stuff_ovr096_FCE	FCE	2B3	x_obj_stuff_	size only	1	1
ovr096	x_obj_pos_ovr096_1281	1281	1D1	x_obj_pos_	confirmed	2	2
ovr097	setup_to_barter_ovr097_0	0	1AF	setup_to_barter_	confirmed	7	7
ovr097	InitNPCTrade_ovr097_1AF	1AF	234	barter_init_	confirmed	2	3
ovr097	end_barter_ovr097_3E3	3E3	E8	end_barter_	confirmed	6	7
ovr097	ovr097_4CB	4CB	47	play_barter_	confirmed	2	3
ovr097	ovr097_512	512	6F	play_slot_hit_abs_	size only	1	1
ovr097	ovr097_581	581	6F	npc_slot_hit_abs_	size, calls disagree	0	1
ovr097	ovr097_5F0	5F0	6E			0	0
ovr097	ovr097_65E	65E	44			0	0
ovr097	ovr097_6A2	6A2	46	conv_inv_special_	size, calls disagree	1	3
ovr097	LikelySlotInteractionRelated_ovr097_6E8	6E8	389	npc_barter_	confirmed	12	14
ovr097	RedrawTradeSlots_ovr097_A71	A71	20			0	0
ovr097	RedrawTradeSlot_ovr097_A91	A91	1A8			0	0
ovr097	SetObjectInHand_ovr097_C39	C39	A2			0	0
ovr097	ovr097_CDB	CDB	55			0	0
ovr097	ObjectCombineToSlot_ovr097_D30	D30	153			0	0
ovr097	SomethingWithTradeSlot_ovr097_E83	E83	F3			0	0
ovr097	ReturnTradeObjectsToNPC_ovr097_F76	F76	94			0	0
ovr097	probablyTradeObjects_ovr097_100A	100A	1D5	RedisplayBarterSlots_	confirmed	8	10
ovr097	AreItemsBeingOffered_ovr097_11DF	11DF	33	nothing_there_	confirmed	3	3
ovr097	do_offer_ovr097_1212	1212	1AB	do_offer_	confirmed	4	5
ovr097	do_demand_ovr097_13BD	13BD	291	do_demand_	anchor	6	6
ovr097	do_decline_ovr097_164E	164E	D	do_decline_	size only	0	0
ovr097	do_judgement_ovr097_165B	165B	170	do_judgement_	size only	1	1
ovr097	GetTotalValueOfOffering_ovr097_17CB	17CB	6A			0	0
ovr097	GetTrueValueofItemToNPC_ovr097_1835	1835	125	assess_value_	confirmed	4	4
ovr097	GetValueOffsetByRandomRange_ovr097_195A	195A	3E	range_	confirmed	2	2
ovr097	GetSelectedPlayerTradeItems_ovr097_1998	1998	63	player_barter_items_	size only	1	1
ovr097	GiveObjectToNPC_ovr097_19FB	19FB	13B	npc_inv_add_	confirmed	5	5
ovr097	RemoveObjectAndGiveToNPC_ovr097_1B36	1B36	68	player_barter_give_	confirmed	7	8
ovr097	Find_INV_ovr097_1B9E	1B9E	B4	npc_barter_find_	confirmed	4	4
ovr097	TakeFromNPC_ovr097_1C52	1C52	191	npc_barter_give_	confirmed	10	10
ovr097	take_id_from_npc_ovr097_1DE3	1DE3	155	npc_barter_give_id_	confirmed	9	9
ovr097	Do_Inv_Create_ovr097_1F38	1F38	63	npc_inv_create_	confirmed	4	4
ovr097	do_inv_delete_ovr097_1F9B	1F9B	71	npc_inv_delete_	confirmed	2	2
ovr097	set_likes_dislikes_ovr097_200C	200C	32	npc_likes_dislikes_	size only	0	0
ovr097	EvalLikeDislike_ovr097_203E	203E	10A	does_npc_like_	confirmed	3	3
ovr097	give_all_stuff_ovr097_2148	2148	4E	give_all_stuff_	size only	1	1
ovr099	ovr099_0	0	5	free_browse_	size only	0	0
ovr099	ovr099_5	5	5	init_browse_	size only	0	0
ovr099	ovr099_A	A	8	place_browse_	size only	0	0
ovr099	ovr099_12	12	5	browse_chain_	size only	0	0
ovr099	ovr099_17	17	5	browse_hide_	size only	0	0
ovr099	REFT_ovr099_1C	1C	5	browse_redisplay_	size only	0	0
ovr099	ovr099_21	21	5	browse_show_	size only	0	0
ovr101	InitialisePlayer_ovr101_0	0	291	init_char_	anchor	5	6
ovr101	GetSkillChoices_ovr101_291	291	EF	set_sklmnu_	anchor	1	1
ovr101	StatsScreen_ovr101_380	380	150	show_atts_	anchor	1	1
ovr101	ChargenPrintCurrentStatSkills_ovr101_4D0	4D0	BE	show_skills_	anchor	2	2
ovr101	RollSkills_ovr101_58E	58E	2D	set_skills_	anchor	2	2
ovr101	CharGenInitClassSkills_ovr101_5BB	5BB	D9	roll_stats_	anchor	2	2
ovr101	PrintChargenOptions_ovr101_694	694	2EF	drawopt_	anchor	3	3
ovr101	MaybePrintChargenQuestion_ovr101_983	983	22C	selopt_	anchor	7	7
ovr101	ovr101_BAF	BAF	195	mousopt_	anchor	6	6
ovr101	LikelyChargenChoice_ovr101_D44	D44	334	pickopt_	anchor	5	8
ovr101	CharGen_ovr101_1078	1078	54B	gen_char_	anchor	13	13
ovr101	MaybeAnImageDraw_ovr101_15C3	15C3	22	adr_chrpic_	anchor	0	0
ovr101	MaybeAnImageUnpack_ovr101_15E5	15E5	3F	move_chrpic_	anchor	0	0
ovr101	StartNewGame_ovr101_1624	1624	289	strt_chargen_	anchor	13	13
ovr101	ovr101_18AD	18AD	1E	create_player_	anchor	3	3
ovr101	ovr101_18CB	18CB	1E	init_combinables_	size, calls disagree	0	1
ovr102	LoadCMB_DAT_ovr102_0	0	16			0	0
ovr102	FindObjectCombination_ovr102_16	16	F0	ObjsBeCombinable_	anchor	1	1
ovr102	CreateObjectCombinationOutput_ovr102_106	106	1F	CombineObjs_	anchor	2	2
ovr102	CanDoObjectCombination_ovr102_125	125	39	RemoveAfterCombine_	anchor	1	1
ovr102	SetsALtoZero_ovr102_15E	15E	7	make_stew_	anchor	1	1
ovr103	TalkTo_ovr103_0	0	1A5	TalkTo_	confirmed	10	10
ovr103	ovr103_1A5	1A5	22	adr_convpic_	size only	0	0
ovr103	Load8BitUncompressedImage_ovr103_1C7	1C7	29	move_convpic_	size only	0	0
ovr103	BeginConversation_ovr103_1F0	1F0	2D8	strt_converse_	confirmed	18	18
ovr103	EndConversationMode_ovr103_4C8	4C8	6F	free_converse_	confirmed	8	8
ovr103	ovr103_537	537	5	do_escape_key_	size only	0	0
ovr103	InitConversation_ovr103_53C	53C	40E	Converse_	anchor	7	8
ovr103	ovr103_94A	94A	C9			0	0
ovr103	babl_menu_ovr103_A13	A13	1DF			0	0
ovr103	babl_fmenu_ovr103_BF2	BF2	224	converse_event_loop_	confirmed	4	5
ovr103	SelectConverstionOptionNo_ovr103_E16	E16	EF	conv_play_menu_	confirmed	5	5
ovr103	Say_ovr103_F05	F05	67	npc_say_	confirmed	6	6
ovr103	Respond_ovr103_F6C	F6C	53	play_respond_	confirmed	3	3
ovr103	MaybePrintConversationText_ovr103_FBF	FBF	67	play_say_	confirmed	5	5
ovr103	print_ovr103_1026	1026	B7	conv_print_	confirmed	5	6
ovr103	pause_ovr103_10DD	10DD	3A			0	0
ovr103	babl_ask_ovr103_1117	1117	8E			0	0
ovr103	show_inv_ovr103_11A5	11A5	87	conv_check_inv_	size only	1	1
ovr103	find_barter_ovr103_122C	122C	AE	find_barter_	size only	0	0
ovr103	find_barter_total_ovr103_12DA	12DA	14B	find_barter_total_	confirmed	2	2
ovr103	give_to_npc_ovr103_1425	1425	ED	conv_give_inv_	size only	1	1
ovr103	give_ptr_npc_ovr103_1512	1512	190	give_ptr_npc_	confirmed	4	4
ovr103	do_inv_delete_ovr103_16A2	16A2	1B	conv_inv_delete_	size only	0	0
ovr103	find_inv_ovr103_16BD	16BD	2B	conv_find_inv_	size only	1	1
ovr103	take_from_npc_ovr103_16E8	16E8	1B	conv_take_inv_	size only	1	1
ovr103	take_id_from_npc_ovr103_1703	1703	1B	conv_take_inv_id_	size only	1	1
ovr103	do_inv_create_ovr103_171E	171E	1B	conv_inv_create_	size only	1	1
ovr103	identify_inv_ovr103_1739	1739	1F2	conv_inv_name_	confirmed	6	6
ovr103	count_inv_ovr103_192B	192B	5C	count_inv_	size only	1	1
ovr103	check_inv_quality_ovr103_1987	1987	36	check_inv_quality_	size only	1	1
ovr103	set_inv_quality_ovr103_19BD	19BD	4B	set_inv_quality_	size only	1	1
ovr103	switch_pic_ovr103_1A08	1A08	1A4	switch_pic_	confirmed	5	5
ovr104	LoadCrittersObjectsDat_ovr104_0	0	17	x_protection_	size only	0	0
ovr104	ovr104_17	17	17	creature_init_	size only	0	0
ovr104	GetObjectDatForMajorClass1_ovr104_2E	2E	30	creature_class_data_	size only	0	0
ovr104	InitCritter_ovr104_5E	5E	15	creature_obj_init_	anchor	3	3
ovr104	InitialiseCritterValues_ovr104_73	73	226	init_this_critter_	anchor	3	3
ovr106	ImportConversationVariables_ovr106_0	0	48F	setup_converse_data_	anchor	2	2
ovr106	RetrieveImportedVariablesAfterConversation_ovr106_48F	48F	1EC	update_converse_data_	anchor	4	4
ovr107	SetGoalAndGTargForNPC_ovr107_0	0	3E	change_critter_goal_	anchor	6	6
ovr107	SomethingWithUpdatingAllNPCHunger_ovr107_3E	3E	7D	yearly_checkup_	anchor	1	1
ovr107	GetDefaultFreePositionOnTile_ovr107_BB	BB	5A	set_gridx_and_y_based_on_tile_type_	anchor	3	3
ovr107	ReturnNPCsToHomeTile_ovr107_115	115	312	up_crit_	anchor	8	8
ovr107	StopMobileObjects_ovr107_427	427	148	up_mob_	anchor	7	7
ovr107	ResetMobileObjectsAndNPCs_ovr107_56F	56F	148	update_all_critters_whilst_player_snoozes_	anchor	5	5
ovr107	TestForNPCHostileAndAwareOfPlayer_ovr107_6B7	6B7	84	check_for_hostile_creature_	anchor	1	1
ovr107	TestNearbyNPCHunger_ovr107_73B	73B	2B	hostile_creatures_near_	anchor	2	2
ovr107	NPCFindsSleepingPlayer_ovr107_766	766	454	wander_that_monster_	anchor	11	11
ovr107	MoveNPCToTile_ovr107_BBA	BBA	201	teleport_critter_	anchor	14	14
ovr107	NPCSHuntForSleepingPlayer_ovr107_DBB	DBB	2B	wandering_monster_check_	anchor	2	2
ovr107	LoadCombatState_ovr107_DE6	DE6	34	set_creatures_from_saved_game_	anchor	0	0
ovr107	SaveRecentCombatAction_ovr107_E1A	E1A	44	set_creatures_to_saved_game_	anchor	1	1
ovr107	ClearBitOnAllObjects_ovr107_E5E	E5E	3A	clear_paths_	anchor	2	2
ovr107	ResetLastDamagedCharacter_ovr107_E98	E98	13	init_level_creature_stuff_	anchor	3	3
ovr107	AngerNPCByIllegalAction_ovr107_EAB	EAB	218	critter_get_told_	anchor	4	4
ovr107	ClearOwnerShip_ovr107_10C3	10C3	2D	clear_owner_	anchor	0	0
ovr107	FlagTheftToObjectOwner_ovr107_10F0	10F0	BA	player_grabbed_	anchor	3	3
ovr107	HackTrapMovePitWarriors_ovr107_11AA	11AA	2D	maybe_cheat_arena_fire_	anchor	3	3
ovr107	HackTrapMovePitWarriors_ovr107_11D7	11D7	126	maybe_rescue_guy_from_fire_	anchor	5	5
ovr107	DefeatLivingPitWarrior_ovr107_12FD	12FD	42	arena_opponent_runs_	anchor	1	1
ovr107	RunCastleSchedule_ovr107_133F	133F	CA	maybe_go_hang_out_	anchor	3	3
ovr107	CastleNPC_Schedule_ovr107_1409	1409	224	where_shall_we_hang_out_	anchor	1	1
ovr108	PlayCutsceneAudio_ovr108_0	0	32F	big_speech_play_	size, calls disagree	1	6
ovr108	ovr108_32F	32F	279	update_big_speech_	size, calls disagree	3	6
ovr108	ovr108_5A8	5A8	4F	speech_over_	confirmed	2	3
ovr108	ovr108_5F7	5F7	1C	cutoff_cutscene_speech_	confirmed	4	5
ovr108	ovr108_613	613	10	get_cuts_ems_	size only	1	1
ovr108	ovr108_623	623	44	set_cuts_ems_	confirmed	2	2
ovr108	ovr108_667	667	A	free_cuts_ems_	size, calls disagree	0	1
ovr108	ovr108_671	671	3C			0	0
ovr108	ProbablyReadDescriptors_ovr108_6AD	6AD	A4	build_lptab_	size only	1	1
ovr108	ReadCutsN0XData_ovr108_751	751	6E	read_anmhdr_	size only	1	1
ovr108	ProbablyReadCutsImageData_ovr108_7BF	7BF	5A	readlp_	size only	1	1
ovr108	ovr108_819	819	AF	readlpinc_	size only	1	1
ovr108	ReadCutsN0XPaletteData_ovr108_8C8	8C8	6C	conv_anmpal_	size only	1	1
ovr108	ovr108_934	934	CA	anm_cycle_	confirmed	2	3
ovr108	Cutscene_27_UNK_ovr108_9FE	9FE	57	cutsop_wait_for_sound_	confirmed	3	3
ovr108	ovr108_A55	A55	71	cuts_perform_fadein_	confirmed	2	2
ovr108	ovr108_AC6	AC6	54	cuts_perform_fadeout_	confirmed	2	2
ovr108	FadeInRelated_ovr108_B1A	B1A	53	cuts_do_fadein_	confirmed	3	3
ovr108	FadingRelated_ovr108_B6D	B6D	21	cuts_do_fadeout_	confirmed	2	2
ovr108	ovr108_B8E	B8E	5B	do_pan_	size only	1	1
ovr108	Cutscene_NOP_ovr108_BE9	BE9	8			0	0
ovr108	Cutscene_24_Unk_ovr108_BF1	BF1	21	cutsop_splity_	size only	0	0
ovr108	Cutscene_Music_ovr108_C12	C12	26	cutsop_music_	size only	1	1
ovr108	CutsceneDisplayString_ovr108_C38	C38	215	cutsop_txt_	confirmed	2	2
ovr108	Cutscene_1_ClearFlag_ovr108_E4D	E4D	F	cutsop_erase_	size only	0	0
ovr108	CutsceneNOP_ovr108_E5C	E5C	8	cutsop_func_	size only	0	0
ovr108	Cutscene_3_Pause_ovr108_E64	E64	2D	cutsop_pause_	size only	0	0
ovr108	Cutscene_14_Wait_ovr108_E91	E91	47	cutsop_wait_	size only	0	0
ovr108	Cutscene4_PlayToFrame_ovr108_ED8	ED8	41	cutsop_skip_	size only	0	0
ovr108	Cutscene5_UNK_ovr108_F19	F19	E	cutsop_next_	size only	0	0
ovr108	Cutscene_End_ovr108_F27	F27	14	cutsop_end_	size only	0	0
ovr108	Cutscene_RepeatSeg_ovr108_F3B	F3B	2E	cutsop_loop_	size only	0	0
ovr108	Cutscene_ChangeFile_ovr108_F69	F69	71	cutsop_data_	size only	0	0
ovr108	CutsceneTextAndSound_ovr108_FDA	FDA	72	cutsop_say_	confirmed	2	2
ovr108	Cutscene_FadeOut_ovr108_104C	104C	34	cutsop_fadeout_	size only	1	1
ovr108	Cutscene_FadeIn_ovr108_1080	1080	34	cutsop_fadein_	size only	1	1
ovr108	Cutscene_11_Unk_ovr108_10B4	10B4	39	cutsop_jump_	size only	0	0
ovr108	Cutscene_12_Unknown_ovr108_10ED	10ED	1E	cutsop_punt_	size only	0	0
ovr108	Cutscene_KLANG_ovr108_110B	110B	7			0	0
ovr108	Cutscene_16_Unk_ovr108_1112	1112	53	cutsop_palrange_	size only	0	0
ovr108	Cutscene_17_Unk_ovr108_1165	1165	BC	cutsop_palfade_	size only	1	1
ovr108	Cutscene_18_NOP_ovr108_1221	1221	8	cutsop_palset_	size only	0	0
ovr108	Cutscene_19_Unk_ovr108_1229	1229	AA	cutsop_palsimplefade_	confirmed	2	2
ovr108	Cutscene_20_Unk_ovr108_12D3	12D3	64	cutsop_vscreen_	size only	0	0
ovr108	Cutscene_21_Unk_ovr108_1337	1337	3E	cutsop_focus_	size only	0	0
ovr108	Cutscene_22_CutsceneBitmap_ovr108_1375	1375	1E	cutsop_lback_	size only	1	1
ovr108	Cutscene_23_Unk_ovr108_1393	1393	3A	cutsop_pan_	size only	0	0
ovr108	ovr108_13CD	13CD	9	anm_sound_callback_	size only	1	1
ovr108	ovr108_13D6	13D6	37	anm_sound_	confirmed	3	4
ovr108	SetupCutsceneDataFlags_ovr108_140D	140D	7F	cuts_init_info_	size only	1	1
ovr108	GetCutsceneFileName_ovr108_148C	148C	53	cuts_make_fname_	size only	1	1
ovr108	ovr108_14DF	14DF	9C	gobble_input_events_	confirmed	6	7
ovr108	ProbablyCutsSubtitle_ovr108_157B	157B	B0	cuts_draw_text_	size only	1	1
ovr108	ovr108_162B	162B	68	cuts_run_pause_	size, calls disagree	1	4
ovr108	ovr108_1693	1693	CC	cuts_process_opcodes_	size, calls disagree	1	3
ovr108	ProcessCutsceneFunctions_ovr108_175F	175F	140	draw_rsd_	size, calls disagree	1	2
ovr108	DRAW_RELATED_ovr108_189F	189F	ABA			0	0
ovr108	MaybePlayCutsArtFile_ovr108_2359	2359	522	cuts_process_lp_	confirmed	11	11
ovr108	InitCutsceneFlags_ovr108_287B	287B	4C	reset_inf_values_eof_	size only	1	1
ovr108	PlayCutsceneFile_ovr108_28C7	28C7	2AC	cuts_process_anm_	confirmed	9	10
ovr108	CutsceneDataLoading_ovr108_2B73	2B73	252	show_anm_	confirmed	9	12
ovr108	PlayCutscene_ovr108_2DC5	2DC5	E2	show_cutscene_	anchor	21	22
ovr108	DoesNothing_ovr108_2EA7	2EA7	5	init_cutscene_	size, calls disagree	0	1
ovr108	OpenCutsFile_ovr108_2EAC	2EAC	144	run_timebased_tasks_	size, calls disagree	0	1
ovr108	MaybeRunQueuedCutsCallbackFunctions_ovr108_2FF0	2FF0	158			0	0
ovr108	RunCutsCallbackFunctions_ovr108_3148	3148	19	punt_tasks_	confirmed	2	2
ovr108	RunCutsCallbackFunction_ovr108_3161	3161	30	punt_single_task_	confirmed	2	2
ovr108	RegisterCutsCallbackFunction_ovr108_3191	3191	6F	install_timebased_task_	confirmed	2	2
ovr108	ovr108_3200	3200	41			0	0
ovr108	ovr108_3241	3241	74	task_palfade_	size only	1	1
ovr108	ClearUnknownCutsFunctionPTR_ovr108_32B5	32B5	17	remove_task_	confirmed	2	2
ovr108	ovr108_32CC	32CC	67	palette_fade_	confirmed	2	2
ovr108	ovr108_3333	3333	75			0	0
ovr108	ovr108_33A8	33A8	38			0	0
ovr108	CutsceneBitmap_ovr108_33E0	33E0	240	lback_vscreen_	size only	1	1
ovr108	ovr108_3620	3620	1			0	0
ovr109	ovr109_0	0	31	init_debug_	size, calls disagree	0	1
ovr109	ovr109_31	31	5			0	0
ovr110	TeleportCharToTile_ovr110_0	0	949	find_good_x_and_y_	confirmed	8	8
ovr110	AddTimeToClock_ovr110_949	949	79	pass_time_	anchor	4	4
ovr110	Teleport_ovr110_9C2	9C2	211	do_teleport_	anchor	15	15
ovr110	RaiseZposOfObjectInChangingTile_ovr110_BD3	BD3	135	raise_up_	confirmed	5	5
ovr110	LowerZposOfObjectInChangingTile_ovr110_D08	D08	10B	put_down_	confirmed	5	5
ovr110	WillObjectMoveWithTileHeightChange_ovr110_E13	E13	124	filter_	confirmed	2	2
ovr110	ChangeTile_ovr110_F37	F37	2F6	change_terrain_	confirmed	15	15
ovr110	ChangeFromTrap_ovr110_122D	122D	1EE	do_change_grokking_	confirmed	2	2
ovr110	DamageTrap_ovr110_141B	141B	C0	whack_thing_	confirmed	4	4
ovr110	SpellTrap_ovr110_14DB	14DB	50	inanimate_spell_	anchor	5	5
ovr110	UseFishingPole_ovr110_152B	152B	F7	go_fish_	anchor	4	4
ovr110	SpawnATalkingRotworm_ovr110_1622	1622	B2	talk_to_disembodied_	confirmed	7	7
ovr110	HackTrapTrespass_ovr110_16D4	16D4	51	player_did_bad_	anchor	7	7
ovr110	HackTrapChangeHeight_ovr110_1725	1725	84	eight_pos_switch_	confirmed	3	3
ovr110	HackTrapChangeObjectZPos_ovr110_17A9	17A9	AA	toggle_object_height_	confirmed	3	3
ovr110	SpecialEffects_ovr110_1853	1853	66	do_sfx_	confirmed	5	5
ovr110	RemoveNPC_ovr110_18B9	18B9	47	remove_whoami_	confirmed	2	2
ovr110	PitWarriorLosesFight_ovr110_1900	1900	5C	remove_opponent_	confirmed	2	2
ovr110	SpecialDeathCases_ovr110_195C	195C	8B6	death_check_	confirmed	19	19
ovr110	TalkToDyingNPC_ovr110_2212	2212	6C	stop_and_talk_	confirmed	4	4
ovr110	RunScheduleTriggersInTile_15_29_ovr110_227E	227E	12D	call_out_the_guards_	confirmed	5	5
ovr110	PitArenaRelated_ovr110_23AB	23AB	79	in_arena_	confirmed	2	2
ovr110	GetItemDurability_ovr110_2424	2424	6D	get_rep_diff_	confirmed	2	2
ovr110	RepairItem_ovr110_2491	2491	118	do_repair_	confirmed	3	3
ovr110	ItemRepairLogic_ovr110_25A9	25A9	1F0	repair_item_	anchor	15	15
ovr110	ClearHeadingBit2ovr110_2799	2799	76	clear_loretry_	size only	1	1
ovr110	ClearHeadingBit2FromAllObjects_ovr110_280F	280F	6D	clear_all_loretries_	anchor	3	3
ovr110	ScintillusPlatformsTrap_ovr110_287C	287C	A8	toggle_pillars_hack_	confirmed	3	3
ovr110	HackTrapCastleSchedule_ovr110_2924	2924	99	move_folks_around_	confirmed	2	2
ovr110	GrowMushroomsInBritannia_ovr110_29BD	29BD	1B1	kill_plants_	size only	0	0
ovr110	BritanniaGoesDry_ovr110_2B6E	2B6E	277	courtyard_hacking_	confirmed	9	9
ovr110	HackTrapBlySkupChamber_ovr110_2DE5	2DE5	1BB	skup_ductosnore_	confirmed	6	6
ovr110	HackTrapOscillateTiles_ovr110_2FA0	2FA0	C2	standing_wave_	confirmed	3	3
ovr110	TileTextureCycle_ovr110_3062	3062	C9	cycle_floor_	confirmed	3	3
ovr110	HackTrapGraffiti_ovr110_312B	312B	14E	do_graffiti_	confirmed	4	4
ovr110	HackTrapPlatformReset_ovr110_3279	3279	135	reset_arrow_pillars_	confirmed	4	4
ovr110	HackTrap_ClassItem_ovr110_33AE	33AE	15F	change_weapon_playerbest_	confirmed	2	2
ovr110	HackTrap_ForceField_ovr110_350D	350D	DC	check_fraznium_	confirmed	4	4
ovr110	FindAndUseSwitch_ovr110_35E9	35E9	59	switch_flip_hack_	confirmed	4	4
ovr110	RandomSwitchFlicker_ovr110_3642	3642	44	maybe_flip_a_switch_	size only	1	1
ovr110	FlickSwitchesInTileRandomly_ovr110_3686	3686	73	play_with_switches_	confirmed	5	5
ovr110	RechargeLightSphere_ovr110_36F9	36F9	24	recharge_a_lightbulb_	size only	0	0
ovr110	RechargeLightSpheresInTile_ovr110_371D	371D	AB	recharge_lightbulbs_	confirmed	6	6
ovr110	BottleRecycler_ovr110_37C8	37C8	26	redeem_a_bottle_	size only	0	0
ovr110	HackTrapBottleRecycler_ovr110_37EE	37EE	4C	redeem_all_bottles_	confirmed	4	4
ovr110	ToggleForcefield_ovr110_383A	383A	44	toggle_force_field_	size only	0	0
ovr110	HackTrapForceField_ovr110_387E	387E	2F	find_and_gronk_force_field_	confirmed	4	4
ovr110	SmiteUndead_ovr110_38AD	38AD	B0	destroy_floatskull_	confirmed	6	6
ovr110	PrisonTowerQuest60_ovr110_395D	395D	CB	prison_alarm_check_	anchor	3	3
ovr110	LothIsDeadKillHisLiches_ovr110_3A28	3A28	97	genocide_	confirmed	5	5
ovr110	KillCritter_ovr110_3ABF	3ABF	FD	instant_kill_	confirmed	9	9
ovr110	CheckIfMatchingRace_ovr110_3BBC	3BBC	7E	is_my_race_	confirmed	4	4
ovr110	RemoveBishop_ovr110_3C3A	3C3A	19			0	0
ovr110	TriggerTrapInTile_ovr110_3C53	3C53	87	fire_trigger_at_	anchor	8	8
ovr110	TransformTalker_ovr110_3CDA	3CDA	131	transform_creature_	confirmed	4	4
ovr110	WorldGemTravel_ovr110_3E0B	3E0B	143	black_gem_trip_	confirmed	3	3
ovr110	RotateWorldGem_ovr110_3F4E	3F4E	9B	black_gem_rotate_	size only	1	1
ovr110	QbertTraps_ovr110_3FE9	3FE9	6C6	do_qbert_	confirmed	10	10
ovr110	AvatarIsACowardInThePits_ovr110_46AF	46AF	CC	arena_player_runs_	confirmed	4	4
ovr110	TransformRedPotionToPoison_ovr110_477B	477B	142	morpheus_ruin_potion_	confirmed	7	7
ovr110	HackTrapTransformPotionToPoison_ovr110_48BD	48BD	2F	ruin_cure_potions_	confirmed	4	4
ovr110	FindAcademyWand_ovr110_48EC	48EC	6E	find_TK_wand_check_	confirmed	2	2
ovr110	MoveAcademyWand_ovr110_495A	495A	1E2	remove_TK_wand_	anchor	10	10
ovr110	HackTrapVendingMachine_ovr110_4B3C	4B3C	1ED	go_vend_	confirmed	9	9
ovr110	CollectMoneyInTile_ovr110_4D29	4D29	151	vend_check_gold_	confirmed	5	5
ovr110	StoreReverseObjectLookupResultInVar_ovr110_4E7A	4E7A	1C	gronkify_find_	size only	1	1
ovr110	SendAvatarToJail_ovr110_4E96	4E96	1A8	put_player_in_jail_	anchor	14	14
ovr110	KilhornIsCrashing_ovr110_503E	503E	53	Killorn_just_crashed_	anchor	5	5
ovr112	GameInitialisation_ovr112_0	0	36	main_	anchor	4	5
ovr112	SplashPart1_ovr112_36	36	189	init_world_	anchor	20	24
ovr112	ovr112_1BF	1BF	40	free_world_	anchor	7	8
ovr112	SplashPart2ovr112_1FF	1FF	18	titlescr_	anchor	3	3
ovr112	ovr112_217	217	95	init_edit_	anchor	2	2
ovr112	ovr112_2AC	2AC	F	graceful_exit_	anchor	0	0
ovr112	ovr112_2BB	2BB	B	editexit_	anchor	0	0
ovr112	ResetMap_ovr112_2C6	2C6	19	clearobj_	anchor	4	4
ovr112	SetGameLoopForScreenMode_ovr112_2DF	2DF	3B	change_screen_	anchor	3	3
ovr112	ShowMapAndOtherFullScreenUIs_ovr112_31A	31A	6F	newscr_	anchor	2	2
ovr112	ovr112_389	389	D			0	0
ovr112	ovr112_396	396	B2	strt_demscr_	anchor	8	8
ovr112	MaybeSetupConversationUI_ovr112_448	448	14	free_demscr_	anchor	1	1
ovr112	ResetTimers_ovr112_45C	45C	29	reset_times_	anchor	1	1
ovr112	ResetCharacter_ovr112_485	485	F7	reset_game_	anchor	11	11
ovr112	ReturnToMainMenu_ovr112_57C	57C	DB	real_death_	anchor	9	9
ovr112	ovr112_657	657	A	do_3d_view_	anchor	1	1
ovr112	DivideByZeroError_ovr112_661	661	4F			0	0
ovr112	TeleportToPosition_ovr112_6B0	6B0	189	new_player_pos_	anchor	10	10
ovr112	SomethingWithDataFolders_ovr112_839	839	12F			0	0
ovr112	CopyArkFilesToSaveFolder_ovr112_968	968	26	move_initial_files_	anchor	3	3
ovr113	RunCodeOnRace_ovr113_0	0	9B	gronk_race_	confirmed	4	4
ovr113	RunCodeOnAllNPCS_ovr113_9B	9B	6C	gronk_all_critters_	confirmed	2	2
ovr113	SCD_RunCodeOnObjectsAndNPCS_ovr113_107	107	88	gronk_critid_	confirmed	13	13
ovr113	SetAL_ToZero_ovr113_18F	18F	7	ev_donothing_	size only	0	0
ovr113	SetGoalAndGTargFromArray_ovr113_196	196	24	gronkify_change_goal_	size only	1	1
ovr113	SCDSetGoalAndGTARG_ovr113_1BA	1BA	35	ev_change_goal_	size only	1	1
ovr113	CheckIfInFrontOfPlayer_ovr113_1EF	1EF	AF	player_looking_	anchor	5	5
ovr113	SCDMoveNPCSToTiles_ovr113_29E	29E	10D	gronkify_teleport_	confirmed	3	3
ovr113	SCDRunCodeOnNPCSToMoveTile_ovr113_3AB	3AB	35	ev_teleport_	size only	1	1
ovr113	SCDRemoveObjectFromTile_ovr113_3E0	3E0	53	gronkify_remove_	confirmed	2	2
ovr113	SCDKillCNPC_ovr113_433	433	5B	gronkify_slay_	size only	1	1
ovr113	SCDRunCodeOnNPCAndKill_ovr113_48E	48E	35	ev_kill_	size only	1	1
ovr113	SCDRemoveObjectFromTile_ovr113_4C3	4C3	35	ev_remove_	size only	1	1
ovr113	SCDChangeQuest_ovr113_4F8	4F8	82	ev_set_qbit_	size only	0	0
ovr113	SCDCallTrigger_ovr113_57A	57A	EC	ev_trigger_	confirmed	3	3
ovr113	SCDChangeNPCHeading_ovr113_666	666	46	gronkify_nystul_	size only	0	0
ovr113	SCDChangeHeading_ovr113_6AC	6AC	39	ev_nystul_hack_	size only	1	1
ovr113	SCDMoveNPCToTileRange_ovr113_6E5	6E5	90	gronkify_gotha_	size only	1	1
ovr113	SCDMoveNPCToTileRange_ovr113_775	775	39	ev_gotha_hack_	size only	1	1
ovr113	SCDVariableOperation_ovr113_7AE	7AE	52	gronkify_garg_	size only	1	1
ovr113	SCDRunVariableOperationOnNPCs_ovr113_800	800	39	ev_garg_hack_	size only	1	1
ovr113	SCDMoveNPCToTileRandom_ovr113_839	839	128	gronkify_soldier_	size only	1	1
ovr113	SCDMoveNPCToRandom_ovr113_961	961	3A	ev_soldier_hack_	size only	1	1
ovr113	SCDChangeTile_ovr113_99B	99B	9F	ev_freeze_hack_	confirmed	2	2
ovr113	SCDFindAndCloseDoor_ovr113_A3A	A3A	28	ev_door_hack_	size only	1	1
ovr113	CallNestedSCDCodeJumps_ovr113_A62	A62	2F	ev_hack_	size only	0	0
ovr113	SetAttitude_ovr113_A91	A91	2C	gronkify_attitude_	size only	0	0
ovr113	SCDSetAttitude_ovr113_ABD	ABD	37	ev_attitude_	size only	1	1
ovr113	SCDRunBlockOfEvents_ovr113_AF4	AF4	E4	ev_checkvar_	confirmed	2	2
ovr113	SCDOperationOnQuestOrVariables_ovr113_BD8	BD8	30	ev_trapvar_	size only	1	1
ovr113	ProcessSCDEventRow_ovr113_C08	C08	A1	Sched_DoEvent_	confirmed	2	2
ovr114	ErrorHandler_ovr114_0	0	AB	error_code_	size, calls disagree	1	2
ovr114	MaybeErrorHandler_ovr114_AB	AB	26	first_punt_	confirmed	8	12
ovr114	ErrorCanNoLongerRun_ovr114_D1	D1	8C	pfatal_code_	anchor	15	16
ovr114	ExitWithError_ovr114_15D	15D	3F			0	0
ovr116	SaveScreenshot_ovr116_0	0	149			0	0
ovr116	ovr116_149	149	4B			0	0
ovr116	ovr116_194	194	2F	pfatal_	size only	0	0
ovr116	ovr116_1C3	1C3	E0			0	0
ovr116	ovr116_2A3	2A3	17D			0	0
ovr116	ovr116_420	420	86			0	0
ovr117	LoadCritterAnimations_ovr117_0	0	111	preload_cr_	anchor	2	2
ovr117	ovr117_111	111	52	NightCleanCritPages_	size only	0	0
ovr117	CritterCRxxLoadRelated_ovr117_163	163	123	PreLoadCritPages_	anchor	1	1
ovr117	ovr117_286	286	77	punt_idle_crpage_	size, calls disagree	0	1
ovr117	ovr117_2FD	2FD	B8	grfx_init_	size, calls disagree	0	1
ovr118	ovr118_0	0	34			0	0
ovr118	OpenDataFileByParam_ovr118_772B_34	34	67	grfx_load_font_	size only	1	1
ovr118	OpenFont_ovr118_772BW_9B	9B	38	grfx_quikfont_	anchor	12	18
ovr118	ovr118_D3	D3	F	grfx_close_	size only	1	1
ovr118	ProbablyResetScreen_ovr118_E2	E2	2F	grfx_clear_	anchor	10	10
ovr118	OpenPalsDat_ovr118_772B_111	111	60	read_quikpal_	size only	1	1
ovr118	SetPalette_ovr118_171	171	2E	grfx_quikpal_	anchor	8	8
ovr118	ApplyCutscenePalette_ovr118_19F	19F	2B	grfx_setpal_	confirmed	5	5
ovr118	CopyAPalette_ovr118_1CA	1CA	49	grfx_palrange_	confirmed	2	2
ovr118	ovr118_213	213	11D	fadeout_	size only	1	1
ovr118	ovr118_330	330	FF	fadein_	size only	1	1
ovr118	ovr118_42F	42F	43	out3d_	confirmed	4	4
ovr118	CallSomeFunction_ovr118_472	472	96	in3d_	confirmed	7	7
ovr118	ovr118_508	508	16			0	0
ovr118	ovr118_51E	51E	16			0	0
ovr118	ovr118_534	534	17	fadeout3d_	size only	1	1
ovr118	ovr118_54B	54B	17	fadein3d_	size only	1	1
ovr118	FlashColour_ovr118_562	562	31	fill_FB_	anchor	10	10
ovr118	SwitchCamera_ovr118_593	593	54	cameras_fade_	anchor	4	4
ovr119	ovr119_0	0	89	get_pals_	size only	1	1
ovr119	LoadArtFileData_ovr119_89	89	14C	_ld_open_	confirmed	3	3
ovr119	ovr119_1D5	1D5	10	_ld_close_	confirmed	2	2
ovr119	ReadArtDataToLocation_ovr119_1E5	1E5	BD	_ld_gr_	size only	1	1
ovr119	ImageUnpackFunction_ovr119_2A2	2A2	54	adrnew_ems_	size only	0	0
ovr119	ovr119_2F6	2F6	41	adrold_ems_	size only	0	0
ovr119	ovr119_337	337	40	movenew_ems_	size only	0	0
ovr119	LoadIconsRelated_ovr119_377	377	6F	moveobj_ems_	size only	0	0
ovr119	LoadIconsRelated_ovr119_3E6	3E6	75	move_reload_obj_ems_	size only	0	0
ovr119	ReturnSegment_3EE2_0_ovr119_45B	45B	B	adrnew_vram_	size only	0	0
ovr119	GetArtResourceDST_ovr119_466	466	C	adr_const_	size only	0	0
ovr119	ovr119_472	472	7D	movenew_vram_	size, calls disagree	0	2
ovr119	ProbablyArtUnpackCode_ovr119_4EF	4EF	59	move_vram_	size, calls disagree	0	2
ovr119	LoadArtImage_ovr119_548	548	D5	gronk_gr_	anchor	15	15
ovr119	LoadArtFile_ovr119_61D	61D	2E	load_gr_ems_	confirmed	2	2
ovr119	ovr119_64B	64B	24	load_obj_ems_	confirmed	2	2
ovr119	ovr119_66F	66F	26	reload_obj_ems_	confirmed	2	2
ovr119	LoadTextureFile_ovr119_695	695	16F			0	0
ovr119	LoadArtFile_ovr119_804	804	117	load_tr_ems_	size, calls disagree	2	4
ovr119	LoadGRFile_ovr119_91B	91B	2E	load_gr_video_	confirmed	2	2
ovr119	ovr119_949	949	3D			0	0
ovr119	LoadArtFile_ovr119_986	986	37	reload_gr_vpic_	anchor	5	5
ovr119	LoadPanelsResource_ovr119_9BD	9BD	2B	read_gr_far_	size only	1	1
ovr119	OpenArtFiles_ovr119_9E8	9E8	182	load_all_gr_	confirmed	6	6
ovr119	LoadDoorArt_ovr119_B6A	B6A	57	load_doors_	confirmed	2	2
ovr120	ReadObjectsDat_Part_1_ovr120_0	0	3A	hack_init_	size only	0	0
ovr120	GetObjectDatForMajorClass0_ovr120_3A	3A	53	hack_class_data_	size only	0	0
ovr121	PickupDropWorldorInventory_ovr121_0	0	1A2	DoSpecialActions_	anchor	13	13
ovr121	ChangeFClassToClosedContainer_ovr121_1A2	1A2	4D	MakeBagClose_	anchor	3	3
ovr121	ovr121_1EF	1EF	A4	CloseAllBags_	anchor	3	3
ovr121	ovr121_293	293	C8	FixBagArea_	anchor	6	7
ovr121	ovr121_35B	35B	C9	CloseTheBag_	anchor	6	6
ovr121	MaybeAnInventoryRedraw_ovr121_424	424	B4	DisplayOpenBag_	anchor	14	14
ovr121	UpdateInventorySlots_ovr121_4D8	4D8	1DE	FixOpenBag_	anchor	12	12
ovr121	UseClass2ContainerFromInventory_ovr121_6B6	6B6	3BD	OpenTheBag_	anchor	11	12
ovr121	ovr121_A73	A73	25	ScrollItemsUp_	anchor	3	3
ovr121	ovr121_A98	A98	DE	ScrollItemsDown_	anchor	5	5
ovr121	AddItemToContainer_ovr121_B76	B76	31B	PutObjectInBag_	anchor	12	12
ovr121	ovr121_E91	E91	188	SwapItemsInBag_	anchor	10	10
ovr121	GetTotalMassOfObjectList_ovr121_1019	1019	BC	BagWeight_	anchor	4	4
ovr122	ovr122_0	0	22	Punt_player_inv_	anchor	3	3
ovr122	CopyPlayerObject_ovr122_22	22	15A	makePlayerInvCopy_	anchor	4	4
ovr122	SaveLoadPlayerDat_ovr122_17C	17C	DA	SavePlayerInv_	anchor	5	5
ovr122	ProbablyCopyObjectLists_ovr122_256	256	E0	InvSaveNexts_	anchor	4	4
ovr122	ovr122_336	336	54	replaceInInv_	anchor	1	1
ovr122	ovr122_38A	38A	1A	allocSaveObj_	anchor	1	1
ovr122	ovr122_3A4	3A4	22	getSaveObj_	anchor	1	1
ovr122	ovr122_3C6	3C6	55	putInInv_	anchor	1	1
ovr122	CopyObjectToSlot_ovr122_41B	41B	F3	InvRestoreNexts_	anchor	5	5
ovr122	ClearObjectList_ovr122_50E	50E	B9	FreePlayerInv_	anchor	6	6
ovr122	CopyPlayerObject_ovr122_5C7	5C7	C6	getPlayerInvCopy_	anchor	3	3
ovr122	LoadPlayerDat_ovr122_68D	68D	12F	RestorePlayerInv_	anchor	8	8
ovr123	AddRuneStonesToRuneBag_ovr123_0	0	64	add_rune_	anchor	2	2
ovr123	ClearRuneBag_ovr123_64	64	19	clear_runes_	anchor	1	1
ovr123	DrawRunestoneAtPoint_ovr123_7D	7D	58	ShowRune_	anchor	2	2
ovr123	DrawRunebagContents_ovr123_D5	D5	61	RedispRune_	anchor	3	3
ovr123	ClearSelectedRunes_ovr123_136	136	2E	clear_shelf_	anchor	3	3
ovr123	ProablyRunePanelClick_ovr123_164	164	142	mous_in_rune_	anchor	5	5
ovr123	NotASpellMessage_ovr123_2A6	2A6	11	not_a_spell_	anchor	2	2
ovr123	ClickOnActiveSpell_ovr123_2B7	2B7	D0	try_clear_	anchor	7	7
ovr123	PlayerAttemptsSpellCast_ovr123_387	387	EA	try_cast_	anchor	5	5
ovr123	PrintSpellFailureReason_ovr123_471	471	23	fail_spell_	anchor	3	3
ovr123	PlayerCastsValidSpell_ovr123_494	494	213	player_cast_	anchor	6	6
ovr124	RedrawInventorySlot_ovr124_0	0	15	RedisplayInvSlot_	anchor	8	8
ovr124	GetItemInSlot_ovr124_15	15	17	WhatsInSlot_	anchor	10	10
ovr124	ovr124_2C	2C	2B			0	0
ovr124	UseObjectOnSlot_ovr124_57	57	F3	AddToInventory_	anchor	8	9
ovr124	FindObjectInInventorySlot_ovr124_14A	14A	D2	FindSlot_	anchor	10	10
ovr124	SearchInventoryForItem_ovr124_21C	21C	230	FindObj_	anchor	6	6
ovr124	FindObjectInObjectList_ovr124_44C	44C	F3	find_obj_	anchor	4	4
ovr124	MaybeGetObjectClickedOn_ovr124_53F	53F	65	pick_inv_	anchor	3	3
ovr124	GetObjectAtSlot_ovr124_5A4	5A4	17			0	0
ovr124	RemoveObjectFromInventory_ovr124_5BB	5BB	15	InvRemoveObject_	anchor	2	2
ovr124	RemoveQty1FromPlayerInventory_ovr124_5D0	5D0	15	InvRemoveOneObject_	anchor	8	8
ovr124	RemoveQtyOfObjectFromPlayerInventory_ovr124_5E5	5E5	1BA	invRemoveObject_	anchor	13	13
ovr124	ovr124_79F	79F	88	RemoveAllFromSlot_	anchor	6	6
ovr124	FindAndRemoveFromPlayerInventory_ovr124_827	827	88	RemoveOneFromSlot_	anchor	6	6
ovr124	FindAndRemoveQtyFromPlayerInventory_ovr124_8AF	8AF	30	removeFromSlot_	anchor	6	6
ovr124	FindAndRemoveQTYOfObject_ovr124_8DF	8DF	2DA	takeFromSlot_	anchor	9	9
ovr124	CheckIfEquipmentInValidSlot_ovr124_BB9	BB9	6D	ObjWorn_	anchor	3	3
ovr124	EquipmentDamage_ovr124_C26	C26	1CC	DamageInventory_	anchor	14	14
ovr124	GetObjectMass_ovr124_DF2	DF2	97	ItemWeight_	anchor	10	10
ovr124	CheckifWeightCanBeCarried_ovr124_E89	E89	21	EncumCheck_	anchor	1	1
ovr125	ProbablyResetPaperdoll_ovr125_0	0	48	load_inventory_pix_	anchor	4	4
ovr125	ProbablyInitConversationUI_ovr125_48	48	19E	BeginInventory_	anchor	5	6
ovr125	DoesNothing_ovr125_1E6	1E6	5	EndInventory_	anchor	1	1
ovr125	ClearPaperDollSlots_ovr125_1EB	1EB	57	ClearInventory_	anchor	2	2
ovr125	TradeInventorySlotClick_ovr125_242	242	372	DoInventoryMouse_	anchor	18	18
ovr125	ovr125_5B4	5B4	D7	DoInventoryDrag_	anchor	8	8
ovr125	LoadMaleOrFemaleArmourArt_ovr125_68B	68B	3A	load_inv_pic_	anchor	2	2
ovr125	ProbablyRedrawInventory_ovr125_6C5	6C5	23F	DisplayInvSpecial_	anchor	10	11
ovr125	InventorySlotRedraw_ovr125_904	904	BE	DisplayInvObject_	anchor	14	15
ovr125	SwapTradeSlotObject_ovr125_9C2	9C2	BA	SetCursorObj_	anchor	11	11
ovr125	MoveQuantity_ovr125_A7C	A7C	135	AskHowMany_	anchor	8	8
ovr125	CanObjectBeAddedToSlot_ovr125_BB1	BB1	657	ItemFitsSlot_	anchor	11	11
ovr125	MaybeItemClickOnSlot_ovr125_1208	1208	54	RearrangeInventory_	anchor	4	4
ovr125	PutObjectInInventorySlot_ovr125_125C	125C	50	AddToEmptySlot_	anchor	6	6
ovr125	CanObjectStackInContainer_ovr125_12AC	12AC	17D	AddTogether_	anchor	2	2
ovr125	UseObjectOnInventorySlot_ovr125_1429	1429	307	AddToOccupiedSlot_	anchor	17	17
ovr125	ovr125_1730	1730	46	DisplayInventory_	anchor	2	3
ovr125	RedrawRangeOfSlots_ovr125_1776	1776	1BF	displayInventoryArray_	anchor	10	11
ovr125	UpdateWeightCapacityOnScreen_ovr125_1935	1935	85	displayEnc_	anchor	2	3
ovr125	ovr125_19BA	19BA	98	FindInventoryHit_	anchor	2	2
ovr126	LookDescription_ovr126_75BD_0	0	36A	LookAt_	anchor	13	13
ovr126	BuildObjectIdentificationString_ovr126_36A	36A	F5	do_mods_	anchor	4	4
ovr126	MagicItemDescription_ovr126_45F	45F	25D	do_of_	anchor	4	4
ovr126	LookAtReadableItems_ovr126_6BC	6BC	16F	BookLook_	anchor	6	6
ovr126	MiscMajor5Minor2_ObjectUsage_ovr126_82B	82B	285	RectLook_	anchor	9	9
ovr126	LookAtBones_ovr126_AB0	AB0	F6	BonesLook_	anchor	3	4
ovr126	LookAtKey_ovr126_BA6	BA6	42	KeyLook_	anchor	3	3
ovr126	GetNPCDescription_ovr126_BE8	BE8	1F2	CritterLook_	anchor	3	4
ovr126	LookAtItem_ovr126_DDA	DDA	C1	SpecialLook_	anchor	5	5
ovr126	ObjectDescription_ovr126_E9B	E9B	146	GetObjDesc_	anchor	7	7
ovr127	DataCompressionSubFunction_ovr127_0	0	23C	InsertNode_	size only	1	1
ovr127	DataCompressionRelatedFunction_ovr127_23C	23C	204	DeleteNode_	size only	1	1
ovr127	DecompressArkData_ovr127_440	440	355	DecompressLZW_disk_	anchor	1	1
ovr127	DataCompression_ovr127_795	795	479	CompressLZW_disk_	anchor	4	4
ovr128	InitialiseEmptyTileMapData_ovr128_0	0	37	Map_Init_	confirmed	2	2
ovr128	OverwriteAllTiles_ovr128_37	37	3F			0	0
ovr128	LoadLevARK_ovr128_76	76	F1	Map_Load_	anchor	6	6
ovr128	SaveLEVARK_ovr128_167	167	10A	Map_Save_	anchor	6	6
ovr128	LoadAnimationOverlays_ovr128_271	271	97	Anim_Load_	size only	1	1
ovr128	StoreAnimationOverlaysToLevArk_ovr128_308	308	82	Anim_Save_	size, calls disagree	1	2
ovr130	ObjectDatFileReads_ovr130_0	0	3A	misc_init_	size only	0	0
ovr130	MajorClass2_ovr130_3A	3A	50	misc_class_data_	size only	0	0
ovr131	PlayCredits_ovr131_0	0	18	show_credits_	anchor	3	3
ovr132	Interupt4_COM1_ovr132_0	0	7			0	0
ovr134	LoadDatFiles_ovr134_0	0	EE	init_objects_	anchor	0	0
ovr134	Return0_ovr134_EE	EE	7			0	0
ovr134	GetObjectDatForItem_ovr134_F5	F5	36	get_class_data_	anchor	2	2
ovr135	CancelActiveSpell_ovr135_0	0	131	dispel_spell_	anchor	3	3
ovr135	PlayerUpdates_ovr135_131	131	3B2	duration_check_	anchor	20	20
ovr135	UpdateInventoryLightSources_ovr135_4E3	4E3	10B	DegradeLights_	anchor	4	4
ovr135	SwimmingSkillCheck_ovr135_5EE	5EE	DA	sink_sink_sink_	anchor	6	6
ovr135	PlayerStatusEffectSpells_ovr135_6C8	6C8	109	set_curmagic_	anchor	4	4
ovr136	ovr136_0	0	2B	is_really_button_	confirmed	2	2
ovr136	ovr136_2B	2B	64	better_mouse_release_	confirmed	6	6
ovr136	ovr136_8F	8F	1A3	busywaiting_new_options_	confirmed	12	12
ovr136	ovr136_232	232	71	move_hilite_	confirmed	3	3
ovr136	ovr136_2A3	2A3	5	donothing_opt_	size only	0	0
ovr136	ovr136_2A8	2A8	14	resume_play_opt_	size only	0	0
ovr136	ChangeDetailSetting_ovr136_2BC	2BC	59	detail_set_opt_	confirmed	6	7
ovr136	ovr136_315	315	B			0	0
ovr136	ovr136_320	320	1C	quit_do_opt_	size only	0	0
ovr136	ovr136_33C	33C	28	save_opt_	size only	1	1
ovr136	OptionsMenuSaveGames_ovr136_364	364	28	restore_opt_	anchor	3	3
ovr136	ovr136_38C	38C	52	do_saverest_opt_	confirmed	3	3
ovr136	ovr136_3DE	3DE	B	music_opt_	size only	0	0
ovr136	ovr136_3E9	3E9	B	sound_opt_	size only	0	0
ovr136	SoundMenuOptions_ovr136_3F4	3F4	8E	do_musicsound_opt_	confirmed	6	6
ovr136	ovr136_482	482	5	game_group_fun_	size only	0	0
ovr136	ovr136_487	487	E			0	0
ovr136	ovr136_495	495	26	detail_group_fun_	confirmed	2	2
ovr136	ovr136_4BB	4BB	25	detail_setting_message_	confirmed	3	3
ovr136	ovr136_4E0	4E0	3E	load_message_	confirmed	7	7
ovr136	ovr136_51E	51E	E	quit_group_fun_	size only	1	1
ovr136	ovr136_52C	52C	25	file_group_fun_	confirmed	2	2
ovr136	SoundMenu_ovr136_551	551	7A	musicsound_group_fun_	confirmed	4	4
ovr136	ovr136_5CB	5CB	5			0	0
ovr136	ovr136_5D0	5D0	79	deal_with_button_	confirmed	3	3
ovr136	ovr136_649	649	37	new_hilit_button_	confirmed	9	9
ovr136	ovr136_680	680	4F	get_buttonreg_button_	confirmed	2	2
ovr136	ovr136_6CF	6CF	4A	install_buttongroup_	confirmed	5	5
ovr136	ovr136_719	719	4E	draw_button_	confirmed	2	2
ovr136	ovr136_767	767	76	copy_rectangle_	confirmed	6	6
ovr136	ovr136_7DD	7DD	2C	blit_panel_to_main_	confirmed	3	3
ovr136	ovr136_809	809	F4	load_buttongroup_images_	confirmed	7	7
ovr137	SwitchInventoryAndStatsEvent_ovr137_0	0	23	pull_chain_	confirmed	2	2
ovr137	PrintCompassPlayerStatus_ovr137_23	23	127	print_info_	confirmed	4	4
ovr137	PrintFlaskHealthManaMessage_ovr137_14A	14A	15E	flask_info_	confirmed	5	5
ovr137	ovr137_2A8	2A8	89	start_gameinp_	confirmed	3	3
ovr137	ovr137_331	331	36	clear_gameinp_	confirmed	3	3
ovr137	ovr137_367	367	42	init_gamedisp_	confirmed	5	6
ovr137	ovr137_3A9	3A9	E	clear_gamedisp_	confirmed	2	2
ovr137	ovr137_3B7	3B7	2F	check_save_	size only	1	1
ovr137	ResetPlayerDoingSomething_ovr137_3E6	3E6	1D	check_rest_	confirmed	2	2
ovr138	UseSkullsOnGravestone_ovr138_0	0	6D	UseBonesOn_	anchor	3	3
ovr138	LookAtWatch_ovr138_6D	6D	E4	UseWatch_	anchor	3	4
ovr138	LookAtDataCrystal_ovr138_151	151	68	UseCrystal_	anchor	3	3
ovr138	BlackRockGemsUsedOnWorldGemovr138_1B9	1B9	148	UseKeyGem_	anchor	4	4
ovr138	UsePoleOnObject_ovr138_301	301	4E	UsePoleOn_	anchor	3	3
ovr138	UseAnvil_ovr138_34F	34F	4C	UseAnvilOn_	anchor	2	2
ovr138	EatingFoodAndDrinking_ovr138_39B	39B	623	UseFood_	anchor	21	21
ovr138	UseOilFlask_ovr138_9BE	9BE	271	UseOilOn_	anchor	7	7
ovr138	ReadBooksAndMaps_ovr138_C2F	C2F	28A	UseBook_	anchor	11	11
ovr138	LockPicking_ovr138_EB9	EB9	D9	UseLockpickOn_	anchor	6	6
ovr138	UseKey_ovr138_F92	F92	59	UseKeyOn_	anchor	3	3
ovr138	UseContainer_ovr138_FEB	FEB	A4	UseCont_	anchor	9	9
ovr138	LightUsage_ovr138_108F	108F	1B4	UseLight_	anchor	9	9
ovr138	MiscMajor4_Minor1_ObjectUsage_ovr138_1243	1243	9A	UseUnique_	anchor	5	5
ovr138	TurnIntoMovingDoor_ovr138_12DD	12DD	61	moveDoor_	anchor	4	4
ovr138	MovingDoorOpenCloseRelated_ovr138_133E	133E	EC	changeDoor_	anchor	5	5
ovr138	DoorOpen_ovr138_142A	142A	118	OpenDoor_	anchor	12	12
ovr138	DoorClose_ovr138_1542	1542	EA	CloseDoor_	anchor	10	10
ovr138	DoorToggle_ovr138_162C	162C	38	ToggleDoor_	anchor	4	4
ovr138	EmptyContainer_ovr138_1664	1664	C4	DumpTheBag_	anchor	7	7
ovr138	RuneTraps_ovr138_1728	1728	104	UseRune_	anchor	8	8
ovr138	UseMajorClass5_Objects_ovr138_182C	182C	223	UseRect_	anchor	14	14
ovr138	Major4_Minor2_ObjectUsage_ovr138_1A4F	1A4F	19B	UseMagic_	anchor	11	11
ovr138	RockHammerUsage_ovr138_1BEA	1BEA	1DE	UseRockHammerOn_	anchor	9	9
ovr138	MiscClass3_ObjectUsages_ovr138_1DC8	1DC8	C7	UseUtil_	anchor	4	4
ovr139	ovr139_0	0	29	init_scroll_	anchor	2	2
ovr139	LikelyWaitForMore_ovr139_29	29	94	scroll_wait_	anchor	9	9
ovr139	WriteTextWithMORE_ovr139_BD	BD	94	scroll_more_	anchor	3	3
ovr139	ovr139_151	151	1B	pick_scroll_	anchor	6	6
ovr139	PrintQTY_ovr139_16C	16C	77	wd_replace_	anchor	3	3
ovr139	WriteYesorNo_ovr139_1E3	1E3	6E	wd_bool_	anchor	5	5
ovr139	PlayerTypedInput_ovr139_251	251	4F6	wdialog_	anchor	8	8
ovr139	WaitForYesNoAnswer_ovr139_747	747	F5	wyorn_	anchor	11	11
ovr139	ovr139_83C	83C	87	scroll_clear_	anchor	5	5
ovr140	LoadTextures_ovr140_0	0	4F	init_txtlib_	confirmed	2	2
ovr140	ovr140_4F	4F	50			0	0
ovr140	LoadTextureMapData_ovr140_9F	9F	CD	Txm_Load_	anchor	6	6
ovr140	SaveTextureMapsToArk_ovr140_16C	16C	CB	Txm_Save_	anchor	3	3
ovr140	LoadT64AndDoorsGR_ovr140_237	237	14	load_txtmaps_	anchor	5	5
ovr140	LoadTerrainDat_ovr140_24B	24B	5E	Load_Terrains_	size only	1	1
ovr142	MaybePlayerDayLoadrelated_ovr142_0	0	5			0	0
ovr142	CopyPlayerPropsFromObjectToPDAT_ovr142_5	5	FD	save_player_data_	anchor	3	4
ovr142	ReadPlayerDat_ovr142_102	102	FE	read_player_data_	anchor	4	6
ovr142	ResetSomePlayerValues_ovr142_200	200	7A	init_spells_	size only	1	1
ovr142	ovr142_27A	27A	5	swap_tmap_	size only	0	0
ovr142	ShroomsCameraEffects_ovr142_27F	27F	AE	set_drugged_	anchor	6	6
ovr142	ActiveEnchantedItem_Spells_ovr142_32D	32D	264	player_affected_by_	size only	1	1
ovr142	RetrieveActiveSpells_ovr142_591	591	84	parse_aspells_	anchor	2	2
ovr142	ApplyDefenceStealthBonuses_ovr142_615	615	C6	parse_spells_	confirmed	3	3
ovr142	GetArmourProtection_ovr142_6DB	6DB	57	armor_val_	size only	1	1
ovr142	RefreshPlayerStatus_ovr142_732	732	3C0	FixPlayerEquips_	anchor	42	42
ovr142	OpenDL_DAT_ovr142_AF2	AF2	7D	load_dl_	anchor	2	2
ovr143	InitPlayerObject_ovr143_0	0	B0	InitPlayerRec_	anchor	0	1
ovr143	InitPlayerAndRegisterKeys_ovr143_B0	B0	672	init_player_	anchor	3	5
ovr143	ovr143_722	722	25D	mous_player_	anchor	3	3
ovr143	ovr143_97F	97F	6E	demous_player_	anchor	2	2
ovr143	PrintPlayerPosition_ovr143_9ED	9ED	7A	report_loc_	anchor	1	1
ovr143	PrintGameVersion_ovr143_A67	A67	1B	show_version_	anchor	2	2
ovr143	SetCameraViewObjectDefaults_ovr143_A82	A82	C9	home_cam_	anchor	3	3
ovr143	RoamingSightInput_ovr143_B4B	B4B	102	move_cam_	anchor	3	3
ovr143	ChangeReferenceToCameraObject_ovr143_C4D	C4D	F9	attach_eye_	anchor	7	7
ovr143	MakeObjectTheCamera_ovr143_D46	D46	16	release_camera_	anchor	3	3
ovr143	HackTrapCamera_ovr143_D5C	D5C	AD	crystal_ball_	anchor	4	4
ovr143	LaunchPlayerAtMoongate_ovr143_E09	E09	F4			0	0
ovr143	LookUpDown_ovr143_EFD	EFD	5B	chg_plys_	anchor	3	3
ovr143	ChangeCameraRoll_ovr143_F58	F58	25			0	0
ovr143	LookUpDown_ovr143_F7D	F7D	27	chg_plyp_	anchor	2	2
ovr146	ovr146_0	0	5			0	0
ovr147	ovr147_0	0	22	adr_opbtn_	anchor	0	0
ovr147	ovr147_22	22	72	move_opbtn_	anchor	0	0
ovr147	PlayIntroIfNoSaveGames_ovr147_94	94	38	do_intro_scene_	anchor	3	3
ovr147	DrawMainMenuLoadScreen_ovr147_CC	CC	14C	draw_start_buttons_	anchor	5	5
ovr147	MainMenu_ovr147_218	218	327	real_start_	anchor	36	36
ovr147	ovr147_53F	53F	1ED	parse_start_mouse_	anchor	5	5
ovr147	MainMenuInputHandler_ovr147_76EE_72C	72C	1B7	parse_start_input_	anchor	7	7
ovr147	MainMenuListSaveGames_ovr147_76EE_W_8E3	8E3	173	do_journey_	anchor	8	9
ovr147	UnknownAutomapLoop_ovr147_A56	A56	1D	rect_class_data_	size, calls disagree	0	1
ovr147	UnknownCallBackFunctionForAutomap_ovr147_A73	A73	4E			0	0
ovr148	SetsAXTo0_ovr148_0	0	7			0	0
ovr149	MaybeCreateSaveGameFolder_ovr149_0	0	92	init_save_	anchor	2	2
ovr149	LoadGameMap_ovr149_92	92	A1	GetLevel_	anchor	11	11
ovr149	SaveGame_ovr149_133	133	B3	SaveLevel_	anchor	8	8
ovr149	EnumerateSaveGames_ovr149_1E6	1E6	DC	get_save_descs_	anchor	5	5
ovr149	ListSaveGamesInScroll_ovr149_771E_2C2	2C2	96	ShowSaveRest_	anchor	5	5
ovr149	LikeylSelectSaveSlot_ovr149_358	358	C3	DoSaveRest_	anchor	11	11
ovr149	OpenSaveGame_ovr149_771E_41B	41B	C9	RestoreGame_	anchor	9	9
ovr149	SaveGame_ovr149_771E_4E4	4E4	187	SaveGame_	anchor	8	8
ovr149	DeleteFilesInFolder_ovr149_66B	66B	83	clear_dir_	anchor	5	5
ovr149	CopyFile_ovr149_771E_6EE	6EE	111	copy_file_	anchor	4	4
ovr149	CopySaveGameFiles_ovr149_771E_7FF	7FF	6F	copy_dir_	anchor	3	3
ovr149	PlayerUpdatesOnLevelChange_ovr149_86E	86E	95	ChangeLevel_	anchor	8	8
ovr149	OpenCloseDoorInTile_ovr149_903	903	7F	gruesome_door_hack_	anchor	7	7
ovr149	LevelChangeEvents_ovr149_982	982	19F	do_level_hacks_	anchor	14	14
ovr150	LoadBitMap_ovr150_0	0	4A	display_screen_	anchor	4	4
ovr150	LoadBitmapFromBytArk_ovr150_4A	4A	DD	disk_to_vid_	anchor	9	10
ovr151	FindSCDRowsToExecute_ovr151_0	0	D3			0	0
ovr151	SetSomeValuesInSCDRows_ovr151_D3	D3	59			0	0
ovr151	ovr151_12C	12C	7A	do_migrations_	confirmed	4	4
ovr151	SCD_AllocatePointer_ovr151_1A6	1A6	1B	Sched_SetBuf_	anchor	2	2
ovr151	LoadScdArkData_ovr151_1C1	1C1	57	Sched_Load_	confirmed	5	5
ovr151	SaveScdArkRelated_ovr151_218	218	74	Sched_Should_Save_	confirmed	4	4
ovr151	SaveSCD_ovr151_28C	28C	14	Sched_Save_	anchor	4	4
ovr151	GetSCDOffset_ovr151_2A0	2A0	1D	Sched_GetTime_	size only	0	0
ovr151	ProcessGeneralSCDBlock_ovr151_2BD	2BD	71	Sched_SetTime_	confirmed	3	3
ovr151	SCD_ProcessBlock0_ovr151_32E	32E	78	Sched_WrapTime_	confirmed	2	2
ovr151	ProcessSCDARK_ovr151_3A6	3A6	B1	Sched_SetAllClocks_	anchor	13	13
ovr151	ovr151_457	457	25	Sched_IncrTime_	size only	1	1
ovr151	ovr151_47C	47C	15F	Sched_InsertLong_	size only	1	1
ovr151	DeleteSCDRecord_ovr151_5DB	5DB	8B	Sched_Delete_	size only	1	1
ovr151	ProbablyCopyEventRow_ovr151_666	666	3D	Sched_Migrate_	size only	1	1
ovr151	ovr151_6A3	6A3	18	Sched_Insert_	confirmed	2	2
ovr151	ovr151_6BB	6BB	E	Sched_GetClock_	size only	0	0
ovr152	OpenDataFile_ovr152_0	0	4A	set_light_	anchor	0	2
ovr152	OpenAndApplyShadesDat_ovr152_4A	4A	F7			0	0
ovr152	LoadLightAndXFerDat_ovr152_141	141	2D	init_lighting_	size, calls disagree	1	2
ovr152	ChangeShroomPaletteData_ovr152_16E	16E	88	random_light_	size, calls disagree	1	2
ovr153	AllocateDataOffsetsForCompression_ovr153_0	0	2B	ac_setup_lzw_	anchor	2	2
ovr153	ReadCompressedArk_ovr153_2B	2B	61	ac_unshrink_disk_	anchor	3	3
ovr153	CompressData_ovr153_8C	8C	62	ac_shrink_disk_	anchor	3	3
ovr154	UseDetectionSkills_ovr154_0	0	6E	use_skill_	anchor	5	5
ovr154	TrackSkillEvent_ovr154_6E	6E	25	player_use_skill_	anchor	1	1
ovr154	CalculateHealthManaWeightValues_ovr154_93	93	89	player_compute_	anchor	6	6
ovr154	CharLevelUp_ovr154_11C	11C	78	advance_	anchor	5	5
ovr154	GetGoverningStatForSkill_ovr154_194	194	1D	prime_	anchor	2	2
ovr154	RollSkillStat_ovr154_1B1	1B1	C2	add_to_skill_	anchor	3	3
ovr154	AdvanceSkill_ovr154_273	273	148	get_skill_	anchor	4	4
ovr154	IncreaseSkillGroup_ovr154_3BB	3BB	E7	grant_skill_advance_	anchor	3	3
ovr154	EndGameStats_ovr154_4A2	4A2	469	game_stats_	anchor	2	3
ovr154	Dreaming_SleepLogic_ovr154_90B	90B	17A	dream_	anchor	4	4
ovr154	SleepingOnDamagingSurface_ovr154_A85	A85	A5	drop_drunk_player_	anchor	4	4
ovr154	SleepingLogic_ovr154_B2A	B2A	4D3	player_sleep_	anchor	30	30
ovr154	MakeCampEvent_ovr154_FFD	FFD	32	player_key_sleep_	anchor	2	2
ovr154	ChangeHunger_ovr154_102F	102F	7F	player_eat_	anchor	4	4
ovr154	RunVictorySequence_ovr154_10AE	10AE	76	player_won_game_	anchor	6	6
ovr154	PostConversationCutscenes_ovr154_1124	1124	45	cs_check_	anchor	4	4
ovr154	FindItemOnMap_ovr154_1169	1169	63	moveto_	anchor	2	2
ovr154	PlayerResurrectRestorationEvent_ovr154_11CC	11CC	1E6	do_gem_	anchor	7	7
ovr154	ReturnFromDreamworldRestorePositionCallback_ovr154_13B2	13B2	3C	do_dreamret_	anchor	1	1
ovr154	FindMoonStone_ovr154_13EE	13EE	13	do_mstone_	anchor	1	1
ovr154	ovr154_1401	1401	5C	punt_mouse_obj_	anchor	4	4
ovr154	AwakeFromVoidDream_ovr154_145D	145D	6A	punt_void_	anchor	8	8
ovr154	VoidDream_ovr154_14C7	14C7	EA	go_void_	anchor	4	4
ovr154	DeathAndResurrection_ovr154_15B1	15B1	20F	player_is_dead_	anchor	13	13
ovr154	CheckForTrapTrigger_ovr154_17C0	17C0	97	DetectedTrap_	anchor	4	4
ovr154	TrapDisarming_ovr154_1857	1857	2DD	RemoveTrap_	anchor	12	12
ovr155	SetsAXTo0_ovr155_0	0	7	spec_class_data_	size only	0	0
ovr156	ApplyManaCost_ovr156_0	0	29	spend_mana_	anchor	3	3
ovr156	GetNoMagicTileBit_ovr156_29	29	23	anti_magic_p_	anchor	5	5
ovr156	SpellTrapWandNPCCast_ovr156_4C	4C	7D	cast_	anchor	3	3
ovr156	CastSpell_ovr156_C9	C9	276	do_spell_	anchor	20	20
ovr156	ManaChange_ovr156_33F	33F	AE	restore_mana_	anchor	7	7
ovr156	PlayerHPRegenerationChange_ovr156_3ED	3ED	98	restore_hp_	anchor	4	4
ovr156	ChangeHealth_ovr156_485	485	72	get_hp_back_	anchor	5	5
ovr156	Class4_HealSpells_ovr156_4F7	4F7	47	healing_	anchor	3	3
ovr156	Class9Spells_CursedObjects_ovr156_53E	53E	8E	backfire_	anchor	4	4
ovr156	Class5_ProjectileSpells_ovr156_5CC	5CC	70	release_missile_	anchor	4	4
ovr156	CreateObjectInTile_ovr156_63C	63C	5F	build_new_obj_	anchor	6	6
ovr156	SheetLightning_ovr156_69B	69B	8D	sp_sheet_light_	anchor	6	6
ovr156	FlameWind_ovr156_728	728	11B	sp_meteor_	anchor	7	7
ovr156	SmiteUndead_ovr156_843	843	AD	sp_ward_undead_	anchor	5	5
ovr156	Poison_ovr156_8F0	8F0	6A	sp_poison_	anchor	4	4
ovr156	ApplyAttitudeChangingSpellToNPC__ovr156_95A	95A	70	hit_critter_goal_	anchor	7	7
ovr156	Charm_ovr156_9CA	9CA	D4	sp_charm_	anchor	4	4
ovr156	MassConfusion_ovr156_A9E	A9E	A6	sp_confusion_	anchor	3	3
ovr156	DirectDamageSpellWithVulnerability_ovr156_B44	B44	DE	wound_foe_	anchor	9	9
ovr156	Shockwave_ovr156_C22	C22	A4	sp_shockwave_	anchor	4	4
ovr156	BleedingSpellCast_ovr156_CC6	CC6	82	sp_bleed_	anchor	2	2
ovr156	SmiteFoe_ovr156_D48	D48	81	sp_smite_	anchor	2	2
ovr156	Frost_ovr156_DC9	DC9	F7	sp_frost_	anchor	8	8
ovr156	CauseFear_ovr156_EC0	EC0	44	sp_fear_	anchor	1	1
ovr156	RepelUndead_ovr156_F04	F04	17A	sp_repel_undead_	anchor	7	7
ovr156	Paralyse_ovr156_107E	107E	78	sp_hold_	anchor	3	3
ovr156	RunCodeOnTargetsInArea__ovr156_10F6	10F6	2B9	process_area_	anchor	4	4
ovr156	RunCodeOnTargetsAroundObject_ovr156_13AF	13AF	D7	gronk_area_	anchor	9	9
ovr156	RunFunctionOnWhoAmI_NPC_ovr156_1486	1486	6D	gronk_whoami_	anchor	8	8
ovr156	Class6_Spells_ovr156_14F3	14F3	52	nail_area_	anchor	2	2
ovr156	Class7_Group0to7_ovr156_1545	1545	9B	target_spells_	anchor	4	4
ovr156	Class7_SpellCast_ovr156_15E0	15E0	5C	nail_1area_	anchor	2	2
ovr156	Class7Spells_Group1_ovr156_163C	163C	388	obj_spells_	anchor	19	19
ovr156	MapAreaCallBack_ovr156_19C4	19C4	3B	clip_circle_	anchor	0	0
ovr156	ClassD_Spells_ovr156_19FF	19FF	2A6	special_spells_	anchor	12	12
ovr156	SpellDamagesObjectsInTile_ovr156_1CA5	1CA5	C0	damage_square_	anchor	10	10
ovr157	StudyMonsterSpellDetailsAndProperties_ovr157_0	0	1D8	study_monster_spells_	anchor	3	3
ovr157	SpellCode_StudyMonster_ovr157_1D8	1D8	319	sp_study_monster_	anchor	6	6
ovr157	CanObjectBeEnchanted_ovr157_4F1	4F1	5E	chargeable_	anchor	1	1
ovr157	EnchantmentFailureExplosion_ovr157_54F	54F	EF	sp_enchant_faildestroymess_	anchor	13	13
ovr157	ChargeObjectSpellWithEffectID_ovr157_63E	63E	142	charge_object_	anchor	7	7
ovr157	FailEnchantment_ovr157_780	780	6B	sp_enchant_destroy_	anchor	6	6
ovr157	EnchantObject_ovr157_7EB	7EB	385	sp_enchant_	anchor	10	10
ovr157	CanObjectBeRepaired_ovr157_B70	B70	85	mendable_	anchor	1	1
ovr157	RevealSpell_ovr157_BF5	BF5	B6	sp_true_sight_	anchor	2	2
ovr157	Class8Summoning_Spells_ovr157_CAB	CAB	4E7	creat_spell_	anchor	13	13
ovr157	DetectCreatureString_ovr157_1192	1192	51	print_monster_	anchor	3	3
ovr157	DetectMonsters_ovr157_11E3	11E3	2F1	mdetect_	anchor	8	8
ovr157	QuakeSpell_ovr157_14D4	14D4	144	tremor_area_	anchor	3	3
ovr157	ClassB_Spells_ovr157_1618	1618	399	xt_spells_	anchor	23	23
ovr157	AltarasWand_ovr157_19B1	19B1	59	thump_your_magic_twanger_froggie_	anchor	4	4
ovr157	AltarasWand_ovr157_1A0A	1A0A	137	check_Guardian_magic_marker_	anchor	3	3
ovr158	PrintCharNameClassLevel_ovr158_0	0	F3	sp_hdr_	confirmed	2	2
ovr158	PrintPlayerAttribute_ovr158_F3	F3	5C	sp_att_	size only	1	1
ovr158	PrintAHPString_ovr158_14F	14F	74	sp_hp_	confirmed	2	2
ovr158	PrintAManaString_ovr158_1C3	1C3	73	sp_mp_	confirmed	2	2
ovr158	PrintEXPString_ovr158_236	236	4E	sp_xp_	confirmed	2	2
ovr158	PrintSkill_ovr158_284	284	F8	sp_skill_	confirmed	3	3
ovr158	StatsDisplay_ovr158_37C	37C	E4	RedispStat_	confirmed	8	10
ovr158	ProbablyStatDisplayClick_ovr158_460	460	ED	mous_in_stat_	confirmed	6	7
ovr158	RedrawStatPanel_ovr158_54D	54D	1A	panel_check_	anchor	4	4
ovr159	SetsAXTo0_ovr159_0	0	7	stuff_class_data_	size only	0	0
ovr162	ovr162_0	0	17	trap_save_	size only	0	0
ovr163	SpillInventory_ovr163_0	0	1F1	drop_link_chain_	anchor	8	8
ovr163	SpillCritterInventory_ovr163_1F1	1F1	2C	drop_some_objects_	anchor	3	3
ovr163	LootSpawnValuables_ovr163_21D	21D	179	generate_treasure_	anchor	4	4
ovr163	LootSpawnFood_ovr163_396	396	66	generate_food_	anchor	3	3
ovr163	LootSpawnArms_ovr163_3FC	3FC	121	generate_weapons_	anchor	3	3
ovr163	LootSpawnOther_ovr163_51D	51D	EC	generate_equipment_	anchor	3	3
ovr163	SpawnNPCLoot_ovr163_609	609	86	generate_inventory_	anchor	10	10
ovr165	ovr165_0	0	E	strt_txtscr_	size only	0	0
ovr165	ovr165_E	E	5	free_txtscr_	size only	0	0
ovr166	LoadTriggerObjDat_ovr166_0	0	17	trap_init_	size only	0	0
ovr166	MajorClass6TriggerType_ovr166_17	17	24	trap_class_data_	size only	0	0
ovr166	RunTrigger_ovr166_3B	3B	211	UseTrigger_	anchor	18	18
ovr166	TriggerTrap_ovr166_24C	24C	4C	SetOffTrap_	anchor	6	6
ovr166	PerformVariableOperation_ovr166_298	298	55	do_math_op_	size only	1	1
ovr166	VariableOperationOnQuestVariablesXClock_ovr166_2ED	2ED	251	set_numbered_variable_	confirmed	6	6
ovr166	GetVarQuestOrClockValue_ovr166_53E	53E	98	get_numbered_variable_	confirmed	3	3
ovr166	TRAPS_ovr166_5D6	5D6	15AE	UseTrap_	anchor	47	47
ovr166	RemoveTriggersPointingAtTrapToRemove_ovr166_1B84	1B84	111	kill_triggers_	confirmed	6	6
ovr166	RemoveTrapChain_ovr166_1C95	1C95	BE	delete_trap_	anchor	9	9
ovr166	HackTraps_ovr166_1D53	1D53	591	do_trap_hack_	confirmed	35	35
ovr166	CreateMoveTriggerAndTrapInTile_ovr166_22E4	22E4	25B	cast_trap_spell_	confirmed	5	5
ovr166	RemoveTriggerChain_ovr166_253F	253F	D1	trigger_obj_del_	confirmed	8	8
ovr166	RemoveTrapTriggerChain_ovr166_2610	2610	3B	trap_obj_del_	confirmed	4	4
ovr166	CheckObjectBitRelatedToCreateObject_0xD_8_ovr166_264B	264B	51	is_this_wandering_	size only	0	0
ovr166	CheckIfMobileBit_D_8_1BB8_ovr166_269C	269C	36	dont_create_wandering_monster_here_	confirmed	2	2
ovr166	CheckIfWithin8TilesFromObject_ovr166_26D2	26D2	54	check_alert_	confirmed	2	2
ovr166	FindAndTriggerCreateObjectTrap_ovr166_2726	2726	AD	DoWanderingMonsters_	anchor	7	7
ovr166	SCDFindandCloseDoor_ovr166_27D3	27D3	F5	DoClosingDoors_	anchor	7	7
ovr166	GetPlayerWeightPlusObjectInHand_ovr166_28C8	28C8	2B	Ply_Weight_	confirmed	2	2
ovr166	RunPressureEnterExitTriggersInChain_ovr166_28F3	28F3	27E	check_pplate_	confirmed	11	11
ovr166	PressureTriggerTextureChange_ovr166_2B71	2B71	EF	update_pplate_	confirmed	3	3
ovr166	HackTrapCollapseFloor_ovr166_2C60	2C60	EA	do_ice_hack_	confirmed	4	4
ovr166	BridgeTrapCreate_ovr166_2D4A	2D4A	12E	place_bridge_	confirmed	5	5
ovr166	BridgeTrapRemove_ovr166_2E78	2E78	B1	destroy_bridge_	confirmed	5	5
ovr166	Critter_RNG_STR_CHECK_ovr166_2F29	2F29	47	eligible_castle_monster_	size only	1	1
ovr166	OscillateSpecificTiles_ovr166_2F70	2F70	5E	check_for_sunken_moongate_	confirmed	3	3
ovr167	NOT_ovr167_0	0	17	flip_bool_	size only	0	0
ovr167	ovr167_17	17	65	solve_compass_	size only	0	0
ovr167	TurnVectorsIntoHeading_ovr167_7C	7C	85	mpos_	anchor	4	4
ovr167	GetPitWarriorPositionOffset_ovr167_101	101	76	octant_	anchor	2	2
ovr167	GetHeadingBetweenPoints_ovr167_177	177	1A	postodir_	confirmed	2	2
ovr167	GetDetectedCreatureDirections_ovr167_191	191	C1	print_path_to_	anchor	5	5
ovr167	ovr167_252	252	C1	call_real	size only	0	0
ovr167	DartSatelliteVectoring_ovr167_313	313	AE	gr_putlab_	size, calls disagree	0	2
ovr167	PrintErrorToMessageScroll_ovr167_3C1	3C1	35	compute_square_root_32	size, calls disagree	0	2
ovr167	ListFiles_ovr167_3F6	3F6	2B	do_movei	size, calls disagree	0	1
ovr167	ovr167_421	421	42	draw_poly_buf_ptr	size, calls disagree	0	2
ovr167	ovr167_463	463	26	do_sfcal	size only	0	0
ovr167	DeleteTempFiles_ovr167_489	489	A8	modify_axis2	size, calls disagree	0	2
ovr167	ovr167_531	531	56	string_to_screen	size, calls disagree	0	1
ovr167	LoadDatFile_ovr167_587	587	53	shadowed_string_to_screen	size, calls disagree	0	1
ovr167	FileReadToAddress_ovr167_5DA	5DA	4D	ultoa_	size, calls disagree	0	2
ovr167	FileWriteWithParams_ovr167_627	627	4D	utoa_	size, calls disagree	0	2
ovr167	ovr167_674	674	9B	__getctime_	size, calls disagree	0	2
ovr167	SaveDecrypt_ovr167_70F	70F	5A	_set_errno_	size, calls disagree	1	3
ovr167	DecryptPlayerDat_ovr167_769	769	74	__ioalloc_	size, calls disagree	0	4
ovr167	SaveFileEncryption_ovr167_7DD	7DD	7D	__qwrite_	size, calls disagree	1	4
ovr167	LoadStringsPakToTable_ovr167_85A	85A	35	__flushall_	size only	0	0
ovr167	OpenDataFile_ovr167_88F	88F	65	getenv_	size only	0	0
