# listing name	listing address	size	matched name	defined at (file:line)
ovr089_0	ovr089_0	0x17	animobj_load	src/obj/ANIMOBJ.C:17
ovr089_17	ovr089_17	0x15	animobj_class_data	src/obj/ANIMOBJ.C:23
ovr090_0	ovr090_0	0x5	ReturnFar_ovr090_0	src/sys/OVR090.C:12
ovr090_5	ovr090_5	0xe	ovr090_5	src/sys/OVR090.C:13
ovr090_13	ovr090_13	0x5	ovr090_13	src/sys/OVR090.C:14
ovr090_18	ovr090_18	0x5	Nop_ovr090_18	src/sys/OVR090.C:15
ovr090_1D	ovr090_1D	0x5	ovr090_1D	src/sys/OVR090.C:16
ovr090_22	ovr090_22	0x5	DoNothing_ovr090_22	src/sys/OVR090.C:17
ovr090_27	ovr090_27	0x5	ReturnFar_ovr090_27	src/sys/OVR090.C:18
ovr091_0	ovr091_0	0x153	open_arc	src/sys/ARC.C:36
ovr091_153	ovr091_153	0xd9	close_arc	src/sys/ARC.C:70
ovr091_22C	ovr091_22C	0x3ee	put_arc	src/sys/ARC.C:89
ovr091_61A	ovr091_61A	0x114	get_arc	src/sys/ARC.C:153
ovr091_72E	ovr091_72E	0x6a	count_arc	src/sys/ARC.C:175
ovr091_798	ovr091_798	0xb2	check_arc	src/sys/ARC.C:191
OpenAutomap_ovr092_0	ovr092_0	0x97	AutoMap	src/ui/AUTOMAP.C:96
ovr092_97	ovr092_97	0x87	SaveAutoMapLevel	src/ui/AUTOMAP.C:116
ovr092_11E	ovr092_11E	0x30	GetAutoMapLevel	src/ui/AUTOMAP.C:137
ovr092_14E	ovr092_14E	0x82	ExitAutoMap	src/ui/AUTOMAP.C:150
ovr092_1D0	ovr092_1D0	0x15	ClearAutoMap	src/ui/AUTOMAP.C:169
ovr092_1E5	ovr092_1E5	0x142	ShowDungeonMap	src/ui/AUTOMAP.C:176
ovr092_327	ovr092_327	0xf8	ShadeSide	src/ui/AUTOMAP.C:216
ovr092_41F	ovr092_41F	0x6c	PixelDarken	src/ui/AUTOMAP.C:263
ovr092_48B	ovr092_48B	0x1e4	DoTile	src/ui/AUTOMAP.C:276
ovr092_66F	ovr092_66F	0xf8	DoDoorTile	src/ui/AUTOMAP.C:338
ovr092_767	ovr092_767	0x47	CornerShade_ovr094_9D2	src/ui/AUTOMAP.C:354
ovr092_7AE	ovr092_7AE	0xf8	DetermineBetterHit	src/ui/AUTOMAP.C:365
ovr092_8A6	ovr092_8A6	0x4da	ManageDungeonMap	src/ui/AUTOMAP.C:397
ovr092_D80	ovr092_D80	0xbc	RedisplayStrings	src/ui/AUTOMAP.C:539
ovr092_E3C	ovr092_E3C	0xce	SaveTheWords	src/ui/AUTOMAP.C:558
ovr092_F0A	ovr092_F0A	0x5c	GetTheWords	src/ui/AUTOMAP.C:581
ovr092_F66	ovr092_F66	0x182	ShowAutoMapLevel	src/ui/AUTOMAP.C:596
ovr092_10E8	ovr092_10E8	0x54	ChangeAutoMapLevel	src/ui/AUTOMAP.C:643
ovr092_113C	ovr092_113C	0xa	automap_scr	src/ui/AUTOMAP.C:659
ovr093_0	ovr093_0	0x31	arc_buffer	
MaybeAllocateConversationData_ovr093_31	ovr093_31	0x1a2	bab_malloc	src/conv/BABL.C:150
ovr093_1D3	ovr093_1D3	0x19a	bab_free	src/conv/BABL.C:192
ovr093_36D	ovr093_36D	0x1dd	bab_realloc	src/conv/BABL.C:236
ovr093_54A	ovr093_54A	0x110	init_babl	src/conv/BABL.C:290
ovr093_65A	ovr093_65A	0xbb	bab_get_globals	src/conv/BABL.C:324
ovr093_715	ovr093_715	0xb2	bab_put_globals	src/conv/BABL.C:353
LoadNPCConversation_ovr093_7C7	ovr093_7C7	0x1e9	load_script	src/conv/BABL.C:388
ovr093_9B0	ovr093_9B0	0x48	unbound	src/conv/BABL.C:436
ovr093_9F8	ovr093_9F8	0x55	ovr093_9F8	src/conv/BABL.C:458
Random_ovr093_A4D	ovr093_A4D	0x8e	BabRand_ovr095_A5B	src/conv/BABL.C:469
ovr093_ADB	ovr093_ADB	0x10c	ovr093_ADB	src/conv/BABL.C:493
ovr093_BE7	ovr093_BE7	0x15a	ovr093_BE7	src/conv/BABL.C:523
Compare_ovr093_D41	ovr093_D41	0x14d	bab_compare_ovr095_A8B	src/conv/BABL.C:565
Plural_ovr093_E8E	ovr093_E8E	0x46	babPluralize_ovr095_B95	src/conv/BABL.C:604
Contains_ovr093_ED4	ovr093_ED4	0x12f	StringContains_ovr095_BDB	src/conv/BABL.C:621
Append_ovr093_1003	ovr093_1003	0xbd	babl_str_append_ovr095_D0A	src/conv/BABL.C:645
Copy_ovr093_10C0	ovr093_10C0	0x6f	STRING_COPY_ovr095_DC7	src/conv/BABL.C:664
Find_ovr093_112F	ovr093_112F	0x57	conv_find_ovr095_E36	src/conv/BABL.C:679
Length_ovr093_1186	ovr093_1186	0x25	conv_length_ovr095_E8D	src/conv/BABL.C:696
Val_ovr093_11AB	ovr093_11AB	0x25	DoVal_ovr095_EB2	src/conv/BABL.C:703
ConversationTextVariableReplacement_ovr093_11D0	ovr093_11D0	0x258	convert_string	src/conv/BABL.C:719
GetStringReplacementNumberValue_ovr093_1428	ovr093_1428	0x103	AtIndex_ovr095_11C0	src/conv/BABL.C:789
ovr093_152B	ovr093_152B	0x1ff	DoReadHeader_ovr095_12C3	src/conv/BABL.C:826
ovr093_172A	ovr093_172A	0x23	DoCopyCode_ovr095_14B1	src/conv/BABL.C:885
ovr093_174D	ovr093_174D	0x21	ovr093_174D	
Conversation_VM_ovr093_176E	ovr093_176E	0x3da	babl_run	src/conv/BABL.C:902
OPADD_ovr093_1B48	ovr093_1B48	0x39	vmAdd_ovr095_18CF	src/conv/BABL.C:1094
OPNEG_ovr093_1B81	ovr093_1B81	0x24	babl_neg_ovr095_1908	src/conv/BABL.C:1100
OPMUL_ovr093_1BA5	ovr093_1BA5	0x39	MUL_OPCODE_ovr095_192C	src/conv/BABL.C:1104
OPSUB_ovr093_1BDE	ovr093_1BDE	0x11e	subOpcode_ovr095_1965	src/conv/BABL.C:1110
OPAND_ovr093_1CFC	ovr093_1CFC	0x45	babl_and_ovr095_1A83	src/conv/BABL.C:1142
TSTGT_ovr093_1D41	ovr093_1D41	0x42	VM_GT_ovr095_1AC8	src/conv/BABL.C:1148
TSTGE_ovr093_1D83	ovr093_1D83	0x42	vmTstge_ovr095_1B0A	src/conv/BABL.C:1154
TSTLT_ovr093_1DC5	ovr093_1DC5	0x42	vmTstlt_ovr095_1B4C	src/conv/BABL.C:1160
TSTLE_ovr093_1E07	ovr093_1E07	0x42	VmTstle_ovr095_1B8E	src/conv/BABL.C:1166
TSTEQ_ovr093_1E49	ovr093_1E49	0x42	ExecTsteq_ovr095_1BD0	src/conv/BABL.C:1172
TSTNE_ovr093_1E8B	ovr093_1E8B	0x42	opcode_tstne_ovr095_1C12	src/conv/BABL.C:1178
CALL_ovr093_1ECD	ovr093_1ECD	0x2e	babl_call_ovr095_1C54	src/conv/BABL.C:1187
RET_ovr093_1EFB	ovr093_1EFB	0x28	bab_ret_ovr095_1C82	src/conv/BABL.C:1193
FETCHM_ovr093_1F23	ovr093_1F23	0x2d	exec_fetchm_ovr095_1CAA	src/conv/BABL.C:1203
OFFSET_ovr093_1F50	ovr093_1F50	0x3a	vmOffset_ovr095_1CD7	src/conv/BABL.C:1208
STO_ovr093_1F8A	ovr093_1F8A	0x33	BABL_STORE_ovr095_1D11	src/conv/BABL.C:1215
CallImportedFunction_ovr093_1FBD	ovr093_1FBD	0x7d	talk_calli_ovr095_1D44	src/conv/BABL.C:1223
STRCMP_ovr093_203A	ovr093_203A	0xe1	vm_strcmp_ovr095_1DC1	src/conv/BABL.C:1236
SAY_OP_ovr093_211B	ovr093_211B	0xa8	vmSay_ovr095_1EA2	src/conv/BABL.C:1258
RESPOND_OP_ovr093_21C3	ovr093_21C3	0xa8	babl_respond_ovr095_1F4A	src/conv/BABL.C:1277
ovr093_226B	ovr093_226B	0x15	getmem_addr	src/conv/BABL.C:1296
GetConvoStackValue_ovr093_2280	ovr093_2280	0x13	getmem	src/conv/BABL.C:1300
ovr093_2293	ovr093_2293	0x16	babl_setmem	src/conv/BABL.C:1304
GetValueAtBasePTRPlusArg0_ovr093_22A9	ovr093_22A9	0x16	conv_local_ovr095_2030	src/conv/BABL.C:1309
AddImportedFunction_ovr093_22BF	ovr093_22BF	0x6e	bab_fun	src/conv/BABL.C:1315
ImportConverstionVariable_ovr093_232D	ovr093_232D	0xa7	bab_var	src/conv/BABL.C:1332
RetrieveConversationVariable_ovr093_23D4	ovr093_23D4	0x7f	bab_var_out	src/conv/BABL.C:1356
ovr093_2453	ovr093_2453	0xcb	bab_var_clear	src/conv/BABL.C:1378
ovr094_0	ovr094_0	0x21	set_mob_att	src/conv/BABLHACK.C:45
set_attitude_ovr094_21	ovr094_21	0x3b	set_attitude	src/conv/BABLHACK.C:53
set_race_attitude_ovr094_5C	ovr094_5C	0x177	set_race_attitude	src/conv/BABLHACK.C:66
x_skills_ovr094_1D3	ovr094_1D3	0x63	x_skills	src/conv/BABLHACK.C:103
x_traps_ovr094_236	ovr094_236	0x49	x_traps	src/conv/BABLHACK.C:119
place_object_ovr094_27F	ovr094_27F	0x1d7	place_object	src/conv/BABLHACK.C:134
take_from_npc_inv_ovr094_456	ovr094_456	0x68	take_from_npc_inv	src/conv/BABLHACK.C:172
add_to_npc_inv_ovr094_4BE	ovr094_4BE	0x34	add_to_npc_inv	src/conv/BABLHACK.C:185
remove_taker_ovr094_4F2	ovr094_4F2	0x4b	remove_talker	src/conv/BABLHACK.C:194
set_quest_ovr094_53D	ovr094_53D	0x7b	set_quest	src/conv/BABLHACK.C:206
GetQuest_ovr094_5B8	ovr094_5B8	0x6c	get_quest	src/conv/BABLHACK.C:225
sex_ovr094_624	ovr094_624	0x25	sex	src/conv/BABLHACK.C:240
GronkDoor_ovr094_649	ovr094_649	0x101	gronk_door	src/conv/BABLHACK.C:248
x_obj_stuff_ovr094_74A	ovr094_74A	0x2b9	x_obj_stuff	src/conv/BABLHACK.C:284
x_obj_pos_ovr094_A03	ovr094_A03	0x183	x_obj_pos	src/conv/BABLHACK.C:340
SetupToBarter_ovr095_0	ovr095_0	0x1a5	setup_to_barter	src/conv/BARTER.C:114
ovr095_1A5	ovr095_1A5	0x21d	barter_init	src/conv/BARTER.C:164
end_barter_ovr095_3C2	ovr095_3C2	0xca	end_barter	src/conv/BARTER.C:212
ovr095_48C	ovr095_48C	0x47	play_barter	src/conv/BARTER.C:236
ovr095_4D3	ovr095_4D3	0x5c	play_slot_hit_abs	src/conv/BARTER.C:251
ovr095_52F	ovr095_52F	0x5c	npc_slot_hit_abs	src/conv/BARTER.C:269
ovr095_58B	ovr095_58B	0x6e	ovr095_58B	src/conv/BARTER.C:288
ovr095_5F9	ovr095_5F9	0x44	conv_inv_special	src/conv/BARTER.C:310
ovr095_63D	ovr095_63D	0x46	npc_barter	src/conv/BARTER.C:322
ovr095_683	ovr095_683	0x383	UseTradeSlot_ovr097_6E8	src/conv/BARTER.C:341
ovr095_A06	ovr095_A06	0x17a	drawTradeSlot_ovr097_A91	src/conv/BARTER.C:419
ovr095_B80	ovr095_B80	0xa2	PickUpFromSlot_ovr097_C39	src/conv/BARTER.C:461
ovr095_C22	ovr095_C22	0x55	ovr097_CDB	src/conv/BARTER.C:479
ovr095_C77	ovr095_C77	0x153	CombineToSlot_ovr097_D30	src/conv/BARTER.C:490
ovr095_DCA	ovr095_DCA	0xa9	showSelection_ovr097_E83	src/conv/BARTER.C:520
do_decline_ovr095_E73	ovr095_E73	0x94	do_decline_ovr095_E73	
ovr095_F07	ovr095_F07	0x1d5	RedisplayBarterSlots	
ovr095_10DC	ovr095_10DC	0x33	nothing_there	src/conv/BARTER.C:605
do_offer_ovr095_110F	ovr095_110F	0x1ab	do_offer	src/conv/BARTER.C:625
do_demand_ovr095_12BA	ovr095_12BA	0x217	do_demand	src/conv/BARTER.C:687
do_decline_ovr095_14D1	ovr095_14D1	0xd	do_decline	src/conv/BARTER.C:737
TradeAppraisal_ovr095_14DE	ovr095_14DE	0x169	do_judgement	src/conv/BARTER.C:746
ovr095_1647	ovr095_1647	0x6a	total_offering_ovr097_17CB	src/conv/BARTER.C:783
ovr095_16B1	ovr095_16B1	0x108	assess_value	src/conv/BARTER.C:805
ovr095_17B9	ovr095_17B9	0x3e	range	src/conv/BARTER.C:838
GetSelectedPlayerTradeItems_ovr095_17F7	ovr095_17F7	0x63	player_barter_items	src/conv/BARTER.C:844
AddObjectToConversationNPCInventory_ovr095_185A	ovr095_185A	0x13b	npc_inv_add	src/conv/BARTER.C:864
TransferItemToNPC_ovr095_1995	ovr095_1995	0x68	player_barter_give	src/conv/BARTER.C:888
find_inv_ovr095_19FD	ovr095_19FD	0xb4	npc_barter_find	src/conv/BARTER.C:910
take_from_npc_ovr095_1AB1	ovr095_1AB1	0x191	npc_barter_give	src/conv/BARTER.C:941
take_id_from_npc_ovr095_1C42	ovr095_1C42	0x155	npc_barter_give_id	src/conv/BARTER.C:981
ovr095_1D97	ovr095_1D97	0x165	npc_inv_create	src/conv/BARTER.C:1019
ovr095_1EFC	ovr095_1EFC	0x7f	npc_inv_delete	src/conv/BARTER.C:1045
set_likes_dislikes_ovr095_1F7B	ovr095_1F7B	0x32	npc_likes_dislikes	src/conv/BARTER.C:1064
ovr095_1FAD	ovr095_1FAD	0x10a	does_npc_like	src/conv/BARTER.C:1073
ovr096_0	ovr096_0	0x5	init_browse	src/ui/OVR096.C:13
ovr096_5	ovr096_5	0x5	free_browse	src/ui/OVR096.C:14
ovr096_A	ovr096_A	0x8	place_browse	src/ui/OVR096.C:15
ovr096_12	ovr096_12	0x5	browse_show	src/ui/OVR096.C:16
ovr096_17	ovr096_17	0x5	browse_hide	src/ui/OVR096.C:17
ovr096_1C	ovr096_1C	0x5	browse_redisplay	src/ui/OVR096.C:18
ovr096_21	ovr096_21	0x5	browse_chain	src/ui/OVR096.C:19
InitPlayer_ovr098_0	ovr098_0	0x258	init_char	src/game/CHARGEN.C:87
ovr098_258	ovr098_258	0xef	set_sklmnu	src/game/CHARGEN.C:147
ovr098_347	ovr098_347	0x150	show_atts	src/game/CHARGEN.C:177
ovr098_497	ovr098_497	0xbe	show_skills	src/game/CHARGEN.C:199
ovr098_555	ovr098_555	0x2d	set_skills	src/game/CHARGEN.C:222
ovr098_582	ovr098_582	0xd9	roll_stats	src/game/CHARGEN.C:237
ovr098_65B	ovr098_65B	0x2ef	drawopt	src/game/CHARGEN.C:265
ovr098_94A	ovr098_94A	0x165	selopt	src/game/CHARGEN.C:333
ovr098_AAF	ovr098_AAF	0x195	mousopt	src/game/CHARGEN.C:376
MaybeShrine_ovr098_C44	ovr098_C44	0x323	pickopt	src/game/CHARGEN.C:419
ovr098_F67	ovr098_F67	0x546	gen_char	src/game/CHARGEN.C:536
ovr098_14AD	ovr098_14AD	0x22	adr_chrpic	src/game/CHARGEN.C:677
ovr098_14CF	ovr098_14CF	0x3f	move_chrpic	src/game/CHARGEN.C:688
ovr098_150E	ovr098_150E	0x289	strt_chargen	src/game/CHARGEN.C:698
ovr098_1797	ovr098_1797	0x1e	create_player	src/game/CHARGEN.C:776
ovr099_0	ovr099_0	0x16	init_combinables	src/obj/COMBINE.C:39
ovr099_16	ovr099_16	0x144	ObjsBeCombinable	src/obj/COMBINE.C:49
ovr099_15A	ovr099_15A	0x1f	CombineObjs	src/obj/COMBINE.C:82
ovr099_179	ovr099_179	0x39	RemoveAfterCombine	src/obj/COMBINE.C:89
RotwormStew_ovr099_1B2	ovr099_1B2	0x174	make_stew	src/obj/COMBINE.C:110
TalkTo_ovr100_0	ovr100_0	0x197	TalkTo	src/conv/CONVERSE.C:117
ovr100_197	ovr100_197	0x22	adr_convpic	src/conv/CONVERSE.C:158
ovr100_1B9	ovr100_1B9	0x28	move_convpic	src/conv/CONVERSE.C:166
BeginConversation_ovr100_1E1	ovr100_1E1	0x3fc	strt_converse	src/conv/CONVERSE.C:177
ovr100_5DD	ovr100_5DD	0x26	free_converse	src/conv/CONVERSE.C:259
ovr100_603	ovr100_603	0x5	do_escape_key	src/conv/CONVERSE.C:271
InitConversation_ovr100_608	ovr100_608	0x375	Converse	src/conv/CONVERSE.C:278
ovr100_97D	ovr100_97D	0xd0	converse_event_loop	src/conv/CONVERSE.C:343
babl_menu_ovr100_A4D	ovr100_A4D	0x1df	conv_choice_ovr103_A13	src/conv/CONVERSE.C:378
babl_fmenu_ovr100_C2C	ovr100_C2C	0x224	conv_fmenu_ovr103_BF2	src/conv/CONVERSE.C:424
ovr100_E50	ovr100_E50	0xfc	conv_play_menu	src/conv/CONVERSE.C:478
Say_ovr100_F4C	ovr100_F4C	0x67	npc_say	src/conv/CONVERSE.C:510
Respond_ovr100_FB3	ovr100_FB3	0x53	play_respond	src/conv/CONVERSE.C:523
ovr100_1006	ovr100_1006	0x67	play_say	src/conv/CONVERSE.C:535
print_ovr100_106D	ovr100_106D	0xb7	conv_print	src/conv/CONVERSE.C:548
pause_ovr100_1124	ovr100_1124	0x33	conv_pause_ovr103_10DD	src/conv/CONVERSE.C:566
babl_ask_ovr100_1157	ovr100_1157	0x8e	getInputText_ovr103_1117	src/conv/CONVERSE.C:577
shov_inv_ovr100_11E5	ovr100_11E5	0x87	conv_check_inv	src/conv/CONVERSE.C:600
find_barter_ovr100_126C	ovr100_126C	0xae	find_barter	src/conv/CONVERSE.C:619
find_barter_total_ovr100_131A	ovr100_131A	0x14b	find_barter_total	src/conv/CONVERSE.C:642
give_to_npc_ovr100_1465	ovr100_1465	0xe8	conv_give_inv	src/conv/CONVERSE.C:671
give_ptr_npc_ovr100_154D	ovr100_154D	0xd2	give_ptr_npc	src/conv/CONVERSE.C:696
do_inv_delete_ovr100_161F	ovr100_161F	0x1b	conv_inv_delete	src/conv/CONVERSE.C:721
find_inv_ovr100_163A	ovr100_163A	0x2b	conv_find_inv	src/conv/CONVERSE.C:723
take_from_npc_ovr100_1665	ovr100_1665	0x1b	conv_take_inv	src/conv/CONVERSE.C:725
take_id_from_npc_ovr100_1680	ovr100_1680	0x1b	conv_take_inv_id	src/conv/CONVERSE.C:727
do_inv_create_ovr100_169B	ovr100_169B	0x1b	conv_inv_create	src/conv/CONVERSE.C:729
identify_inv_ovr100_16B6	ovr100_16B6	0x1f2	conv_inv_name	src/conv/CONVERSE.C:734
count_inv_ovr100_18A8	ovr100_18A8	0x5c	count_inv	src/conv/CONVERSE.C:788
check_inv_quality_ovr100_1904	ovr100_1904	0x36	check_inv_quality	src/conv/CONVERSE.C:801
set_inv_quality_ovr100_193A	ovr100_193A	0x4b	set_inv_quality	src/conv/CONVERSE.C:813
ovr101_0	ovr101_0	0x17	creature_init	src/critter/CREATURE.C:42
ovr101_17	ovr101_17	0x17	creature_save_ovr101_17	src/critter/CREATURE.C:53
ovr101_2E	ovr101_2E	0x30	creature_class_data	src/critter/CREATURE.C:60
ovr101_5E	ovr101_5E	0x2db	creature_obj_init	src/critter/CREATURE.C:74
ImportConversationVariables_ovr103_0	ovr103_0	0x492	setup_converse_data	src/conv/CONVVARS.C:43
RetrieveImportedVariablesAfterConversation_ovr103_492	ovr103_492	0x1f1	update_converse_data	src/conv/CONVVARS.C:129
SetGoalAndGtarg_ovr104_0	ovr104_0	0x3e	change_critter_goal	src/critter/CRITTIME.C:63
ovr104_3E	ovr104_3E	0x7d	yearly_checkup	src/critter/CRITTIME.C:78
ovr104_BB	ovr104_BB	0x5a	set_gridx_and_y_based_on_tile_type	src/critter/CRITTIME.C:95
CalmNPCS_ovr104_115	ovr104_115	0x2f8	up_crit	src/critter/CRITTIME.C:132
CalmMobileObjects_ovr104_40D	ovr104_40D	0x129	up_mob	src/critter/CRITTIME.C:198
ResetMobileObjects_ovr104_536	ovr104_536	0x148	update_all_critters_whilst_player_snoozes	src/critter/CRITTIME.C:230
ovr104_67E	ovr104_67E	0x73	check_for_hostile_creature	src/critter/CRITTIME.C:274
CheckNearbyNPCHunger_ovr104_6F1	ovr104_6F1	0x2b	hostile_creatures_near	src/critter/CRITTIME.C:290
ovr104_71C	ovr104_71C	0x464	wander_that_monster	src/critter/CRITTIME.C:303
UpdateNearByNPCMovements_ovr104_B80	ovr104_B80	0x2b	wandering_monster_check	src/critter/CRITTIME.C:371
LoadCombatState_ovr104_BAB	ovr104_BAB	0x34	set_creatures_from_saved_game	src/critter/CRITTIME.C:381
SaveCombatState_ovr104_BDF	ovr104_BDF	0x44	set_creatures_to_saved_game	src/critter/CRITTIME.C:392
ovr104_C23	ovr104_C23	0x14	init_level_creature_stuff	src/critter/CRITTIME.C:402
AngerNPCByIllegalAction_ovr104_C37	ovr104_C37	0x215	critter_get_told	src/critter/CRITTIME.C:420
ovr104_E4C	ovr104_E4C	0x95	player_grabbed	src/critter/CRITTIME.C:470
ovr105_0	ovr105_0	0x10	get_cut_banks	src/gfx/CUTS.C:134
ovr105_10	ovr105_10	0x44	get_cuts_block	src/gfx/CUTS.C:142
ovr105_54	ovr105_54	0xa	free_cuts_ems	src/gfx/CUTS.C:152
ovr105_5E	ovr105_5E	0x3c	makeFourChars_ovr108_671	src/gfx/CUTS.C:158
ovr105_9A	ovr105_9A	0xa3	anm_lptab	src/gfx/CUTS.C:168
ovr105_13D	ovr105_13D	0x67	read_anim_hdr	src/gfx/CUTS.C:190
ovr105_1A4	ovr105_1A4	0x48	readlp	src/gfx/CUTS.C:206
ovr105_1EC	ovr105_1EC	0x89	read_lp_inc	src/gfx/CUTS.C:216
ovr105_275	ovr105_275	0x6c	conv_anmpal	src/gfx/CUTS.C:234
ovr105_2E1	ovr105_2E1	0xca	anm_cycle	src/gfx/CUTS.C:252
ovr105_3AB	ovr105_3AB	0xb	free_block	src/gfx/CUTS.C:270
CutsceneDisplayString_ovr105_3B6	ovr105_3B6	0x200	cutsop_txt	src/gfx/CUTS.C:278
Cutscene_1_SetFlag_ovr105_5B6	ovr105_5B6	0xf	cutsop_erase	src/gfx/CUTS.C:329
CutsceneNOP_ovr105_5C5	ovr105_5C5	0x8	cutsop_func	src/gfx/CUTS.C:336
Cutscene_3_Pause_ovr105_5CD	ovr105_5CD	0x2d	cutsop_pause	src/gfx/CUTS.C:342
Cutscene_14_Wait_ovr105_5FA	ovr105_5FA	0x47	cutsop_wait	src/gfx/CUTS.C:352
Cutscene4_PlayToFrame_ovr105_641	ovr105_641	0x41	cutsop_skip	src/gfx/CUTS.C:366
Cutscene5_UNK_ovr105_682	ovr105_682	0xf	cutsop_stop	src/gfx/CUTS.C:379
Cutscene_End_ovr105_691	ovr105_691	0x14	cutsop_end	src/gfx/CUTS.C:386
Cutscene_RepeatSeg_ovr105_6A5	ovr105_6A5	0x27	cutsop_loop	src/gfx/CUTS.C:394
Cutscene_8_ChangeFile_ovr105_6CC	ovr105_6CC	0x4d	cutsop_data	src/gfx/CUTS.C:404
Cutscene_13_TextAndSound_ovr105_719	ovr105_719	0x63	cutsop_say	src/gfx/CUTS.C:416
Cutscene_9_FadeOut_ovr105_77C	ovr105_77C	0x22	cutsop_fadeout	src/gfx/CUTS.C:432
Cutscene_10_FadeIn_ovr105_79E	ovr105_79E	0x22	cutsop_fadein	src/gfx/CUTS.C:439
Cutscene_11_Unk_ovr105_7C0	ovr105_7C0	0x3d	cutsop_jump	src/gfx/CUTS.C:446
Cutscene_12_Unknown_ovr105_7FD	ovr105_7FD	0x1e	cutsop_punt	src/gfx/CUTS.C:459
Cutscene_15_KLANG_ovr105_81B	ovr105_81B	0x15	cutsop_clang	src/gfx/CUTS.C:466
ovr105_830	ovr105_830	0x39	do_sound	src/gfx/CUTS.C:473
CutsceneDataProcessing_ovr105_869	ovr105_869	0xb99	show_anm	src/gfx/CUTS.C:491
PlayCutscene_ovr105_1402	ovr105_1402	0xe1	runcutscene	src/gfx/CUTS.C:770
ovr105_14E3	ovr105_14E3	0x13	init_cutscene	src/gfx/CUTS.C:810
OpenCutsFile_ovr105_14F6	ovr105_14F6	0x143	value_cuts	src/gfx/CUTS.C:818
ovr105_1639	ovr105_1639	0x19	cuts_skipline	src/gfx/CUTS.C:839
ovr106_0	ovr106_0	0x1b	init_debug	src/sys/DEBUG.C:28
SetBasePtrToStackPtr_ovr106_1B	ovr106_1B	0x5	dprintf	src/sys/DEBUG.C:34
ovr106_20	ovr106_20	0x5	ovr106_20	src/sys/DEBUG.C:39
ovr107_0	ovr107_0	0x949	find_good_x_and_y	src/event/WORLDEV.C:76
Teleport_ovr107_949	ovr107_949	0xaf	do_teleport	src/event/WORLDEV.C:175
ChangeTile_ovr107_9F8	ovr107_9F8	0x2ba	change_terrain	src/event/WORLDEV.C:210
DamageTrap_ovr107_CB2	ovr107_CB2	0xc2	whack_thing	src/event/WORLDEV.C:272
SpellTrap_ovr107_D74	ovr107_D74	0x50	inanimate_spell	src/event/WORLDEV.C:299
Fishing_ovr107_DC4	ovr107_DC4	0xdd	go_fish	src/event/WORLDEV.C:315
Bullfrog_ovr107_EA1	ovr107_EA1	0x16a	work_bullfrog_tiles	src/event/WORLDEV.C:355
EmeraldDoTrap_ovr107_100B	ovr107_100B	0x1ae	emerald_trap	src/event/WORLDEV.C:403
TrespassTrap_ovr107_11B9	ovr107_11B9	0x19	player_did_bad	src/event/WORLDEV.C:440
do_trap_platform_ovr107_11D2	ovr107_11D2	0x87	eight_pos_switch	src/event/WORLDEV.C:449
ExplodingBook_ovr107_1259	ovr107_1259	0xc0	ExplodingBook_ovr107_1259	src/event/WORLDEV.C:466
TalkingDoor_ovr107_1319	ovr107_1319	0x5a	talking_door_trap	src/event/WORLDEV.C:492
ArialTalking_ovr107_1373	ovr107_1373	0x17	do_arial_talking	src/event/WORLDEV.C:505
RemoveObject_ovr107_138A	ovr107_138A	0x47	remove_whoami	src/event/WORLDEV.C:513
TyballDeath_ovr107_13D1	ovr107_13D1	0xce	TyballDeath_ovr107_13D1	src/event/WORLDEV.C:529
SpecialDeathCases_ovr107_149F	ovr107_149F	0x130	death_check	src/event/WORLDEV.C:555
GetItemDurability_ovr107_15CF	ovr107_15CF	0x6d	get_rep_diff	src/event/WORLDEV.C:601
ovr107_163C	ovr107_163C	0x118	do_repair	src/event/WORLDEV.C:623
ItemRepair_ovr107_1754	ovr107_1754	0x1f2	repair_item	src/event/WORLDEV.C:666
ResetObjectIdentification_ovr107_1946	ovr107_1946	0x76	clear_loretry	src/event/WORLDEV.C:728
ResetObjectIdentifcation_ovr107_19BC	ovr107_19BC	0x6d	clear_all_loretries	src/event/WORLDEV.C:739
ovr109_0	ovr109_0	0x4a	main	src/game/UWEDIT.C:130
ovr109_4A	ovr109_4A	0x16a	init_world	src/game/UWEDIT.C:150
ovr109_1B4	ovr109_1B4	0x40	free_world	src/game/UWEDIT.C:201
SplashScreen_ovr109_1F4	ovr109_1F4	0x18	titlescr	src/game/UWEDIT.C:217
ovr109_20C	ovr109_20C	0x94	init_edit	src/game/UWEDIT.C:227
ovr109_2A0	ovr109_2A0	0xb	editexit	src/game/UWEDIT.C:245
ResetMap_ovr109_2AB	ovr109_2AB	0x19	clearobj	src/game/UWEDIT.C:253
ovr109_2C4	ovr109_2C4	0x3b	change_screen	src/game/UWEDIT.C:262
ShowMapAndOtherFullScreenUIs_ovr109_2FF	ovr109_2FF	0x6f	newscr	src/game/UWEDIT.C:283
ovr109_36E	ovr109_36E	0xd	ovr112_389	src/game/UWEDIT.C:300
ovr109_37B	ovr109_37B	0xad	strt_demscr	src/game/UWEDIT.C:308
ovr109_428	ovr109_428	0x14	free_demscr	src/game/UWEDIT.C:330
ovr109_43C	ovr109_43C	0xbf	reset_game	src/game/UWEDIT.C:341
DeathEndGame_ovr109_4FB	ovr109_4FB	0xd9	real_death	src/game/UWEDIT.C:374
soundrelated_ovr109_5D4	ovr109_5D4	0xa	do_3d_view	src/game/UWEDIT.C:408
DividByZeroError_ovr109_5DE	ovr109_5DE	0x4f	div_zero_ovr112_661	src/game/UWEDIT.C:415
Teleport_ovr109_62D	ovr109_62D	0x113	new_player_pos	src/game/UWEDIT.C:431
ovr109_740	ovr109_740	0x33	ReadCfg_ovr112_839	src/game/UWEDIT.C:471
ovr110_0	ovr110_0	0xab	error_code	src/sys/ERROR.C:29
ovr110_AB	ovr110_AB	0x1c	first_punt	src/sys/ERROR.C:62
CanNoLongerRunError_ovr110_C7	ovr110_C7	0x8c	pfatal_code	src/sys/ERROR.C:75
ovr110_153	ovr110_153	0x41	pfatal	src/sys/ERROR.C:93
ovr112_0	ovr112_0	0x149	save_screenshot	src/gfx/SCRSHOT.C:63
ovr112_149	ovr112_149	0x4b	ovr112_149	src/gfx/SCRSHOT.C:100
ovr112_194	ovr112_194	0x2f	ovr112_194	src/gfx/SCRSHOT.C:112
ovr112_1C3	ovr112_1C3	0xe0	ovr112_1C3	src/gfx/SCRSHOT.C:120
ovr112_2A3	ovr112_2A3	0x17d	ovr112_2A3	src/gfx/SCRSHOT.C:145
ovr112_420	ovr112_420	0x87	GifPixel_ovr116_420	src/gfx/SCRSHOT.C:200
ovr113_0	ovr113_0	0x1ce	preload_cr	src/critter/CRPAGES.C:57
ovr113_1CE	ovr113_1CE	0x5c	NightCleanCritPages	src/critter/CRPAGES.C:110
ovr113_22A	ovr113_22A	0x78	punt_idle_crpage	src/critter/CRPAGES.C:132
ovr113_2A2	ovr113_2A2	0xb9	ovr113_2A2	src/critter/CRPAGES.C:162
ovr113_35B	ovr113_35B	0x72	swap_ws_out	src/critter/CRPAGES.C:190
ovr113_3CD	ovr113_3CD	0x4e	unswap_ws	src/critter/CRPAGES.C:211
ovr114_0	ovr114_0	0x35	grfx_init	src/gfx/GRFX.C:60
OpenFont_ovr114_35	ovr114_35	0x88	grfx_load_font	src/gfx/GRFX.C:74
ovr114_BD	ovr114_BD	0xf	grfx_close	src/gfx/GRFX.C:92
ovr114_CC	ovr114_CC	0x2f	grfx_clear	src/gfx/GRFX.C:99
ovr114_FB	ovr114_FB	0x5f	read_quikpal	src/gfx/GRFX.C:109
GetPalette_ovr114_15A	ovr114_15A	0x2e	grfx_quikpal	src/gfx/GRFX.C:124
ovr114_188	ovr114_188	0x2b	grfx_setpal	src/gfx/GRFX.C:134
ovr114_1B3	ovr114_1B3	0x106	fadeout	src/gfx/GRFX.C:144
ovr114_2B9	ovr114_2B9	0xe8	fadein	src/gfx/GRFX.C:174
ovr114_3A1	ovr114_3A1	0x43	out3d	src/gfx/GRFX.C:203
ovr114_3E4	ovr114_3E4	0x96	in3d	src/gfx/GRFX.C:219
ovr114_47A	ovr114_47A	0x17	fadeout3d	src/gfx/GRFX.C:251
ovr114_491	ovr114_491	0x17	fadein3d	src/gfx/GRFX.C:252
ovr114_4A8	ovr114_4A8	0x17	steps_fadeout3d_ovr118_534	src/gfx/GRFX.C:256
ovr114_4BF	ovr114_4BF	0x17	steps_fadein3d_ovr118_54B	src/gfx/GRFX.C:257
ProbablyFlashColour_ovr114_4D6	ovr114_4D6	0x28	fill_FB	src/gfx/GRFX.C:261
DoTrapCamera_ovr114_4FE	ovr114_4FE	0x54	cameras_fade	src/gfx/GRFX.C:274
ovr115_0	ovr115_0	0x89	get_pals	src/gfx/LOADGR.C:91
ovr115_89	ovr115_89	0x122	_ld_open	src/gfx/LOADGR.C:108
ovr115_1AB	ovr115_1AB	0x1b	_ld_close	src/gfx/LOADGR.C:139
ovr115_1C6	ovr115_1C6	0xb9	_ld_gr	src/gfx/LOADGR.C:146
ovr115_27F	ovr115_27F	0x54	adrnew_ems	src/gfx/LOADGR.C:167
ovr115_2D3	ovr115_2D3	0x41	adrold_ems	src/gfx/LOADGR.C:184
ovr115_314	ovr115_314	0x40	movenew_ems	src/gfx/LOADGR.C:192
ovr115_354	ovr115_354	0x6f	moveobj_ems	src/gfx/LOADGR.C:201
ovr115_3C3	ovr115_3C3	0x75	move_reload_obj_ems	src/gfx/LOADGR.C:216
ovr115_438	ovr115_438	0xb	adrnew_vram	src/gfx/LOADGR.C:232
ovr115_443	ovr115_443	0xc	adr_const	src/gfx/LOADGR.C:238
ovr115_44F	ovr115_44F	0x7d	movenew_vram	src/gfx/LOADGR.C:246
ovr115_4CC	ovr115_4CC	0x59	move_vram	src/gfx/LOADGR.C:260
DecodeArtFile_ovr115_525	ovr115_525	0xd1	gronk_gr	src/gfx/LOADGR.C:272
ovr115_5F6	ovr115_5F6	0x2e	load_gr_ems	src/gfx/LOADGR.C:306
ovr115_624	ovr115_624	0x24	load_obj_ems	src/gfx/LOADGR.C:316
ovr115_648	ovr115_648	0x26	reload_obj_ems	src/gfx/LOADGR.C:325
ovr115_66E	ovr115_66E	0x103	load_tr_ems	src/gfx/LOADGR.C:333
ReadGRFile_ovr115_771	ovr115_771	0x2e	load_gr_video	src/gfx/LOADGR.C:362
ovr115_79F	ovr115_79F	0x3d	GrLoadAt_ovr119_949	src/gfx/LOADGR.C:372
ovr115_7DC	ovr115_7DC	0x37	reload_gr_vpic	src/gfx/LOADGR.C:384
ovr115_813	ovr115_813	0x2b	read_gr_far	src/gfx/LOADGR.C:394
ovr115_83E	ovr115_83E	0x195	load_all_gr	src/gfx/LOADGR.C:402
ovr115_9D3	ovr115_9D3	0x58	load_doors	src/gfx/LOADGR.C:445
ovr116_0	ovr116_0	0x3a	hack_init	src/obj/HACK.C:24
ovr116_3A	ovr116_3A	0x53	hack_class_data	src/obj/HACK.C:34
ClickOnInventorySlot_ovr117_0	ovr117_0	0x192	DoSpecialActions	src/inv/BAGS.C:60
ovr117_192	ovr117_192	0x4d	MakeBagClose	src/inv/BAGS.C:112
ovr117_1DF	ovr117_1DF	0x8c	CloseAllBags	src/inv/BAGS.C:125
ovr117_26B	ovr117_26B	0xb6	FixBagArea	src/inv/BAGS.C:143
ovr117_321	ovr117_321	0xc9	CloseTheBag	src/inv/BAGS.C:172
ovr117_3EA	ovr117_3EA	0xb4	DisplayOpenBag	src/inv/BAGS.C:194
ovr117_49E	ovr117_49E	0x1de	FixOpenBag	src/inv/BAGS.C:218
ovr117_67C	ovr117_67C	0x3b0	OpenTheBag	src/inv/BAGS.C:269
ovr117_A2C	ovr117_A2C	0x24	ScrollItemsUp	src/inv/BAGS.C:351
ovr117_A50	ovr117_A50	0xdd	ScrollItemsDown	src/inv/BAGS.C:362
ovr117_B2D	ovr117_B2D	0x31c	PutObjectInBag	src/inv/BAGS.C:392
ovr117_E49	ovr117_E49	0x188	SwapItemsInBag	src/inv/BAGS.C:474
ovr117_FD1	ovr117_FD1	0xbe	BagWeight	src/inv/BAGS.C:512
ovr118_0	ovr118_0	0x12c	makePlayerInvCopy	src/inv/INVSAVE.C:54
ovr118_12C	ovr118_12C	0xda	SavePlayerInv	src/inv/INVSAVE.C:84
ovr118_206	ovr118_206	0xe0	InvSaveNexts	src/inv/INVSAVE.C:114
ovr118_2E6	ovr118_2E6	0x54	replaceInInv	src/inv/INVSAVE.C:136
ovr118_33A	ovr118_33A	0x1a	allocSaveObj	src/inv/INVSAVE.C:146
ovr118_354	ovr118_354	0x22	getSaveObj	src/inv/INVSAVE.C:153
ovr118_376	ovr118_376	0x55	putInInv	src/inv/INVSAVE.C:161
ovr118_3CB	ovr118_3CB	0xf3	InvRestoreNexts	src/inv/INVSAVE.C:171
ClearObjectList_ovr118_4BE	ovr118_4BE	0xb5	FreePlayerInv	src/inv/INVSAVE.C:193
ovr118_573	ovr118_573	0xc6	getPlayerInvCopy	src/inv/INVSAVE.C:212
ovr118_639	ovr118_639	0x13d	RestorePlayerInv	src/inv/INVSAVE.C:235
ovr119_0	ovr119_0	0x64	add_rune	src/combat/RUNES.C:56
ovr119_64	ovr119_64	0x19	clear_runes	src/combat/RUNES.C:73
ovr119_7D	ovr119_7D	0x62	ShowRune	src/combat/RUNES.C:82
ovr119_DF	ovr119_DF	0x61	RedispRune	src/combat/RUNES.C:91
ovr119_140	ovr119_140	0x2e	clear_shelf	src/combat/RUNES.C:106
ovr119_16E	ovr119_16E	0x14a	mous_in_rune	src/combat/RUNES.C:117
NotASpellError_ovr119_2B8	ovr119_2B8	0x11	not_a_spell	src/combat/RUNES.C:151
LookAtActiveSpell_ovr119_2C9	ovr119_2C9	0xd0	try_clear	src/combat/RUNES.C:159
PlayerAttemptsSpellCast_ovr119_399	ovr119_399	0xcc	try_cast	src/combat/RUNES.C:190
SpellErrorMessage_ovr119_465	ovr119_465	0x23	fail_spell	src/combat/RUNES.C:221
PlayerCastsValidSpell_ovr119_488	ovr119_488	0x157	player_cast	src/combat/RUNES.C:236
ovr120_0	ovr120_0	0x15	RedisplayInvSlot	src/inv/INVDATA.C:55
GetItemInSlot_ovr120_15	ovr120_15	0x17	AskInventory	src/inv/INVDATA.C:61
ovr120_2C	ovr120_2C	0x2b	FindEmptySlot	src/inv/INVDATA.C:68
ovr120_57	ovr120_57	0xf3	AddToInventory	src/inv/INVDATA.C:82
ovr120_14A	ovr120_14A	0xd2	FindSlot	src/inv/INVDATA.C:116
FindObjectInInventory_ovr120_21C	ovr120_21C	0x230	FindObj	src/inv/INVDATA.C:141
ovr120_44C	ovr120_44C	0xf3	find_obj	src/inv/INVDATA.C:187
ovr120_53F	ovr120_53F	0x65	pick_inv	src/inv/INVDATA.C:213
ovr120_5A4	ovr120_5A4	0x17	WhatsInSlot	src/inv/INVDATA.C:231
ovr120_5BB	ovr120_5BB	0x15	InvRemoveObject	src/inv/INVDATA.C:237
RemoveObjectFromInventory_ovr120_5D0	ovr120_5D0	0x15	InvRemoveOneObject	src/inv/INVDATA.C:243
RemoveQTYFromPlayerInventory_ovr120_5E5	ovr120_5E5	0x1b0	invRemoveObject	src/inv/INVDATA.C:251
ovr120_795	ovr120_795	0x88	RemoveAllFromSlot	src/inv/INVDATA.C:296
ovr120_81D	ovr120_81D	0x88	RemoveOneFromSlot	src/inv/INVDATA.C:312
ovr120_8A5	ovr120_8A5	0x30	removeFromSlot	src/inv/INVDATA.C:328
ovr120_8D5	ovr120_8D5	0x2cd	takeFromSlot	src/inv/INVDATA.C:341
ovr120_BA2	ovr120_BA2	0x6d	ObjWorn	src/inv/INVDATA.C:401
ovr120_C0F	ovr120_C0F	0x1ce	DamageInventory	src/inv/INVDATA.C:419
ovr120_DDD	ovr120_DDD	0x97	ItemWeight	src/inv/INVDATA.C:469
ovr120_E74	ovr120_E74	0x22	EncumCheck	src/inv/INVDATA.C:486
ovr121_0	ovr121_0	0x48	load_inventory_pix	src/inv/INVPANEL.C:119
ovr121_48	ovr121_48	0x19d	BeginInventory	src/inv/INVPANEL.C:131
ovr121_1E5	ovr121_1E5	0x5	EndInventory	src/inv/INVPANEL.C:166
ovr121_1EA	ovr121_1EA	0x57	ClearInventory	src/inv/INVPANEL.C:171
ovr121_241	ovr121_241	0x342	DoInventoryMouse	src/inv/INVPANEL.C:194
ovr121_583	ovr121_583	0xb4	DoInventoryDrag	src/inv/INVPANEL.C:291
ovr121_637	ovr121_637	0x3a	load_inv_pic	src/inv/INVPANEL.C:327
ovr121_671	ovr121_671	0x22b	DisplayInvSpecial	src/inv/INVPANEL.C:343
ovr121_89C	ovr121_89C	0xbe	DisplayInvObject	src/inv/INVPANEL.C:397
ovr121_95A	ovr121_95A	0xba	SetCursorObj	src/inv/INVPANEL.C:426
ovr121_A14	ovr121_A14	0x137	AskHowMany	src/inv/INVPANEL.C:452
MaybeContainerLogic_ovr121_B4B	ovr121_B4B	0x5c0	ItemFitsSlot	src/inv/INVPANEL.C:510
ovr121_110B	ovr121_110B	0x54	RearrangeInventory	src/inv/INVPANEL.C:663
ovr121_115F	ovr121_115F	0x50	AddToEmptySlot	src/inv/INVPANEL.C:674
ovr121_11AF	ovr121_11AF	0x16c	AddTogether	src/inv/INVPANEL.C:697
ovr121_131B	ovr121_131B	0x305	AddToOccupiedSlot	src/inv/INVPANEL.C:727
MaybeRefreshInventory_ovr121_1620	ovr121_1620	0x46	DisplayInventory	src/inv/INVPANEL.C:807
ovr121_1666	ovr121_1666	0x1c1	displayInventoryArray	src/inv/INVPANEL.C:821
UpdateWeightDisplay_ovr121_1827	ovr121_1827	0x85	displayEnc	src/inv/INVPANEL.C:874
ovr121_18AC	ovr121_18AC	0x9c	FindInventoryHit	src/inv/INVPANEL.C:897
LookAt_ovr122_0	ovr122_0	0x34a	LookAt	src/obj/LOOK.C:53
LookAtMagicEquipment_ovr122_34A	ovr122_34A	0x62	do_mods	src/obj/LOOK.C:138
MagicItemDescription_ovr122_3AC	ovr122_3AC	0x1da	do_of	src/obj/LOOK.C:158
Read_ovr122_586	ovr122_586	0x13b	BookLook	src/obj/LOOK.C:222
ovr122_6C1	ovr122_6C1	0x25a	RectLook	src/obj/LOOK.C:262
LookAtBones_ovr122_91B	ovr122_91B	0xdb	BonesLook	src/obj/LOOK.C:323
LookAtKey_ovr122_9F6	ovr122_9F6	0x42	KeyLook	src/obj/LOOK.C:349
LookAtNPC_ovr122_A38	ovr122_A38	0x1d9	CritterLook	src/obj/LOOK.C:366
LookAtObject_ovr122_C11	ovr122_C11	0xb2	SpecialLook	src/obj/LOOK.C:413
LookAtTalisman_ovr122_CC3	ovr122_CC3	0xa5	talisman_desc	src/obj/LOOK.C:443
ovr123_0	ovr123_0	0x37	Map_Init	src/map/MAP.C:56
ovr123_37	ovr123_37	0x3f	OverwriteAllTiles_ovr128_37	src/map/MAP.C:68
ovr123_76	ovr123_76	0xf8	Map_Load	src/map/MAP.C:86
ovr123_16E	ovr123_16E	0xf0	Map_Save	src/map/MAP.C:117
ovr125_0	ovr125_0	0x3a	misc_init	src/obj/MISC.C:23
ovr125_3A	ovr125_3A	0x50	misc_class_data	src/obj/MISC.C:33
Acknowledgements_ovr126_0	ovr126_0	0x18	show_credits	src/game/OVR126.C:15
ovr127_0	ovr127_0	0x7	ovr127_0	src/sys/OVR127.C:15
ovr129_0	ovr129_0	0xee	init_objects	src/obj/OBJCLASS.C:37
ovr129_EE	ovr129_EE	0x7	Return0_ovr129_EE	src/obj/OBJCLASS.C:69
ovr129_F5	ovr129_F5	0x36	get_class_data	src/obj/OBJCLASS.C:76
ovr130_0	ovr130_0	0x121	run_options_panel	src/ui/OPTIONS.C:84
ovr130_121	ovr130_121	0x2a	draw_options_back	src/ui/OPTIONS.C:134
ovr130_14B	ovr130_14B	0x3b	draw_options_btn	src/ui/OPTIONS.C:141
ovr130_186	ovr130_186	0x38	hilite	src/ui/OPTIONS.C:148
ovr130_1BE	ovr130_1BE	0x56	close_option_panel	src/ui/OPTIONS.C:158
ovr130_214	ovr130_214	0x1e	draw_top_page	src/ui/OPTIONS.C:171
ovr130_232	ovr130_232	0x5a	draw_save_page	src/ui/OPTIONS.C:179
ovr130_28C	ovr130_28C	0x1e	draw_quit_yn_page	src/ui/OPTIONS.C:193
ovr130_2AA	ovr130_2AA	0xa9	draw_music_and_sound_page	src/ui/OPTIONS.C:201
ovr130_353	ovr130_353	0x62	draw_detail_page	src/ui/OPTIONS.C:222
ovr130_3B5	ovr130_3B5	0x58	choose_music	src/ui/OPTIONS.C:235
ovr130_40D	ovr130_40D	0x58	choose_sounds	src/ui/OPTIONS.C:257
ovr130_465	ovr130_465	0xb2	choose_detail	src/ui/OPTIONS.C:279
ovr130_517	ovr130_517	0x57	choose_top	src/ui/OPTIONS.C:308
ovr130_56E	ovr130_56E	0xaa	choose_save	src/ui/OPTIONS.C:338
ovr130_618	ovr130_618	0x5b	choose_quit	src/ui/OPTIONS.C:369
ovr130_673	ovr130_673	0x16	set_options_page	src/ui/OPTIONS.C:388
ovr130_689	ovr130_689	0x4d	press_options_btn	src/ui/OPTIONS.C:394
ovr130_6D6	ovr130_6D6	0x1c	options_mouse_click	src/ui/OPTIONS.C:408
ovr130_6F2	ovr130_6F2	0xf6	options_handle_key	src/ui/OPTIONS.C:421
ovr130_7E8	ovr130_7E8	0x46	do_option_shortcut	src/ui/OPTIONS.C:467
ovr131_0	ovr131_0	0x1dd	init_txtlib	src/map/TEXTMAPS.C:66
ovr131_1DD	ovr131_1DD	0x30	ovr131_1DD	src/map/TEXTMAPS.C:107
ApplyTerrainData_ovr131_20D	ovr131_20D	0xd5	Txm_Load	src/map/TEXTMAPS.C:118
ovr131_2E2	ovr131_2E2	0x93	Txm_Save	src/map/TEXTMAPS.C:147
LoadT64AndDoorsGR_ovr131_375	ovr131_375	0x127	load_txtmaps	src/map/TEXTMAPS.C:164
LoadTextureFile_ovr131_49C	ovr131_49C	0x145	load_tr_mem	src/map/TEXTMAPS.C:194
BuildTerrainData_ovr131_5E1	ovr131_5E1	0xa6	Load_Terrains	src/map/TEXTMAPS.C:232
ovr133_0	ovr133_0	0x5	MaybePlayerDayLoadrelated_ovr142_0	src/game/PLAYDATA.C:98
ovr133_5	ovr133_5	0xfb	save_player_data	src/game/PLAYDATA.C:104
ovr133_100	ovr133_100	0xe4	read_player_data	src/game/PLAYDATA.C:129
ResetPlayerStatusValues_ovr133_1E4	ovr133_1E4	0x78	init_spells	src/game/PLAYDATA.C:156
ApplyMazeTexture_ovr133_25C	ovr133_25C	0x3d	swap_tmap	src/game/PLAYDATA.C:172
ovr133_299	ovr133_299	0xae	set_drugged	src/game/PLAYDATA.C:185
ActiveEnchantedItem_Spells_ovr133_347	ovr133_347	0x237	player_affected_by	src/game/PLAYDATA.C:226
RetrieveActiveSpells_ovr133_57E	ovr133_57E	0x84	parse_aspells	src/game/PLAYDATA.C:303
MazeNavigation_ovr133_602	ovr133_602	0x5b	set_maze	src/game/PLAYDATA.C:318
ApplyDefenceStealthBonuses_ovr133_65D	ovr133_65D	0xd0	parse_spells	src/game/PLAYDATA.C:336
ovr133_72D	ovr133_72D	0x57	armor_val	src/game/PLAYDATA.C:364
PlayerStatusUpdate_ovr133_784	ovr133_784	0x39c	FixPlayerEquips	src/game/PLAYDATA.C:387
ovr134_0	ovr134_0	0x22	Punt_player_inv	src/game/PLAYER.C:77
ovr134_22	ovr134_22	0xb0	InitPlayerRec	src/game/PLAYER.C:88
InitPlayerAndRegisterKeys_ovr134_D2	ovr134_D2	0x609	init_player	src/game/PLAYER.C:120
ovr134_6DB	ovr134_6DB	0x25d	mous_player	src/game/PLAYER.C:211
ovr134_938	ovr134_938	0x6e	demous_player	src/game/PLAYER.C:230
ovr134_9A6	ovr134_9A6	0x6d	report_loc	src/game/PLAYER.C:246
PrintGameVersion_ovr134_A13	ovr134_A13	0x1b	show_version	src/game/PLAYER.C:264
SetCameraViewAtObject_ovr134_A2E	ovr134_A2E	0xc9	home_cam	src/game/PLAYER.C:271
ovr134_AF7	ovr134_AF7	0xb8	move_cam	src/game/PLAYER.C:298
ChangeCameraReference_ovr134_BAF	ovr134_BAF	0xf9	attach_eye	src/game/PLAYER.C:325
SetCameraAtObject_ovr134_CA8	ovr134_CA8	0x16	release_camera	src/game/PLAYER.C:360
DoTrapCamera_ovr134_CBE	ovr134_CBE	0x94	crystal_ball	src/game/PLAYER.C:368
LaunchPlayerAtMoongate_ovr134_D52	ovr134_D52	0xf4	Vortex_ovr143_E09	src/game/PLAYER.C:394
ovr134_E46	ovr134_E46	0x5b	chg_plys	src/game/PLAYER.C:417
ovr134_EA1	ovr134_EA1	0x25	RollView_ovr143_F58	src/game/PLAYER.C:433
ovr134_EC6	ovr134_EC6	0x27	chg_plyp	src/game/PLAYER.C:443
ovr137_0	ovr137_0	0x5	ovr137_0	src/ui/OVR137.C:10
ovr138_0	ovr138_0	0x22	adr_opbtn	src/ui/MAINMENU.C:59
ovr138_22	ovr138_22	0x72	move_opbtn	src/ui/MAINMENU.C:70
ovr138_94	ovr138_94	0x39	ovr138_94	src/ui/MAINMENU.C:83
ovr138_CD	ovr138_CD	0x2f	do_intro_scene	src/ui/MAINMENU.C:93
DrawMainMenuLoadScreen_ovr138_FC	ovr138_FC	0x14c	draw_start_buttons	src/ui/MAINMENU.C:106
MainMenu_ovr138_248	ovr138_248	0x329	real_start	src/ui/MAINMENU.C:143
ovr138_571	ovr138_571	0x1f7	parse_start_mouse	src/ui/MAINMENU.C:247
ovr138_768	ovr138_768	0x1bd	parse_start_input	src/ui/MAINMENU.C:305
MainMenuListSaveGames_ovr138_925	ovr138_925	0x123	do_journey	src/ui/MAINMENU.C:362
ovr139_0	ovr139_0	0x7	rect_class_data	src/obj/OVR139.C:11
ovr140_0	ovr140_0	0x92	init_save	src/game/GAMEWRAP.C:79
ovr140_92	ovr140_92	0x9b	GetLevel	src/game/GAMEWRAP.C:101
ovr140_12D	ovr140_12D	0xfc	SaveLevel	src/game/GAMEWRAP.C:127
EnumerateSaveGames_ovr140_229	ovr140_229	0xdc	get_save_descs	src/game/GAMEWRAP.C:151
ovr140_305	ovr140_305	0x98	ShowSaveRest	src/game/GAMEWRAP.C:179
ovr140_39D	ovr140_39D	0xae	DoSaveRest	src/game/GAMEWRAP.C:204
RestoreGame_ovr140_44B	ovr140_44B	0xc9	RestoreGame	src/game/GAMEWRAP.C:237
SaveGame_ovr140_514	ovr140_514	0x155	SaveGame	src/game/GAMEWRAP.C:270
ovr140_669	ovr140_669	0x83	clear_dir	src/game/GAMEWRAP.C:313
ovr140_6EC	ovr140_6EC	0xcf	copy_file	src/game/GAMEWRAP.C:333
ovr140_7BB	ovr140_7BB	0xc6	copy_dir	src/game/GAMEWRAP.C:374
ChangeLevel_ovr140_881	ovr140_881	0x85	ChangeLevel	src/game/GAMEWRAP.C:402
LevelChangeEvents_ovr140_906	ovr140_906	0xe5	do_level_hacks	src/game/GAMEWRAP.C:434
LoadBitMap_ovr141_0	ovr141_0	0xfa	LoadBitMap_ovr141_0	src/gfx/SHOWPIC.C:30
OpenAndApplyShadesDat_ovr142_0	ovr142_0	0x11a	set_light	src/map/LIGHTING.C:45
ovr142_11A	ovr142_11A	0x67	init_lighting	src/map/LIGHTING.C:86
ovr142_181	ovr142_181	0xa8	random_light	src/map/LIGHTING.C:105
ovr143_0	ovr143_0	0x70	use_skill	src/game/SKILLS.C:72
ovr143_70	ovr143_70	0x25	player_use_skill	src/game/SKILLS.C:94
ovr143_95	ovr143_95	0x85	player_compute	src/game/SKILLS.C:102
LevelUp_ovr143_11A	ovr143_11A	0x78	advance	src/game/SKILLS.C:119
GetGoverningAttribute_ovr143_192	ovr143_192	0x1d	prime	src/game/SKILLS.C:137
ovr143_1AF	ovr143_1AF	0xc2	add_to_skill	src/game/SKILLS.C:149
SkillGain_ovr143_271	ovr143_271	0x14f	get_skill	src/game/SKILLS.C:189
SkillAdvanceGreatlyMessage_ovr143_3C0	ovr143_3C0	0x46	great_advance	src/game/SKILLS.C:225
NormalSkillAdvanceMessage_ovr143_406	ovr143_406	0x87	report_advance	src/game/SKILLS.C:239
ChantMantraAtShrine_ovr143_48D	ovr143_48D	0x2e2	mantra_advance	src/game/SKILLS.C:265
VictoryScreen_ovr143_76F	ovr143_76F	0x404	game_stats	src/game/SKILLS.C:359
GaramonDream_ovr143_B73	ovr143_B73	0x107	dream	src/game/SKILLS.C:452
SleepingOnDamagingSurface_ovr143_C7A	ovr143_C7A	0xa5	drop_drunk_player	src/game/SKILLS.C:491
Sleep_ovr143_D1F	ovr143_D1F	0x3b6	player_sleep	src/game/SKILLS.C:516
MakeCampEvent_ovr143_10D5	ovr143_10D5	0x32	player_key_sleep	src/game/SKILLS.C:626
ChangeHunger_ovr143_1107	ovr143_1107	0x7f	player_eat	src/game/SKILLS.C:640
EndGameFunctions_ovr143_1186	ovr143_1186	0x175	check_victory	src/game/SKILLS.C:670
PlantSilverSeed_ovr143_12FB	ovr143_12FB	0x1b2	plant_seed	src/game/SKILLS.C:728
FindTeleportToObject_ovr143_14AD	ovr143_14AD	0x74	moveto	src/game/SKILLS.C:769
Resurrection_ovr143_1521	ovr143_1521	0xd3	do_resurrect	src/game/SKILLS.C:790
CallBackGateTravel_ovr143_15F4	ovr143_15F4	0x1c	do_mstone	src/game/SKILLS.C:809
DeathAndResurrection_ovr143_1610	ovr143_1610	0x219	player_is_dead	src/game/SKILLS.C:820
SearchForTrap_ovr143_1829	ovr143_1829	0xa4	DetectedTrap	src/game/SKILLS.C:884
DefuseTrap_ovr143_18CD	ovr143_18CD	0x234	RemoveTrap	src/game/SKILLS.C:905
ovr144_0	ovr144_0	0x7	spec_class_data	src/obj/OVR144.C:11
ovr145_0	ovr145_0	0xf3	sp_hdr	src/ui/STATS.C:53
ovr145_F3	ovr145_F3	0x5c	sp_att	src/ui/STATS.C:73
ovr145_14F	ovr145_14F	0x74	sp_hp	src/ui/STATS.C:82
ovr145_1C3	ovr145_1C3	0x73	sp_mp	src/ui/STATS.C:95
ovr145_236	ovr145_236	0x4e	sp_xp	src/ui/STATS.C:109
ovr145_284	ovr145_284	0xdb	sp_skill	src/ui/STATS.C:119
ovr145_35F	ovr145_35F	0xe6	RedispStat	src/ui/STATS.C:132
ovr145_445	ovr145_445	0xb6	mous_in_stat	src/ui/STATS.C:166
ovr145_4FB	ovr145_4FB	0x11	ovr145_4FB	src/ui/STATS.C:191
ovr146_0	ovr146_0	0x7	stuff_class_data	src/obj/OVR146.C:11
ovr149_0	ovr149_0	0x17	trap_save	src/event/TRIGSAVE.C:16
ovr150_0	ovr150_0	0x12e	drop_link_chain	src/obj/TREASURE.C:49
ovr150_12E	ovr150_12E	0x2c	drop_some_objects	src/obj/TREASURE.C:83
ovr150_15A	ovr150_15A	0x161	generate_treasure	src/obj/TREASURE.C:93
ovr150_2BB	ovr150_2BB	0x66	generate_food	src/obj/TREASURE.C:137
ovr150_321	ovr150_321	0x121	generate_weapons	src/obj/TREASURE.C:155
ovr150_442	ovr150_442	0xd4	generate_equipment	src/obj/TREASURE.C:181
ovr150_516	ovr150_516	0x87	generate_inventory	src/obj/TREASURE.C:202
ovr152_0	ovr152_0	0x5	ovr152_0	src/sys/OVR152.C:13
ovr152_5	ovr152_5	0xe	ovr152_5	src/sys/OVR152.C:14
ovr152_13	ovr152_13	0x5	ovr152_13	src/sys/OVR152.C:15
ovr153_0	ovr153_0	0x17	trap_init	src/event/TRIGGER.C:80
ovr153_17	ovr153_17	0x24	trap_class_data	src/event/TRIGGER.C:87
ovr153_3B	ovr153_3B	0x20f	UseTrigger	src/event/TRIGGER.C:103
ovr153_24A	ovr153_24A	0x4c	SetOffTrap	src/event/TRIGGER.C:151
ovr153_296	ovr153_296	0xafc	UseTrap	src/event/TRIGGER.C:185
ovr153_D92	ovr153_D92	0xf1	ovr153_D92	
ovr153_E83	ovr153_E83	0xbe	delete_trap	src/event/TRIGGER.C:463
ovr153_F41	ovr153_F41	0x3a	gronkify_talkto_player	src/event/TRIGGER.C:485
ovr153_F7B	ovr153_F7B	0x173	do_trap_hack	src/event/TRIGGER.C:500
ovr153_10EE	ovr153_10EE	0x26e	cast_trap_spell	src/event/TRIGGER.C:546
ovr153_135C	ovr153_135C	0xa6	trigger_obj_del	src/event/TRIGGER.C:595
ovr153_1402	ovr153_1402	0x3b	trap_obj_del	src/event/TRIGGER.C:614
ovr153_143D	ovr153_143D	0x51	is_this_wandering	src/event/TRIGGER.C:623
ovr153_148E	ovr153_148E	0x36	dont_create_wandering_monster_here	src/event/TRIGGER.C:634
ovr153_14C4	ovr153_14C4	0x53	check_alert	src/event/TRIGGER.C:643
ovr153_1517	ovr153_1517	0xad	DoWanderingMonsters	src/event/TRIGGER.C:655
ovr153_15C4	ovr153_15C4	0xe6	DoClosingDoors	src/event/TRIGGER.C:676
ovr154_0	ovr154_0	0x17	flip_bool	src/sys/MISCUTIL.C:44
ovr154_17	ovr154_17	0x65	solve_compass	src/sys/MISCUTIL.C:49
ovr154_7C	ovr154_7C	0x85	mpos	src/sys/MISCUTIL.C:64
ovr154_101	ovr154_101	0x1a	postodir	src/sys/MISCUTIL.C:80
ovr154_11B	ovr154_11B	0xc0	print_path_to	src/sys/MISCUTIL.C:89
ovr154_1DB	ovr154_1DB	0xc1	unsolve_compass	src/sys/MISCUTIL.C:113
ovr154_29C	ovr154_29C	0x35	errmsg	src/sys/MISCUTIL.C:128
ovr154_2D1	ovr154_2D1	0x20	do_beep	src/sys/MISCUTIL.C:138
ovr154_2F1	ovr154_2F1	0x17	dbg_break	src/sys/MISCUTIL.C:148
ovr154_308	ovr154_308	0x2b	dir_exist	src/sys/MISCUTIL.C:155
ovr154_333	ovr154_333	0x41	check_dirs	src/sys/MISCUTIL.C:165
ovr154_374	ovr154_374	0x33	memcheck	src/sys/MISCUTIL.C:177
ovr154_3A7	ovr154_3A7	0xa7	check_fds	src/sys/MISCUTIL.C:185
ovr154_44E	ovr154_44E	0x56	blttodrive	src/sys/MISCUTIL.C:208
ovr154_4A4	ovr154_4A4	0x53	bltfromdrive	src/sys/MISCUTIL.C:220
ovr154_4F7	ovr154_4F7	0x4d	intoFarBuffer_ovr167_5DA	src/sys/MISCUTIL.C:234
ovr154_544	ovr154_544	0x4d	FarWrite_ovr167_627	src/sys/MISCUTIL.C:250
ovr154_591	ovr154_591	0x7c	xorread	src/sys/MISCUTIL.C:268
ovr154_60D	ovr154_60D	0x84	xorwrite	src/sys/MISCUTIL.C:291
ovr154_691	ovr154_691	0x35	data_fopen	src/sys/MISCUTIL.C:312
seg000_2	seg000_2	0x71	create_sprite	src/gfx/SPRITE.ASM:100
seg000_2	seg000_73	0x33	destroy_sprite	src/gfx/SPRITE.ASM:153
seg000_A6	seg000_A6	0x45	change_sprite	src/gfx/SPRITE.ASM:183
UIDrawRelated_seg000_EB	seg000_EB	0x35	draw_sprite	src/gfx/SPRITE.ASM:219
seg000_120	seg000_120	0x35	draw_mask	src/gfx/SPRITE.ASM:250
seg000_155	seg000_155	0x36	erase_sprite	src/gfx/SPRITE.ASM:281
seg000_18B	seg000_18B	0x37	move_sprite	src/gfx/SPRITE.ASM:312
seg000_18B	seg000_1C2	0x37	resize_sprite	src/gfx/SPRITE.ASM:344
seg000_1F9	seg000_1F9	0x137	set_yoff	src/gfx/SPRITE.ASM:376
seg000_330	seg000_330	0x1ba	update_sprites	src/gfx/SPRITE.ASM:505
seg001_C	seg001_C	0x3e	seg001_023B_C	src/gfx/VALLOC.ASM:89
seg001_4A	seg001_4A	0x10	valloc	src/gfx/VALLOC.ASM:126
seg001_5A	seg001_5A	0xab	seg001_5A	src/gfx/VALLOC.ASM:132
seg001_105	seg001_105	0xd0	vfree	src/gfx/VALLOC.ASM:219
seg001_1D5	seg001_1D5	0x1a	save_rect	src/gfx/VALLOC.ASM:314
MaybeRedrawSlot_seg001_25B	seg001_25B	0xd	restore_rect	src/gfx/VALLOC.ASM:379
seg001_2D1	seg001_2D1	0xb9	valloc_stats	src/gfx/VSTATS.ASM:47
seg002_A	seg002_A	0x92	seg002_A	src/gfx/LPFDELTA.ASM:39
seg003_0	seg003_0_0	0x8	seg003_0	src/gfx/GRMISC.ASM:67
seg003_8	seg003_0_8	0x8	seg003_8	src/gfx/GRMISC.ASM:77
seg003_10	seg003_0_10	0x8	seg003_10	src/gfx/GRMISC.ASM:87
seg003_18	seg003_0_18	0x10	seg003_18	src/gfx/GRMISC.ASM:100
seg003_28	seg003_0_28	0x1e	seg003_28	src/gfx/GRMISC.ASM:114
seg003_46	seg003_0_46	0x1a	seg003_46	src/gfx/GRMISC.ASM:134
seg003_1082	seg003_1082	0x17f	seg003_1082	src/gfx/SCALEBM.ASM:327
cXfer	seg003_1201	0xb58	cXfer	src/gfx/SCALEBM.ASM:493
seg003_1D59	seg003_1D59	0xe61	seg003_1D59	src/gfx/SCALEBM.ASM:551
seg003_2BBA	seg003_2BBA	0x19	seg003_2BBA	src/gfx/VIDMODE.ASM:191
seg003_2BD3	seg003_2BD3	0x27	seg003_2BD3	src/gfx/VIDMODE.ASM:199
seg003_2BFA	seg003_2BFA	0x17	seg003_2BFA	src/gfx/VIDMODE.ASM:212
seg003_2C11	seg003_2C11	0x17	seg003_2C11	src/gfx/VIDMODE.ASM:220
seg003_2C28	seg003_2C28	0xe	seg003_2C28	src/gfx/VIDMODE.ASM:228
seg003_2C36	seg003_2C36	0x5e6	seg003_2C36	src/gfx/VIDMODE.ASM:232
seg003_321C	seg003_321C	0x1	seg003_321C	src/gfx/VIDMODE.ASM:908
seg003_321D	seg003_321D	0x2c	seg003_321D	src/gfx/VIDMODE.ASM:920
seg003_3249	seg003_3249	0x3	seg003_3249	src/gfx/VIDMODE.ASM:941
seg003_324C	seg003_324C	0xa8	seg003_324C	src/gfx/VIDMODE.ASM:943
seg003_32F4	seg003_32F4	0x19	seg003_32F4	src/gfx/VIDMODE.ASM:1025
seg003_330D	seg003_330D	0x18	seg003_330D	src/gfx/VIDMODE.ASM:1035
seg003_3325	seg003_3325	0x1a	seg003_3325	src/gfx/VIDMODE.ASM:1055
seg003_333F	seg003_333F	0x18	seg003_333F	src/gfx/VIDMODE.ASM:1077
seg003_3357	seg003_3357	0x3	seg003_3357	src/gfx/VIDMODE.ASM:1096
seg003_335A	seg003_335A	0x2c	seg003_335A	src/gfx/VIDMODE.ASM:1098
seg003_3386	seg003_3386	0x3f	seg003_3386	src/gfx/VIDMODE.ASM:1120
seg003_33C5	seg003_33C5	0xf	seg003_33C5	src/gfx/VIDMODE.ASM:1160
seg003_33D4	seg003_33D4	0xf	seg003_33D4	src/gfx/VIDMODE.ASM:1169
seg003_33E3	seg003_33E3	0x18	seg003_33E3	src/gfx/VIDMODE.ASM:1185
seg003_33FB	seg003_33FB	0x21	seg003_33FB	src/gfx/VIDMODE.ASM:1205
seg003_341C	seg003_341C	0x5e	seg003_341C	src/gfx/VIDMODE.ASM:1231
seg003_347A	seg003_347A	0x4b	seg003_347A	src/gfx/VIDMODE.ASM:1301
seg003_34C5	seg003_34C5	0x56	seg003_34C5	src/gfx/VIDMODE.ASM:1334
seg003_351B	seg003_351B	0x73	seg003_351B	src/gfx/VIDMODE.ASM:1367
seg003_358E	seg003_358E	0x76	seg003_358E	src/gfx/VIDMODE.ASM:1430
seg003_3604	seg003_3604	0x70	seg003_3604	src/gfx/VIDMODE.ASM:1505
seg003_3674	seg003_3674	0x47	seg003_3674	src/gfx/VIDMODE.ASM:1567
seg003_36BB	seg003_36BB	0x3f	seg003_36BB	src/gfx/VIDMODE.ASM:1601
seg003_36FA	seg003_36FA	0x9f	seg003_36FA	src/gfx/VIDMODE.ASM:1630
seg003_3799	seg003_3799	0x7e	seg003_3799	src/gfx/VIDMODE.ASM:1717
seg003_3817	seg003_3817	0x40	seg003_3817	src/gfx/VIDMODE.ASM:1779
seg003_3857	seg003_3857	0x65	seg003_3857	src/gfx/VIDMODE.ASM:1810
seg003_38BC	seg003_38BC	0x59	seg003_38BC	src/gfx/VIDMODE.ASM:1863
seg003_3915	seg003_3915	0x18	seg003_3915	src/gfx/VIDMODE.ASM:1915
seg003_392D	seg003_392D	0x23	seg003_392D	src/gfx/VIDMODE.ASM:1924
seg003_3950	seg003_3950	0x8	seg003_3950	src/gfx/VIDMODE.ASM:1941
seg003_3958	seg003_3958	0xc	seg003_3958	src/gfx/VIDMODE.ASM:1946
seg003_3964	seg003_3964	0x18	seg003_3964	src/gfx/VIDMODE.ASM:1958
seg003_397C	seg003_397C	0x26	seg003_397C	src/gfx/VIDMODE.ASM:1972
seg003_39A2	seg003_39A2	0x43	seg003_39A2	src/gfx/VIDMODE.ASM:1996
seg003_39E5	seg003_39E5	0x31	seg003_39E5	src/gfx/VIDMODE.ASM:2031
seg003_3A16	seg003_3A16	0x29	seg003_3A16	src/gfx/VIDMODE.ASM:2061
seg003_3A3F	seg003_3A3F	0x27	seg003_3A3F	src/gfx/VIDMODE.ASM:2082
seg003_3A66	seg003_3A66	0x2	seg003_3A66	src/gfx/VIDMODE.ASM:2103
seg003_3A68	seg003_3A68	0x1e	seg003_3A68	src/gfx/VIDMODE.ASM:2113
seg003_3A86	seg003_3A86	0x15	seg003_3A86	src/gfx/GRLIBF.ASM:102
seg003_3A9B	seg003_3A9B	0x4f	seg003_3A9B	src/gfx/GRLIBF.ASM:124
seg003_3AEA	seg003_3AEA	0x3	seg003_3AEA	src/gfx/GRLIBF.ASM:158
seg003_3AED	seg003_3AED	0x10	seg003_3AED	src/gfx/GRLIBF.ASM:165
seg003_3AFD	seg003_3AFD	0x12	seg003_3AFD	src/gfx/GRLIBF.ASM:177
seg003_3B0F	seg003_3B0F	0x25	seg003_3B0F	src/gfx/GRLIBF.ASM:193
seg003_3B34	seg003_3B34	0x2e	seg003_3B34	src/gfx/GRLIBF.ASM:212
seg003_3B62	seg003_3B62	0x38	seg003_3B62	src/gfx/GRLIBF.ASM:238
seg003_3B9A	seg003_3B9A	0x7	seg003_3B9A	src/gfx/GRLIBF.ASM:272
seg003_3BA1	seg003_3BA1	0x3	seg003_3BA1	src/gfx/GRLIBF.ASM:280
seg003_3BA4	seg003_3BA4	0x4a	seg003_3BA4	src/gfx/GRLIBF.ASM:289
seg003_3BEE	seg003_3BEE	0x3	seg003_3BEE	src/gfx/GRLIBF.ASM:333
seg003_3BF1	seg003_3BF1	0x4d	seg003_3BF1	src/gfx/GRLIBF.ASM:340
seg003_3C3E	seg003_3C3E	0x58	seg003_3C3E	src/gfx/GRLIBF.ASM:378
seg003_3C96	seg003_3C96	0x8	seg003_3C96	src/gfx/GRLIBF.ASM:426
seg003_3C9E	seg003_3C9E	0x5	seg003_3C9E	src/gfx/GRLIBF.ASM:439
seg003_3CA3	seg003_3CA3	0xb	seg003_3CA3	src/gfx/GRLIBF.ASM:446
seg003_3CAE	seg003_3CAE	0x51	seg003_3CAE	src/gfx/GRLIBF.ASM:462
seg003_3CFF	seg003_3CFF	0x2f	seg003_3CFF	src/gfx/GRLIBF.ASM:507
seg003_3D2E	seg003_3D2E	0x14	seg003_3D2E	src/gfx/GRLIBF.ASM:535
seg003_3D42	seg003_3D42	0x5	seg003_3D42	src/gfx/GRLIBF.ASM:554
seg003_3D47	seg003_3D47	0x1be	seg003_3D47	src/gfx/GRLIBF.ASM:569
seg003_3AC	seg003_3AC	0x4	seg003_3AC	
seg003_3B0	seg003_3B0	0x2	seg003_3B0	
seg003_3B2	seg003_3B2	0x2	seg003_3B2	
seg003_3B4	seg003_3B4	0x2	seg003_3B4	
seg003_3B6	seg003_3B6	0x2	seg003_3B6	
seg003_3B8	seg003_3B8	0x2	seg003_3B8	
seg003_3BA	seg003_3BA	0x2	seg003_3BA	
seg003_3BC	seg003_3BC	0x2	seg003_3BC	
seg003_3BE	seg003_3BE	0x2	seg003_3BE	
seg003_3C0	seg003_3C0	0x2	seg003_3C0	
seg003_3C2	seg003_3C2	0x2	seg003_3C2	
seg003_3C4	seg003_3C4	0x2	seg003_3C4	
seg003_3C6	seg003_3C6	0x2	seg003_3C6	
seg003_3C8	seg003_3C8	0x2	seg003_3C8	
seg003_3CA	seg003_3CA	0x2	seg003_3CA	
seg003_3CC	seg003_3CC	0x2	seg003_3CC	src/gfx/MAPDATA.ASM:68
seg003_3CE	seg003_3CE	0x54	seg003_3CE	src/gfx/MAPDATA.ASM:70
seg003_3F06	seg003_3F06	0x8	seg003_3F06	src/gfx/GRLIBG.ASM:50
seg003_3F0E	seg003_3F0E	0xcd	seg003_3F0E	src/gfx/GRLIBG.ASM:64
seg003_3FDC	seg003_3FDC	0x62	seg003_3FDC	src/gfx/GRLIBH.ASM:47
seg003_403E	seg003_403E	0x5e	seg003_403E	src/gfx/GRLIBH.ASM:94
seg003_409C	seg003_409C	0x97	seg003_409C	src/gfx/GRLIBH.ASM:143
seg003_4134	seg003_4134	0xa8	seg003_4134	src/gfx/GRLIBI.ASM:110
seg003_41DC	seg003_41DC	0x2d	seg003_41DC	src/gfx/GRLIBI.ASM:192
seg003_4209	seg003_4209	0x32	seg003_4209	src/gfx/GRLIBI.ASM:225
seg003_423B	seg003_423B	0x47	seg003_423B	src/gfx/GRLIBI.ASM:262
seg003_4282	seg003_4282	0x10b	seg003_4282	src/gfx/GRLIBI.ASM:304
seg003_438D	seg003_438D	0x11	seg003_438D	src/gfx/GRLIBI.ASM:443
seg003_439E	seg003_439E	0x8	seg003_439E	src/gfx/GRLIBI.ASM:458
seg003_43A6	seg003_43A6	0x8	seg003_43A6	src/gfx/GRLIBI.ASM:461
seg003_43AE	seg003_43AE	0x8	seg003_43AE	src/gfx/GRLIBI.ASM:464
seg003_43B6	seg003_43B6	0x8	seg003_43B6	src/gfx/GRLIBI.ASM:474
seg003_43BE	seg003_43BE	0x51	seg003_43BE	src/gfx/GRLIBI.ASM:477
seg003_440F	seg003_440F	0x39	seg003_440F	src/gfx/GRLIBI.ASM:515
seg003_4448	seg003_4448	0x1a	seg003_4448	src/gfx/GRLIBI.ASM:535
seg003_4462	seg003_4462	0x1b	seg003_4462	src/gfx/GRLIBI.ASM:550
seg003_447D	seg003_447D	0x64	seg003_447D	src/gfx/GRLIBI.ASM:578
seg003_44E1	seg003_44E1	0x4ef	seg003_44E1	src/gfx/GRLIBI.ASM:626
seg003_49D0	seg003_49D0	0x36	seg003_49D0	src/gfx/GRLIBI.ASM:1329
seg003_4A06	seg003_4A06	0x23f	seg003_4A06	src/gfx/GRLIBI.ASM:1361
seg003_4C45	seg003_4C45	0x2a	seg003_4C45	src/gfx/GRLIBI.ASM:1627
seg003_422	seg003_422	0x97	seg003_422	src/gfx/POLYFILL.ASM:108
seg003_4B9	seg003_4B9	0x42e	seg003_4B9	src/gfx/POLYFILL.ASM:172
seg003_4C74	seg003_4C74	0x1	seg003_4C74	src/gfx/GRCORE.ASM:223
seg003_4C75	seg003_4C75	0x3c	seg003_4C75	src/gfx/GRCORE.ASM:229
setup_font	seg003_4CB1	0x3c	setup_font	src/gfx/GRCORE.ASM:263
string_to_screen	seg003_4CED	0x6f	string_to_screen	src/gfx/GRCORE.ASM:297
seg003_4D5C	seg003_4D5C	0x6f	seg003_4D5C	src/gfx/GRCORE.ASM:354
string_width	seg003_4DCB	0x6f	string_width	src/gfx/GRCORE.ASM:409
seg003_4E3A	seg003_4E3A	0x6f	seg003_4E3A	src/gfx/GRCORE.ASM:465
init_graphics	seg003_4EA9	0x3c	init_graphics	src/gfx/GRCORE.ASM:520
seg003_4EE5	seg003_4EE5	0x45	seg003_4EE5	src/gfx/GRCORE.ASM:556
grPageFlip	seg003_4F2A	0x3c	grPageFlip	src/gfx/GRCORE.ASM:593
grSoftPageFlip	seg003_4F66	0x3c	grSoftPageFlip	src/gfx/GRCORE.ASM:627
seg003_4FA2	seg003_4FA2	0x3c	seg003_4FA2	src/gfx/GRCORE.ASM:662
gr_read_pixel	seg003_4FDE	0x42	gr_read_pixel	src/gfx/GRCORE.ASM:696
seg003_5020	seg003_5020	0x42	seg003_5020	src/gfx/GRCORE.ASM:733
plot_pixel	seg003_5062	0x42	plot_pixel	src/gfx/GRCORE.ASM:769
seg003_50A4	seg003_50A4	0x42	seg003_50A4	src/gfx/GRCORE.ASM:806
seg003_50E6	seg003_50E6	0x47	seg003_50E6	src/gfx/GRCORE.ASM:843
seg003_512D	seg003_512D	0x47	seg003_512D	src/gfx/GRCORE.ASM:882
set_the_color	seg003_5174	0x3f	set_the_color	src/gfx/GRCORE.ASM:920
init_colors	seg003_51B3	0x3c	init_colors	src/gfx/GRCORE.ASM:955
seg003_51EF	seg003_51EF	0x3f	seg003_51EF	src/gfx/GRCORE.ASM:990
seg003_522E	seg003_522E	0x46	seg003_522E	src/gfx/GRCORE.ASM:1027
seg003_5274	seg003_5274	0x46	seg003_5274	src/gfx/GRCORE.ASM:1068
set_the_window	seg003_52BA	0x5a	set_the_window	src/gfx/GRCORE.ASM:1107
copy_hidden_to_visible	seg003_5314	0x3c	copy_hidden_to_visible	src/gfx/GRCORE.ASM:1150
copy_visible_to_hidden	seg003_5350	0x3c	copy_visible_to_hidden	src/gfx/GRCORE.ASM:1184
seg003_538C	seg003_538C	0x47	seg003_538C	src/gfx/GRCORE.ASM:1219
seg003_53D3	seg003_53D3	0x45	seg003_53D3	src/gfx/GRCORE.ASM:1258
uhline	seg003_5418	0x45	uhline	src/gfx/GRCORE.ASM:1295
seg003_545D	seg003_545D	0x47	seg003_545D	src/gfx/GRCORE.ASM:1333
uvline	seg003_54A4	0x47	uvline	src/gfx/GRCORE.ASM:1371
rectangle	seg003_54EB	0x4a	rectangle	src/gfx/GRCORE.ASM:1409
urectangle	seg003_5535	0x4a	urectangle	src/gfx/GRCORE.ASM:1448
clear_window	seg003_557F	0x3c	clear_window	src/gfx/GRCORE.ASM:1487
box	seg003_55BB	0x4a	box	src/gfx/GRCORE.ASM:1521
seg003_5605	seg003_5605	0x4a	seg003_5605	src/gfx/GRCORE.ASM:1561
seg003_564F	seg003_564F	0x5a	seg003_564F	src/gfx/GRCORE.ASM:1601
seg003_56A9	seg003_56A9	0x4a	seg003_56A9	src/gfx/GRCORE.ASM:1645
seg003_56F3	seg003_56F3	0x3f	seg003_56F3	src/gfx/GRCORE.ASM:1685
seg003_5732	seg003_5732	0x3f	seg003_5732	src/gfx/GRCORE.ASM:1721
seg003_5771	seg003_5771	0x4a	seg003_5771	src/gfx/GRCORE.ASM:1757
show	seg003_57BB	0x63	show	src/gfx/GRCORE.ASM:1796
seg003_581E	seg003_581E	0x63	seg003_581E	src/gfx/GRCORE.ASM:1843
fbshow	seg003_5881	0x5f	fbshow	src/gfx/GRCORE.ASM:1890
seg003_58E0	seg003_58E0	0x35	seg003_58E0	src/gfx/GRCORE.ASM:1937
seg003_5915	seg003_5915	0x5f	seg003_5915	src/gfx/GRCORE.ASM:1966
vcopyfb	seg003_5974	0x4d	vcopyfb	src/gfx/GRCORE.ASM:2012
vcopy	seg003_59C1	0x58	vcopy	src/gfx/GRCORE.ASM:2052
seg003_5A19	seg003_5A19	0x19	seg003_5A19	src/gfx/GRCORE.ASM:2103
fbuf_setcolor	seg003_5A32	0x3f	fbuf_setcolor	src/gfx/GRCORE.ASM:2122
seg003_5A72	seg003_5A72	0x3	seg003_5A72	src/gfx/GRJUMPS.ASM:102
seg003_5A75	seg003_5A75	0x3	seg003_5A75	src/gfx/GRJUMPS.ASM:107
seg003_5A78	seg003_5A78	0x9	seg003_5A78	src/gfx/GRJUMPS.ASM:112
seg003_5A81	seg003_5A81	0x6	seg003_5A81	src/gfx/GRJUMPS.ASM:119
seg003_5A87	seg003_5A87	0x6	seg003_5A87	src/gfx/GRJUMPS.ASM:125
seg003_5A8D	seg003_5A8D	0x3	seg003_5A8D	src/gfx/GRJUMPS.ASM:131
seg003_5A90	seg003_5A90	0x3	seg003_5A90	src/gfx/GRJUMPS.ASM:136
seg003_5A93	seg003_5A93	0x3	seg003_5A93	src/gfx/GRJUMPS.ASM:141
seg003_5A96	seg003_5A96	0x3	seg003_5A96	src/gfx/GRJUMPS.ASM:146
seg003_5A99	seg003_5A99	0x3	seg003_5A99	src/gfx/GRJUMPS.ASM:151
seg003_5A9C	seg003_5A9C	0x3	seg003_5A9C	src/gfx/GRJUMPS.ASM:156
seg003_5A9F	seg003_5A9F	0x3	seg003_5A9F	src/gfx/GRJUMPS.ASM:161
seg003_5AA2	seg003_5AA2	0x9	seg003_5AA2	src/gfx/GRJUMPS.ASM:166
seg003_5AAB	seg003_5AAB	0x3	seg003_5AAB	src/gfx/GRJUMPS.ASM:173
seg003_5AAE	seg003_5AAE	0x3	seg003_5AAE	src/gfx/GRJUMPS.ASM:178
seg003_5AB1	seg003_5AB1	0x3	seg003_5AB1	src/gfx/GRJUMPS.ASM:183
seg003_5AB4	seg003_5AB4	0x3	seg003_5AB4	src/gfx/GRJUMPS.ASM:188
seg003_5AB7	seg003_5AB7	0x3	seg003_5AB7	src/gfx/GRJUMPS.ASM:193
seg003_5ABA	seg003_5ABA	0x9	seg003_5ABA	src/gfx/GRJUMPS.ASM:198
seg003_5AC3	seg003_5AC3	0x3	seg003_5AC3	src/gfx/GRJUMPS.ASM:202
seg003_5AC6	seg003_5AC6	0x3	seg003_5AC6	src/gfx/GRJUMPS.ASM:204
seg003_5AC9	seg003_5AC9	0x3	seg003_5AC9	src/gfx/GRJUMPS.ASM:206
seg003_5ACC	seg003_5ACC	0x6	seg003_5ACC	src/gfx/GRJUMPS.ASM:208
seg003_5AD2	seg003_5AD2	0x3	seg003_5AD2	src/gfx/GRJUMPS.ASM:211
seg003_5AD5	seg003_5AD5	0x9	seg003_5AD5	src/gfx/GRJUMPS.ASM:213
seg003_5ADE	seg003_5ADE	0x3	seg003_5ADE	src/gfx/GRJUMPS.ASM:220
seg003_5AE1	seg003_5AE1	0x6	seg003_5AE1	src/gfx/GRJUMPS.ASM:222
seg003_5AF9	seg003_5AF9	0x12	seg003_5AF9	src/gfx/GRDISP.ASM:485
seg003_5B0B	seg003_5B0B	0x52	seg003_5B0B	src/gfx/GRDISP.ASM:504
seg003_5B5D	seg003_5B5D	0x8	seg003_5B5D	src/gfx/GRDISP.ASM:552
seg003_5B65	seg003_5B65	0x4	seg003_5B65	src/gfx/GRDISP.ASM:562
seg003_5B6C	seg003_5B6C	0xf5	seg003_5B6C	src/gfx/GRLIBL.ASM:80
seg003_5C61	seg003_5C61	0x111	seg003_5C61	src/gfx/GRLIBL.ASM:203
seg003_5D72	seg003_5D72	0x113	seg003_5D72	src/gfx/GRLIBL.ASM:350
seg003_5E85	seg003_5E85	0x58	seg003_5E85	src/gfx/GRLIBL.ASM:465
seg003_5EDD	seg003_5EDD	0x138	seg003_5EDD	src/gfx/GRLIBL.ASM:509
seg003_6015	seg003_6015	0x54	seg003_6015	src/gfx/GRLIBL.ASM:660
seg003_6069	seg003_6069	0x4	seg003_6069	src/gfx/GRLIBL.ASM:704
seg003_606D	seg003_606D	0x5a	seg003_606D	src/gfx/GRLIBL.ASM:708
seg003_60C7	seg003_60C7	0x31	seg003_60C7	src/gfx/GRLIBL.ASM:756
seg003_60F8	seg003_60F8	0x3b	seg003_60F8	src/gfx/GRLIBL.ASM:784
seg003_60	seg003_60	0xc1	seg003_60	src/gfx/WALLMAP.ASM:56
seg003_121	seg003_121	0x28a	seg003_121	src/gfx/WALLMAP.ASM:140
seg003_6146	seg003_6146	0x10	seg003_6146	src/gfx/GRLIBM.ASM:62
seg003_6156	seg003_6156	0x3	seg003_6156	src/gfx/GRLIBM.ASM:71
seg003_6159	seg003_6159	0x1f6	seg003_6159	src/gfx/GRLIBM.ASM:73
seg003_6350	seg003_6350	0x1f7	seg003_6350	src/gfx/GRLIBN.ASM:56
seg003_6547	seg003_6547	0x26	seg003_6547	src/gfx/GRLIBN.ASM:299
seg003_8E8	seg003_8E8	0x15d	seg003_8E8	src/gfx/QUADFIT.ASM:34
seg003_A46	seg003_A46	0x2	seg003_A46	src/gfx/GRENTRY.ASM:119
seg003_A48	seg003_A48	0x14	seg003_A48	src/gfx/GRENTRY.ASM:131
seg003_A5C	seg003_A5C	0x31	seg003_A5C	src/gfx/GRENTRY.ASM:142
seg003_A8D	seg003_A8D	0x3b	seg003_A8D	src/gfx/GRENTRY.ASM:169
seg003_AC8	seg003_AC8	0x24	seg003_AC8	src/gfx/GRENTRY.ASM:211
seg003_AEC	seg003_AEC	0x20	seg003_AEC	src/gfx/GRENTRY.ASM:236
seg003_B0C	seg003_B0C	0x51	seg003_B0C	src/gfx/GRENTRY.ASM:263
seg003_B5D	seg003_B5D	0x8f	seg003_B5D	src/gfx/GRENTRY.ASM:304
seg003_BEC	seg003_BEC	0x141	seg003_BEC	src/gfx/GRENTRY.ASM:374
seg003_D2D	seg003_D2D	0x33	seg003_D2D	src/gfx/GRENTRY.ASM:541
seg003_D60	seg003_D60	0x83	seg003_D60	src/gfx/GRENTRY.ASM:577
seg003_DE3	seg003_DE3	0x11c	seg003_DE3	src/gfx/GRENTRY.ASM:652
seg003_EFF	seg003_EFF	0x78	seg003_EFF	src/gfx/GRENTRY.ASM:805
seg003_F77	seg003_F77	0x10b	seg003_F77	src/gfx/GRENTRY.ASM:871
seg004_20	seg004_0_20	0x19	exp_8str	src/3d/EXPAND.ASM:82
seg004_39	seg004_0_39	0x2a	exp_4str	src/3d/EXPAND.ASM:104
seg004_63	seg004_0_63	0x68	seg004_63	src/3d/EXPAND.ASM:136
seg004_CB	seg004_0_CB	0xe	seg004_CB	src/3d/EXPAND.ASM:212
seg004_D9	seg004_0_D9	0x43	exp_4run	src/3d/EXPAND.ASM:227
seg004_11C	seg004_0_11C	0x6f	exp_5run	src/3d/EXPAND.ASM:267
seg004_18B	seg004_0_18B	0x2	exp_8run	src/3d/EXPAND.ASM:325
seg004_18D	seg004_0_18D	0x7	seg004_18D	src/3d/EXPAND.ASM:335
seg004_194	seg004_0_194	0xc2	seg004_194	src/3d/EXPAND.ASM:357
seg004_1370	seg004_1370	0x1af	sphere_check	src/3d/SPHERE.ASM:109
seg004_151F	seg004_151F	0x8d	get_dist	src/3d/SPHERE.ASM:319
seg004_15AC	seg004_15AC	0x1ff	seg004_15AC	src/3d/SPHERE.ASM:401
seg004_17AB	seg004_17AB	0x2e2	seg004_17AB	src/3d/SPHERE.ASM:667
seg004_1A8D	seg004_1A8D	0x157	seg004_1A8D	src/3d/SPHERE.ASM:992
seg004_1BE4	seg004_1BE4	0x15f	do_obj	src/3d/SPHERE.ASM:1178
seg004_1D43	seg004_1D43	0x136	seg004_1D43	src/3d/SPHERE.ASM:1371
seg004_1E79	seg004_1E79	0xb	seg004_1E79	src/3d/SPHERE.ASM:1526
seg004_1E84	seg004_1E84	0x142	seg004_1E84	src/3d/SPHERE.ASM:1537
seg004_1FD0	seg004_1FD0	0x18	seg004_1FD0	src/3d/NOCLIP.ASM:121
seg004_1FE8	seg004_1FE8	0x1d	seg004_1FE8	src/3d/NOCLIP.ASM:135
seg004_2005	seg004_2005	0x1e	seg004_2005	src/3d/NOCLIP.ASM:155
seg004_2023	seg004_2023	0xa9	seg004_2023	src/3d/NOCLIP.ASM:175
seg004_20CC	seg004_20CC	0x8a	seg004_20CC	src/3d/NOCLIP.ASM:272
seg004_2156	seg004_2156	0x4d	seg004_2156	src/3d/NOCLIP.ASM:354
seg004_21A3	seg004_21A3	0x55	seg004_21A3	src/3d/NOCLIP.ASM:393
seg004_21F8	seg004_21F8	0x2f	seg004_21F8	src/3d/NOCLIP.ASM:436
seg004_2227	seg004_2227	0xb	seg004_2227	src/3d/NOCLIP.ASM:459
seg004_2232	seg004_2232	0x9	seg004_2232	src/3d/NOCLIP.ASM:470
seg004_223B	seg004_223B	0x41	seg004_223B	src/3d/NOCLIP.ASM:479
seg004_227C	seg004_227C	0x41	seg004_227C	src/3d/NOCLIP.ASM:509
seg004_22BD	seg004_22BD	0x41	seg004_22BD	src/3d/NOCLIP.ASM:539
seg004_22FE	seg004_22FE	0x24	seg004_22FE	src/3d/NOCLIP.ASM:569
seg004_2322	seg004_2322	0x26	seg004_2322	src/3d/NOCLIP.ASM:594
seg004_2348	seg004_2348	0x3b	seg004_2348	src/3d/NOCLIP.ASM:620
seg004_2383	seg004_2383	0x3a	seg004_2383	src/3d/NOCLIP.ASM:647
seg004_23BD	seg004_23BD	0x5e	seg004_23BD	src/3d/NOCLIP.ASM:674
seg004_241B	seg004_241B	0x5e	seg004_241B	src/3d/NOCLIP.ASM:716
seg004_2479	seg004_2479	0x5e	seg004_2479	src/3d/NOCLIP.ASM:758
seg004_24D7	seg004_24D7	0x50	seg004_24D7	src/3d/NOCLIP.ASM:800
seg004_2527	seg004_2527	0x45	seg004_2527	src/3d/NOCLIP.ASM:836
seg004_256C	seg004_256C	0x45	seg004_256C	src/3d/NOCLIP.ASM:868
seg004_25B1	seg004_25B1	0x5d	seg004_25B1	src/3d/NOCLIP.ASM:900
seg004_260E	seg004_260E	0xce	seg004_260E	src/3d/NOCLIP.ASM:938
seg004_26DC	seg004_26DC	0xef	seg004_26DC	src/3d/NOCLIP.ASM:1031
seg004_260	seg004_260	0x198	smooth_closure	src/3d/SMOOTH.ASM:93
seg004_3F8	seg004_3F8	0x64	seg004_3F8	src/3d/SMOOTH.ASM:270
seg004_45C	seg004_45C	0x132	seg004_45C	src/3d/SMOOTH.ASM:315
seg004_58E	seg004_58E	0x136	seg004_58E	src/3d/SMOOTH.ASM:455
seg004_6C4	seg004_6C4	0x134	seg004_6C4	src/3d/SMOOTH.ASM:597
seg004_7F8	seg004_7F8	0x138	seg004_7F8	src/3d/SMOOTH.ASM:739
seg004_930	seg004_930	0xb5	smooth_over	src/3d/SMOOTH.ASM:890
seg004_9E5	seg004_9E5	0x26	seg004_9E5	src/3d/SMOOTH.ASM:983
seg004_27D0	seg004_27D0	0x8	do_int2	src/3d/INTERP.ASM:226
seg004_27D8	seg004_27D8	0x1	do_eof	src/3d/INTERP.ASM:236
seg004_27D9	seg004_27D9	0x3f	do_pntres	src/3d/INTERP.ASM:244
seg004_2818	seg004_2818	0x2ec	do_lnres	src/3d/INTERP.ASM:280
seg004_2B04	seg004_2B04	0x12	do_movei	src/3d/INTERP.ASM:610
seg004_2B16	seg004_2B16	0xa	do_movec	src/3d/INTERP.ASM:626
seg004_2B20	seg004_2B20	0xf	do_movem	src/3d/INTERP.ASM:637
seg004_2B2F	seg004_2B2F	0xe	do_move_odata	src/3d/INTERP.ASM:652
seg004_2B3D	seg004_2B3D	0x35	do_multires	src/3d/INTERP.ASM:668
seg004_2B72	seg004_2B72	0x3c	do_minimulti	src/3d/INTERP.ASM:694
seg004_2BAE	seg004_2BAE	0x19	do_setshade	src/3d/INTERP.ASM:723
seg004_2BC7	seg004_2BC7	0x37	do_uwshade	src/3d/INTERP.ASM:745
seg004_2BFE	seg004_2BFE	0x1f	do_defres	src/3d/INTERP.ASM:780
seg004_2C1D	seg004_2C1D	0x24	do_minires	src/3d/INTERP.ASM:797
seg004_2C41	seg004_2C41	0x23	do_strres	src/3d/INTERP.ASM:816
seg004_2C64	seg004_2C64	0x26	do_cntres	src/3d/INTERP.ASM:839
seg004_2C8A	seg004_2C8A	0x105	do_rod	src/3d/INTERP.ASM:865
seg004_2D8F	seg004_2D8F	0xe4	flat_rod	src/3d/INTERP.ASM:1003
seg004_2E73	seg004_2E73	0x39	do_polyres	src/3d/INTERP.ASM:1126
seg004_2EAC	seg004_2EAC	0x181	do_closure	src/3d/INTERP.ASM:1166
seg004_302D	seg004_302D	0x9	do_asmcal	src/3d/INTERP.ASM:1332
seg004_3036	seg004_3036	0x11	do_sfcal	src/3d/INTERP.ASM:1343
seg004_3047	seg004_3047	0x13	do_ifge	src/3d/INTERP.ASM:1360
seg004_305A	seg004_305A	0x13	do_ifle	src/3d/INTERP.ASM:1376
seg004_306D	seg004_306D	0x41	do_sortvar	src/3d/INTERP.ASM:1394
seg004_30AE	seg004_30AE	0x48	do_sortnorm	src/3d/INTERP.ASM:1445
seg004_30F6	seg004_30F6	0x3d	do_sortnorm_x0	src/3d/INTERP.ASM:1489
seg004_3133	seg004_3133	0x3d	do_sortnorm_y0	src/3d/INTERP.ASM:1528
seg004_3170	seg004_3170	0x3d	do_sortnorm_z0	src/3d/INTERP.ASM:1567
seg004_31AD	seg004_31AD	0x60	do_org	src/3d/INTERP.ASM:1609
seg004_320D	seg004_320D	0x2b	do_hull	src/3d/INTERP.ASM:1659
seg004_3238	seg004_3238	0x53	flat_y_rel	src/3d/INTERP.ASM:1690
seg004_328B	seg004_328B	0x48	do_y_rel	src/3d/INTERP.ASM:1752
seg004_32D3	seg004_32D3	0x5	do_animate_p	src/3d/INTERP.ASM:1784
seg004_32D8	seg004_32D8	0x5	do_animate_b	src/3d/INTERP.ASM:1791
seg004_32DD	seg004_32DD	0xef	do_animate_h	src/3d/INTERP.ASM:1798
seg004_33CC	seg004_33CC	0x19	do_movres	src/3d/INTERP.ASM:1895
seg004_33E5	seg004_33E5	0x5c	flat_x_rel	src/3d/INTERP.ASM:1915
seg004_3441	seg004_3441	0x48	do_x_rel	src/3d/INTERP.ASM:1965
seg004_3489	seg004_3489	0x5b	flat_z_rel	src/3d/INTERP.ASM:1997
seg004_34E4	seg004_34E4	0x48	do_z_rel	src/3d/INTERP.ASM:2046
seg004_352C	seg004_352C	0x61	do_xz_rel	src/3d/INTERP.ASM:2078
seg004_358D	seg004_358D	0x61	do_xy_rel	src/3d/INTERP.ASM:2121
seg004_35EE	seg004_35EE	0x61	do_yz_rel	src/3d/INTERP.ASM:2165
seg004_364F	seg004_364F	0x53	flat_xz_rel	src/3d/INTERP.ASM:2208
seg004_36A2	seg004_36A2	0x48	flat_xy_rel	src/3d/INTERP.ASM:2245
seg004_36EA	seg004_36EA	0x48	flat_yz_rel	src/3d/INTERP.ASM:2278
seg004_3732	seg004_3732	0x24	do_setcolor	src/3d/INTERP.ASM:2313
seg004_3756	seg004_3756	0x8	do_setcolv	src/3d/INTERP.ASM:2332
seg004_375E	seg004_375E	0x12f	seg004_375E	src/3d/INTERP.ASM:2344
seg004_388D	seg004_388D	0x6	do_goursurfv	src/3d/INTERP.ASM:2461
seg004_3893	seg004_3893	0x26	do_goursurf	src/3d/INTERP.ASM:2471
seg004_38B9	seg004_38B9	0x43	do_uwsurf	src/3d/INTERP.ASM:2492
seg004_38FC	seg004_38FC	0x29	do_transsurf	src/3d/INTERP.ASM:2519
seg004_3925	seg004_3925	0x12	do_vexsurf	src/3d/INTERP.ASM:2535
seg004_3937	seg004_3937	0x12	do_cavesurf	src/3d/INTERP.ASM:2550
seg004_3949	seg004_3949	0x40	do_setpat	src/3d/INTERP.ASM:2560
seg004_3989	seg004_3989	0xf8	do_putpat	src/3d/INTERP.ASM:2596
seg004_3A81	seg004_3A81	0xd9	do_usepat	src/3d/INTERP.ASM:2703
seg004_3B5A	seg004_3B5A	0x9	do_ijmp	src/3d/INTERP.ASM:2800
seg004_3B63	seg004_3B63	0xb	do_ijmp_i	src/3d/INTERP.ASM:2810
seg004_3B6E	seg004_3B6E	0x18	do_rorg	src/3d/INTERP.ASM:2822
seg004_3B86	seg004_3B86	0x2b	do_defdelta	src/3d/INTERP.ASM:2839
seg004_3BB1	seg004_3BB1	0x3d	do_addres	src/3d/INTERP.ASM:2863
seg004_3BEE	seg004_3BEE	0x3d	do_subres	src/3d/INTERP.ASM:2888
seg004_3C2B	seg004_3C2B	0x7	do_ihcall_ind	src/3d/INTERP.ASM:2913
seg004_3C32	seg004_3C32	0x82	do_ihcall	src/3d/INTERP.ASM:2924
seg004_3CB4	seg004_3CB4	0x7	do_ibcall_ind	src/3d/INTERP.ASM:2972
seg004_3CBB	seg004_3CBB	0x82	do_ibcall	src/3d/INTERP.ASM:2981
seg004_3D3D	seg004_3D3D	0x7	do_ipcall_ind	src/3d/INTERP.ASM:3029
seg004_3D44	seg004_3D44	0x82	do_ipcall	src/3d/INTERP.ASM:3038
seg004_3DC6	seg004_3DC6	0x10b	seg004_3DC6	src/3d/INTERP.ASM:3087
seg004_3ED1	seg004_3ED1	0x16	do_pushc	src/3d/INTERP.ASM:3204
seg004_3EE7	seg004_3EE7	0x19	do_popc	src/3d/INTERP.ASM:3216
seg004_3F00	seg004_3F00	0x29	do_jnorm_x0	src/3d/INTERP.ASM:3229
seg004_3F29	seg004_3F29	0x29	do_jnorm_y0	src/3d/INTERP.ASM:3256
seg004_3F52	seg004_3F52	0x29	do_jnorm_z0	src/3d/INTERP.ASM:3283
seg004_3F7B	seg004_3F7B	0x17	do_jnorm_yz0	src/3d/INTERP.ASM:3311
seg004_3F92	seg004_3F92	0x17	do_jnorm_xz0	src/3d/INTERP.ASM:3329
seg004_3FA9	seg004_3FA9	0x17	do_jnorm_xy0	src/3d/INTERP.ASM:3347
seg004_3FC0	seg004_3FC0	0x37	do_jnorm	src/3d/INTERP.ASM:3368
seg004_3FF7	seg004_3FF7	0x4	clip_overflow	src/3d/INTERP.ASM:3403
seg004_3FFB	seg004_3FFB	0x60	do_3d_clip	src/3d/INTERP.ASM:3413
seg004_405B	seg004_405B	0x109	clip_top	src/3d/INTERP.ASM:3458
seg004_4164	seg004_4164	0x110	clip_bot	src/3d/INTERP.ASM:3580
seg004_4274	seg004_4274	0x10e	clip_right	src/3d/INTERP.ASM:3706
seg004_4382	seg004_4382	0x112	clip_left	src/3d/INTERP.ASM:3832
seg004_4494	seg004_4494	0x4e1	do_parapiped	src/3d/INTERP.ASM:3965
seg004_4980	seg004_4980	0x7	seg004_4980	src/3d/INSTANCE.ASM:1483
seg004_4987	seg004_4987	0x1bd	render_3d	src/3d/INSTANCE.ASM:1509
seg004_4B44	seg004_4B44	0x332	scale_matrix	src/3d/INSTANCE.ASM:1694
seg004_4E76	seg004_4E76	0x1ca	check_flat	src/3d/INSTANCE.ASM:2035
seg004_5040	seg004_5040	0x28	seg004_5040	src/3d/INSTANCE.ASM:2150
seg004_5068	seg004_5068	0x1	set_accept	src/3d/INSTANCE.ASM:2179
seg004_5069	seg004_5069	0x2d	self_modify	src/3d/INSTANCE.ASM:2187
seg004_5096	seg004_5096	0x28	mini_xlate_rotate_pnt	src/3d/INSTANCE.ASM:2208
seg004_50BE	seg004_50BE	0x1a	load_xlate_rotate_pnt	src/3d/INSTANCE.ASM:2235
seg004_50D8	seg004_50D8	0xcb	mxmul	src/3d/INSTANCE.ASM:2261
seg004_51A3	seg004_51A3	0x6c	seg004_51A3	src/3d/INSTANCE.ASM:2349
seg004_520F	seg004_520F	0xf0	seg004_520F	src/3d/INSTANCE.ASM:2400
seg004_52FF	seg004_52FF	0x75	seg004_52FF	src/3d/INSTANCE.ASM:2526
seg004_5374	seg004_5374	0x75	seg004_5374	src/3d/INSTANCE.ASM:2576
seg004_53E9	seg004_53E9	0x3d	instance_vvars_head	src/3d/INSTANCE.ASM:2627
seg004_5426	seg004_5426	0x12b	instance_head	src/3d/INSTANCE.ASM:2659
seg004_5551	seg004_5551	0x3d	instance_vvars_pitch	src/3d/INSTANCE.ASM:2790
seg004_558E	seg004_558E	0x12b	instance_pitch	src/3d/INSTANCE.ASM:2817
seg004_56B9	seg004_56B9	0x3d	instance_vvars_bank	src/3d/INSTANCE.ASM:2946
seg004_56F6	seg004_56F6	0x12b	instance_bank	src/3d/INSTANCE.ASM:2973
seg004_5821	seg004_5821	0x13	seg004_5821	src/3d/INSTANCE.ASM:3104
seg004_5834	seg004_5834	0x4a	seg004_5834	src/3d/INSTANCE.ASM:3116
seg004_587E	seg004_587E	0x7c	code_pnt	src/3d/INSTANCE.ASM:3147
seg004_58FA	seg004_58FA	0x3d	mm9x9	src/3d/INSTANCE.ASM:3241
seg004_5937	seg004_5937	0xa5	seg004_5937	src/3d/INSTANCE.ASM:3262
seg004_59DC	seg004_59DC	0xa7	mm3x9_bpsi	src/3d/INSTANCE.ASM:3349
seg004_5A83	seg004_5A83	0xa5	seg004_5A83	src/3d/INSTANCE.ASM:3434
seg004_5B28	seg004_5B28	0xa7	mm3x9t	src/3d/INSTANCE.ASM:3519
seg004_5BD1	seg004_5BD1	0x1d	overflow_handler_reg	src/3d/INSTANCE.ASM:3609
seg004_5BEE	seg004_5BEE	0x16	overflow_handler_mem	src/3d/INSTANCE.ASM:3623
seg004_5C04	seg004_5C04	0x21	overflow_handler_special_bp	src/3d/INSTANCE.ASM:3636
seg004_5C30	seg004_5C30	0x15	do_set_tmctxt	src/3d/TMAPOPS.ASM:221
seg004_5C45	seg004_5C45	0x19	do_set_gmap_ctxt	src/3d/TMAPOPS.ASM:238
seg004_5C5E	seg004_5C5E	0xc	do_ctxt_gtmap	src/3d/TMAPOPS.ASM:255
seg004_5C6A	seg004_5C6A	0xe	do_ctxt_gmap	src/3d/TMAPOPS.ASM:263
seg004_5C78	seg004_5C78	0x6	do_gtri	src/3d/TMAPOPS.ASM:272
seg004_5C7E	seg004_5C7E	0x8	do_gtmap	src/3d/TMAPOPS.ASM:286
seg004_5C86	seg004_5C86	0x5f	do_gwtmap	src/3d/TMAPOPS.ASM:292
seg004_5CE5	seg004_5CE5	0x8	do_compact_map	src/3d/TMAPOPS.ASM:346
seg004_5CED	seg004_5CED	0x8	do_compact_tmap	src/3d/TMAPOPS.ASM:352
seg004_5CF5	seg004_5CF5	0x7a	do_compact_wtmap	src/3d/TMAPOPS.ASM:358
seg004_5D6F	seg004_5D6F	0x8	do_bcompact_tmap	src/3d/TMAPOPS.ASM:421
seg004_5D77	seg004_5D77	0x7a	do_bcompact_wtmap	src/3d/TMAPOPS.ASM:427
seg004_5DF1	seg004_5DF1	0xb	do_tmap_tri	src/3d/TMAPOPS.ASM:488
seg004_5DFC	seg004_5DFC	0x8	do_wtmap	src/3d/TMAPOPS.ASM:495
seg004_5E04	seg004_5E04	0x2f1	do_tmap	src/3d/TMAPOPS.ASM:501
seg004_60F5	seg004_60F5	0x34	draw_solid_tmap	src/3d/TMAPOPS.ASM:895
seg004_6129	seg004_6129	0x7	seg004_6129	src/3d/TMAPOPS.ASM:921
seg004_6130	seg004_6130	0x11b	seg004_6130	src/3d/TMAPOPS.ASM:932
seg004_624B	seg004_624B	0x17b	seg004_624B	src/3d/TMAPOPS.ASM:1057
seg004_63C6	seg004_63C6	0x17f	seg004_63C6	src/3d/TMAPOPS.ASM:1243
seg004_6545	seg004_6545	0x17d	seg004_6545	src/3d/TMAPOPS.ASM:1431
seg004_66C2	seg004_66C2	0x181	seg004_66C2	src/3d/TMAPOPS.ASM:1619
seg004_6843	seg004_6843	0x101	do_scalebm	src/3d/TMAPOPS.ASM:1821
seg004_796E	seg004_796E	0x64	do_fetchmap	src/3d/PGCACHE.ASM:392
seg004_79D2	seg004_79D2	0x6f	do_settmobj	src/3d/PGCACHE.ASM:453
seg004_7A41	seg004_7A41	0x7c	do_uwobj	src/3d/PGCACHE.ASM:523
seg004_7ABD	seg004_7ABD	0x4c	do_uwcrit	src/3d/PGCACHE.ASM:592
seg004_7B09	seg004_7B09	0x2e	seg004_7B09	src/3d/PGCACHE.ASM:642
seg004_7B37	seg004_7B37	0x6	seg004_7B37	src/3d/PGCACHE.ASM:670
seg004_7B3D	seg004_7B3D	0x1f	update_cache	src/3d/PGCACHE.ASM:680
seg004_7B5C	seg004_7B5C	0x5e	unload_cpg	src/3d/PGCACHE.ASM:706
seg004_7BBA	seg004_7BBA	0x2	seg004_7BBA	src/3d/PGCACHE.ASM:752
seg004_7BBC	seg004_7BBC	0xcf	load_cpg	src/3d/PGCACHE.ASM:764
seg004_7C8B	seg004_7C8B	0x52	lcpg_pghere	src/3d/PGCACHE.ASM:864
seg004_7CDD	seg004_7CDD	0xa1	parse_cpg	src/3d/PGCACHE.ASM:910
seg004_7D7E	seg004_7D7E	0x14	do_setbmcol	src/3d/PGCACHE.ASM:998
seg004_7D92	seg004_7D92	0xb	do_mouseq	src/3d/PGCACHE.ASM:1014
seg004_7D9D	seg004_7D9D	0x3f	do_uwcolv	src/3d/PGCACHE.ASM:1026
seg004_A10	seg004_A10	0xe	seg004_A10	src/3d/CAMERA.ASM:116
seg004_A1E	seg004_A1E	0x14	seg004_A1E	src/3d/CAMERA.ASM:127
seg004_A32	seg004_A32	0x3f	seg004_A32	src/3d/CAMERA.ASM:142
seg004_A71	seg004_A71	0x185	create_matrix	src/3d/CAMERA.ASM:177
seg004_BF6	seg004_BF6	0x8b	head_view	src/3d/CAMERA.ASM:349
seg004_C81	seg004_C81	0x2a	seg004_C81	src/3d/CAMERA.ASM:415
seg004_CAB	seg004_CAB	0x49	seg004_CAB	src/3d/CAMERA.ASM:444
seg004_CF4	seg004_CF4	0x39	seg004_CF4	src/3d/CAMERA.ASM:489
seg004_D2D	seg004_D2D	0x43	seg004_D2D	src/3d/CAMERA.ASM:526
seg004_D70	seg004_D70	0x4a	seg004_D70	src/3d/CAMERA.ASM:565
seg004_DBA	seg004_DBA	0x48	seg004_DBA	src/3d/CAMERA.ASM:599
seg004_E02	seg004_E02	0x85	seg004_E02	src/3d/CAMERA.ASM:645
seg004_E87	seg004_E87	0x1	seg004_E87	src/3d/CAMERA.ASM:702
seg004_E88	seg004_E88	0x76	seg004_E88	src/3d/CAMERA.ASM:710
seg004_EFE	seg004_EFE	0x13c	seg004_EFE	src/3d/CAMERA.ASM:758
seg004_103A	seg004_103A	0x1b	seg004_103A	src/3d/CAMERA.ASM:892
seg004_1055	seg004_1055	0x4	seg004_1055	src/3d/CAMERA.ASM:910
seg004_1059	seg004_1059	0xfa	angles_2_matrix	src/3d/CAMERA.ASM:921
seg004_1153	seg004_1153	0x8a	seg004_1153	src/3d/CAMERA.ASM:1021
seg004_11DD	seg004_11DD	0x2d	seg004_11DD	src/3d/CAMERA.ASM:1075
seg004_120A	seg004_120A	0x22	seg004_120A	src/3d/CAMERA.ASM:1104
seg004_122C	seg004_122C	0x5	seg004_122C	src/3d/CAMERA.ASM:1127
seg004_1231	seg004_1231	0x5	seg004_1231	src/3d/CAMERA.ASM:1133
seg004_1236	seg004_1236	0x5	seg004_1236	src/3d/CAMERA.ASM:1139
seg004_123B	seg004_123B	0x5	seg004_123B	src/3d/CAMERA.ASM:1145
seg004_1240	seg004_1240	0x5	seg004_1240	src/3d/CAMERA.ASM:1151
seg004_1245	seg004_1245	0x5	seg004_1245	src/3d/CAMERA.ASM:1157
seg004_124A	seg004_124A	0x15	seg004_124A	src/3d/CAMERA.ASM:1166
seg004_125F	seg004_125F	0x15	seg004_125F	src/3d/CAMERA.ASM:1177
seg004_1274	seg004_1274	0x15	seg004_1274	src/3d/CAMERA.ASM:1188
seg004_1289	seg004_1289	0x15	seg004_1289	src/3d/CAMERA.ASM:1199
seg004_129E	seg004_129E	0xa	seg004_129E	src/3d/CAMERA.ASM:1211
seg004_12A8	seg004_12A8	0xa	seg004_12A8	src/3d/CAMERA.ASM:1219
seg004_12B2	seg004_12B2	0xa	seg004_12B2	src/3d/CAMERA.ASM:1228
seg004_12BC	seg004_12BC	0xa	seg004_12BC	src/3d/CAMERA.ASM:1236
seg004_12C6	seg004_12C6	0x1c	seg004_12C6	src/3d/CAMERA.ASM:1246
seg004_12E2	seg004_12E2	0x1c	seg004_12E2	src/3d/CAMERA.ASM:1262
seg004_12FE	seg004_12FE	0x34	seg004_12FE	src/3d/CAMERA.ASM:1280
seg004_1332	seg004_1332	0x34	seg004_1332	src/3d/CAMERA.ASM:1311
seg005_10B2_113	seg005_10B2_113	0x20	seg005_10B2_113	
seg005_10B2_133	seg005_10B2_133	0x40	seg005_10B2_133	
seg005_10B2_173	seg005_10B2_173	0x43	seg005_10B2_173	
seg005_10B2_1B6	seg005_10B2_1B6	0x70	seg005_10B2_1B6	
seg005_10B2_226	seg005_10B2_226	0x23	seg005_10B2_226	
seg005_10B2_249	seg005_10B2_249	0x64	seg005_10B2_249	
seg005_10B2_2AD	seg005_10B2_2AD	0x51	seg005_10B2_2AD	
CloseFile_seg005_10B2_2FE	seg005_10B2_2FE	0x2e	CloseFile_seg005_10B2_2FE	
seg005_10B2_32C	seg005_10B2_32C	0x25	seg005_10B2_32C	
seg005_10B2_351	seg005_10B2_351	0x80	seg005_10B2_351	
seg005_10B2_3D1	seg005_10B2_3D1	0x3f	seg005_10B2_3D1	
seg005_10B2_410	seg005_10B2_410	0x6d	seg005_10B2_410	
CloseFile_seg005_10B2_47D	seg005_10B2_47D	0x80	CloseFile_seg005_10B2_47D	
seg005_10B2_4FD	seg005_10B2_4FD	0x52	seg005_10B2_4FD	
seg005_10B2_54F	seg005_10B2_54F	0x86	seg005_10B2_54F	
seg005_10B2_5D5	seg005_10B2_5D5	0x6f	seg005_10B2_5D5	
seg005_10B2_644	seg005_10B2_644	0x38	seg005_10B2_644	
seg005_10B2_67C	seg005_10B2_67C	0xc6	seg005_10B2_67C	
seg005_10B2_742	seg005_10B2_742	0x98	seg005_10B2_742	
seg005_10B2_7DA	seg005_10B2_7DA	0x22	seg005_10B2_7DA	
AddFileToTable_seg005_10B2_7FC	seg005_10B2_7FC	0x6c	AddFileToTable_seg005_10B2_7FC	
FileReadToAddress_seg005_10B2_868	seg005_10B2_868	0xec	FileReadToAddress_seg005_10B2_868	
FileReadToAddress_seg005_10B2_954	seg005_10B2_954	0x4d	FileReadToAddress_seg005_10B2_954	
seg005_10B2_9A1	seg005_10B2_9A1	0x66	seg005_10B2_9A1	
SeekToAFile_Location_seg005_10B2_A07	seg005_10B2_A07	0x66	SeekToAFile_Location_seg005_10B2_A07	
seg005_10B2_A6D	seg005_10B2_A6D	0x43	seg005_10B2_A6D	
seg005_10B2_AB0	seg005_10B2_AB0	0x49	seg005_10B2_AB0	
seg005_10B2_AF9	seg005_10B2_AF9	0x13	seg005_10B2_AF9	
seg005_10B2_B0C	seg005_10B2_B0C	0x13	seg005_10B2_B0C	
seg005_10B2_B1F	seg005_10B2_B1F	0x28	seg005_10B2_B1F	
seg005_10B2_B47	seg005_10B2_B47	0x17	seg005_10B2_B47	
seg005_10B2_B5E	seg005_10B2_B5E	0x1c	seg005_10B2_B5E	
seg005_10B2_B7A	seg005_10B2_B7A	0x11c	seg005_10B2_B7A	
seg005_10B2_C96	seg005_10B2_C96	0x140	seg005_10B2_C96	
InitRNG_seg005_10B2_DD6	seg005_10B2_DD6	0x11	InitRNG_seg005_10B2_DD6	
RNG_seg005_DE7	seg005_10B2_DE7	0x26	RNG_seg005_DE7	
seg005_10B2_E0D	seg005_10B2_E0D	0x8f	seg005_10B2_E0D	
seg005_10B2_E9C	seg005_10B2_E9C	0x101	seg005_10B2_E9C	
seg005_10B2_F9D	seg005_10B2_F9D	0x73	seg005_10B2_F9D	
seg005_10B2_1010	seg005_10B2_1010	0x4d	seg005_10B2_1010	
seg005_10B2_105D	seg005_10B2_105D	0x33	seg005_10B2_105D	
seg005_10B2_1090	seg005_10B2_1090	0x1a	seg005_10B2_1090	
seg005_10B2_10AA	seg005_10B2_10AA	0x123	seg005_10B2_10AA	
seg005_10B2_11CD	seg005_10B2_11CD	0x1d0	seg005_10B2_11CD	
seg005_10B2_139D	seg005_10B2_139D	0x81	seg005_10B2_139D	
seg005_10B2_141E	seg005_10B2_141E	0x2c	seg005_10B2_141E	
seg005_10B2_144A	seg005_10B2_144A	0x2c	seg005_10B2_144A	
seg005_10B2_1476	seg005_10B2_1476	0x13f	seg005_10B2_1476	
ParseNumber_seg005_10B2_15B5	seg005_10B2_15B5	0x7d	ParseNumber_seg005_10B2_15B5	
seg005_10B2_1632	seg005_10B2_1632	0x22	seg005_10B2_1632	
seg005_10B2_1654	seg005_10B2_1654	0x4d	seg005_10B2_1654	
seg005_10B2_16A1	seg005_10B2_16A1	0x29	seg005_10B2_16A1	
seg005_10B2_16CA	seg005_10B2_16CA	0x1b	seg005_10B2_16CA	
seg005_10B2_16E5	seg005_10B2_16E5	0x1e	seg005_10B2_16E5	
seg005_10B2_1703	seg005_10B2_1703	0x10	seg005_10B2_1703	
seg005_10B2_1713	seg005_10B2_1713	0x3c	seg005_10B2_1713	
seg005_10B2_174F	seg005_10B2_174F	0x41	seg005_10B2_174F	
seg005_10B2_1790	seg005_10B2_1790	0xc6	seg005_10B2_1790	
seg005_10B2_1856	seg005_10B2_1856	0x68	seg005_10B2_1856	
seg005_10B2_18BE	seg005_10B2_18BE	0x33	seg005_10B2_18BE	
seg005_10B2_18F1	seg005_10B2_18F1	0x2d	seg005_10B2_18F1	
seg005_10B2_191E	seg005_10B2_191E	0x41	seg005_10B2_191E	
seg005_10B2_195F	seg005_10B2_195F	0x29	seg005_10B2_195F	
seg005_10B2_1988	seg005_10B2_1988	0x59	seg005_10B2_1988	
seg005_10B2_19E1	seg005_10B2_19E1	0x18	seg005_10B2_19E1	
seg005_10B2_19F9	seg005_10B2_19F9	0xb8	seg005_10B2_19F9	
seg005_10B2_1AB1	seg005_10B2_1AB1	0x1b	seg005_10B2_1AB1	
seg005_10B2_1ACC	seg005_10B2_1ACC	0x6f	seg005_10B2_1ACC	
seg005_10B2_1B3B	seg005_10B2_1B3B	0x1d	seg005_10B2_1B3B	
seg005_10B2_1B58	seg005_10B2_1B58	0x20	seg005_10B2_1B58	
seg005_10B2_1B78	seg005_10B2_1B78	0xf	seg005_10B2_1B78	
seg005_10B2_1B87	seg005_10B2_1B87	0x11	seg005_10B2_1B87	
seg005_10B2_1B98	seg005_10B2_1B98	0x28	seg005_10B2_1B98	
seg005_10B2_1BC0	seg005_10B2_1BC0	0xc1	seg005_10B2_1BC0	
seg005_10B2_1C81	seg005_10B2_1C81	0x63	seg005_10B2_1C81	
seg005_10B2_1CE4	seg005_10B2_1CE4	0x27	seg005_10B2_1CE4	
seg005_10B2_1D0B	seg005_10B2_1D0B	0x3d	seg005_10B2_1D0B	
seg005_10B2_1D48	seg005_10B2_1D48	0x11	seg005_10B2_1D48	
MoveFilePointer_seg005_10B2_1D59	seg005_10B2_1D59	0x29	MoveFilePointer_seg005_10B2_1D59	
seg005_10B2_1D82	seg005_10B2_1D82	0x7d	seg005_10B2_1D82	
HexToDecimalString_seg005_10B2_1DFF	seg005_10B2_1DFF	0x27	HexToDecimalString_seg005_10B2_1DFF	
seg005_10B2_1E26	seg005_10B2_1E26	0x1a	seg005_10B2_1E26	
seg005_10B2_1E40	seg005_10B2_1E40	0x25	seg005_10B2_1E40	
seg005_10B2_1E65	seg005_10B2_1E65	0x21	seg005_10B2_1E65	
seg005_10B2_1E86	seg005_10B2_1E86	0x28	seg005_10B2_1E86	
SetArrayValues_seg005_10B2_1EAE	seg005_10B2_1EAE	0x19	SetArrayValues_seg005_10B2_1EAE	
seg005_10B2_1EC7	seg005_10B2_1EC7	0x16	seg005_10B2_1EC7	
CopyDataBySize_seg005_1EDD	seg005_10B2_1EDD	0x22	CopyDataBySize_seg005_1EDD	
seg005_10B2_1EFF	seg005_10B2_1EFF	0x19	seg005_10B2_1EFF	
seg005_10B2_1F18	seg005_10B2_1F18	0x12	seg005_10B2_1F18	
CreateOrOpenFile_seg005_1F2A	seg005_10B2_1F2A	0x13b	CreateOrOpenFile_seg005_1F2A	
seg005_10B2_2065	seg005_10B2_2065	0x4c	seg005_10B2_2065	
MaybeFileSeek_seg005_20B1	seg005_10B2_20B1	0xbb	MaybeFileSeek_seg005_20B1	
seg005_10B2_216C	seg005_10B2_216C	0x1a	seg005_10B2_216C	
seg005_10B2_2186	seg005_10B2_2186	0x1f	seg005_10B2_2186	
seg005_10B2_21A5	seg005_10B2_21A5	0x14	seg005_10B2_21A5	
seg005_10B2_21B9	seg005_10B2_21B9	0x47f	seg005_10B2_21B9	
seg005_10B2_2638	seg005_10B2_2638	0x2b	seg005_10B2_2638	
seg005_10B2_2663	seg005_10B2_2663	0x17f	seg005_10B2_2663	
seg005_10B2_27E2	seg005_10B2_27E2	0x18	seg005_10B2_27E2	
seg005_10B2_27FA	seg005_10B2_27FA	0x1c	seg005_10B2_27FA	
seg005_10B2_2816	seg005_10B2_2816	0x13	seg005_10B2_2816	
seg005_10B2_2829	seg005_10B2_2829	0x13	seg005_10B2_2829	
seg005_10B2_283C	seg005_10B2_283C	0x2c	seg005_10B2_283C	
seg005_10B2_2868	seg005_10B2_2868	0x7	seg005_10B2_2868	
seg005_10B2_286F	seg005_10B2_286F	0x9b	seg005_10B2_286F	
CombineStrings_seg005_10B2_290A	seg005_10B2_290A	0x39	CombineStrings_seg005_10B2_290A	
seg005_10B2_2943	seg005_10B2_2943	0x36	seg005_10B2_2943	
StoreStringInLocation_seg005_2979	seg005_10B2_2979	0x24	StoreStringInLocation_seg005_2979	
StringLen_seg005_10B2_299D	seg005_10B2_299D	0x1a	StringLen_seg005_10B2_299D	
seg005_10B2_29B7	seg005_10B2_29B7	0x2c	seg005_10B2_29B7	
ToUpperCase_seg005_10B2_29E3	seg005_10B2_29E3	0x20	ToUpperCase_seg005_10B2_29E3	
seg005_10B2_2A03	seg005_10B2_2A03	0x181	seg005_10B2_2A03	
seg005_10B2_2B84	seg005_10B2_2B84	0x12b	seg005_10B2_2B84	
seg005_10B2_2CAF	seg005_10B2_2CAF	0x16	seg005_10B2_2CAF	
seg005_10B2_2CC5	seg005_10B2_2CC5	0x7	seg005_10B2_2CC5	
seg005_10B2_2CCC	seg005_10B2_2CCC	0x9	seg005_10B2_2CCC	
seg005_10B2_2CD5	seg005_10B2_2CD5	0x8	seg005_10B2_2CD5	
seg005_10B2_2CDD	seg005_10B2_2CDD	0x1a	seg005_10B2_2CDD	
seg005_10B2_2CF7	seg005_10B2_2CF7	0xd	seg005_10B2_2CF7	
seg005_10B2_2D04	seg005_10B2_2D04	0x9	seg005_10B2_2D04	
seg005_10B2_2D0D	seg005_10B2_2D0D	0x497	seg005_10B2_2D0D	
seg005_10B2_31A4	seg005_10B2_31A4	0x49	seg005_10B2_31A4	
seg005_10B2_31ED	seg005_10B2_31ED	0x2f	seg005_10B2_31ED	
seg005_10B2_321C	seg005_10B2_321C	0x62	seg005_10B2_321C	
seg005_10B2_327E	seg005_10B2_327E	0x71	seg005_10B2_327E	
seg005_10B2_32EF	seg005_10B2_32EF	0x29	seg005_10B2_32EF	
seg005_10B2_3318	seg005_10B2_3318	0x36	seg005_10B2_3318	
seg005_10B2_334E	seg005_10B2_334E	0x29	seg005_10B2_334E	
seg005_10B2_3377	seg005_10B2_3377	0x61	seg005_10B2_3377	
seg005_10B2_33D8	seg005_10B2_33D8	0x39	seg005_10B2_33D8	
seg005_10B2_3411	seg005_10B2_3411	0x23	seg005_10B2_3411	
seg005_10B2_3434	seg005_10B2_3434	0x7d	seg005_10B2_3434	
seg005_10B2_34B1	seg005_10B2_34B1	0x7a	seg005_10B2_34B1	
seg005_10B2_352B	seg005_10B2_352B	0xd0	seg005_10B2_352B	
MultiplyDXCXAXBX_seg005_35FB	seg005_10B2_35FB	0x17	MultiplyDXCXAXBX_seg005_35FB	
seg005_10B2_3612	seg005_10B2_3612	0x21	seg005_10B2_3612	
seg005_10B2_3633	seg005_10B2_3633	0x3	seg005_10B2_3633	
Divide32BitNumbers_seg005_3636	seg005_10B2_3636	0x7	Divide32BitNumbers_seg005_3636	
Divide32BitNumbers_seg005_363D	seg005_10B2_363D	0x5	Divide32BitNumbers_seg005_363D	
seg005_10B2_3642	seg005_10B2_3642	0xb	seg005_10B2_3642	
seg005_10B2_364D	seg005_10B2_364D	0x97	seg005_10B2_364D	
BitShiftL_AXDX_BY_CX_seg005_10B2_36E4	seg005_10B2_36E4	0x21	BitShiftL_AXDX_BY_CX_seg005_10B2_36E4	
seg005_10B2_3705	seg005_10B2_3705	0x20	seg005_10B2_3705	
BitShiftRight_seg005_10B2_3725	seg005_10B2_3725	0x1e	BitShiftRight_seg005_10B2_3725	
seg005_10B2_3743	seg005_10B2_3743	0x60	seg005_10B2_3743	
seg005_10B2_37A3	seg005_10B2_37A3	0x2b	seg005_10B2_37A3	
CopyArray_seg005_10B2_37CE	seg005_10B2_37CE	0x22	CopyArray_seg005_10B2_37CE	
seg005_10B2_37F0	seg005_10B2_37F0	0x1d	seg005_10B2_37F0	
seg005_10B2_380D	seg005_10B2_380D	0x3a	seg005_10B2_380D	
seg005_10B2_3847	seg005_10B2_3847	0x39	seg005_10B2_3847	
seg005_10B2_3880	seg005_10B2_3880	0x1c	seg005_10B2_3880	
seg005_10B2_389C	seg005_10B2_389C	0x23	seg005_10B2_389C	
seg005_10B2_38BF	seg005_10B2_38BF	0x60	seg005_10B2_38BF	
seg005_10B2_391F	seg005_10B2_391F	0x40	seg005_10B2_391F	
seg005_10B2_395F	seg005_10B2_395F	0x29	seg005_10B2_395F	
seg005_10B2_3988	seg005_10B2_3988	0x19	seg005_10B2_3988	
seg005_10B2_39A1	seg005_10B2_39A1	0x35	seg005_10B2_39A1	
seg005_10B2_39D6	seg005_10B2_39D6	0x42	seg005_10B2_39D6	
seg005_10B2_3A18	seg005_10B2_3A18	0x53	seg005_10B2_3A18	
seg005_10B2_3A6B	seg005_10B2_3A6B	0x17	seg005_10B2_3A6B	
seg005_10B2_3A82	seg005_10B2_3A82	0x21	seg005_10B2_3A82	
seg005_10B2_3AA3	seg005_10B2_3AA3	0x4	seg005_10B2_3AA3	
seg005_10B2_3AA7	seg005_10B2_3AA7	0x4	seg005_10B2_3AA7	
seg005_10B2_3AAB	seg005_10B2_3AAB	0x4	seg005_10B2_3AAB	
seg005_10B2_3AAF	seg005_10B2_3AAF	0x1a6	seg005_10B2_3AAF	
DropNPCRemains_seg006_5	seg006_1477_5	0x15f	build_corpse	src/critter/PATHFIND.C:146
seg006_1477_164	seg006_1477_164	0x12a	move_me_joe	src/critter/PATHFIND.C:174
InitVariablesAndDelegates_seg006_1477_28E	seg006_1477_28E	0xd9	init_ai	src/critter/PATHFIND.C:202
seg006_1477_367	seg006_1477_367	0x290	get_terrain	src/critter/PATHFIND.C:217
SetALto0_seg006_1477_5F7	seg006_1477_5F7	0x7	SetALto0_seg006_1477_5F7	
seg006_1477_5FE	seg006_1477_5FE	0xcd	crit_hndlr_fly	src/critter/PATHFIND.C:300
CalculateMotionTopLevel_seg006_6CB	seg006_1477_6CB	0x2b	do_crit_phys	src/critter/PATHFIND.C:340
TraverseMultipleTiles_seg006_1477_6F6	seg006_1477_6F6	0x960	hyp_move	src/critter/PATHFIND.C:355
TestTileTraversal_seg006_1056	seg006_1477_1056	0x265	hyp_see	src/critter/PATHFIND.C:571
PathFindBetweenTiles_seg006_1477_12BB	seg006_1477_12BB	0x588	flood_path	src/critter/PATHFIND.C:609
seg006_1477_1843	seg006_1477_1843	0xf5	make_path_from_flood_data	src/critter/PATHFIND.C:717
seg006_1477_1938	seg006_1477_1938	0x299	beeline	src/critter/PATHFIND.C:735
TestBetweenPoints_seg006_1477_1BD1	seg006_1477_1BD1	0x470	line_of_sight	src/critter/PATHFIND.C:800
seg006_1477_2041	seg006_1477_2041	0x190	add_to_beeline_path	src/critter/PATHFIND.C:907
seg006_1477_21D1	seg006_1477_21D1	0x39	find_free_path	src/critter/PATHFIND.C:932
seg006_1477_220A	seg006_1477_220A	0x3a	clear_paths	src/critter/PATHFIND.C:945
UpdateSeg57TurningValues_seg006_1477_2244	seg006_1477_2244	0x187	store_path	src/critter/PATHFIND.C:958
MaybeUpdatePathFlag_seg006_1477_23CB	seg006_1477_23CB	0xdd	set_next_square_on_path	src/critter/PATHFIND.C:982
seg006_1477_24A8	seg006_1477_24A8	0x5c	close_to_square	src/critter/PATHFIND.C:999
TurnTowardsPath_seg006_1477_2504	seg006_1477_2504	0x175	move_along_path	src/critter/PATHFIND.C:1013
seg006_1477_2679	seg006_1477_2679	0x1e9	do_that_jump_kinda_thing	src/critter/PATHFIND.C:1046
GetVectorHeading_seg006_1477_2862	seg006_1477_2862	0x88	deltatotheta	src/critter/PATHFIND.C:1076
SetNPCTargetDestination_seg006_1477_28EA	seg006_1477_28EA	0xb7	set_loc	src/critter/PATHFIND.C:1090
NPC_Goto_seg006_1477_29A1	seg006_1477_29A1	0x6c0	crit_head_for_loc	src/critter/PATHFIND.C:1113
seg006_1477_3061	seg006_1477_3061	0xc2	adjust_height	src/critter/PATHFIND.C:1231
NPCTryToOpenDoor_seg006_1477_3123	seg006_1477_3123	0xee	try_to_open_door	src/critter/PATHFIND.C:1248
NPCWanderUpdate_seg007_1798_1	seg007_1798_1	0x3e3	crit_drunkwalk	src/critter/AI.C:124
seg007_1798_3E4	seg007_1798_3E4	0x1fb	seg007_1798_3E4	src/critter/AI.C:211
Goal8_seg007_1798_5DF	seg007_1798_5DF	0xd1	crit_mill	src/critter/AI.C:250
StandStillGoal_seg007_1798_6B0	seg007_1798_6B0	0x1e1	crit_guard	src/critter/AI.C:275
NPC_Goal5_Attack_seg007_1798_891	seg007_1798_891	0x26e	crit_offense	src/critter/AI.C:340
ChooseMeleeAttackToMake_seg007_1798_AFF	seg007_1798_AFF	0x35e	crit_attack	src/critter/AI.C:395
AttackGoalSearchForTarget_seg007_E5D	seg007_1798_E5D	0x195	crit_offense_find_target	src/critter/AI.C:464
TryToDoMagicAttack_seg007_1798_FF2	seg007_1798_FF2	0xad	maybe_cast_defensive_spell	src/critter/AI.C:506
NPCStartMagicAttack_seg007_1798_109F	seg007_1798_109F	0x15c	crit_magik_attack	src/critter/AI.C:526
seg007_1798_11FB	seg007_1798_11FB	0xcb	crit_missile_attack	src/critter/AI.C:552
NPCGoal9_seg007_1798_12C6	seg007_1798_12C6	0x134	crit_defense	src/critter/AI.C:571
NPCGoal6_seg007_1798_13FA	seg007_1798_13FA	0x423	crit_flee	src/critter/AI.C:610
MaybeVectorsToPlayer_seg007_1798_181D	seg007_1798_181D	0x11a	crit_avoid_player	src/critter/AI.C:685
GoalTalkto_seg007_1798_1937	seg007_1798_1937	0x1bf	crit_talk	src/critter/AI.C:726
ReactToPlayerPresence_seg007_1AF6	seg007_1798_1AF6	0xfe	check_out_player	src/critter/AI.C:768
NPCGoalC_seg007_1798_1BF4	seg007_1798_1BF4	0xf7	crit_hover	src/critter/AI.C:791
SearchForGoalTarget_seg007_1798_1CEB	seg007_1798_1CEB	0x22f	target_found	src/critter/AI.C:820
TurnTowardsTarget_seg007_1798_1F1A	seg007_1798_1F1A	0xc2	look_for_target	src/critter/AI.C:862
seg007_1798_1FDC	seg007_1798_1FDC	0x147	constrain_movement	src/critter/AI.C:893
seg007_1798_2123	seg007_1798_2123	0x19e	turn_real_fine	src/critter/AI.C:932
GetPitchToGTarg_seg007_1798_22C1	seg007_1798_22C1	0x95	compute_trz_or_try_rather	src/critter/AI.C:986
seg007_1798_2356	seg007_1798_2356	0x132	set_critter_vars	src/critter/AI.C:1012
NPCInitialProcessing_seg007_2488	seg007_1798_2488	0x7c2	critter_ai	src/critter/AI.C:1055
NPCBehaviours_seg007_1798_2C4A	seg007_1798_2C4A	0x621	critter_mv	src/critter/AI.C:1194
GetDistancesToGTarg_seg007_326B	seg007_1798_326B	0x118	set_up_target	src/critter/AI.C:1330
seg007_1798_3383	seg007_1798_3383	0x87	should_i_flee	src/critter/AI.C:1356
seg007_1798_340A	seg007_1798_340A	0x84	acceptable_danger	src/critter/AI.C:1382
SetNewGoalAndGtarg_seg007_348E	seg007_1798_348E	0x6f	critter_set_goal	src/critter/AI.C:1397
ResetGoalAndGtarg_seg007_1798_34FD	seg007_1798_34FD	0x7a	critter_discard_goal	src/critter/AI.C:1407
ProcessDeath_seg007_1798_3577	seg007_1798_3577	0x54	go_into_dying_sequence	src/critter/AI.C:1421
Death_seg007_1798_35CB	seg007_1798_35CB	0x57	crit_die	src/critter/AI.C:1436
DamageNPC_seg007_1798_3622	seg007_1798_3622	0x203	damage_critter	src/critter/AI.C:1458
seg007_1798_3825	seg007_1798_3825	0x43	timetodo	src/critter/AI.C:1527
ProcessMobileObjects_seg007_1798_3868	seg007_1798_3868	0xc3	move_mobile	src/critter/AI.C:1539
SetPlayerDataOxB9_seg008_B	seg008_1B2A_B	0x32	water_set	src/motion/PHYSICS.C:77
ProcessPlayerTileState_seg008_1B2A_3D	seg008_1B2A_3D	0x113	parse_player_terr	src/motion/PHYSICS.C:98
EtherealVoidSpecialEffects_seg008_150	seg008_1B2A_150	0xc6	EtherealVoidSpecialEffects_seg008_150	src/motion/PHYSICS.C:160
seg008_1B2A_216	seg008_1B2A_216	0x3cd	simple_fizix	src/motion/PHYSICS.C:188
PlayerMotionInitialCalc_seg008_5E3	seg008_1B2A_5E3	0xee	set_player_phys_params	src/motion/PHYSICS.C:290
PlacePlayerInTile_seg008_6D1	seg008_1B2A_6D1	0x23c	player_setup	src/motion/PHYSICS.C:334
ApplyPlayerMotion_seg008_90D	seg008_1B2A_90D	0x2df	phys_affect_player	src/motion/PHYSICS.C:382
CalculateMotionFromCommand_seg008_BEC	seg008_1B2A_BEC	0x16f	do_player_input	src/motion/PHYSICS.C:464
StopFalling_seg008_D5B	seg008_1B2A_D5B	0x2a	phys_bounce_up	src/motion/PHYSICS.C:530
seg008_1B2A_D85	seg008_1B2A_D85	0x19	fizix_update	src/motion/PHYSICS.C:542
BouncePlayer_seg008_D9E	seg008_1B2A_D9E	0x38	BouncePlayer_seg008_D9E	src/motion/PHYSICS.C:551
DoTrapScreenShake_seg008_DD6	seg008_1B2A_DD6	0x11	DoTrapScreenShake_seg008_DD6	src/motion/PHYSICS.C:562
QuakeTrap_seg008_DE7	seg008_1B2A_DE7	0x25	QuakeTrap_seg008_DE7	src/motion/PHYSICS.C:569
UpdateMotionStateAndSwimming_seg008_E0C	seg008_1B2A_E0C	0x135	newFPS	src/motion/PHYSICS.C:580
seg009_1	seg009_1	0x6c	seg009_1	src/gfx/GRSPIC.C:41
seg009_6D	seg009_6D	0xdd	seg009_6D	src/gfx/GRSPIC.C:53
seg009_14A	seg009_14A	0x52	grs_unpack	src/gfx/GRSPIC.C:76
seg009_19C	seg009_19C	0x85	grs_fbplot	src/gfx/GRSPIC.C:88
seg009_221	seg009_221	0x44	grs_which1	src/gfx/GRSPIC.C:101
seg009_265	seg009_265	0xc7	pic_to_screen	src/gfx/GRSPIC.C:116
seg009_32C	seg009_32C	0x21	pic_to_fbuf	src/gfx/GRSPIC.C:142
seg009_34D	seg009_34D	0x3f	mask_to_screen	src/gfx/GRSPIC.C:153
seg009_38C	seg009_38C	0x58	seg009_38C	src/gfx/GRSPIC.C:162
seg010_4	seg010_4	0x56	init_input	src/ui/INPUT.C:72
seg010_5A	seg010_5A	0x29	free_input	src/ui/INPUT.C:87
RegisterEvent_seg010_83	seg010_83	0x82	input_addmouse	src/ui/INPUT.C:100
RegisterEventHandler_seg010_105	seg010_105	0x70	_input_addkey	src/ui/INPUT.C:123
seg010_175	seg010_175	0x13c	input_del	src/ui/INPUT.C:145
seg010_2B1	seg010_2B1	0x14c	input_dispatch	src/ui/INPUT.C:191
seg010_3FD	seg010_3FD	0x7a	dispatch_key	src/ui/INPUT.C:225
seg011_1CA3_7	seg011_1CA3_7	0x25	mainloop	src/game/MAINLOOP.C:28
seg011_1CA3_2C	seg011_1CA3_2C	0x83	do_changes	src/game/MAINLOOP.C:41
SetGameLoopBitField_seg011_AF	seg011_1CA3_AF	0xc	editchng	src/game/MAINLOOP.C:67
seg012_B	seg012_B	0x9b	seg012_B	src/sys/EMS.C:54
seg012_A6	seg012_A6	0x15	seg012_A6	src/sys/EMS.C:97
seg012_BB	seg012_BB	0x54	seg012_BB	src/sys/EMS.C:110
seg012_10F	seg012_10F	0x1d	seg012_10F	src/sys/EMS.C:130
seg012_12C	seg012_12C	0x15	seg012_12C	src/sys/EMS.C:142
seg012_141	seg012_141	0x1d	seg012_141	src/sys/EMS.C:155
seg012_15E	seg012_15E	0x53	seg012_15E	src/sys/EMS.C:171
seg012_1B1	seg012_1B1	0xd	seg012_1B1	src/sys/EMS.C:185
seg013_1CC9_E	seg013_1CC9_E	0x67	init_mouse	src/ui/MOUSE.C:121
seg013_1CC9_75	seg013_1CC9_75	0x4c	_actual_mhide	src/ui/MOUSE.C:140
LikelyDrawCursor_seg013_1CC9_C1	seg013_1CC9_C1	0x16	mouse_show	src/ui/MOUSE.C:152
seg013_1CC9_D7	seg013_1CC9_D7	0x21	mouse_hide	src/ui/MOUSE.C:161
seg013_1CC9_F8	seg013_1CC9_F8	0x1d	mous_3d_set	src/ui/MOUSE.C:171
seg013_1CC9_115	seg013_1CC9_115	0x25	mous_in_3d_p	src/ui/MOUSE.C:180
seg013_1CC9_13A	seg013_1CC9_13A	0x11a	mous_3d_hide	src/ui/MOUSE.C:191
seg013_1CC9_254	seg013_1CC9_254	0x65	mous_3d_show	src/ui/MOUSE.C:227
GetPositionIn3dWindow_seg013_1CC9_2B9	seg013_1CC9_2B9	0x15	mouse_getxy	src/ui/MOUSE.C:242
seg013_1CC9_2CE	seg013_1CC9_2CE	0x2a	mouse_Qgetxy	src/ui/MOUSE.C:250
seg013_1CC9_2F8	seg013_1CC9_2F8	0x12	mouse_clearQ	src/ui/MOUSE.C:261
seg013_1CC9_30A	seg013_1CC9_30A	0xe	flush_keys	src/ui/MOUSE.C:270
seg013_1CC9_318	seg013_1CC9_318	0x2d	mouse_putxy	src/ui/MOUSE.C:276
seg013_1CC9_345	seg013_1CC9_345	0x22	mouse_getbut	src/ui/MOUSE.C:288
ClickEventRelated_seg013_1CC9_367	seg013_1CC9_367	0x7d	mouse_release	src/ui/MOUSE.C:300
seg013_1CC9_3E4	seg013_1CC9_3E4	0x89	mouse_dragged	src/ui/MOUSE.C:327
seg013_1CC9_46D	seg013_1CC9_46D	0x1d	mouse_constrain	src/ui/MOUSE.C:348
MaybeSetScreenSize_seg013_1CC9_48A	seg013_1CC9_48A	0x19	mouse_freereign	src/ui/MOUSE.C:357
seg013_1CC9_4A3	seg013_1CC9_4A3	0x4c	do_mouse_input	src/ui/MOUSE.C:367
seg013_1CC9_4EF	seg013_1CC9_4EF	0x7c	do_keyarray_input	src/ui/MOUSE.C:392
seg013_1CC9_56B	seg013_1CC9_56B	0x99	do_keyboard_input	src/ui/MOUSE.C:419
seg013_1CC9_604	seg013_1CC9_604	0x4d	get_input	src/ui/MOUSE.C:445
seg013_1CC9_651	seg013_1CC9_651	0xd	mouse_get_input	src/ui/MOUSE.C:465
seg013_1CC9_65E	seg013_1CC9_65E	0xd	mouse_get_input_sp	src/ui/MOUSE.C:470
seg013_1CC9_66B	seg013_1CC9_66B	0x71	defineMouseRegion	src/ui/MOUSE.C:478
seg013_1CC9_6DC	seg013_1CC9_6DC	0x5e	undefineMouseRegion	src/ui/MOUSE.C:500
ChangeCursor_seg013_73A	seg013_1CC9_73A	0x32	force_mouse_cursor	src/ui/MOUSE.C:522
seg013_1CC9_76C	seg013_1CC9_76C	0x4a	unforce_mouse_cursor	src/ui/MOUSE.C:535
seg013_1CC9_7B6	seg013_1CC9_7B6	0x4c	mouse_check_reg	src/ui/MOUSE.C:552
seg013_1CC9_802	seg013_1CC9_802	0x66	set_mouse_data	src/ui/MOUSE.C:564
seg013_1CC9_868	seg013_1CC9_868	0xd4	checkMouse	src/ui/MOUSE.C:584
seg013_1CC9_93C	seg013_1CC9_93C	0x26c	moveMouse	src/ui/MOUSE.C:616
seg013_1CC9_BA8	seg013_1CC9_BA8	0x40	MousQUp	src/ui/MOUSE.C:699
seg013_1CC9_BE8	seg013_1CC9_BE8	0x47	MousReSave	src/ui/MOUSE.C:720
seg013_1CC9_C2F	seg013_1CC9_C2F	0xc3	MousReSave3d	src/ui/MOUSE.C:731
seg013_1CC9_CF2	seg013_1CC9_CF2	0x64	drawMouse	src/ui/MOUSE.C:749
seg013_1CC9_D56	seg013_1CC9_D56	0x68	draw3dMouse	src/ui/MOUSE.C:759
seg013_1CC9_DBE	seg013_1CC9_DBE	0x6b	warpMouse	src/ui/MOUSE.C:773
seg013_1CC9_E29	seg013_1CC9_E29	0x164	keyboard_mouse	src/ui/MOUSE.C:795
seg013_1CC9_F8D	seg013_1CC9_F8D	0x3e	mouse_btns	src/ui/MOUSE.C:876
seg014_1DC5_B	seg014_1DC5_B	0x12	cllbck_tst	src/sound/SOUND.C:157
seg014_1DC5_1D	seg014_1DC5_1D	0x44	init_timers	src/sound/SOUND.C:163
seg014_1DC5_61	seg014_1DC5_61	0x1b5	init_sounds	src/sound/SOUND.C:177
seg014_1DC5_216	seg014_1DC5_216	0xd8	load_global_timbre	src/sound/SOUND.C:234
seg014_1DC5_2EE	seg014_1DC5_2EE	0xd3	init_timbres	src/sound/SOUND.C:260
seg014_1DC5_3C1	seg014_1DC5_3C1	0x5b	install_timbre	src/sound/SOUND.C:290
LoadXMIFILE_seg014_41C	seg014_1DC5_41C	0x157	load_new_music	src/sound/SOUND.C:306
seg014_1DC5_573	seg014_1DC5_573	0x9a	load_sound_driver	src/sound/SOUND.C:349
seg014_1DC5_60D	seg014_1DC5_60D	0xce	play_music	src/sound/SOUND.C:370
seg014_1DC5_6DB	seg014_1DC5_6DB	0x5d	read_file_to_mbuf	src/sound/SOUND.C:405
GetMusicFileNo_seg014_738	seg014_1DC5_738	0x8	get_current_music	src/sound/SOUND.C:424
seg014_1DC5_740	seg014_1DC5_740	0x14	music_is_on	src/sound/SOUND.C:430
seg014_1DC5_754	seg014_1DC5_754	0x14	fx_is_on	src/sound/SOUND.C:438
ToggleMusic_seg014_768	seg014_1DC5_768	0x94	turn_music	src/sound/SOUND.C:447
seg014_1DC5_7FC	seg014_1DC5_7FC	0x4f	turn_fx	src/sound/SOUND.C:473
seg014_1DC5_84B	seg014_1DC5_84B	0x63	stop_music	src/sound/SOUND.C:497
LoadSoundAtCoordinate_seg014_1DC5_8AE	seg014_1DC5_8AE	0x26d	play_effect	src/sound/SOUND.C:521
PlaySoundEffectAtAvatar_seg014_1DC5_B1B	seg014_1DC5_B1B	0x81	play_effect_here	src/sound/SOUND.C:589
PlaySoundEffectAtObject_seg014_1DC5_B9C	seg014_1DC5_B9C	0x61	play_effect_on_mobile	src/sound/SOUND.C:606
seg014_1DC5_BFD	seg014_1DC5_BFD	0x7f	kill_effect	src/sound/SOUND.C:616
seg014_1DC5_C7C	seg014_1DC5_C7C	0x192	seg014_1DC5_C7C	src/sound/SOUND.C:629
LoadSoundsDat_seg014_E0E	seg014_1DC5_E0E	0x10b	read_fx_data	src/sound/SOUND.C:670
seg014_1DC5_F19	seg014_1DC5_F19	0x50	init_fx	src/sound/SOUND.C:704
LoadBasicSound_seg014_1DC5_F69	seg014_1DC5_F69	0x22c	fx_play	src/sound/SOUND.C:723
PlayMusicalInstrument_seg014_1195	seg014_1DC5_1195	0x32e	play_instrument	src/sound/SOUND.C:790
SpawnCupOfWonder_seg014_14C3	seg014_1DC5_14C3	0x8b	play_cup_tune	src/sound/SOUND.C:869
seg014_1DC5_154E	seg014_1DC5_154E	0x1b	free_timers	src/sound/SOUND.C:888
seg014_1DC5_1569	seg014_1DC5_1569	0x51	free_sounds	src/sound/SOUND.C:896
ChangeThemeMusic_seg014_15BA	seg014_1DC5_15BA	0xb	set_new_music	src/sound/SOUND.C:906
PickLevelThemeMusic_seg014_15C5	seg014_1DC5_15C5	0x17	seg014_1DC5_15C5	src/sound/SOUND.C:912
seg014_1DC5_15DC	seg014_1DC5_15DC	0x31	loop_music_maybe	src/sound/SOUND.C:918
RefreshMusic_seg014_160D	seg014_1DC5_160D	0x1b4	change_music_maybe	src/sound/SOUND.C:940
MaybeCheckThemeIsPlaying_seg014_1DC5_17C1	seg014_1DC5_17C1	0x2c	music_over	src/sound/SOUND.C:976
seg014_1DC5_17ED	seg014_1DC5_17ED	0x4d	do_settings	src/sound/SOUND.C:985
seg014_1DC5_183A	seg014_1DC5_183A	0xe3	init_speech	src/sound/SOUND.C:997
seg014_1DC5_191D	seg014_1DC5_191D	0x8	speech_available	src/sound/SOUND.C:1022
seg014_1DC5_1925	seg014_1DC5_1925	0x5c	init_voc	src/sound/SOUND.C:1030
seg014_1DC5_1981	seg014_1DC5_1981	0x1c0	play_speech	src/sound/SOUND.C:1047
seg014_1DC5_1B41	seg014_1DC5_1B41	0x137	update_speech	src/sound/SOUND.C:1095
seg014_1DC5_1C78	seg014_1DC5_1C78	0x4e	speech_over	src/sound/SOUND.C:1120
seg014_1DC5_1CC6	seg014_1DC5_1CC6	0x18	stop_speech	src/sound/SOUND.C:1135
seg014_1DC5_1CDE	seg014_1DC5_1CDE	0x2f	free_speech_stuff	src/sound/SOUND.C:1143
seg014_1DC5_1D0D	seg014_1DC5_1D0D	0x60	seg014_1DC5_1D0D	src/sound/SOUND.C:1155
seg015_1F9B_E	seg015_1F9B_E	0xda	grab	src/gfx/MODEX.ASM:77
seg015_1F9B_E8	seg015_1F9B_E8	0x10	seg015_1F9B_E8	src/gfx/MODEX.ASM:199
ClearData_seg015_1F9B_F8	seg015_1F9B_F8	0x16	mem_set	src/gfx/MODEX.ASM:215
Strlen_seg015_1F9B_10E	seg015_1F9B_10E	0x16	str_len	src/gfx/MODEX.ASM:231
CopySubstring_seg015_1F9B_124	seg015_1F9B_124	0x20	str_ncopy	src/gfx/MODEX.ASM:249
CopyStringToLocation_seg015_144	seg015_1F9B_144	0x35	str_copy	src/gfx/MODEX.ASM:270
FindStringDelimiter_seg015_1F9B_179	seg015_1F9B_179	0x28	FindStringDelimiter	src/gfx/MODEX.ASM:306
seg015_1F9B_1A1	seg015_1F9B_1A1	0x5b	str_str	src/gfx/MODEX.ASM:333
seg015_1F9B_1FC	seg015_1F9B_1FC	0x29	str_cmp	src/gfx/MODEX.ASM:391
seg015_1F9B_225	seg015_1F9B_225	0x35	local_do_palette	src/gfx/MODEX.ASM:418
seg015_1F9B_25A	seg015_1F9B_25A	0x4d	seg015_1F9B_25A	src/gfx/MODEX.ASM:455
seg015_1F9B_2A7	seg015_1F9B_2A7	0x7e	seg015_1F9B_2A7	src/gfx/MODEX.ASM:496
seg015_1F9B_325	seg015_1F9B_325	0x41	seg015_1F9B_325	src/gfx/MODEX.ASM:561
seg015_1F9B_366	seg015_1F9B_366	0x55	seg015_1F9B_366	src/gfx/MODEX.ASM:599
a_i	seg016_E	0x53	int0_trap	src/sys/INT0TRAP.ASM:50
seg017_1FDD_36	seg017_1FDD_36	0x1a	set_pix_xfer	src/3d/GRIDDB.C:167
DetailLevel_seg017_50	seg017_1FDD_50	0x75	set_graphics_level	src/3d/GRIDDB.C:174
seg017_1FDD_C5	seg017_1FDD_C5	0x27e	process_grid	src/3d/GRIDDB.C:201
seg017_1FDD_343	seg017_1FDD_343	0x1e3	do_3d_pickup	src/3d/GRIDDB.C:261
StartRendering_seg017_526	seg017_1FDD_526	0x274	subprocess	src/3d/GRIDDB.C:305
seg017_1FDD_79A	seg017_1FDD_79A	0xe6	polyflr	src/3d/GRIDDB.C:362
seg017_1FDD_880	seg017_1FDD_880	0xe4	polycie	src/3d/GRIDDB.C:382
seg017_1FDD_964	seg017_1FDD_964	0xe6	polywal	src/3d/GRIDDB.C:402
seg017_1FDD_A4A	seg017_1FDD_A4A	0x1d1	txtflr	src/3d/GRIDDB.C:431
seg017_1FDD_C1B	seg017_1FDD_C1B	0x1a1	txtwal	src/3d/GRIDDB.C:473
seg017_1FDD_DBC	seg017_1FDD_DBC	0x66a	grdb_elem	src/3d/GRIDDB.C:527
seg017_1FDD_1	seg017_1FDD_1	0x35	SetPnt	src/3d/SETPNT.ASM:41
seg018_6	seg018_6	0x6d	seg018_6	src/gfx/PLANECPY.ASM:45
seg019_0	seg019_0_0	0x17	seg019_0	src/sys/STARTUP.ASM:69
seg019_17	seg019_0_17	0x4e	seg019_17	src/sys/STARTUP.ASM:91
seg019_65	seg019_0_65	0x3c	seg019_65	src/sys/STARTUP.ASM:111
seg019_A1	seg019_0_A1	0x48	seg019_A1	src/sys/STARTUP.ASM:142
seg019_E9	seg019_0_E9	0x29	seg019_E9	src/sys/STARTUP.ASM:178
seg019_112	seg019_0_112	0x9	seg019_112	src/sys/STARTUP.ASM:207
seg019_11B	seg019_0_11B	0x2c	seg019_11B	src/sys/STARTUP.ASM:218
seg019_150	seg019_150	0x24	setvect24	src/sys/CRITERR.ASM:40
seg019_174	seg019_174	0x15	seg019_174	src/sys/CRITERR.ASM:65
seg019_189	seg019_189	0x3a	diskerr	src/sys/CRITERR.ASM:82
seg019_1D0	seg019_1D0	0x4b	seg019_1D0	src/sys/CPUTYPE.ASM:38
seg019_220	seg019_220	0x4	seg019_220	src/sys/BIOSKEY.ASM:40
seg019_224	seg019_224	0x4	seg019_224	src/sys/BIOSKEY.ASM:47
seg019_228	seg019_228	0xe	seg019_228	src/sys/BIOSKEY.ASM:56
seg019_236	seg019_236	0x6	seg019_236	src/sys/BIOSKEY.ASM:71
seg019_240	seg019_240	0x4	seg019_240	src/sys/SYSINIT.ASM:50
seg019_244	seg019_244	0x72	init	src/sys/SYSINIT.ASM:69
seg019_2B6	seg019_2B6	0x7	seg019_2B6	src/sys/SYSINIT.ASM:132
seg019_2BD	seg019_2BD	0x1b	seg019_2BD	src/sys/SYSINIT.ASM:144
seg019_2E0	seg019_2E0	0x4	seg019_2E0	src/sys/JOYPORT.ASM:58
seg019_2E4	seg019_2E4	0x4	seg019_2E4	src/sys/JOYPORT.ASM:65
seg019_2E8	seg019_2E8	0x4	seg019_2E8	src/sys/JOYPORT.ASM:72
seg019_2EC	seg019_2EC	0x1e	seg019_2EC	src/sys/JOYPORT.ASM:80
seg019_30A	seg019_30A	0x5f	seg019_30A	src/sys/JOYPORT.ASM:105
seg019_369	seg019_369	0x4	seg019_369	src/sys/JOYPORT.ASM:153
seg019_36D	seg019_36D	0x4	seg019_36D	src/sys/JOYPORT.ASM:159
seg019_371	seg019_371	0x4	seg019_371	src/sys/JOYPORT.ASM:165
seg019_375	seg019_375	0xb	seg019_375	src/sys/JOYPORT.ASM:172
seg019_380	seg019_380	0xf	seg019_380	src/sys/JOYPORT.ASM:182
seg019_38F	seg019_38F	0x14	seg019_38F	src/sys/JOYPORT.ASM:194
seg019_3A3	seg019_3A3	0x5a	seg019_3A3	src/sys/JOYPORT.ASM:211
seg019_3FD	seg019_3FD	0x49	seg019_3FD	src/sys/JOYPORT.ASM:266
seg019_450	seg019_450	0x4	seg019_450	src/sys/KEYQUEUE.ASM:52
seg019_454	seg019_454	0x17	seg019_454	src/sys/KEYQUEUE.ASM:59
seg019_46B	seg019_46B	0x3d	seg019_46B	src/sys/KEYQUEUE.ASM:78
seg019_4A8	seg019_4A8	0x74	seg019_4A8	src/sys/KEYQUEUE.ASM:115
seg019_51C	seg019_51C	0x38	seg019_51C	src/sys/KEYQUEUE.ASM:176
seg019_554	seg019_554	0x10	seg019_554	src/sys/KEYQUEUE.ASM:205
seg019_564	seg019_564	0x15	seg019_564	src/sys/KEYQUEUE.ASM:218
seg019_579	seg019_579	0x16	seg019_579	src/sys/KEYQUEUE.ASM:232
seg019_598	seg019_598	0x30	seg019_598	src/sys/KBDINT.ASM:55
seg019_5C8	seg019_5C8	0x21	seg019_5C8	src/sys/KBDINT.ASM:81
seg019_5E9	seg019_5E9	0x8c	seg019_5E9	src/sys/KBDINT.ASM:107
seg019_680	seg019_680	0x12	seg019_680	src/sys/VIDSAVE.ASM:43
seg019_692	seg019_692	0xe	seg019_692	src/sys/VIDSAVE.ASM:57
seg019_6A0	seg019_6A0	0x6	seg019_6A0	src/sys/VIDSAVE.ASM:70
seg019_6A6	seg019_6A6	0x11	seg019_6A6	src/sys/VIDSAVE.ASM:79
seg019_6C0	seg019_6C0	0x4	seg019_6C0	src/sys/MOUSEDRV.ASM:45
seg019_6C4	seg019_6C4	0x4	seg019_6C4	src/sys/MOUSEDRV.ASM:52
seg019_6C8	seg019_6C8	0x1f	seg019_6C8	src/sys/MOUSEDRV.ASM:61
seg019_6E7	seg019_6E7	0x11	Read_Mouse_Motion_seg019_6E7	src/sys/MOUSEDRV.ASM:85
seg019_6F8	seg019_6F8	0xb	seg019_6F8	src/sys/MOUSEDRV.ASM:101
seg019_703	seg019_703	0xa	seg019_703	src/sys/MOUSEDRV.ASM:112
seg019_730	seg019_730	0xe	seg019_730	src/sys/SYSLIBL.ASM:42
seg019_73E	seg019_73E	0x3	seg019_73E	src/sys/SYSLIBL.ASM:54
seg019_755	seg019_755	0x3c	seg019_755	src/sys/SYSENTRY.ASM:148
seg019_791	seg019_791	0x3c	seg019_791	src/sys/SYSENTRY.ASM:183
seg019_7CD	seg019_7CD	0x3c	seg019_7CD	src/sys/SYSENTRY.ASM:219
seg019_809	seg019_809	0x168	seg019_809	src/sys/SYSENTRY.ASM:257
seg019_971	seg019_971	0x3c	key	src/sys/SYSENTRY.ASM:443
seg019_9AD	seg019_9AD	0x43	mouse	src/sys/SYSENTRY.ASM:479
seg019_9F0	seg019_9F0	0x3c	mbuttons	src/sys/SYSENTRY.ASM:516
seg019_A30	seg019_A30	0x4	SquareRoot_seg019_A30	src/sys/IMATH.ASM:48
seg019_A34	seg019_A34	0x4	sincos	src/sys/IMATH.ASM:55
seg019_A38	seg019_A38	0x31	seg019_A38	src/sys/IMATH.ASM:63
seg019_A69	seg019_A69	0xf	seg019_A69	src/sys/IMATH.ASM:91
seg019_A78	seg019_A78	0x100	SquareRoot_seg019_A78	src/sys/IMATH.ASM:107
seg019_B78	seg019_B78	0x2a	seg019_B78	src/sys/IMATH.ASM:245
seg019_BA2	seg019_BA2	0x32	seg019_BA2	src/sys/IMATH.ASM:272
seg019_BD4	seg019_BD4	0x25	MaybeTangent_seg019_BD4	src/sys/IMATH.ASM:304
seg019_C00	seg019_C00	0x5	seg019_C00	src/sys/TICKREAD.ASM:32
seg019_C10	seg019_C10	0x1	seg019_C10	src/sys/SYSLIBP.ASM:32
seg019_C34	seg019_C34	0x4a	cZoom	src/sys/C3DENTRY.ASM:147
seg019_C7E	seg019_C7E	0x6	cFBtoScreen	src/sys/C3DENTRY.ASM:188
seg019_C84	seg019_C84	0x33	cFillFB	src/sys/C3DENTRY.ASM:195
seg019_CB7	seg019_CB7	0x33	seg019_CB7	src/sys/C3DENTRY.ASM:226
seg019_CEA	seg019_CEA	0x33	seg019_CEA	src/sys/C3DENTRY.ASM:257
seg019_D1D	seg019_D1D	0x5d	cPlaceFB	src/sys/C3DENTRY.ASM:288
seg019_D7A	seg019_D7A	0xa0	cRender	src/sys/C3DENTRY.ASM:338
seg019_E1A	seg019_E1A	0x49	cInit3d	src/sys/C3DENTRY.ASM:400
seg019_E63	seg019_E63	0x4b	cFstSinCos	src/sys/C3DENTRY.ASM:438
seg019_EAE	seg019_EAE	0x4d	cSinCos	src/sys/C3DENTRY.ASM:480
seg019_EFB	seg019_EFB	0x44	cAtan2	src/sys/C3DENTRY.ASM:524
seg019_F3F	seg019_F3F	0x44	cSqRt	src/sys/C3DENTRY.ASM:562
seg019_F83	seg019_F83	0x5a	cFrmtoRaw	src/sys/C3DENTRY.ASM:603
seg019_FDD	seg019_FDD	0x27	seg019_FDD	src/sys/C3DENTRY.ASM:651
seg019_1004	seg019_1004	0x27	seg019_1004	src/sys/C3DENTRY.ASM:672
seg019_102B	seg019_102B	0x46	seg019_102B	src/sys/C3DENTRY.ASM:695
seg020_3BA	seg020_3BA	0x38	find_proc	src/sound/AIL.ASM:242
seg020_3F2	seg020_3F2	0x18	call_driver	src/sound/AIL.ASM:275
seg020_40A	seg020_40A	0xd7	API_timer	src/sound/AIL.ASM:297
seg020_4E1	seg020_4E1	0x3c	init_DDA_arrays	src/sound/AIL.ASM:380
seg020_51D	seg020_51D	0x7	bios_caller	src/sound/AIL.ASM:410
seg020_524	seg020_524	0x38	hook_timer_process	src/sound/AIL.ASM:419
seg020_55C	seg020_55C	0x26	unhook_timer_process	src/sound/AIL.ASM:446
seg020_582	seg020_582	0x29	set_PIT_divisor	src/sound/AIL.ASM:467
seg020_5AB	seg020_5AB	0x2a	set_PIT_period	src/sound/AIL.ASM:497
seg020_5D5	seg020_5D5	0x4b	seg020_5D5	src/sound/AIL.ASM:525
seg020_620	seg020_620	0x95	program_timers	src/sound/AIL.ASM:578
seg020_6B5	seg020_6B5	0x44	AIL_startup	src/sound/AIL.ASM:637
seg020_6F9	seg020_6F9	0x65	AIL_shutdown	src/sound/AIL.ASM:671
seg020_75E	seg020_75E	0xac	AIL_register_timer	src/sound/AIL.ASM:720
seg020_80A	seg020_80A	0x44	AIL_release_timer_handle	src/sound/AIL.ASM:781
seg020_84E	seg020_84E	0x1e	AIL_release_all_timers	src/sound/AIL.ASM:811
seg020_86C	seg020_86C	0x28	AIL_start_timer	src/sound/AIL.ASM:833
seg020_894	seg020_894	0x1e	AIL_start_all_timers	src/sound/AIL.ASM:857
seg020_8B2	seg020_8B2	0x28	AIL_stop_timer	src/sound/AIL.ASM:879
seg020_8DA	seg020_8DA	0x1e	AIL_stop_all_timers	src/sound/AIL.ASM:903
seg020_8F8	seg020_8F8	0x55	AIL_set_timer_period	src/sound/AIL.ASM:927
seg020_94D	seg020_94D	0x40	AIL_set_timer_frequency	src/sound/AIL.ASM:963
seg020_98D	seg020_98D	0x3d	AIL_set_timer_divisor	src/sound/AIL.ASM:995
seg020_9CA	seg020_9CA	0x14	AIL_interrupt_divisor	src/sound/AIL.ASM:1032
seg020_9DE	seg020_9DE	0x87	AIL_register_driver	src/sound/AIL.ASM:1052
seg020_A65	seg020_A65	0x31	AIL_release_driver_handle	src/sound/AIL.ASM:1106
seg020_A96	seg020_A96	0x26	AIL_describe_driver	src/sound/AIL.ASM:1137
seg020_ABC	seg020_ABC	0x6	AIL_detect_device	src/sound/AIL.ASM:1151
seg020_AC2	seg020_AC2	0xac	AIL_init_driver	src/sound/AIL.ASM:1162
seg020_B6E	seg020_B6E	0x33	AIL_shutdown_driver	src/sound/AIL.ASM:1230
seg020_BA1	seg020_BA1	0x6	AIL_index_VOC_block	src/sound/AIL.ASM:1256
seg020_BA7	seg020_BA7	0x6	AIL_register_sound_buffer	src/sound/AIL.ASM:1262
seg020_BAD	seg020_BAD	0x6	AIL_sound_buffer_status	src/sound/AIL.ASM:1268
seg020_BB3	seg020_BB3	0x6	AIL_play_VOC_file	src/sound/AIL.ASM:1274
seg020_BB9	seg020_BB9	0x6	AIL_VOC_playback_status	src/sound/AIL.ASM:1280
seg020_BBF	seg020_BBF	0x6	AIL_start_digital_playback	src/sound/AIL.ASM:1286
seg020_BC5	seg020_BC5	0x6	AIL_stop_digital_playback	src/sound/AIL.ASM:1292
seg020_BCB	seg020_BCB	0x6	AIL_pause_digital_playback	src/sound/AIL.ASM:1298
seg020_BD1	seg020_BD1	0x6	AIL_resume_digital_playback	src/sound/AIL.ASM:1304
seg020_BD7	seg020_BD7	0x6	AIL_set_digital_playback_volume	src/sound/AIL.ASM:1310
seg020_BDD	seg020_BDD	0x6	AIL_digital_playback_volume	src/sound/AIL.ASM:1316
seg020_BE3	seg020_BE3	0x6	AIL_set_digital_playback_panpot	src/sound/AIL.ASM:1322
seg020_BE9	seg020_BE9	0x6	AIL_digital_playback_panpot	src/sound/AIL.ASM:1328
seg020_BEF	seg020_BEF	0x6	AIL_state_table_size	src/sound/AIL.ASM:1334
seg020_BF5	seg020_BF5	0x6	AIL_register_sequence	src/sound/AIL.ASM:1340
seg020_BFB	seg020_BFB	0x6	AIL_release_sequence_handle	src/sound/AIL.ASM:1346
seg020_C01	seg020_C01	0x6	AIL_default_timbre_cache_size	src/sound/AIL.ASM:1352
seg020_C07	seg020_C07	0x6	AIL_define_timbre_cache	src/sound/AIL.ASM:1358
seg020_C0D	seg020_C0D	0x6	AIL_timbre_request	src/sound/AIL.ASM:1364
seg020_C13	seg020_C13	0x6	AIL_install_timbre	src/sound/AIL.ASM:1370
seg020_C19	seg020_C19	0x6	AIL_protect_timbre	src/sound/AIL.ASM:1376
seg020_C1F	seg020_C1F	0x6	AIL_unprotect_timbre	src/sound/AIL.ASM:1382
seg020_C25	seg020_C25	0x6	AIL_timbre_status	src/sound/AIL.ASM:1388
seg020_C2B	seg020_C2B	0x6	AIL_start_sequence	src/sound/AIL.ASM:1394
seg020_C31	seg020_C31	0x6	AIL_stop_sequence	src/sound/AIL.ASM:1400
seg020_C37	seg020_C37	0x6	AIL_resume_sequence	src/sound/AIL.ASM:1406
seg020_C3D	seg020_C3D	0x6	AIL_sequence_status	src/sound/AIL.ASM:1412
seg020_C43	seg020_C43	0x6	AIL_relative_volume	src/sound/AIL.ASM:1418
seg020_C49	seg020_C49	0x6	AIL_relative_tempo	src/sound/AIL.ASM:1424
seg020_C4F	seg020_C4F	0x6	AIL_set_relative_volume	src/sound/AIL.ASM:1430
seg020_C55	seg020_C55	0x6	AIL_set_relative_tempo	src/sound/AIL.ASM:1436
seg020_C5B	seg020_C5B	0x6	AIL_beat_count	src/sound/AIL.ASM:1442
seg020_C61	seg020_C61	0x6	AIL_measure_count	src/sound/AIL.ASM:1448
seg020_C67	seg020_C67	0x6	AIL_branch_index	src/sound/AIL.ASM:1454
seg020_C6D	seg020_C6D	0x6	AIL_controller_value	src/sound/AIL.ASM:1460
seg020_C73	seg020_C73	0x6	AIL_set_controller_value	src/sound/AIL.ASM:1466
seg020_C79	seg020_C79	0x6	AIL_channel_notes	src/sound/AIL.ASM:1472
seg020_C7F	seg020_C7F	0x6	AIL_send_channel_voice_message	src/sound/AIL.ASM:1478
seg020_C85	seg020_C85	0x6	AIL_send_sysex_message	src/sound/AIL.ASM:1484
seg020_C8B	seg020_C8B	0x6	AIL_write_display	src/sound/AIL.ASM:1490
seg020_C91	seg020_C91	0x6	AIL_install_callback	src/sound/AIL.ASM:1496
seg020_C97	seg020_C97	0x6	AIL_cancel_callback	src/sound/AIL.ASM:1502
seg020_C9D	seg020_C9D	0x6	AIL_lock_channel	src/sound/AIL.ASM:1508
seg020_CA3	seg020_CA3	0x6	AIL_map_sequence_channel	src/sound/AIL.ASM:1514
seg020_CA9	seg020_CA9	0x6	AIL_release_channel	src/sound/AIL.ASM:1520
seg020_CAF	seg020_CAF	0x6	AIL_true_sequence_channel	src/sound/AIL.ASM:1526
seg021_5	seg021_5	0xa2	rotate_bank	src/gfx/COLCYCLE.C:27
seg021_A7	seg021_A7	0xa3	cycle_colors	src/gfx/COLCYCLE.C:53
PickBodyHitPoint_seg022_A	seg022_230E_A	0x79	pickloc	src/combat/COMBAT.C:107
TestForClosestAttackCollisionHit_seg022_83	seg022_230E_83	0x24f	set_hitobj	src/combat/COMBAT.C:133
SpawnImpactAnimo_seg022_2D2	seg022_230E_2D2	0x194	find_wall_coll	src/combat/COMBAT.C:189
CheckForAttackHit_seg022_466	seg022_230E_466	0x253	resolve_attack	src/combat/COMBAT.C:232
CalculateAttackResults_seg022_230E_6B9	seg022_230E_6B9	0x1ec	frp_check	src/combat/COMBAT.C:282
AttackerAppliesFinalDamage_seg022_8A5	seg022_230E_8A5	0x384	do_damage	src/combat/COMBAT.C:333
CombatMissImpactSound_seg022_C29	seg022_230E_C29	0x11f	do_miss	src/combat/COMBAT.C:429
CalcFlankingBonus_seg022_230E_D48	seg022_230E_D48	0x54	compute_hitangle	src/combat/COMBAT.C:481
ExecuteAttack_seg022_D9C	seg022_230E_D9C	0xdc	do_attack	src/combat/COMBAT.C:491
CheckForAmmo_seg022_E78	seg022_230E_E78	0x9e	check_ammo	src/combat/COMBAT.C:512
seg022_230E_F16	seg022_230E_F16	0xe0	GetPlayerWeapon	src/combat/COMBAT.C:538
CalculateAttackScorePlayer_seg022_FF6	seg022_230E_FF6	0x120	DoPlayerWeapon	src/combat/COMBAT.C:572
seg022_230E_1116	seg022_230E_1116	0x3c	missile_finish	src/combat/COMBAT.C:604
seg022_230E_1152	seg022_230E_1152	0x31	fin_attack	src/combat/COMBAT.C:617
EndCombat_seg022_1183	seg022_230E_1183	0x37	clear_fight_state	src/combat/COMBAT.C:628
PlayerCombat_seg022_11BA	seg022_230E_11BA	0x305	player_attack	src/combat/COMBAT.C:650
MissileAttackHit_seg022_14BF	seg022_230E_14BF	0x11f	missile_thwack	src/combat/COMBAT.C:761
NPCExecuteAttack_seg022_15DE	seg022_230E_15DE	0x117	critter_attack	src/combat/COMBAT.C:788
seg022_230E_16F5	seg022_230E_16F5	0x30	seg022_230E_16F5	src/combat/COMBAT.C:817
AwardKillEXP_seg022_1725	seg022_230E_1725	0x88	player_killed_a	src/combat/COMBAT.C:830
RemoveDoorLock_seg023_D	seg023_D	0x8e	remove_lock	src/combat/DAMAGE.C:50
RemoveObjectFromTile_seg023_9B	seg023_9B	0x3b	try_remove	src/combat/DAMAGE.C:75
DamageObject_Debris_seg023_D6	seg023_D6	0x229	remove_object	src/combat/DAMAGE.C:92
ScaleDamageAgainstObject_seg023_2FF	seg023_2FF	0x5b	check_res	src/combat/DAMAGE.C:166
DamageObject_seg023_35A	seg023_35A	0x8d	damage_item	src/combat/DAMAGE.C:187
DamageObjectAndDoors_seg023_3E7	seg023_3E7	0x168	damage_object	src/combat/DAMAGE.C:205
SwitchInventoryAndStatsEvent_seg024_F	seg024_24DC_F	0x23	pull_chain	src/ui/INTERACT.C:98
PrintCompassStatusMessage_seg024_32	seg024_24DC_32	0xdd	print_info	src/ui/INTERACT.C:109
PrintFlaskHealthManaMessage_seg024_10F	seg024_24DC_10F	0x160	flask_info	src/ui/INTERACT.C:138
seg024_24DC_26F	seg024_24DC_26F	0xa2	start_gameinp	src/ui/INTERACT.C:171
seg024_24DC_311	seg024_24DC_311	0x3c	clear_gameinp	src/ui/INTERACT.C:181
seg024_24DC_34D	seg024_24DC_34D	0x44	init_gamedisp	src/ui/INTERACT.C:192
seg024_24DC_391	seg024_24DC_391	0x13	clear_gamedisp	src/ui/INTERACT.C:207
PlayerUpdateTick_seg024_24DC_3A4	seg024_24DC_3A4	0x162	display_scr	src/ui/INTERACT.C:220
seg024_24DC_506	seg024_24DC_506	0x25	RedispInv	src/ui/INTERACT.C:262
seg024_24DC_52B	seg024_24DC_52B	0x132	InPickRange	src/ui/INTERACT.C:274
seg024_24DC_65D	seg024_24DC_65D	0x5b	BridgeHeight	src/ui/INTERACT.C:300
seg024_24DC_6B8	seg024_24DC_6B8	0x212	BlockingTerrain	src/ui/INTERACT.C:315
seg024_24DC_8CA	seg024_24DC_8CA	0x106	pick_3d	src/ui/INTERACT.C:381
LookAtTexture_seg024_9D0	seg024_24DC_9D0	0x7e	look_nothing	src/ui/INTERACT.C:413
seg024_24DC_A4E	seg024_24DC_A4E	0x50	release_3d	src/ui/INTERACT.C:433
Pickup_seg024_A9E	seg024_24DC_A9E	0x24e	player_3dget	src/ui/INTERACT.C:447
TalkTo_seg024_24DC_CEC	seg024_24DC_CEC	0x1e	player_3dtalk	src/ui/INTERACT.C:494
seg024_24DC_D0A	seg024_24DC_D0A	0x16	seg024_24DC_D0A	src/ui/INTERACT.C:501
Look_seg024_24DC_D20	seg024_24DC_D20	0x11f	player_3dlook	src/ui/INTERACT.C:509
Use_seg024_24DC_E3F	seg024_24DC_E3F	0x7a	player_3duse	src/ui/INTERACT.C:541
Combat_seg024_24DC_EB9	seg024_24DC_EB9	0x46	player_3dattack	src/ui/INTERACT.C:553
ClickOnObject_seg024_24DC_EFF	seg024_24DC_EFF	0x19c	mous_in_3d	src/ui/INTERACT.C:567
seg024_24DC_109B	seg024_24DC_109B	0x123	inv_look	src/ui/INTERACT.C:627
seg024_24DC_11BE	seg024_24DC_11BE	0x41	seg026_2716_F98	src/ui/INTERACT.C:664
seg024_24DC_11FF	seg024_24DC_11FF	0x11e	mous_in_inv	src/ui/INTERACT.C:675
seg024_24DC_131D	seg024_24DC_131D	0x2c	mous_in_panel	src/ui/INTERACT.C:722
seg024_24DC_1349	seg024_24DC_1349	0x46	new_IconSelect	src/ui/INTERACT.C:739
seg024_24DC_138F	seg024_24DC_138F	0x46	new_IconUnselect	src/ui/INTERACT.C:753
SetInteractionMode_seg024_24DC_13D5	seg024_24DC_13D5	0x15c	deal_with_icons	src/ui/INTERACT.C:771
DrawWeapon_seg024_1531	seg024_24DC_1531	0x8f	pick_fightmode	src/ui/INTERACT.C:816
PutAwayWeapon_seg024_15C0	seg024_24DC_15C0	0x48	punt_fightmode	src/ui/INTERACT.C:835
ToggleWeapon_seg024_1608	seg024_24DC_1608	0x1f	toggle_fightmode	src/ui/INTERACT.C:849
seg024_24DC_1627	seg024_24DC_1627	0x39	check_save	src/ui/INTERACT.C:860
seg024_24DC_1660	seg024_24DC_1660	0x1d	check_rest	src/ui/INTERACT.C:880
InitPlayerProjectilesValues_seg025_D	seg025_D	0x92	player_settr	src/combat/MISSILE.C:64
MissileRelease_seg025_9F	seg025_9F	0x1c3	player_fire	src/combat/MISSILE.C:89
NPCMissileLaunch_seg025_262	seg025_262	0x4f	critter_fire	src/combat/MISSILE.C:125
ProjectileSpell_seg025_2B1	seg025_2B1	0xa4	spell_fire	src/combat/MISSILE.C:141
DropOrThrowByPlayer_seg025_355	seg025_355	0x3e7	ReturnObject	src/combat/MISSILE.C:169
seg025_73C	seg025_73C	0x55	trap_fire	src/combat/MISSILE.C:237
PrepareProjectileObject_seg025_791	seg025_791	0x3c0	missile_fire	src/combat/MISSILE.C:258
seg025_B51	seg025_B51	0x1e3	push_missile	src/combat/MISSILE.C:319
seg026_4	seg026_4	0x1a1	GetHgt	src/motion/COLLIDE.C:109
seg026_1A5	seg026_1A5	0x68	GetSlopeHgt	src/motion/COLLIDE.C:159
seg026_20D	seg026_20D	0xb7	SolvePnt	src/motion/COLLIDE.C:187
seg026_2C4	seg026_2C4	0xb5	SolveCenter	src/motion/COLLIDE.C:210
ProcessMotionTileHeights_seg026_379	seg026_379	0x47d	TerrainCheck	src/motion/COLLIDE.C:234
seg026_7F6	seg026_7F6	0x26a	ComputeHeading	src/motion/COLLIDE.C:323
CreateColllisionRecord_seg026_A60	seg026_A60	0x196	obj_coll_check	src/motion/COLLIDE.C:412
ScanForCollisions_seg026_BF6	seg026_BF6	0x264	ObjectCheck	src/motion/COLLIDE.C:466
SwapCollisionRecord_seg026_E5A	seg026_E5A	0x65	oCswap	src/motion/COLLIDE.C:532
SortCollisions_seg026_EBF	seg026_EBF	0x149	process_objlist	src/motion/COLLIDE.C:545
CheckIfItemFitsInTile_seg026_1008	seg026_1008	0x223	can_place	src/motion/COLLIDE.C:578
MoveObjectToCoordinates_seg026_122B	seg026_122B	0xba	put_at	src/motion/COLLIDE.C:645
PlaceObjectAtNPC_seg026_12E5	seg026_12E5	0x5a	near_mob_put_at	src/motion/COLLIDE.C:660
InsertObjectToList_seg026_133F	seg026_133F	0x17c	drop_around_place	src/motion/COLLIDE.C:672
ClearTileMap_seg027_2861_B	seg027_2861_B	0x10c	Map_ObjFix	src/obj/OBJECTS.C:89
RunCodeOnObjectChain_seg027_117	seg027_2861_117	0x8f	Obj_Check	src/obj/OBJECTS.C:116
ObjectCullingTest_seg027_2861_1A6	seg027_2861_1A6	0x80	chkTenacious	src/obj/OBJECTS.C:136
ObjectCulling_seg027_2861_226	seg027_2861_226	0xc3	Obj_Elem_Fate	src/obj/OBJECTS.C:154
seg027_2861_2E9	seg027_2861_2E9	0x40	Obj_Fate	src/obj/OBJECTS.C:173
CullObjects_seg027_2861_329	seg027_2861_329	0x11d	Obj_GarbageCollect	src/obj/OBJECTS.C:188
GetFreeObject_seg027_446	seg027_2861_446	0x97	Obj_Alloc	src/obj/OBJECTS.C:228
AddToFreeObjectsList_seg027_4DD	seg027_2861_4DD	0x84	Obj_Free	src/obj/OBJECTS.C:251
InsertObjectToList_seg027_561	seg027_2861_561	0x6e	Obj_Add	src/obj/OBJECTS.C:267
InsertObjectToList_seg027_2861_5CF	seg027_2861_5CF	0x8a	Obj_AddEnd	src/obj/OBJECTS.C:274
RemoveObjectFromLinkedList_seg027_659	seg027_2861_659	0x84	Obj_Rem	src/obj/OBJECTS.C:287
RemoveObject_seg027_2861_6DD	seg027_2861_6DD	0x95	Obj_Punt	src/obj/OBJECTS.C:307
ClearObjectChain_seg027_772	seg027_2861_772	0xbf	Obj_FreeChain	src/obj/OBJECTS.C:326
RemoveFromObjectChain_seg027_2861_831	seg027_2861_831	0x5c	Obj_FreeLinkChain	src/obj/OBJECTS.C:346
GetNextOrLinkedObject_seg027_2861_88D	seg027_2861_88D	0x69	Obj_PtrTMem	src/obj/OBJECTS.C:357
ReverseObjectLookup_seg027_8F6	seg027_2861_8F6	0x4a	Obj_MemTPtr	src/obj/OBJECTS.C:367
LookupObjectByIndex_seg027_940	seg027_2861_940	0x41	Obj_IntTMem	src/obj/OBJECTS.C:375
seg027_2861_981	seg027_2861_981	0xd1	Obj_Find	src/obj/OBJECTS.C:387
TestIfStaticOrMobile_seg027_A52	seg027_2861_A52	0x1e	IsMobElem	src/obj/OBJECTS.C:408
seg027_2861_A70	seg027_2861_A70	0x13	active_critter	src/obj/OBJECTS.C:420
seg027_2861_A83	seg027_2861_A83	0xb3	free_critter	src/obj/OBJECTS.C:429
FindMatchingObject_seg027_B36	seg027_2861_B36	0x100	Obj_InList	src/obj/OBJECTS.C:467
CheckIfItemID_Or_ContainsItemID_seg027_C36	seg027_2861_C36	0x69	HasOrIsObj	src/obj/OBJECTS.C:491
Find_ItemID_In_TileMap_seg027_C9F	seg027_2861_C9F	0xa5	Obj_FindInMap	src/obj/OBJECTS.C:508
seg027_2861_D44	seg027_2861_D44	0xe9	flog_list	src/obj/OBJECTS.C:535
seg027_2861_E2D	seg027_2861_E2D	0xcc	count_list	src/obj/OBJECTS.C:565
seg027_2861_EF9	seg027_2861_EF9	0x5e	seg027_2861_EF9	src/obj/OBJECTS.C:594
seg027_2861_F57	seg027_2861_F57	0x18d	Obj_ListOkay	src/obj/OBJECTS.C:621
seg027_2861_10E4	seg027_2861_10E4	0x168	seg027_2861_10E4	src/obj/OBJECTS.C:672
CancelActiveSpell_seg028_C	seg028_2985_C	0x131	dispel_spell	src/game/PLAYTIME.C:51
PlayerUpdates_seg028_2985_13D	seg028_2985_13D	0x279	duration_check	src/game/PLAYTIME.C:80
UpdateInventoryLightSources_seg028_2985_3B6	seg028_2985_3B6	0xf8	DegradeLights	src/game/PLAYTIME.C:150
SwimSkillCheck_seg028_4AE	seg028_2985_4AE	0xdb	sink_sink_sink	src/game/PLAYTIME.C:192
PlayerStatusEffectSpells_seg028_589	seg028_2985_589	0x10a	set_curmagic	src/game/PLAYTIME.C:219
seg029_29EE_3	seg029_29EE_3	0xaa	bounce_obj	src/motion/OBJPHYS.C:71
seg029_29EE_AD	seg029_29EE_AD	0xc6	missile_newhit	src/motion/OBJPHYS.C:101
CollideObjects_seg029_29EE_173	seg029_29EE_173	0x259	do_objhit	src/motion/OBJPHYS.C:140
InitMotionParams_seg029_29EE_3CC	seg029_29EE_3CC	0x24e	get_phys_data	src/motion/OBJPHYS.C:210
ApplyProjectileMotion_seg029_29EE_61A	seg029_29EE_61A	0x405	set_phys_data	src/motion/OBJPHYS.C:275
seg029_29EE_A1F	seg029_29EE_A1F	0x11b	static_to_mob	src/motion/OBJPHYS.C:364
seg029_29EE_B3A	seg029_29EE_B3A	0x135	mob_init	src/motion/OBJPHYS.C:390
ObjectHitsFloorTileDestroyTalismans_seg029_C6F	seg029_29EE_C6F	0x39c	mob_to_static	src/motion/OBJPHYS.C:419
seg029_29EE_100B	seg029_29EE_100B	0x42	update_hack_vecs	src/motion/OBJPHYS.C:492
PlacedObjectCollison_seg029_104D	seg029_29EE_104D	0x33e	obj_deal	src/motion/OBJPHYS.C:510
CalculateMotion_seg030_B	seg030_2B26_B	0x86	do_physics	src/motion/MOTION.C:103
seg030_2B26_91	seg030_2B26_91	0x7b	space_to_pos	src/motion/MOTION.C:130
SetCollisionTarget_seg030_2B26_10C	seg030_2B26_10C	0x304	set_targz	src/motion/MOTION.C:152
InitalMotionCalc_seg030_410	seg030_2B26_410	0x378	space_to_motion	src/motion/MOTION.C:212
seg030_2B26_788	seg030_2B26_788	0x35	recalc_vecs	src/motion/MOTION.C:287
seg030_2B26_7BD	seg030_2B26_7BD	0x41	stop_me	src/motion/MOTION.C:295
StoreNewXYZH_seg030_2B26_7FE	seg030_2B26_7FE	0xa6	back_to_space	src/motion/MOTION.C:306
LikelyTranslateXY_seg030_8A4	seg030_2B26_8A4	0x1a3	flat_move	src/motion/MOTION.C:321
seg030_2B26_A47	seg030_2B26_A47	0x198	rehead	src/motion/MOTION.C:390
seg030_2B26_BDF	seg030_2B26_BDF	0x6a	do_2dbounce	src/motion/MOTION.C:444
seg030_2B26_C49	seg030_2B26_C49	0x4a	bounce_that_guy	src/motion/MOTION.C:473
DoCollision_seg030_2B26_C93	seg030_2B26_C93	0x34c	do_zbounce	src/motion/MOTION.C:490
MAYBEGRAVITYZ_seg030_FDF	seg030_2B26_FDF	0x180	full_move	src/motion/MOTION.C:573
ProcessCollisions_seg030_115F	seg030_2B26_115F	0x93	grid_move	src/motion/MOTION.C:619
seg030_2B26_11F2	seg030_2B26_11F2	0x67	set_resterr	src/motion/MOTION.C:647
GetCollisionHeightState_seg030_2B26_1259	seg030_2B26_1259	0x3e7	get_pcoll	src/motion/MOTION.C:671
DoTileCollisionMaybe_seg030_2B26_1640	seg030_2B26_1640	0xcc	check_positions	src/motion/MOTION.C:772
seg030_2B26_170C	seg030_2B26_170C	0xe9	IsaDoor	src/motion/MOTION.C:809
seg030_2B26_17F5	seg030_2B26_17F5	0x28	CollObject	src/motion/MOTION.C:829
seg031_D	seg031_D	0x8c	place_3d_view	src/3d/VIEW3D.C:129
seg031_99	seg031_99	0xf0	set_cyb	src/3d/VIEW3D.C:156
seg031_189	seg031_189	0x73	seg031_189	src/3d/VIEW3D.C:199
seg031_1FC	seg031_1FC	0x4a	init_3d	src/3d/VIEW3D.C:229
seg031_246	seg031_246	0x13	reset_db	src/3d/VIEW3D.C:242
seg031_259	seg031_259	0x4d	send_db	src/3d/VIEW3D.C:250
seg031_2A6	seg031_2A6	0x53	do_3d_grab	src/3d/VIEW3D.C:265
seg031_2F9	seg031_2F9	0x58	render_FB	src/3d/VIEW3D.C:278
renderrelated_seg031_351	seg031_351	0x45	establish_view	src/3d/VIEW3D.C:291
PositionCamera_seg031_396	seg031_396	0x115	setup_vars	src/3d/VIEW3D.C:307
SomethingToDoWithShadeCalcs_seg031_4AB	seg031_4AB	0x109	preset_grid	src/3d/VIEW3D.C:352
seg031_5B4	seg031_5B4	0xcb	init_grid	src/3d/VIEW3D.C:394
seg031_67F	seg031_67F	0x26	incvec	src/3d/VIEW3D.C:427
seg031_6A5	seg031_6A5	0x26	decvec	src/3d/VIEW3D.C:434
seg031_6CB	seg031_6CB	0x426	enc_n_chk	src/3d/VIEW3D.C:443
seg031_AF1	seg031_AF1	0x1a8	newdels	src/3d/VIEW3D.C:518
seg031_C99	seg031_C99	0x377	move_to_next	src/3d/VIEW3D.C:561
seg031_1010	seg031_1010	0x14e	fill_the_grid	src/3d/VIEW3D.C:631
seg031_115E	seg031_115E	0xbc	build_grid	src/3d/VIEW3D.C:678
seg031_121A	seg031_121A	0x1b	do_2dclip	src/3d/VIEW3D.C:711
RenderingObjects_seg032_2DCA_5	seg032_2DCA_5	0x592	do_obj	src/3d/DRAWOBJ.C:128
seg032_2DCA_597	seg032_2DCA_597	0x6bf	do_rect	src/3d/DRAWOBJ.C:291
RenderDoor_seg032_2DCA_C56	seg032_2DCA_C56	0x5fb	do_door	src/3d/DRAWOBJ.C:439
seg033_2EEF_9	seg033_2EEF_9	0xe4	sort_setup	src/3d/GAMESORT.C:76
seg033_2EEF_ED	seg033_2EEF_ED	0x56	sort_obj	src/3d/GAMESORT.C:105
seg033_2EEF_143	seg033_2EEF_143	0x1b	build_sort	src/3d/GAMESORT.C:120
seg033_2EEF_15E	seg033_2EEF_15E	0xd5	do_partition	src/3d/GAMESORT.C:131
seg033_2EEF_233	seg033_2EEF_233	0x4e	z_part	src/3d/GAMESORT.C:169
seg033_2EEF_281	seg033_2EEF_281	0xa8	door_part	src/3d/GAMESORT.C:179
seg033_2EEF_329	seg033_2EEF_329	0xa4	set_sds	src/3d/GAMESORT.C:199
seg033_2EEF_3CD	seg033_2EEF_3CD	0x39	set_osum	src/3d/GAMESORT.C:210
seg033_2EEF_406	seg033_2EEF_406	0x35	clear_objsort	src/3d/GAMESORT.C:220
seg033_2EEF_43B	seg033_2EEF_43B	0x565	do_objsort	src/3d/GAMESORT.C:229
seg034_2F89_0	seg034_2F89_0	0x4e	player_mous_move	src/motion/PLAYMOVE.C:113
seg034_2F89_4E	seg034_2F89_4E	0x18c	parse_playin	src/motion/PLAYMOVE.C:132
seg034_2F89_1DA	seg034_2F89_1DA	0x15a	do_player_keyboard	src/motion/PLAYMOVE.C:188
seg034_2F89_334	seg034_2F89_334	0xd2	player_simple_move	src/motion/PLAYMOVE.C:251
seg034_2F89_406	seg034_2F89_406	0x112	check_physics	src/motion/PLAYMOVE.C:284
GameObjectLoop_seg034_2F89_518	seg034_2F89_518	0xac	move_physics	src/motion/PLAYMOVE.C:322
seg034_2F89_5C4	seg034_2F89_5C4	0x40	finish_player	src/motion/PLAYMOVE.C:341
PlayerMotion_seg034_2F89_604	seg034_2F89_604	0x10f	move_player	src/motion/PLAYMOVE.C:351
SurfaceFootsteps_seg034_2F89_713	seg034_2F89_713	0x185	make_noise	src/motion/PLAYMOVE.C:390
ApplyPlayerSneakScore_seg034_2F89_898	seg034_2F89_898	0xa5	set_sound	src/motion/PLAYMOVE.C:446
WalkOnSurfaceTypes_seg034_93D	seg034_2F89_93D	0x22d	parse_effect	src/motion/PLAYMOVE.C:479
SetScreenShake_seg034_2F89_B6A	seg034_2F89_B6A	0x2f	set_effect	src/motion/PLAYMOVE.C:542
PositionCameraAtObject_seg034_2F89_B99	seg034_2F89_B99	0x310	get_eye	src/motion/PLAYMOVE.C:564
GetTile_seg035_9	seg035_3073_9	0x35	Map_GetAddr	src/map/MAPADDR.C:22
PrepareNewObjectProps_seg035_3E	seg035_3073_3E	0x110	CreateObj	src/map/MAPADDR.C:34
seg036_3087_E	seg036_3087_E	0xa5	set_flask	src/ui/PANELS.C:146
seg036_3087_B3	seg036_3087_B3	0x54	set_compass	src/ui/PANELS.C:167
seg036_3087_107	seg036_3087_107	0x67	reset_scrgr	src/ui/PANELS.C:180
seg036_3087_16E	seg036_3087_16E	0x24f	init_scrgr	src/ui/PANELS.C:202
seg036_3087_3BD	seg036_3087_3BD	0x18	hold_scrgr	src/ui/PANELS.C:250
seg036_3087_3D5	seg036_3087_3D5	0xa	free_scrgr	src/ui/PANELS.C:257
UpdateUIAnim_seg036_3087_3DF	seg036_3087_3DF	0x1c6	set_screen_frame	src/ui/PANELS.C:266
seg036_3087_5A5	seg036_3087_5A5	0x147	update_screen	src/ui/PANELS.C:336
ProbablyDrawFlask_seg036_6EC	seg036_3087_6EC	0x334	adjust_flasks	src/ui/PANELS.C:384
Dragons_seg036_3087_A20	seg036_3087_A20	0x660	adjust_dragons	src/ui/PANELS.C:473
seg036_3087_1080	seg036_3087_1080	0x8d	adjust_compass	src/ui/PANELS.C:608
seg036_3087_110D	seg036_3087_110D	0xa6	adjust_power	src/ui/PANELS.C:634
seg036_3087_11B3	seg036_3087_11B3	0x54	adjust_panel	src/ui/PANELS.C:664
seg036_3087_1207	seg036_3087_1207	0xbf	adjust_eyes	src/ui/PANELS.C:682
seg036_3087_12C6	seg036_3087_12C6	0x58	adr_weapon	src/ui/PANELS.C:710
seg036_3087_131E	seg036_3087_131E	0x29	move_weapon	src/ui/PANELS.C:725
seg036_3087_1347	seg036_3087_1347	0x25	load_weapon	src/ui/PANELS.C:734
seg036_3087_136C	seg036_3087_136C	0x15c	do_weapload	src/ui/PANELS.C:743
seg036_3087_14C8	seg036_3087_14C8	0x61	jiggle_weapon	src/ui/PANELS.C:771
seg036_3087_1529	seg036_3087_1529	0x19c	adjust_weapon	src/ui/PANELS.C:794
seg036_3087_16C5	seg036_3087_16C5	0xad	load_weapcm	src/ui/PANELS.C:874
seg036_3087_1772	seg036_3087_1772	0xa9	set_runes	src/ui/PANELS.C:891
seg036_3087_181B	seg036_3087_181B	0xb6	active_spells	src/ui/PANELS.C:914
seg036_3087_18D1	seg036_3087_18D1	0x154	init_panelflip	src/ui/PANELS.C:942
RedrawPanel_seg036_1A25	seg036_3087_1A25	0x7b	pretty_panelagain	src/ui/PANELS.C:985
seg036_3087_1AA0	seg036_3087_1AA0	0x35	free_panelflip	src/ui/PANELS.C:999
seg036_3087_1AD5	seg036_3087_1AD5	0x666	do_panel_frame	src/ui/PANELS.C:1014
seg036_3087_213B	seg036_3087_213B	0x1d4	flip_scale	src/ui/PANELS.C:1123
seg036_3087_230F	seg036_3087_230F	0x14e	flip_column	src/ui/PANELS.C:1194
seg036_3087_245D	seg036_3087_245D	0x15d	do_fbuf_bms	src/ui/PANELS.C:1257
seg036_3087_25BA	seg036_3087_25BA	0x15	send_FB	src/ui/PANELS.C:1288
seg036_3087_25CF	seg036_3087_25CF	0x14	player_look_shaft	src/ui/PANELS.C:1297
seg036_3087_25E3	seg036_3087_25E3	0x19	player_look_grave	src/ui/PANELS.C:1303
SkillCheck_seg037_32E6_C	seg037_32E6_C	0x3c	skill_check	src/game/SKILLCHK.C:48
EXPChange_seg037_48	seg037_32E6_48	0x171	player_get_exp	src/game/SKILLCHK.C:70
RefreshPanels_seg037_32E6_1B9	seg037_32E6_1B9	0x5b	panel_check_hpmp	src/game/SKILLCHK.C:112
GetNoMagicTileBit_seg038_4	seg038_3307_4	0x23	anti_magic_p	src/combat/SPELLS.C:75
SpellTrapWandCast_seg038_27	seg038_3307_27	0x51	cast	src/combat/SPELLS.C:81
CastSpells_seg038_3307_78	seg038_3307_78	0x23e	do_spell	src/combat/SPELLS.C:94
ManaChange_seg038_2B6	seg038_3307_2B6	0x6c	restore_mana	src/combat/SPELLS.C:167
PlayerHPRegenerationChange_seg038_3307_322	seg038_3307_322	0x98	restore_hp	src/combat/SPELLS.C:185
Change_Health_seg038_3BA	seg038_3307_3BA	0x72	get_hp_back	src/combat/SPELLS.C:206
seg038_3307_42C	seg038_3307_42C	0x47	healing	src/combat/SPELLS.C:215
MajorSpellClass9_CursedObjects_seg038_473	seg038_3307_473	0x7b	backfire	src/combat/SPELLS.C:230
Class5ProjectileSpells_seg038_4EE	seg038_3307_4EE	0x76	release_missile	src/combat/SPELLS.C:249
CreateObjectInTile_seg038_3307_564	seg038_3307_564	0x5f	build_new_obj	src/combat/SPELLS.C:266
RevealSpell_seg038_5C3	seg038_3307_5C3	0xab	sp_true_sight	src/combat/SPELLS.C:282
SheetLightning_seg038_66E	seg038_3307_66E	0x8d	sp_sheet_light	src/combat/SPELLS.C:305
FlameWind_seg038_3307_6FB	seg038_3307_6FB	0xef	sp_meteor	src/combat/SPELLS.C:321
SmiteUndead_seg038_3307_7EA	seg038_3307_7EA	0x4a	sp_ward_undead	src/combat/SPELLS.C:343
Poison_seg038_3307_834	seg038_3307_834	0x55	sp_poison	src/combat/SPELLS.C:354
ApplyAttitudeChangingSpellToNPC_seg038_3307_889	seg038_3307_889	0x6f	hit_critter_goal	src/combat/SPELLS.C:365
Ally_seg038_3307_8F8	seg038_3307_8F8	0x7b	sp_charm	src/combat/SPELLS.C:378
Confusion_seg038_973	seg038_3307_973	0x1c	sp_confusion	src/combat/SPELLS.C:391
CauseFear_seg038_3307_98F	seg038_3307_98F	0x1c	sp_fear	src/combat/SPELLS.C:398
Paralyse_seg038_3307_9AB	seg038_3307_9AB	0x1c	sp_hold	src/combat/SPELLS.C:405
RunCodeOnObjectsInArea_seg038_3307_9C7	seg038_3307_9C7	0x2b0	process_area	src/combat/SPELLS.C:415
RunCodeOnTargetsAroundObject_seg038_C77	seg038_3307_C77	0xd7	gronk_area	src/combat/SPELLS.C:486
RunFunctionOnWhoAmIList_seg038_3307_D4E	seg038_3307_D4E	0x6c	gronk_whoami	src/combat/SPELLS.C:515
Class6Spells_seg038_3307_DBA	seg038_3307_DBA	0x46	nail_area	src/combat/SPELLS.C:544
Class7Spells_seg038_3307_E00	seg038_3307_E00	0x45	nail_1area	src/combat/SPELLS.C:554
Class8Spells_seg038_E45	seg038_3307_E45	0x3cc	creat_spell	src/combat/SPELLS.C:569
QuakeSpell_seg038_3307_1211	seg038_3307_1211	0xec	tremor_area	src/combat/SPELLS.C:647
DetectMonsterString_seg038_3307_12FD	seg038_3307_12FD	0x51	print_monster	src/combat/SPELLS.C:666
DetectMonster_seg038_134E	seg038_3307_134E	0x212	mdetect	src/combat/SPELLS.C:675
DoorAndTrapSpells_seg038_3307_1560	seg038_3307_1560	0xe5	obj_spells	src/combat/SPELLS.C:733
MajorSpellClassB_seg038_1645	seg038_3307_1645	0x1e5	xt_spells	src/combat/SPELLS.C:764
DamageObjectsInTile_seg038_3307_182A	seg038_3307_182A	0xb9	damage_square	src/combat/SPELLS.C:860
seg039_3495_3	seg039_3495_3	0x80	init_strings	src/ui/GAMESTRN.C:72
seg039_3495_83	seg039_3495_83	0xa	free_strings	src/ui/GAMESTRN.C:85
GetStringByID_seg039_3495_8D	seg039_3495_8D	0x89	get_string	src/ui/GAMESTRN.C:89
seg039_3495_116	seg039_3495_116	0x104	make_string	src/ui/GAMESTRN.C:108
seg039_3495_21A	seg039_3495_21A	0x7b	replace_string	src/ui/GAMESTRN.C:133
seg039_3495_295	seg039_3495_295	0x91	clear_dynamics	src/ui/GAMESTRN.C:150
GetItemName_seg039_326	seg039_3495_326	0xb8	get_name	src/ui/GAMESTRN.C:168
seg039_3495_3DE	seg039_3495_3DE	0xb6	fix_name_string	src/ui/GAMESTRN.C:193
WriteStringFromBlock1_seg039_3495_494	seg039_3495_494	0x29	game_sprint	src/ui/GAMESTRN.C:210
PrintMultipleBlock1Strings_seg039_4BD	seg039_3495_4BD	0x7a	game_strings_3	src/ui/GAMESTRN.C:217
seg039_3495_537	seg039_3495_537	0xad	seg039_3495_537	src/ui/GAMESTRN.C:229
seg039_3495_5E4	seg039_3495_5E4	0x20	seg039_3495_5E4	src/ui/GAMESTRN.C:247
GetString_seg039_604	seg039_3495_604	0x180	read_string	src/ui/GAMESTRN.C:255
seg039_3495_784	seg039_3495_784	0x31	seg039_3495_784	src/ui/GAMESTRN.C:294
seg039_3495_7B5	seg039_3495_7B5	0x62	seg039_3495_7B5	src/ui/GAMESTRN.C:309
seg039_3495_817	seg039_3495_817	0x43	seg039_3452_814	src/ui/GAMESTRN.C:323
seg039_3495_85A	seg039_3495_85A	0x43	seg039_3495_85A	src/ui/GAMESTRN.C:331
seg039_3495_89D	seg039_3495_89D	0x71	seg039_3495_89D	src/ui/GAMESTRN.C:344
AppendString_seg039_90E	seg039_3495_90E	0x54	str_cat	src/ui/GAMESTRN.C:358
ObjectUse_seg040_352B_2	seg040_352B_2	0x352	UseObj	src/obj/USEITEMS.C:79
ClearObject_seg040_354	seg040_352B_354	0xe4	using_punt	src/obj/USEITEMS.C:182
SpawnObjectInHand_seg040_438	seg040_352B_438	0x60	place_new	src/obj/USEITEMS.C:206
PickLock_seg040_498	seg040_352B_498	0x85	UseLockpickOn	src/obj/USEITEMS.C:222
UseKey_seg040_51D	seg040_352B_51D	0x58	UseKeyOn	src/obj/USEITEMS.C:253
KeyLockpickUsage_seg040_575	seg040_352B_575	0x45	UseKey	src/obj/USEITEMS.C:268
UseObjectWithPrompt_seg040_5BA	seg040_352B_5BA	0xa8	UseThing	src/obj/USEITEMS.C:280
SpikeDoor_seg040_662	seg040_352B_662	0x97	SpikeDoor_seg040_662	src/obj/USEITEMS.C:298
SpikeDoor_seg040_352B_6F9	seg040_352B_6F9	0x20	SpikeDoor_seg040_352B_6F9	src/obj/USEITEMS.C:314
UseBones_seg040_719	seg040_352B_719	0x169	UseBonesOn	src/obj/USEITEMS.C:327
UsePole_seg040_882	seg040_352B_882	0x4d	UsePoleOn	src/obj/USEITEMS.C:370
ItemRepair_seg040_352B_8CF	seg040_352B_8CF	0x4a	UseAnvilOn	src/obj/USEITEMS.C:382
seg040_352B_919	seg040_352B_919	0xd1	UseUtil	src/obj/USEITEMS.C:395
seg040_352B_9EA	seg040_352B_9EA	0x28	seg040_352B_9EA	src/obj/USEITEMS.C:412
TybalsOrb_seg040_A12	seg040_352B_A12	0xed	TybalsOrb_seg040_A12	src/obj/USEITEMS.C:423
seg040_352B_AFF	seg040_352B_AFF	0x85	seg040_352B_AFF	src/obj/USEITEMS.C:450
Major_4_Minor_1_ObjectUsage_seg040_B84	seg040_352B_B84	0x102	UseUnique	src/obj/USEITEMS.C:466
LightUsage_seg040_C86	seg040_352B_C86	0x19b	UseLight	src/obj/USEITEMS.C:504
WandUsage_seg040_E21	seg040_352B_E21	0xed	UseWand	src/obj/USEITEMS.C:565
Eat_seg040_F0E	seg040_352B_F0E	0x490	UseFood	src/obj/USEITEMS.C:595
RockHammerUsage_seg040_139E	seg040_352B_139E	0x1e2	UseRockHammerOn	src/obj/USEITEMS.C:724
OilUsage_seg040_1580	seg040_352B_1580	0x144	UseOilOn	src/obj/USEITEMS.C:768
Class_4_2_ObjectUsage_seg040_352B_16C4	seg040_352B_16C4	0x2e4	UseMagic	src/obj/USEITEMS.C:809
UseReadable_seg040_352B_19A8	seg040_352B_19A8	0x18d	UseBook	src/obj/USEITEMS.C:921
seg040_352B_1B35	seg040_352B_1B35	0x206	UseRect	src/obj/USEITEMS.C:958
UnlockDoor_seg040_352B_1D3B	seg040_352B_1D3B	0x1c9	checkLock	src/obj/USEITEMS.C:1004
CastSpellFromObject_seg040_1F04	seg040_352B_1F04	0xf2	checkSpell	src/obj/USEITEMS.C:1050
TriggerObjectLink_seg040_1FF6	seg040_352B_1FF6	0xd7	checkTrap	src/obj/USEITEMS.C:1079
seg040_352B_20CD	seg040_352B_20CD	0x61	moveDoor	src/obj/USEITEMS.C:1100
seg040_352B_212E	seg040_352B_212E	0xb8	changeDoor	src/obj/USEITEMS.C:1112
OpenDoor_seg040_352B_21E6	seg040_352B_21E6	0x117	OpenDoor	src/obj/USEITEMS.C:1132
CloseDoor_seg040_352B_22FD	seg040_352B_22FD	0xba	CloseDoor	src/obj/USEITEMS.C:1161
DoorToggle_seg040_352B_23B7	seg040_352B_23B7	0x35	ToggleDoor	src/obj/USEITEMS.C:1186
EmptyContainer_seg040_352B_23EC	seg040_352B_23EC	0xa8	DumpTheBag	src/obj/USEITEMS.C:1196
UseDoorOrContainer_seg040_352B_2494	seg040_352B_2494	0xb7	UseCont	src/obj/USEITEMS.C:1214
seg040_352B_254B	seg040_352B_254B	0x31	BlastFunction	src/obj/USEITEMS.C:1232
GetItemEnchantment_seg040_352B_257C	seg040_352B_257C	0x174	decode_obj_spell	src/obj/USEITEMS.C:1245
seg040_352B_26F0	seg040_352B_26F0	0x33	remove_spell	src/obj/USEITEMS.C:1277
MagicChargeUpdate_seg040_352B_2723	seg040_352B_2723	0xcf	useNSpellCharges	src/obj/USEITEMS.C:1285
seg041_37AA_2	seg041_37AA_2	0x4b	mvcheck	src/sys/UTIL.C:18
GetCoordinateInDirection_seg041_4D	seg041_37AA_4D	0x9b	move_along	src/sys/UTIL.C:34
EndMantra_seg041_E8	seg041_37AA_E8	0x36	seg041_35D7_E9	src/sys/UTIL.C:62
DiceRoll_seg041_11E	seg041_37AA_11E	0x47	rollem	src/sys/UTIL.C:72
seg042_5	seg042_5	0xe0	init_mem	src/sys/TMPALLOC.C:66
seg042_E5	seg042_E5	0x33	free_mem	src/sys/TMPALLOC.C:96
seg042_118	seg042_118	0x78	mem_setup	src/sys/TMPALLOC.C:106
seg042_190	seg042_190	0xb	seg042_190	src/sys/TMPALLOC.C:120
seg042_19B	seg042_19B	0x26	seg042_19B	src/sys/TMPALLOC.C:126
seg042_1C1	seg042_1C1	0x62	get_workspace	src/sys/TMPALLOC.C:136
seg042_223	seg042_223	0x53	set_workspace	src/sys/TMPALLOC.C:156
seg042_276	seg042_276	0x90	release_workspace	src/sys/TMPALLOC.C:169
seg043_37F0_6	seg043_37F0_6	0x29	init_scroll	src/ui/SCROLLIO.C:61
seg043_37F0_2F	seg043_37F0_2F	0x1f	set_mouse_in	src/ui/SCROLLIO.C:70
seg043_37F0_4E	seg043_37F0_4E	0x16	do_main_scroll	src/ui/SCROLLIO.C:76
seg043_37F0_64	seg043_37F0_64	0x16	do_npc_scroll	src/ui/SCROLLIO.C:83
seg043_37F0_7A	seg043_37F0_7A	0x16	do_play_scroll	src/ui/SCROLLIO.C:91
seg043_37F0_90	seg043_37F0_90	0x8e	scroll_wait	src/ui/SCROLLIO.C:102
seg043_37F0_11E	seg043_37F0_11E	0x45	draw_edges	src/ui/SCROLLIO.C:124
seg043_37F0_163	seg043_37F0_163	0x67	draw_conv_edges	src/ui/SCROLLIO.C:134
seg043_37F0_1CA	seg043_37F0_1CA	0x8d	scroll_up	src/ui/SCROLLIO.C:149
WriteTextWithMore_seg043_37F0_257	seg043_37F0_257	0x93	scroll_more	src/ui/SCROLLIO.C:166
WriteMultipleStringsToMessageScroll_seg043_37F0_2EA	seg043_37F0_2EA	0x130	scroll_print	src/ui/SCROLLIO.C:185
seg043_37F0_41A	seg043_37F0_41A	0x52	scroll_print1	src/ui/SCROLLIO.C:237
seg043_37F0_46C	seg043_37F0_46C	0x53	scroll_print2	src/ui/SCROLLIO.C:256
seg043_37F0_4BF	seg043_37F0_4BF	0x1ea	scroll_print3	src/ui/SCROLLIO.C:276
seg043_37F0_6A9	seg043_37F0_6A9	0xf8	scroll_wrap	src/ui/SCROLLIO.C:364
seg043_37F0_7A1	seg043_37F0_7A1	0x14a	draw_scroll	src/ui/SCROLLIO.C:410
seg043_37F0_8EB	seg043_37F0_8EB	0x90	scroll_clear	src/ui/SCROLLIO.C:443
seg043_37F0_97B	seg043_37F0_97B	0x76	wd_replace	src/ui/SCROLLIO.C:466
seg043_37F0_9F1	seg043_37F0_9F1	0x6d	wd_bool	src/ui/SCROLLIO.C:484
ProcessTypedInput_seg043_37F0_A5E	seg043_37F0_A5E	0x4f3	wdialog	src/ui/SCROLLIO.C:503
AskAYesNoQuestion_seg043_F51	seg043_37F0_F51	0xf3	wyorn	src/ui/SCROLLIO.C:640
seg044_4	seg044_4	0x7a	rem_anim_from_map	src/obj/EFFECT.C:68
seg044_7E	seg044_7E	0x6b	rem_anim_from_list	src/obj/EFFECT.C:80
seg044_E9	seg044_E9	0x2c5	toast_animobj	src/obj/EFFECT.C:97
MoveAnimationOverlayLink_seg044_3AE	seg044_3AE	0x70	Change_AnimPtr	src/obj/EFFECT.C:166
ProbablyCreateAnimo_seg044_41E	seg044_41E	0x11e	add_animobj	src/obj/EFFECT.C:184
seg044_53C	seg044_53C	0x1bd	do_animobj	src/obj/EFFECT.C:209
seg044_6F9	seg044_6F9	0x9b	update_animobj	src/obj/EFFECT.C:250
SpawnMultipleAnimoCopies_seg044_794	seg044_794	0x1c6	fireball_effect	src/obj/EFFECT.C:282
DetonateProjectile_seg044_95A	seg044_95A	0xd9	mts_doanim	src/obj/EFFECT.C:318
SpawnClass7Object_seg044_A33	seg044_A33	0x27d	put_effect	src/obj/EFFECT.C:342
seg044_CB0	seg044_CB0	0x4c	find_anim	src/obj/EFFECT.C:404
seg044_CFC	seg044_CFC	0x2c	get_animlen	src/obj/EFFECT.C:419
seg044_D28	seg044_D28	0x28	set_animlen	src/obj/EFFECT.C:430
seg044_D50	seg044_D50	0x1a3	check_door	src/obj/EFFECT.C:441
seg044_EF3	seg044_EF3	0x61	Anim_Load	src/obj/EFFECT.C:480
seg044_F54	seg044_F54	0x37	Anim_Save	src/obj/EFFECT.C:499
seg045_B	seg045_B	0xdb	grdb_blank	src/3d/GRDB.C:62
seg045_E6	seg045_E6	0x16	Clk	src/3d/GRDB.C:95
seg045_FC	seg045_FC	0xf	gr_entry	src/3d/GRDB.C:101
seg045_10B	seg045_10B	0x13	gr_tostrt	src/3d/GRDB.C:107
seg045_11E	seg045_11E	0x154	Ref	src/3d/GRDB.C:115
seg045_272	seg045_272	0xcb	gr_putlab	src/3d/GRDB.C:153
seg046_17	seg046_17	0x125	_OVRINIT	src/lib/OVERLAY.ASM:213
seg046_13C	seg046_13C	0x51	seg046_13C	src/lib/OVERLAY.ASM:339
seg046_18D	seg046_18D	0x22	_OVREXIT	src/lib/OVERLAY.ASM:379
seg046_1AF	seg046_1AF	0xc	seg046_1AF	src/lib/OVERLAY.ASM:398
seg046_1BB	seg046_1BB	0x40	seg046_1BB	src/lib/OVERLAY.ASM:409
seg046_1FB	seg046_1FB	0x5d	seg046_1FB	src/lib/OVERLAY.ASM:450
seg046_258	seg046_258	0x26	seg046_258	src/lib/OVERLAY.ASM:512
seg046_27E	seg046_27E	0x10	seg046_27E	src/lib/OVERLAY.ASM:536
seg046_28E	seg046_28E	0x80	_InitModules	src/lib/OVERLAY.ASM:551
seg046_30E	seg046_30E	0xcd	seg046_30E	src/lib/OVERLAY.ASM:603
ReadFromFilePosition_seg046_3DB	seg046_3DB	0x39	ReadFromFilePosition_seg046_3D4	src/lib/OVERLAY.ASM:689
seg046_414	seg046_414	0x45	seg046_414	src/lib/OVERLAY.ASM:725
seg046_459	seg046_459	0x60	seg046_459	src/lib/OVERLAY.ASM:764
seg046_4B9	seg046_4B9	0x2e	_ReadOvrDisk	src/lib/OVERLAY.ASM:811
Interrupt_3F_seg046_4E7	seg046_4E7	0x66	Interrupt_3F_seg046_4E7	src/lib/OVERLAY.ASM:836
seg046_54D	seg046_54D	0x4a	seg046_54D	src/lib/OVERLAY.ASM:890
seg046_597	seg046_597	0x7b	seg046_597	src/lib/OVERLAY.ASM:928
seg046_612	seg046_612	0x18	seg046_612	src/lib/OVERLAY.ASM:981
seg046_62A	seg046_62A	0x3b	seg046_62A	src/lib/OVERLAY.ASM:992
seg046_665	seg046_665	0x21	seg046_665	src/lib/OVERLAY.ASM:1022
seg046_686	seg046_686	0x1e	seg046_686	src/lib/OVERLAY.ASM:1037
seg046_6A4	seg046_6A4	0x33	seg046_6A4	src/lib/OVERLAY.ASM:1056
seg046_6D7	seg046_6D7	0x51	seg046_6D7	src/lib/OVERLAY.ASM:1081
seg046_728	seg046_728	0x1e	seg046_728	src/lib/OVERLAY.ASM:1125
seg046_746	seg046_746	0xc	seg046_746	src/lib/OVERLAY.ASM:1142
seg046_752	seg046_752	0x26	seg046_752	src/lib/OVERLAY.ASM:1152
seg046_778	seg046_778	0x1c	seg046_778	src/lib/OVERLAY.ASM:1179
seg046_794	seg046_794	0xc	seg046_794	src/lib/OVERLAY.ASM:1196
seg046_7A0	seg046_7A0	0x18	seg046_7A0	src/lib/OVERLAY.ASM:1205
seg046_7B8	seg046_7B8	0x36	_ISOVERLAYMOD	src/lib/OVERLAY.ASM:1220
seg046_7EE	seg046_7EE	0x98	_CHECKSTACK	src/lib/OVERLAY.ASM:1251
seg046_886	seg046_886	0x58	_CHECKOVERLAY	src/lib/OVERLAY.ASM:1323
_OvrInitEms	seg046_8DE	0x1ca	_OvrInitEms	src/lib/OVERLAY.ASM:1367
seg046_AA8	seg046_AA8	0x11a	_OvrInitExt	src/lib/OVERLAY.ASM:1587
seg046_BC2	seg046_BC2	0x53	seg046_BC2	src/lib/OVERLAY.ASM:1712
seg046_C15	seg046_C15	0xc	seg046_C15	src/lib/OVERLAY.ASM:1755
seg046_C21	seg046_C21	0xa7	seg046_C21	src/lib/OVERLAY.ASM:1764
seg046_CC8	seg046_CC8	0x2f	seg046_CC8	src/lib/OVERLAY.ASM:1833
seg046_CF7	seg046_CF7	0xd	seg046_CF7	src/lib/OVERLAY.ASM:1862
seg046_D04	seg046_D04	0x18	_SwapOverlay	src/lib/OVERLAY.ASM:1875
seg046_D1C	seg046_D1C	0x64	_OvrPrepare	src/lib/OVERLAY.ASM:1902
EMMXXXX_seg046_D80	seg046_D80	0xb2	_INITEMS	src/lib/OVERLAY.ASM:1957
seg046_E32	seg046_E32	0x65	_INITEMSPAGE	src/lib/OVERLAY.ASM:2047
seg046_E97	seg046_E97	0x2a	_EXITEMS	src/lib/OVERLAY.ASM:2094
seg046_EC1	seg046_EC1	0x1b0	_INITEXT	src/lib/OVERLAY.ASM:2115
seg046_1071	seg046_1071	0xd8	_INITEXTMEM	src/lib/OVERLAY.ASM:2291
seg046_1149	seg046_1149	0x54	_EXITEXT	src/lib/OVERLAY.ASM:2378
seg046_119D	seg046_119D	0xad	_EXTCOPY	src/lib/OVERLAY.ASM:2415
