# segment	proc	file offset	size	kind	score	kin segment	kin proc	kin source
seg000	seg000_2	3202	A4	like	0.865	seg000	seg000_2	src/gfx/SPRITE.ASM
seg000	seg000_A6	32A6	45	like	0.812	seg000	seg000_A6	src/gfx/SPRITE.ASM
seg000	UIDrawRelated_seg000_EB	32EB	35	like	0.852	seg000	seg000_EB	src/gfx/SPRITE.ASM
seg000	seg000_120	3320	35	like	0.852	seg000	seg000_EB	src/gfx/SPRITE.ASM
seg000	seg000_155	3355	36	like	0.852	seg000	seg000_155	src/gfx/SPRITE.ASM
seg000	seg000_18B	338B	6E	like	0.600	seg000	seg000_2	src/gfx/SPRITE.ASM
seg000	seg000_1F9	33F9	30	like	0.868	seg000	seg000_EB	src/gfx/SPRITE.ASM
seg000	seg000_229	3429	107	like	0.807	seg000	seg000_229	src/gfx/SPRITE.ASM
seg000	seg000_330	3530	1B9	like	0.737	seg000	seg000_330	src/gfx/SPRITE.ASM
seg001	seg001_C	36EC	3E	like	0.885	seg001_023B	seg001_023B_C	src/gfx/VALLOC.ASM
seg001	seg001_4A	372A	10	like	0.889	seg001_023B	seg001_023B_105	src/gfx/VALLOC.ASM
seg001	seg001_5A	373A	AB	near	0.923	seg001_023B	seg001_023B_4A	src/gfx/VALLOC.ASM
seg001	seg001_105	37E5	D	same	1.000	seg001_023B	seg001_023B_105	src/gfx/VALLOC.ASM
seg001	seg001_112	37F2	C3	near	0.973	seg001_023B	seg001_023B_112	src/gfx/VALLOC.ASM
seg001	seg001_1D5	38B5	1A	same	1.000	seg001_023B	seg001_023B_1D5	src/gfx/VALLOC.ASM
seg001	seg001_1EF	38CF	6C	near	0.933	seg001_023B	seg001_023B_1EF	src/gfx/VALLOC.ASM
seg001	MaybeRedrawSlot_seg001_25B	393B	D	same	1.000	seg001_023B	seg001_023B_105	src/gfx/VALLOC.ASM
seg001	seg001_268	3948	121	none	0.000			
seg002	seg002_A	3A6A	8F	none	0.000			
seg003	seg003_0	3B00	8	none	0.000			
seg003	seg003_8	3B08	8	none	0.000			
seg003	seg003_10	3B10	8	none	0.000			
seg003	seg003_18	3B18	10	same	1.000	seg003_0272	seg003_0272_18	
seg003	seg003_28	3B28	38	like	0.649	seg003_0272	seg003_0272_28	
seg003	seg003_60	3B60	C1	none	0.000			
seg003	seg003_121	3C21	925	like	0.713	seg003_0272	seg003_0272_183	
seg003	seg003_A46	4546	2	none	0.000			
seg003	seg003_A48	4548	80	near	0.969	seg003_0272	seg003_0272_6E4	
seg003	seg003_AC8	45C8	24	like	0.833	seg003_0272	seg003_0272_764	
seg003	seg003_AEC	45EC	20	like	0.875	seg003_0272	seg003_0272_788	
seg003	seg003_B0C	460C	51	like	0.862	seg003_0272	seg003_0272_7A8	
seg003	seg003_B5D	465D	8F	near	0.968	seg003_0272	DRAW_RELATED_seg003_0272_7F9	
seg003	seg003_BEC	46EC	141	same	1.000	seg003_0272	seg003_0272_888	
seg003	seg003_D2D	482D	1D2	like	0.737	seg003_0272	seg003_0272_A7F	
seg003	seg003_EFF	49FF	78	none	0.000			
seg003	seg003_F77	4A77	10B	near	0.968	seg003_0272	seg003_0272_C13	
seg003	seg003_1082	4B82	D0F	none	0.000			
seg003	seg003_1D91	5891	FF	none	0.000			
seg003	seg003_1E90	5990	D2A	like	0.667	seg003_0272	seg003_0272_D1E	
seg003	seg003_2BBA	66BA	19	none	0.000			
seg003	seg003_2BD3	66D3	27	none	0.000			
seg003	seg003_2BFA	66FA	17	none	0.000			
seg003	seg003_2C11	6711	17	none	0.000			
seg003	seg003_2C28	6728	E	none	0.000			
seg003	seg003_2C36	6736	5E7	none	0.000			
seg003	seg003_321D	6D1D	D7	near	0.935	seg003_0272	seg003_0272_283D	
seg003	seg003_32F4	6DF4	31	near	0.905	seg003_0272	seg003_0272_2914	
seg003	seg003_3325	6E25	1A	same	1.000	seg003_0272	seg003_0272_2945	
seg003	seg003_333F	6E3F	18	same	1.000	seg003_0272	seg003_0272_295F	
seg003	seg003_3357	6E57	2F	like	0.882	seg003_0272	seg003_0272_2ABE	
seg003	seg003_3386	6E86	3F	near	0.969	seg003_0272	seg003_0272_2AED	
seg003	seg003_33C5	6EC5	F	none	0.000			
seg003	seg003_33D4	6ED4	F	same	1.000	seg003_0272	seg003_0272_2B53	
seg003	seg003_33E3	6EE3	18	near	0.923	seg003_0272	seg003_0272_2B62	
seg003	seg003_33FB	6EFB	21	same	1.000	seg003_0272	seg003_0272_2B7A	
seg003	seg003_341C	6F1C	5E	same	1.000	seg003_0272	SetVideoMode_seg003_0272_2B9B	
seg003	seg003_347A	6F7A	4B	like	0.862	seg003_0272	seg003_0272_2BF9	
seg003	seg003_34C5	6FC5	13F	near	0.946	seg003_0272	seg003_0272_2C44	
seg003	seg003_3604	7104	195	near	0.967	seg003_0272	seg003_0272_2D83	
seg003	seg003_3799	7299	17C	near	0.989	seg003_0272	seg003_0272_2F18	
seg003	seg003_3915	7415	4F	same	1.000	seg003_0272	seg003_0272_3094	
seg003	seg003_3964	7464	18	same	1.000	seg003_0272	seg003_0272_30E3	
seg003	seg003_397C	747C	26	same	1.000	seg003_0272	seg003_0272_30FB	
seg003	seg003_39A2	74A2	43	same	1.000	seg003_0272	seg003_0272_3121	
seg003	seg003_39E5	74E5	31	same	1.000	seg003_0272	seg003_0272_3164	
seg003	seg003_3A16	7516	29	same	1.000	seg003_0272	seg003_0272_3195	
seg003	seg003_3A3F	753F	29	none	0.000			
seg003	seg003_3A68	7568	1E	like	0.821	seg003_0272	seg003_0272_31E7	
seg003	seg003_3A86	7586	15	same	1.000	seg003_0272	seg003_0272_3206	
seg003	seg003_3A9B	759B	4F	like	0.893	seg003_0272	seg003_0272_321B	
seg003	seg003_3AEA	75EA	3	none	0.000			
seg003	seg003_3AED	75ED	10	same	1.000	seg003_0272	seg003_0272_326D	
seg003	seg003_3AFD	75FD	12	like	0.800	seg003_0272	seg003_0272_327D	
seg003	seg003_3B0F	760F	53	near	0.938	seg003_0272	seg003_0272_328F	
seg003	seg003_3B62	7662	38	same	1.000	seg003_0272	seg003_0272_32E2	
seg003	seg003_3B9A	769A	7	same	1.000	seg003_0272	seg003_0272_331A	
seg003	seg003_3BA1	76A1	3	none	0.000			
seg003	seg003_3BA4	76A4	4A	like	0.886	seg003_0272	seg003_0272_3324	
seg003	seg003_3BEE	76EE	3	none	0.000			
seg003	seg003_3BF1	76F1	4D	near	0.931	seg003_0272	seg003_0272_3371	
seg003	seg003_3C3E	773E	60	same	1.000	seg003_0272	seg003_0272_33BE	
seg003	seg003_3C9E	779E	5	none	0.000			
seg003	seg003_3CA3	77A3	B	like	0.889	seg003_0272	seg003_0272_3423	
seg003	seg003_3CAE	77AE	51	near	0.943	seg003_0272	seg003_0272_342E	
seg003	seg003_3CFF	77FF	2F	same	1.000	seg003_0272	seg003_0272_347F	
seg003	seg003_3D2E	782E	14	near	0.917	seg003_0272	seg003_0272_34AE	
seg003	seg003_3D42	7842	5	none	0.000			
seg003	seg003_3D47	7847	1C7	like	0.792	seg003_0272	seg003_0272_34C7	
seg003	seg003_3F0E	7A0E	CE	same	1.000	seg003_0272	seg003_0272_368E	
seg003	seg003_3FDC	7ADC	62	near	0.941	seg003_0272	seg003_0272_375C	
seg003	seg003_403E	7B3E	5E	same	1.000	seg003_0272	seg003_0272_37BE	
seg003	seg003_409C	7B9C	98	same	1.000	seg003_0272	seg003_0272_381C	
seg003	seg003_4134	7C34	A8	near	0.941	seg003_0272	seg003_0272_38B4	
seg003	seg003_41DC	7CDC	2D	near	0.960	seg003_0272	seg003_0272_395C	
seg003	seg003_4209	7D09	32	near	0.960	seg003_0272	seg003_0272_3989	
seg003	seg003_423B	7D3B	47	near	0.939	seg003_0272	seg003_0272_39BB	
seg003	seg003_4282	7D82	10B	near	0.992	seg003_0272	seg003_0272_3A02	
seg003	seg003_438D	7E8D	73	like	0.625	seg003_0272	seg003_0272_3B36	
seg003	seg003_4400	7F00	F	none	0.000			
seg003	seg003_440F	7F0F	53	same	1.000	seg003_0272	seg003_0272_3B8F	
seg003	seg003_4462	7F62	1B	like	0.800	seg003_0272	seg003_0272_3BE2	
seg003	seg003_447D	7F7D	35	like	0.607	seg003_0272	seg003_0272_3BFD	
seg003	seg003_44B2	7FB2	1A	none	0.000			
seg003	seg003_44CC	7FCC	15	none	0.000			
seg003	seg003_44E1	7FE1	4EF	near	0.994	seg003_0272	seg003_0272_3C61	
seg003	seg003_49D0	84D0	36	same	1.000	seg003_0272	seg003_0272_4150	
seg003	seg003_4A06	8506	23F	near	0.921	seg003_0272	seg003_0272_4186	
seg003	seg003_4C45	8745	6C	near	0.941	seg003_0272	seg003_0272_43C5	
seg003	seg003_4CB1	87B1	3C	near	0.933	seg021_22FD	seg021_22FD_755	
seg003	WriteTextToScreen_seg003_4CED	87ED	DE	near	0.902	seg003_0272	WriteTextToScreen_seg003_0272_446D	
seg003	WritingTextToScreen_seg003_4DCB	88CB	DE	near	0.902	seg003_0272	WriteTextToScreen_seg003_0272_446D	
seg003	seg003_4EA9	89A9	81	near	0.937	seg003_0272	seg003_0272_4629	
seg003	seg003_4F2A	8A2A	3C	near	0.933	seg021_22FD	seg021_22FD_755	
seg003	seg003_4F66	8A66	78	near	0.933	seg003_0272	GraphicsCall_seg003_0272_46E6	
seg003	seg003_4FDE	8ADE	196	like	0.756	seg003_0272	seg003_0272_47E2	
seg003	seg003_5174	8C74	3F	near	0.935	seg003_0272	seg003_0272_5239	
seg003	seg003_51B3	8CB3	7B	near	0.934	seg003_0272	seg003_0272_4933	
seg003	seg003_522E	8D2E	8C	near	0.941	seg003_0272	seg003_0272_49AE	
seg003	seg003_52BA	8DBA	5A	near	0.923	seg003_0272	DrawBitmapScreen_seg003_0272_4AC1	
seg003	seg003_5314	8E14	3C	near	0.933	seg021_22FD	seg021_22FD_755	
seg003	seg003_5350	8E50	C8	near	0.938	seg003_0272	GraphicsCall_seg003_0272_4B57	
seg003	seg003_5418	8F18	D3	near	0.919	seg003_0272	GraphicsCall_seg003_0272_4B57	
seg003	seg003_54EB	8FEB	94	like	0.707	seg003_0272	GraphicsCall_seg003_0272_4B57	
seg003	seg003_557F	907F	3C	near	0.933	seg021_22FD	seg021_22FD_755	
seg003	seg003_55BB	90BB	200	near	0.938	seg003_0272	seg003_0272_4DC2	
seg003	seg003_57BB	92BB	63	near	0.930	seg003_0272	DrawArtToScreen_seg003_0272_4FC2	
seg003	seg003_581E	931E	63	near	0.930	seg003_0272	DRAW_RELATED_seg003_0272_5025	
seg003	seg003_5881	9381	F3	near	0.926	seg003_0272	seg003_0272_5088	
seg003	seg003_5974	9474	4D	near	0.944	seg003_0272	seg003_0272_517B	
seg003	seg003_59C1	94C1	58	near	0.953	seg003_0272	seg003_0272_51C8	
seg003	seg003_5A19	9519	19	same	1.000	seg003_0272	seg003_0272_5220	
seg003	seg003_5A32	9532	40	near	0.921	seg003_0272	seg003_0272_5239	
seg003	seg003_5A72	9572	3	none	0.000			
seg003	seg003_5A75	9575	3	none	0.000			
seg003	seg003_5A78	9578	9	same	1.000	seg003_0272	seg003_0272_527E	
seg003	seg003_5A81	9581	6	none	0.000			
seg003	seg003_5A87	9587	6	none	0.000			
seg003	seg003_5A8D	958D	3	none	0.000			
seg003	seg003_5A90	9590	3	none	0.000			
seg003	seg003_5A93	9593	3	none	0.000			
seg003	seg003_5A96	9596	3	none	0.000			
seg003	seg003_5A99	9599	3	none	0.000			
seg003	seg003_5A9C	959C	3	none	0.000			
seg003	seg003_5A9F	959F	3	none	0.000			
seg003	seg003_5AA2	95A2	9	same	1.000	seg003_0272	seg003_0272_527E	
seg003	seg003_5AAB	95AB	3	none	0.000			
seg003	seg003_5AAE	95AE	3	none	0.000			
seg003	seg003_5AB1	95B1	3	none	0.000			
seg003	seg003_5AB4	95B4	3	none	0.000			
seg003	seg003_5AB7	95B7	3	none	0.000			
seg003	seg003_5ABA	95BA	24	same	1.000	seg003_0272	seg003_0272_52C0	
seg003	seg003_5ADE	95DE	2D	like	0.870	seg003_0272	seg003_0272_52E4	
seg003	seg003_5B0B	960B	52	near	0.900	seg003_0272	seg003_0272_5311	
seg003	seg003_5B5D	965D	8	none	0.000			
seg003	seg003_5B65	9665	7EB	like	0.752	seg003_0272	seg003_0272_536B	
seg003	seg003_6350	9E50	1F7	like	0.824	seg003_0272	seg003_0272_5B50	
seg003	seg003_6547	A047	B	none	0.000			
seg005_10B2	start	11E50	113	near	0.929	seg005_105F	start	
seg005_10B2	seg005_10B2_113	11F63	20	like	0.700	seg005_105F	seg005_105F_113	
seg005_10B2	seg005_10B2_133	11F83	40	same	1.000	seg005_105F	ExitProgram_seg005_105F_133	
seg005_10B2	seg005_10B2_173	11FC3	43	same	1.000	seg005_105F	GetInterrupts_seg005_173	
seg005_10B2	seg005_10B2_1B6	12006	70	same	1.000	seg005_105F	SetInterruptVectors_seg005_105F_1B6	
seg005_10B2	seg005_10B2_226	12076	23	same	1.000	seg005_105F	WriteBufferToHandle2_seg005_105F_226	
seg005_10B2	seg005_10B2_249	12099	64	like	0.738	seg005_105F	FileOrDirectoryExists_seg005_105F_249	
seg005_10B2	seg005_10B2_2AD	120FD	51	same	1.000	seg005_105F	InitAnObjectListArray_seg005_105F_2AD	
seg005_10B2	CloseFile_seg005_10B2_2FE	1214E	2E	same	1.000	seg005_105F	CloseFile_seg005_105F_2FE	
seg005_10B2	seg005_10B2_32C	1217C	25	same	1.000	seg005_105F	ExitGame_seg005_105F_32C	
seg005_10B2	seg005_10B2_351	121A1	80	same	1.000	seg005_105F	CheckSpaceAllocationForUWAD_seg005_105F_351	
seg005_10B2	seg005_10B2_3D1	12221	3F	same	1.000	seg005_105F	UWADSpaceAllocation_seg005_105F_3D1	
seg005_10B2	seg005_10B2_410	12260	6D	same	1.000	seg005_105F	seg005_105F_410	
seg005_10B2	CloseFile_seg005_10B2_47D	122CD	80	same	1.000	seg005_105F	CloseFile_seg005_105F_47D	
seg005_10B2	seg005_10B2_4FD	1234D	52	same	1.000	seg005_105F	seg005_105F_4FD	
seg005_10B2	seg005_10B2_54F	1239F	86	same	1.000	seg005_105F	seg005_105F_54F	
seg005_10B2	seg005_10B2_5D5	12425	6F	same	1.000	seg005_105F	seg005_105F_5D5	
seg005_10B2	seg005_10B2_644	12494	38	near	0.963	seg005_105F	seg005_105F_644	
seg005_10B2	seg005_10B2_67C	124CC	C6	near	0.975	seg005_105F	MaybeGetFileAccessSetting_seg005_105F_67C	
seg005_10B2	seg005_10B2_742	12592	98	same	1.000	seg005_105F	OpenAndAddHandleToFileTable_seg005_105F_742	
seg005_10B2	seg005_10B2_7DA	1262A	22	like	0.867	seg005_105F	MaybeGetFreeOffset_seg005_105F_7DA	
seg005_10B2	AddFileToTable_seg005_10B2_7FC	1264C	6C	same	1.000	seg005_105F	AddFileToTable_seg005_105F_7FC	
seg005_10B2	FileReadToAddress_seg005_10B2_868	126B8	EC	same	1.000	seg005_105F	FileReadToAddress_seg005_105F_868	
seg005_10B2	FileReadToAddress_seg005_10B2_954	127A4	4D	same	1.000	seg005_105F	FileReadToAddress_seg005_105F_954	
seg005_10B2	seg005_10B2_9A1	127F1	66	same	1.000	seg005_105F	seg005_105F_9A1	
seg005_10B2	SeekToAFile_Location_seg005_10B2_A07	12857	66	same	1.000	seg005_105F	SeekToAFile_Location_seg005_105F_A07	
seg005_10B2	seg005_10B2_A6D	128BD	43	same	1.000	seg005_105F	seg005_105F_A6D	
seg005_10B2	seg005_10B2_AB0	12900	49	same	1.000	seg005_105F	FileReadMaybe_seg005_105F_AB0	
seg005_10B2	seg005_10B2_AF9	12949	13	same	1.000	seg005_105F	GetDate_seg005_AF9	
seg005_10B2	seg005_10B2_B0C	1295C	13	same	1.000	seg005_105F	GetSystemTime_seg005_105F_B0C	
seg005_10B2	seg005_10B2_B1F	1296F	28	same	1.000	seg005_105F	ABS_seg005_105F_B1F	
seg005_10B2	seg005_10B2_B47	12997	17	near	0.917	seg005_105F	MaybeMusicInit_seg005_105F_B47	
seg005_10B2	seg005_10B2_B5E	129AE	1C	same	1.000	seg005_105F	seg005_105F_B5E	
seg005_10B2	seg005_10B2_B7A	129CA	11C	near	0.974	seg005_105F	seg005_105F_B7A	
seg005_10B2	seg005_10B2_C96	12AE6	140	same	1.000	seg005_105F	seg005_105F_C96	
seg005_10B2	InitRNG_seg005_10B2_DD6	12C26	11	same	1.000	seg005_105F	Init_RNG_seg005_105F_DD6	
seg005_10B2	RNG_seg005_DE7	12C37	26	none	0.000			
seg005_10B2	seg005_10B2_E0D	12C5D	8F	like	0.763	seg005_105F	RNG_seg005_105F_DE7	
seg005_10B2	seg005_10B2_E9C	12CEC	101	near	0.960	seg005_105F	seg005_105F_E7E	
seg005_10B2	seg005_10B2_F9D	12DED	73	like	0.623	seg005_105F	seg005_105F_FBA	
seg005_10B2	seg005_10B2_1010	12E60	4D	same	1.000	seg005_105F	GetRNGSeed_seg005_105F_FF2	
seg005_10B2	seg005_10B2_105D	12EAD	33	same	1.000	seg005_105F	FindInString_seg005_105F_103F	
seg005_10B2	seg005_10B2_1090	12EE0	1A	same	1.000	seg005_105F	GetFileSeekPtr_seg005_105F_1072	
seg005_10B2	seg005_10B2_10AA	12EFA	123	same	1.000	seg005_105F	CalculateRNGSeeds_seg005_105F_108C	
seg005_10B2	seg005_10B2_11CD	1301D	1D0	same	1.000	seg005_105F	seg005_105F_11AF	
seg005_10B2	seg005_10B2_139D	131ED	81	near	0.951	seg005_105F	seg005_105F_137F	
seg005_10B2	seg005_10B2_141E	1326E	2C	same	1.000	seg005_105F	ToLowerCase_seg005_105F_1400	
seg005_10B2	seg005_10B2_144A	1329A	2C	same	1.000	seg005_105F	seg005_105F_142C	
seg005_10B2	seg005_10B2_1476	132C6	13F	like	0.852	seg005_105F	WriteDataToHandleAtPointer_seg005_105F_1458	
seg005_10B2	ParseNumber_seg005_10B2_15B5	13405	7D	near	0.985	seg005_105F	ParseNumber_seg005_105F_1597	
seg005_10B2	seg005_10B2_1632	13482	22	same	1.000	seg005_105F	seg005_105F_1614	
seg005_10B2	seg005_10B2_1654	134A4	4D	same	1.000	seg005_105F	seg005_105F_1636	
seg005_10B2	seg005_10B2_16A1	134F1	29	same	1.000	seg005_105F	ChangeDirectory_seg005_105F_1683	
seg005_10B2	seg005_10B2_16CA	1351A	1B	same	1.000	seg005_105F	GetSetFileAttributes_seg005_105F_16AC	
seg005_10B2	seg005_10B2_16E5	13535	1E	same	1.000	seg005_105F	CloseFileByHandle_seg005_16C7	
seg005_10B2	seg005_10B2_1703	13553	10	same	1.000	seg005_105F	seg005_105F_16E5	
seg005_10B2	seg005_10B2_1713	13563	3C	none	0.000			
seg005_10B2	seg005_10B2_174F	1359F	41	none	0.000			
seg005_10B2	seg005_10B2_1790	135E0	C6	same	1.000	seg005_105F	SomeFileDateTimeCalc_seg005_105F_16F5	
seg005_10B2	seg005_10B2_1856	136A6	68	same	1.000	seg005_105F	seg005_105F_17BB	
seg005_10B2	seg005_10B2_18BE	1370E	33	same	1.000	seg005_105F	FindFirstFile_seg005_105F_1823	
seg005_10B2	seg005_10B2_18F1	13741	2D	same	1.000	seg005_105F	FindNextFile_seg005_105F_1856	
seg005_10B2	seg005_10B2_191E	1376E	41	same	1.000	seg005_105F	GetFileSize_seg005_105F_1883	
seg005_10B2	seg005_10B2_195F	137AF	29	near	0.950	seg005_105F	seg005_105F_193F	
seg005_10B2	seg005_10B2_1988	137D8	59	same	1.000	seg005_105F	seg005_105F_1968	
seg005_10B2	seg005_10B2_19E1	13831	18	same	1.000	seg005_105F	seg005_105F_19C1	
seg005_10B2	seg005_10B2_19F9	13849	B8	near	0.973	seg005_105F	seg005_105F_19D9	
seg005_10B2	seg005_10B2_1AB1	13901	1B	same	1.000	seg005_105F	GetDirectoryName_seg005_1A91	
seg005_10B2	seg005_10B2_1ACC	1391C	6F	same	1.000	seg005_105F	GetDOSPathVariable_seg005_105F_1AAC	
seg005_10B2	seg005_10B2_1B3B	1398B	1D	same	1.000	seg005_105F	GetDriveInfo_seg005_105F_1B1B	
seg005_10B2	seg005_10B2_1B58	139A8	20	same	1.000	seg005_105F	GetDiskSpace_seg005_105F_1B38	
seg005_10B2	seg005_10B2_1B78	139C8	F	same	1.000	seg005_105F	GetInteruptVector_seg005_105F_1B58	
seg005_10B2	seg005_10B2_1B87	139D7	11	none	0.000			
seg005_10B2	seg005_10B2_1B98	139E8	28	like	0.711	seg005_105F	SetInteruptVector_seg005_105F_1B67	
seg005_10B2	seg005_10B2_1BC0	13A10	C1	like	0.626	seg005_105F	FileOperationFromParamsArray_seg005_105F_1B9D	
seg005_10B2	seg005_10B2_1C81	13AD1	63	same	1.000	seg005_105F	FileOperationFromParamsArray_seg005_105F_1B9D	
seg005_10B2	seg005_10B2_1CE4	13B34	27	same	1.000	seg005_105F	CheckFileDeviceStatus_seg005_1C00	
seg005_10B2	seg005_10B2_1D0B	13B5B	3D	same	1.000	seg005_105F	File_Error_Handler_seg005_1C27	
seg005_10B2	seg005_10B2_1D48	13B98	11	same	1.000	seg005_105F	CheckDiskDevice_seg005_105F_1C64	
seg005_10B2	MoveFilePointer_seg005_10B2_1D59	13BA9	29	same	1.000	seg005_105F	MoveFilePointer_seg005_105F_1C75	
seg005_10B2	seg005_10B2_1D82	13BD2	7D	same	1.000	seg005_105F	Hex2Dec_seg005_105F_1C9E	
seg005_10B2	HexToDecimalString_seg005_10B2_1DFF	13C4F	27	same	1.000	seg005_105F	Hex2DecimalString_seg005_105F_1D1B	
seg005_10B2	seg005_10B2_1E26	13C76	1A	same	1.000	seg005_105F	seg005_105F_1D42	
seg005_10B2	seg005_10B2_1E40	13C90	25	same	1.000	seg005_105F	Hex2Dec_seg005_105F_1D5C	
seg005_10B2	seg005_10B2_1E65	13CB5	21	same	1.000	seg005_105F	MoveData_seg005_105F_1D81	
seg005_10B2	seg005_10B2_1E86	13CD6	28	same	1.000	seg005_105F	SetArrayValues_seg005_105F_1DA2	
seg005_10B2	SetArrayValues_seg005_10B2_1EAE	13CFE	19	same	1.000	seg005_105F	SetArrayValues_seg005_105F_1DCA	
seg005_10B2	seg005_10B2_1EC7	13D17	16	same	1.000	seg005_105F	CreateDirectory_seg005_1DE3	
seg005_10B2	CopyDataBySize_seg005_1EDD	13D2D	22	same	1.000	seg005_105F	MoveDataBySize_seg005_105F_1DF9	
seg005_10B2	seg005_10B2_1EFF	13D4F	19	same	1.000	seg005_105F	CreateFile_seg005_105F_1E1B	
seg005_10B2	seg005_10B2_1F18	13D68	12	same	1.000	seg005_105F	WriteCXBytesToHandle_seg005_105F_1E34	
seg005_10B2	CreateOrOpenFile_seg005_1F2A	13D7A	13B	same	1.000	seg005_105F	FileAccessFunctions_seg005_105F_1E46	
seg005_10B2	seg005_10B2_2065	13EB5	4C	same	1.000	seg005_105F	OpenFile_seg005_1F81	
seg005_10B2	MaybeFileSeek_seg005_20B1	13F01	BB	same	1.000	seg005_105F	ReadBytesAtFilePtr_seg005_1FCD	
seg005_10B2	seg005_10B2_216C	13FBC	1A	same	1.000	seg005_105F	ReadFileBytes_seg005_2088	
seg005_10B2	seg005_10B2_2186	13FD6	1F	same	1.000	seg005_105F	Rename_File_seg005_20A2	
seg005_10B2	seg005_10B2_21A5	13FF5	14	same	1.000	seg005_105F	seg005_105F_20C1	
seg005_10B2	seg005_10B2_21B9	14009	47F	near	0.969	seg005_105F	seg005_105F_20D5	
seg005_10B2	seg005_10B2_2638	14488	2B	same	1.000	seg005_105F	seg005_105F_2554	
seg005_10B2	seg005_10B2_2663	144B3	17F	near	0.994	seg005_105F	seg005_105F_257F	
seg005_10B2	seg005_10B2_27E2	14632	18	same	1.000	seg005_105F	seg005_105F_26FE	
seg005_10B2	seg005_10B2_27FA	1464A	1C	same	1.000	seg005_105F	AllocateMemoryBlockOfSize_seg005_2716	
seg005_10B2	seg005_10B2_2816	14666	13	same	1.000	seg005_105F	SetCurrentDate_seg005_105F_2732	
seg005_10B2	seg005_10B2_2829	14679	13	same	1.000	seg005_105F	SetCurrentTime_seg005_105F_2745	
seg005_10B2	seg005_10B2_283C	1468C	2C	none	0.000			
seg005_10B2	seg005_10B2_2868	146B8	7	none	0.000			
seg005_10B2	seg005_10B2_286F	146BF	9B	same	1.000	seg005_105F	MaybeTryAndFindFile_seg005_105F_2758	
seg005_10B2	CombineStrings_seg005_10B2_290A	1475A	39	same	1.000	seg005_105F	CombineStrings_seg005_27F3	
seg005_10B2	seg005_10B2_2943	14793	36	same	1.000	seg005_105F	MaybeAComparison_seg005_105F_282C	
seg005_10B2	StoreStringInLocation_seg005_2979	147C9	24	same	1.000	seg005_105F	StoreStringInLocation_seg005_105F_2891	
seg005_10B2	StringLen_seg005_10B2_299D	147ED	1A	same	1.000	seg005_105F	STRLEN_Seg005_105F_28B5	
seg005_10B2	seg005_10B2_29B7	14807	2C	same	1.000	seg005_105F	ExtractString_seg005_105F_28CF	
seg005_10B2	ToUpperCase_seg005_10B2_29E3	14833	20	same	1.000	seg005_105F	ToUpperCase_seg005_105F_2940	
seg005_10B2	seg005_10B2_2A03	14853	181	near	0.981	seg005_105F	GetTimezone_seg005_105F_2960	
seg005_10B2	seg005_10B2_2B84	149D4	12B	like	0.829	seg005_105F	SomeDateCalc_seg005_105F_2AE1	
seg005_10B2	seg005_10B2_2CAF	14AFF	16	same	1.000	seg005_105F	DeleteFile_seg005_2BC0	
seg005_10B2	seg005_10B2_2CC5	14B15	7	same	1.000	seg005_105F	seg005_105F_2BD6	
seg005_10B2	seg005_10B2_2CCC	14B1C	9	same	1.000	seg005_105F	seg005_105F_2BDD	
seg005_10B2	seg005_10B2_2CD5	14B25	8	same	1.000	seg005_105F	seg005_105F_2BE6	
seg005_10B2	seg005_10B2_2CDD	14B2D	1A	same	1.000	seg005_105F	MaybeMusicInit_seg005_105F_2BEE	
seg005_10B2	seg005_10B2_2CF7	14B47	D	same	1.000	seg005_105F	seg005_105F_2C08	
seg005_10B2	seg005_10B2_2D04	14B54	9	same	1.000	seg005_105F	seg005_105F_2C15	
seg005_10B2	seg005_10B2_2D0D	14B5D	497	near	0.956	seg005_105F	seg005_105F_2C1E	
seg005_10B2	seg005_10B2_31A4	14FF4	49	same	1.000	seg005_105F	WriteDataToHandle_seg005_105F_30B5	
seg005_10B2	seg005_10B2_31ED	1503D	2F	like	0.800	seg005_105F	seg005_105F_30FE	
seg005_10B2	seg005_10B2_321C	1506C	62	same	1.000	seg005_105F	seg005_105F_312C	
seg005_10B2	seg005_10B2_327E	150CE	71	same	1.000	seg005_105F	seg005_105F_318E	
seg005_10B2	seg005_10B2_32EF	1513F	29	same	1.000	seg005_105F	seg005_105F_31FF	
seg005_10B2	seg005_10B2_3318	15168	36	same	1.000	seg005_105F	seg005_105F_3228	
seg005_10B2	seg005_10B2_334E	1519E	29	same	1.000	seg005_105F	UWAdSpaceAllocation_seg005_105F_325E	
seg005_10B2	seg005_10B2_3377	151C7	61	same	1.000	seg005_105F	seg005_105F_3287	
seg005_10B2	seg005_10B2_33D8	15228	39	same	1.000	seg005_105F	seg005_105F_32E8	
seg005_10B2	seg005_10B2_3411	15261	23	same	1.000	seg005_105F	seg005_105F_3321	
seg005_10B2	seg005_10B2_3434	15284	7D	same	1.000	seg005_105F	ProbablyAllocateSpaceForSound_seg005_105F_3344	
seg005_10B2	seg005_10B2_34B1	15301	7A	same	1.000	seg005_105F	seg005_105F_33C1	
seg005_10B2	seg005_10B2_352B	1537B	D0	same	1.000	seg005_105F	seg005_105F_343B	
seg005_10B2	MultiplyDXCXAXBX_seg005_35FB	1544B	17	same	1.000	seg005_105F	MultiplyAXByBX_seg005_105F_350B	
seg005_10B2	seg005_10B2_3612	15462	21	near	0.941	seg005_105F	MaybeAMemoryAllocationCheck_seg005_105F_3972	
seg005_10B2	seg005_10B2_3633	15483	3	same	1.000	seg005_105F	seg005_105F_3522	
seg005_10B2	Divide32BitNumbers_seg005_3636	15486	7	same	1.000	seg005_105F	Divide32BitNumbers_seg005_105F_3525	
seg005_10B2	Divide32BitNumbers_seg005_363D	1548D	5	none	0.000			
seg005_10B2	seg005_10B2_3642	15492	B	same	1.000	seg005_105F	ModulusDivision_seg005_105F_3531	
seg005_10B2	seg005_10B2_364D	1549D	97	same	1.000	seg005_105F	ModulusDivision_seg005_105F_353C	
seg005_10B2	BitShiftL_AXDX_BY_CX_seg005_10B2_36E4	15534	21	same	1.000	seg005_105F	BitLShift_seg005_105F_35D3	
seg005_10B2	seg005_10B2_3705	15555	20	same	1.000	seg005_105F	RightShift32BitNumber_seg005_105F_35F4	
seg005_10B2	BitShiftRight_seg005_10B2_3725	15575	1E	same	1.000	seg005_105F	BitShiftR_AXDX_BY_CX_seg005_105F_3614	
seg005_10B2	seg005_10B2_3743	15593	60	same	1.000	seg005_105F	seg005_105F_3632	
seg005_10B2	seg005_10B2_37A3	155F3	2B	same	1.000	seg005_105F	seg005_105F_3692	
seg005_10B2	CopyArray_seg005_10B2_37CE	1561E	22	near	0.976	seg005_105F	DataCopy_seg005_105F_36BD	
seg005_10B2	seg005_10B2_37F0	15640	1D	same	1.000	seg005_105F	seg005_105F_36E0	
seg005_10B2	seg005_10B2_380D	1565D	3A	same	1.000	seg005_105F	seg005_105F_36FD	
seg005_10B2	seg005_10B2_3847	15697	39	same	1.000	seg005_105F	seg005_105F_3737	
seg005_10B2	seg005_10B2_3880	156D0	1C	same	1.000	seg005_105F	seg005_105F_3770	
seg005_10B2	seg005_10B2_389C	156EC	23	same	1.000	seg005_105F	seg005_105F_378C	
seg005_10B2	seg005_10B2_38BF	1570F	60	same	1.000	seg005_105F	ProbablyGetAnArrayReference_seg005_105F_37AF	
seg005_10B2	seg005_10B2_391F	1576F	40	same	1.000	seg005_105F	seg005_105F_380F	
seg005_10B2	seg005_10B2_395F	157AF	29	same	1.000	seg005_105F	seg005_105F_384F	
seg005_10B2	seg005_10B2_3988	157D8	19	same	1.000	seg005_105F	seg005_105F_3878	
seg005_10B2	seg005_10B2_39A1	157F1	35	same	1.000	seg005_105F	seg005_105F_3891	
seg005_10B2	seg005_10B2_39D6	15826	42	same	1.000	seg005_105F	seg005_105F_38C6	
seg005_10B2	seg005_10B2_3A18	15868	53	same	1.000	seg005_105F	RegisterEventRelated_seg005_105F_3908	
seg005_10B2	seg005_10B2_3A6B	158BB	17	same	1.000	seg005_105F	Multiply_DxAx_By_CxBx_seg005_105F_395B	
seg005_10B2	seg005_10B2_3A82	158D2	21	same	1.000	seg005_105F	MaybeAMemoryAllocationCheck_seg005_105F_3972	
seg005_10B2	seg005_10B2_3AA3	158F3	4	none	0.000			
seg005_10B2	seg005_10B2_3AA7	158F7	4	none	0.000			
seg005_10B2	seg005_10B2_3AAB	158FB	4	none	0.000			
seg005_10B2	seg005_10B2_3AAF	158FF	1A1	none	0.000			
seg006_1477	DropNPCRemains_seg006_5	15AA5	15F	near	0.954	seg006_1413	DropNPCRemains_seg006_1413_5	src/critter/PATHFIND.C
seg006_1477	seg006_1477_164	15C04	12A	like	0.896	seg006_1413	MotionProcessing_seg006_1413_173	src/critter/PATHFIND.C
seg006_1477	InitVariablesAndDelegates_seg006_1477_28E	15D2E	D9	like	0.800	seg006_1413	InitVariablesAndDelegates_seg006_1413_91C	src/critter/PATHFIND.C
seg006_1477	seg006_1477_367	15E07	290	like	0.772	seg006_1413	GroundNPCMotionCollision_seg006_1413_ABF	src/critter/PATHFIND.C
seg006_1477	SetALto0_seg006_1477_5F7	16097	7	same	1.000	ovr102	SetsALtoZero_ovr102_15E	src/obj/COMBINE.C
seg006_1477	seg006_1477_5FE	1609E	CD	like	0.710	seg006_1413	SwimmerNPCCollision_seg006_1413_CFD	src/critter/PATHFIND.C
seg006_1477	CalculateMotionTopLevel_seg006_6CB	1616B	2B	same	1.000	seg006_1413	CalculateMotionTopLevel_seg006_1413_D6A	src/critter/PATHFIND.C
seg006_1477	TraverseMultipleTiles_seg006_1477_6F6	16196	960	near	0.950	seg006_1413	TraverseMultipleTiles_seg006_1413_D95	src/critter/PATHFIND.C
seg006_1477	TestTileTraversal_seg006_1056	16AF6	265	same	1.000	seg006_1413	TestBasicTileTraversal_seg006_1413_172F	src/critter/PATHFIND.C
seg006_1477	PathFindBetweenTiles_seg006_1477_12BB	16D5B	588	near	0.914	seg006_1413	PathFindBetweenTiles_seg006_1413_1994	src/critter/PATHFIND.C
seg006_1477	seg006_1477_1843	172E3	F5	near	0.901	seg006_1413	StorePath_seg006_1413_1F66	src/critter/PATHFIND.C
seg006_1477	seg006_1477_1938	173D8	299	near	0.959	seg006_1413	FindPathAlongStraghtLine_seg006_1413_205B	src/critter/PATHFIND.C
seg006_1477	TestBetweenPoints_seg006_1477_1BD1	17671	470	near	0.996	seg006_1413	TestBetweenCoordinates_seg006_1413_22F7	src/critter/PATHFIND.C
seg006_1477	seg006_1477_2041	17AE1	190	like	0.884	seg006_1413	TestStraightPathTraversal_seg006_1413_2769	src/critter/PATHFIND.C
seg006_1477	seg006_1477_21D1	17C71	39	same	1.000	seg006_1413	FindSetIndexOfBitField_seg006_1413_28FB	src/critter/PATHFIND.C
seg006_1477	seg006_1477_220A	17CAA	3A	same	1.000	ovr107	ClearBitOnAllObjects_ovr107_E5E	src/critter/CRITTIME.C
seg006_1477	UpdateSeg57TurningValues_seg006_1477_2244	17CE4	187	near	0.951	seg006_1413	UpdateSeg57TurningValues_seg006_1413_2934	src/critter/PATHFIND.C
seg006_1477	MaybeUpdatePathFlag_seg006_1477_23CB	17E6B	DD	same	1.000	seg006_1413	MaybeUpdatePathFlag_seg006_1413_2ABB	src/critter/PATHFIND.C
seg006_1477	seg006_1477_24A8	17F48	5C	near	0.978	seg006_1413	CheckIfAtOrNearTargetTile_seg006_1413_2B98	src/critter/PATHFIND.C
seg006_1477	TurnTowardsPath_seg006_1477_2504	17FA4	175	near	0.911	seg006_1413	TurnTowardsPath_seg006_1413_2BF5	src/critter/PATHFIND.C
seg006_1477	seg006_1477_2679	18119	1E9	like	0.882	seg006_1413	TurnTowardsPath_Adjusted_seg006_1413_2D3F	src/critter/PATHFIND.C
seg006_1477	GetVectorHeading_seg006_1477_2862	18302	88	same	1.000	seg006_1413	GetVectorHeading_seg006_1413_2EC9	src/critter/PATHFIND.C
seg006_1477	SetNPCTargetDestination_seg006_1477_28EA	1838A	B7	same	1.000	seg006_1413	SetNPCTargetDestination_seg006_1413_2F51	src/critter/PATHFIND.C
seg006_1477	NPC_Goto_seg006_1477_29A1	18441	6C0	like	0.867	seg006_1413	NPC_GOTO_seg006_1413_3008	src/critter/PATHFIND.C
seg006_1477	seg006_1477_3061	18B01	C2	none	0.000			
seg006_1477	NPCTryToOpenDoor_seg006_1477_3123	18BC3	EE	near	0.983	seg006_1413	NPCTryToOpenDoor_seg006_1413_37FC	src/critter/PATHFIND.C
seg007_1798	NPCWanderUpdate_seg007_1798_1	18CB1	3E3	like	0.780	seg007_17A2	NPCWanderUpdate_seg007_17A2_C5	src/critter/AI.C
seg007_1798	seg007_1798_3E4	19094	1FB	none	0.000			
seg007_1798	Goal8_seg007_1798_5DF	1928F	D1	near	0.989	seg007_17A2	NPC_Goal8_seg007_17A2_507	src/critter/AI.C
seg007_1798	StandStillGoal_seg007_1798_6B0	19360	1E1	near	0.912	seg007_17A2	StandStill_seg007_17A2_5D9	src/critter/AI.C
seg007_1798	NPC_Goal5_Attack_seg007_1798_891	19541	26E	like	0.900	seg007_17A2	NPC_Goal5_Attack_seg007_17A2_782	src/critter/AI.C
seg007_1798	ChooseMeleeAttackToMake_seg007_1798_AFF	197AF	35E	like	0.670	seg007_17A2	ChooseMeleeAttackToMake_seg007_17A2_9A7	src/critter/AI.C
seg007_1798	AttackGoalSearchForTarget_seg007_E5D	19B0D	195	like	0.783	seg007_17A2	AttackGoalSearchForTarget_seg007_17A2_C7E	src/critter/AI.C
seg007_1798	TryToDoMagicAttack_seg007_1798_FF2	19CA2	AD	like	0.768	seg007_17A2	TryToDoMagicAttack_seg007_17A2_DFA	src/critter/AI.C
seg007_1798	NPCStartMagicAttack_seg007_1798_109F	19D4F	15C	like	0.900	seg007_17A2	NPCStartMagicAttack_seg007_17A2_E83	src/critter/AI.C
seg007_1798	seg007_1798_11FB	19EAB	CB	near	0.986	seg007_17A2	NPCStartRangedAttack_seg007_17A2_FBE	src/critter/AI.C
seg007_1798	NPCGoal9_seg007_1798_12C6	19F76	134	like	0.784	seg007_17A2	NPCGoal9_seg007_17A2_1089	src/critter/AI.C
seg007_1798	NPCGoal6_seg007_1798_13FA	1A0AA	423	like	0.814	seg007_17A2	NPC_Goal6_seg007_17A2_1167	src/critter/AI.C
seg007_1798	MaybeVectorsToPlayer_seg007_1798_181D	1A4CD	11A	same	1.000	seg007_17A2	MaybeVectorsToPlayer_seg007_17A2_14E0	src/critter/AI.C
seg007_1798	GoalTalkto_seg007_1798_1937	1A5E7	1BF	none	0.000			
seg007_1798	ReactToPlayerPresence_seg007_1AF6	1A7A6	FE	like	0.790	seg007_17A2	ReactToPlayerPresence_seg007_17A2_1730	src/critter/AI.C
seg007_1798	NPCGoalC_seg007_1798_1BF4	1A8A4	F7	like	0.812	seg007_17A2	NPCGoalC_seg007_17A2_17F1	src/critter/AI.C
seg007_1798	SearchForGoalTarget_seg007_1798_1CEB	1A99B	22F	same	1.000	seg007_17A2	SearchForGoalTarget_seg007_17A2_18AD	src/critter/AI.C
seg007_1798	TurnTowardsTarget_seg007_1798_1F1A	1ABCA	C2	same	1.000	seg007_17A2	TurnTowardsTarget_seg007_17A2_1ADC	src/critter/AI.C
seg007_1798	seg007_1798_1FDC	1AC8C	147	same	1.000	seg007_17A2	NPC_Move_seg007_17A2_1B9E	src/critter/AI.C
seg007_1798	seg007_1798_2123	1ADD3	19E	same	1.000	seg007_17A2	TurnTowardsVector_seg007_17A2_1CE5	src/critter/AI.C
seg007_1798	GetPitchToGTarg_seg007_1798_22C1	1AF71	95	near	0.983	seg007_17A2	GetPitchToGTarg_seg007_17A2_1E83	src/critter/AI.C
seg007_1798	seg007_1798_2356	1B006	132	near	0.927	seg007_17A2	SetCurrObj_seg007_17A2_1F19	src/critter/AI.C
seg007_1798	NPCInitialProcessing_seg007_2488	1B138	7C2	near	0.904	seg007_17A2	NPCInitialProcessing_seg007_17A2_2095	src/critter/AI.C
seg007_1798	NPCBehaviours_seg007_1798_2C4A	1B8FA	621	like	0.799	seg007_17A2	NPCBehaviours_seg007_17A2_2834	src/critter/AI.C
seg007_1798	GetDistancesToGTarg_seg007_326B	1BF1B	118	same	1.000	seg007_17A2	GetDistancesToGTarg_seg007_17A2_2F32	src/critter/AI.C
seg007_1798	seg007_1798_3383	1C033	87	same	1.000	seg007_17A2	MaybeShouldNPCWithdraw_seg007_17A2_304A	src/critter/AI.C
seg007_1798	seg007_1798_340A	1C0BA	84	near	0.928	seg007_17A2	GetCritterRange_seg007_17A2_30D1	src/critter/AI.C
seg007_1798	SetNewGoalAndGtarg_seg007_348E	1C13E	6F	same	1.000	seg007_17A2	SetNewGoalAndTarget_seg007_17A2_313F	src/critter/AI.C
seg007_1798	ResetGoalAndGtarg_seg007_1798_34FD	1C1AD	7A	same	1.000	seg007_17A2	ResetGoalAndTarget_seg007_17A2_31AE	src/critter/AI.C
seg007_1798	ProcessDeath_seg007_1798_3577	1C227	54	near	0.967	seg007_17A2	NPCDeath_seg007_17A2_3228	src/critter/AI.C
seg007_1798	Death_seg007_1798_35CB	1C27B	57	none	0.000			
seg007_1798	DamageNPC_seg007_1798_3622	1C2D2	203	near	0.937	seg007_17A2	DamageCharacter_seg007_17A2_333A	src/critter/AI.C
seg007_1798	seg007_1798_3825	1C4D5	43	same	1.000	seg007_17A2	CheckIfUpdateNeeded_seg007_17A2_355C	src/critter/AI.C
seg007_1798	ProcessMobileObjects_seg007_1798_3868	1C518	C3	near	0.940	seg007_17A2	ProcessMobileObjects_seg007_17A2_359F	src/critter/AI.C
seg008_1B2A	SetPlayerDataOxB9_seg008_B	1C5DB	32	like	0.882	seg008_1B09	StartSwimming_seg008_1B09_D	src/motion/PHYSICS.C
seg008_1B2A	ProcessPlayerTileState_seg008_1B2A_3D	1C60D	113	near	0.958	seg008_1B09	ProcessPlayerTileState_seg008_1B09_3F	src/motion/PHYSICS.C
seg008_1B2A	EtherealVoidSpecialEffects_seg008_150	1C720	C6	near	0.986	seg008_1B09	unreferenced_seg008_1B09_160	src/motion/PHYSICS.C
seg008_1B2A	seg008_1B2A_216	1C7E6	3CD	near	0.917	seg008_1B09	EasyMoveTurnPlayerHeading_seg008_1B09_225	src/motion/PHYSICS.C
seg008_1B2A	PlayerMotionInitialCalc_seg008_5E3	1CBB3	EE	none	0.000			
seg008_1B2A	PlacePlayerInTile_seg008_6D1	1CCA1	23C	like	0.846	seg008_1B09	ReinitialisePlayerOnLevelOrPositionChange_seg008_1B09_AD8	src/motion/PHYSICS.C
seg008_1B2A	ApplyPlayerMotion_seg008_90D	1CEDD	2DF	like	0.603	seg008_1B09	ApplyPlayerMotion_seg008_1B09_D1D	src/motion/PHYSICS.C
seg008_1B2A	CalculateMotionFromCommand_seg008_BEC	1D1BC	16F	like	0.891	seg008_1B09	CalculateMotionFromCommand_seg008_1B09_108E	src/motion/PHYSICS.C
seg008_1B2A	StopFalling_seg008_D5B	1D32B	2A	same	1.000	seg008_1B09	StopFalling_seg008_1B09_120F	src/motion/PHYSICS.C
seg008_1B2A	seg008_1B2A_D85	1D355	19	same	1.000	seg008_1B09	RefreshPlayerTileState_seg008_1B09_1239	src/motion/PHYSICS.C
seg008_1B2A	BouncePlayer_seg008_D9E	1D36E	38	none	0.000			
seg008_1B2A	DoTrapScreenShake_seg008_DD6	1D3A6	11	like	0.750	ovr123	NotASpellMessage_ovr123_2A6	src/combat/RUNES.C
seg008_1B2A	QuakeTrap_seg008_DE7	1D3B7	25	none	0.000			
seg008_1B2A	UpdateMotionStateAndSwimming_seg008_E0C	1D3DC	135	like	0.765	seg008_1B09	UpdateMotionStateAndSwimming_seg008_1B09_1252	src/motion/PHYSICS.C
seg009	seg009_1	1D511	6C	near	0.927	seg009	seg009_7	src/gfx/GRSPIC.C
seg009	seg009_6D	1D57D	DD	near	0.989	seg009	seg009_73	src/gfx/GRSPIC.C
seg009	seg009_14A	1D65A	52	near	0.969	seg009	seg009_150	src/gfx/GRSPIC.C
seg009	seg009_19C	1D6AC	85	near	0.982	seg009	seg009_1A2	src/gfx/GRSPIC.C
seg009	seg009_221	1D731	44	same	1.000	seg009	GetMouseIcon_seg009_227	src/gfx/GRSPIC.C
seg009	seg009_265	1D775	C7	like	0.696	seg009	seg009_2CC	src/gfx/GRSPIC.C
seg009	seg009_32C	1D83C	21	same	1.000	seg009	seg009_332	src/gfx/GRSPIC.C
seg009	seg009_34D	1D85D	3F	same	1.000	seg009	seg009_353	src/gfx/GRSPIC.C
seg009	seg009_38C	1D89C	58	none	0.000			
seg010	seg010_4	1D8F4	56	same	1.000	seg010_1CA1	seg010_1CA1_3	src/ui/INPUT.C
seg010	seg010_5A	1D94A	29	same	1.000	seg010_1CA1	seg010_1CA1_59	src/ui/INPUT.C
seg010	RegisterEvent_seg010_83	1D973	82	same	1.000	seg010_1CA1	RegisterClickArea_seg010_1CA1_82	src/ui/INPUT.C
seg010	RegisterEventHandler_seg010_105	1D9F5	70	same	1.000	seg010_1CA1	RegisterEventHandler_seg010_1CA1_104	src/ui/INPUT.C
seg010	seg010_175	1DA65	13C	near	0.970	seg010_1CA1	seg010_1CA1_174	src/ui/INPUT.C
seg010	seg010_2B1	1DBA1	14C	same	1.000	seg010_1CA1	ProcessCommands_seg010_1CA1_2A0	src/ui/INPUT.C
seg010	seg010_3FD	1DCED	7A	same	1.000	seg010_1CA1	ProcessEventHandlers_seg010_1CA1_3EC	src/ui/INPUT.C
seg011_1CA3	seg011_1CA3_7	1DD67	25	near	0.923	seg012_1D31	MaybeGameLoop_seg012_1D31_1	src/game/MAINLOOP.C
seg011_1CA3	seg011_1CA3_2C	1DD8C	83	near	0.971	seg012_1D31	RunGameLoopFunctions_seg012_1D31_1F	src/game/MAINLOOP.C
seg011_1CA3	SetGameLoopBitField_seg011_AF	1DE0F	C	same	1.000	seg012_1D31	SetGameLoopBitField_seg012_1D31_AE	src/game/MAINLOOP.C
seg012	seg012_B	1DE1B	9B	like	0.896	seg013_1D3C	seg013_1D3C_A	src/sys/EMS.C
seg012	seg012_A6	1DEB6	15	same	1.000	seg013_1D3C	seg013_1D3C_B2	src/sys/EMS.C
seg012	seg012_BB	1DECB	54	near	0.974	seg013_1D3C	seg013_1D3C_E4	src/sys/EMS.C
seg012	seg012_10F	1DF1F	1D	same	1.000	seg013_1D3C	MapMemory_seg013_1D3C_C7	src/sys/EMS.C
seg012	seg012_12C	1DF3C	15	none	0.000			
seg012	seg012_141	1DF51	1D	none	0.000			
seg012	seg012_15E	1DF6E	53	like	0.620	seg013_1D3C	seg013_1D3C_138	src/sys/EMS.C
seg012	seg012_1B1	1DFC1	D	like	0.750	seg013_1D3C	seg013_1D3C_B2	src/sys/EMS.C
seg013_1CC9	seg013_1CC9_E	1DFCE	67	same	1.000	seg015_1D7C	seg015_1D7C_D	src/ui/MOUSE.C
seg013_1CC9	seg013_1CC9_75	1E035	4C	same	1.000	seg015_1D7C	ProbablyClearMousePointer_seg015_1D7C_74	src/ui/MOUSE.C
seg013_1CC9	LikelyDrawCursor_seg013_1CC9_C1	1E081	16	same	1.000	seg015_1D7C	LikelyDrawCursor_seg015_1D7C_C0	src/ui/MOUSE.C
seg013_1CC9	seg013_1CC9_D7	1E097	21	same	1.000	seg015_1D7C	seg015_1D7C_D6	src/ui/MOUSE.C
seg013_1CC9	seg013_1CC9_F8	1E0B8	1D	same	1.000	seg015_1D7C	seg015_1D7C_F7	src/ui/MOUSE.C
seg013_1CC9	seg013_1CC9_115	1E0D5	25	same	1.000	seg015_1D7C	seg015_1D7C_114	src/ui/MOUSE.C
seg013_1CC9	seg013_1CC9_13A	1E0FA	11A	like	0.800	seg015_1D7C	seg015_1D7C_139	src/ui/MOUSE.C
seg013_1CC9	seg013_1CC9_254	1E214	65	none	0.000			
seg013_1CC9	GetPositionIn3dWindow_seg013_1CC9_2B9	1E279	15	same	1.000	seg015_1D7C	GetPositionIn3dWindow_seg015_1D7C_1FB	src/ui/MOUSE.C
seg013_1CC9	seg013_1CC9_2CE	1E28E	2A	same	1.000	seg015_1D7C	seg015_1D7C_210	src/ui/MOUSE.C
seg013_1CC9	seg013_1CC9_2F8	1E2B8	12	like	0.750	seg013_1D3C	seg013_1D3C_B2	src/sys/EMS.C
seg013_1CC9	seg013_1CC9_30A	1E2CA	E	like	0.833	ovr112	ovr112_657	src/game/UWEDIT.C
seg013_1CC9	seg013_1CC9_318	1E2D8	2D	same	1.000	seg015_1D7C	seg015_1D7C_25A	src/ui/MOUSE.C
seg013_1CC9	seg013_1CC9_345	1E305	22	same	1.000	seg015_1D7C	GetMouseButtonStatus_seg015_1D7C_287	src/ui/MOUSE.C
seg013_1CC9	ClickEventRelated_seg013_1CC9_367	1E327	7D	same	1.000	seg015_1D7C	MouseClickRelated_seg015_1D7C_2A9	src/ui/MOUSE.C
seg013_1CC9	seg013_1CC9_3E4	1E3A4	89	near	0.984	seg015_1D7C	MaybeGameLoopUpdate_seg015_1D7C_326	src/ui/MOUSE.C
seg013_1CC9	seg013_1CC9_46D	1E42D	1D	same	1.000	seg015_1D7C	seg015_1D7C_F7	src/ui/MOUSE.C
seg013_1CC9	MaybeSetScreenSize_seg013_1CC9_48A	1E44A	19	same	1.000	seg015_1D7C	MaybeSetScreenSize_seg015_1D7C_3CD	src/ui/MOUSE.C
seg013_1CC9	seg013_1CC9_4A3	1E463	4C	same	1.000	seg015_1D7C	seg015_1D7C_3E6	src/ui/MOUSE.C
seg013_1CC9	seg013_1CC9_4EF	1E4AF	7C	same	1.000	seg015_1D7C	seg015_1D7C_432	src/ui/MOUSE.C
seg013_1CC9	seg013_1CC9_56B	1E52B	99	same	1.000	seg015_1D7C	seg015_1D7C_4AE	src/ui/MOUSE.C
seg013_1CC9	seg013_1CC9_604	1E5C4	4D	same	1.000	seg015_1D7C	WaitInputCommand_seg015_1D7C_547	src/ui/MOUSE.C
seg013_1CC9	seg013_1CC9_651	1E611	D	same	1.000	seg015_1D7C	WaitInputCommand_seg015_1D7C_594	src/ui/MOUSE.C
seg013_1CC9	seg013_1CC9_65E	1E61E	D	same	1.000	seg015_1D7C	GetCommand_seg015_1D7C_5A1	src/ui/MOUSE.C
seg013_1CC9	seg013_1CC9_66B	1E62B	71	same	1.000	seg015_1D7C	seg015_1D7C_5AE	src/ui/MOUSE.C
seg013_1CC9	seg013_1CC9_6DC	1E69C	5E	same	1.000	seg015_1D7C	seg015_1D7C_61F	src/ui/MOUSE.C
seg013_1CC9	ChangeCursor_seg013_73A	1E6FA	32	same	1.000	seg015_1D7C	ChangeCursor_seg015_1D7C_67D	src/ui/MOUSE.C
seg013_1CC9	seg013_1CC9_76C	1E72C	4A	same	1.000	seg015_1D7C	LikelyResetCursor_seg015_1D7C_6AF	src/ui/MOUSE.C
seg013_1CC9	seg013_1CC9_7B6	1E776	4C	same	1.000	seg015_1D7C	seg015_1D7C_6F9	src/ui/MOUSE.C
seg013_1CC9	seg013_1CC9_802	1E7C2	66	same	1.000	seg015_1D7C	ProbablyUpdateMouseIcon_seg015_1D7C_745	src/ui/MOUSE.C
seg013_1CC9	seg013_1CC9_868	1E828	D4	same	1.000	seg015_1D7C	seg015_1D7C_7AB	src/ui/MOUSE.C
seg013_1CC9	seg013_1CC9_93C	1E8FC	26C	like	0.887	seg015_1D7C	seg015_1D7C_87F	src/ui/MOUSE.C
seg013_1CC9	seg013_1CC9_BA8	1EB68	40	same	1.000	seg015_1D7C	MouseRenderRelated_seg015_1D7C_B30	src/ui/MOUSE.C
seg013_1CC9	seg013_1CC9_BE8	1EBA8	47	same	1.000	seg015_1D7C	seg015_1D7C_B70	src/ui/MOUSE.C
seg013_1CC9	seg013_1CC9_C2F	1EBEF	C3	near	0.943	seg015_1D7C	seg015_1D7C_BB7	src/ui/MOUSE.C
seg013_1CC9	seg013_1CC9_CF2	1ECB2	64	like	0.892	seg015_1D7C	DrawCursorAtMouseXY_seg015_1D7C_C70	src/ui/MOUSE.C
seg013_1CC9	seg013_1CC9_D56	1ED16	68	near	0.902	seg015_1D7C	seg015_1D7C_CD4	src/ui/MOUSE.C
seg013_1CC9	seg013_1CC9_DBE	1ED7E	6B	same	1.000	seg015_1D7C	seg015_1D7C_D3C	src/ui/MOUSE.C
seg013_1CC9	seg013_1CC9_E29	1EDE9	164	like	0.646	seg015_1D7C	SomethingWithMousePos_seg015_1D7C_DA7	src/ui/MOUSE.C
seg013_1CC9	seg013_1CC9_F8D	1EF4D	3E	like	0.807	seg015_1D7C	GetMouseButtonStatus_seg015_1D7C_F15	src/ui/MOUSE.C
seg014_1DC5	seg014_1DC5_1D	1EF9D	44	like	0.868	seg016_1E73	StartPitTimer_seg016_1E73_12D7	src/sound/SOUND.C
seg014_1DC5	seg014_1DC5_61	1EFE1	1B5	like	0.693	seg016_1E73	MaybeSoundRelated_seg016_1356	src/sound/SOUND.C
seg014_1DC5	seg014_1DC5_216	1F196	D8	near	0.978	seg016_1E73	ReadUW_ADBlock_seg016_1E73_1546	src/sound/SOUND.C
seg014_1DC5	seg014_1DC5_2EE	1F26E	D3	near	0.949	seg016_1E73	LoadSoundEffects_seg016_1E73_161E	src/sound/SOUND.C
seg014_1DC5	seg014_1DC5_3C1	1F341	5B	same	1.000	seg016_1E73	seg016_1E73_16F0	src/sound/SOUND.C
seg014_1DC5	LoadXMIFILE_seg014_41C	1F39C	157	like	0.811	seg016_1E73	LoadXMIFile_seg016_1E73_174B	src/sound/SOUND.C
seg014_1DC5	seg014_1DC5_573	1F4F3	9A	like	0.896	seg016_1E73	seg016_1E73_18DD	src/sound/SOUND.C
seg014_1DC5	seg014_1DC5_60D	1F58D	CE	like	0.742	seg016_1E73	seg016_1E73_19DE	src/sound/SOUND.C
seg014_1DC5	seg014_1DC5_6DB	1F65B	5D	near	0.951	seg016_1E73	LoadSoundFile_seg016_1E73_1A58	src/sound/SOUND.C
seg014_1DC5	GetMusicFileNo_seg014_738	1F6B8	8	same	1.000	seg016_1E73	GetCurrentMusicFileNo_seg016_1E73_1AB6	src/sound/SOUND.C
seg014_1DC5	seg014_1DC5_740	1F6C0	14	near	0.909	seg016_1E73	GetMusicOption_seg016_1E73_1ABE	src/sound/SOUND.C
seg014_1DC5	seg014_1DC5_754	1F6D4	14	near	0.909	seg016_1E73	GetMusicOption_seg016_1E73_1ABE	src/sound/SOUND.C
seg014_1DC5	ToggleMusic_seg014_768	1F6E8	94	like	0.837	seg016_1E73	ToggleMusic_seg016_1E73_1AF8	src/sound/SOUND.C
seg014_1DC5	seg014_1DC5_7FC	1F77C	4F	none	0.000			
seg014_1DC5	seg014_1DC5_84B	1F7CB	63	near	0.902	seg016_1E73	seg016_1E73_1BE9	src/sound/SOUND.C
seg014_1DC5	LoadSoundAtCoordinate_seg014_1DC5_8AE	1F82E	26D	none	0.000			
seg014_1DC5	PlaySoundEffectAtAvatar_seg014_1DC5_B1B	1FA9B	81	like	0.656	seg016_1E73	PlaySoundEffectAtAvatar_seg016_1E73_1DB2	src/sound/SOUND.C
seg014_1DC5	PlaySoundEffectAtObject_seg014_1DC5_B9C	1FB1C	61	near	0.927	seg016_1E73	PlaySoundEffectAtObject_seg016_1E73_1E7E	src/sound/SOUND.C
seg014_1DC5	seg014_1DC5_BFD	1FB7D	7F	like	0.758	seg016_1E73	seg016_1E73_1FFD	src/sound/SOUND.C
seg014_1DC5	seg014_1DC5_C7C	1FBFC	192	like	0.782	seg016_1E73	seg016_1E73_218F	src/sound/SOUND.C
seg014_1DC5	LoadSoundsDat_seg014_E0E	1FD8E	10B	like	0.746	seg016_1E73	LoadSoundsDat_seg016_1E73_22A8	src/sound/SOUND.C
seg014_1DC5	seg014_1DC5_F19	1FE99	50	like	0.778	seg016_1E73	seg016_1E73_2400	src/sound/SOUND.C
seg014_1DC5	LoadBasicSound_seg014_1DC5_F69	1FEE9	22C	like	0.872	seg016_1E73	LoadBasicSound_seg016_1E73_246B	src/sound/SOUND.C
seg014_1DC5	PlayMusicalInstrument_seg014_1195	20115	32E	near	0.902	seg016_1E73	PlayMusicalInstrument_seg016_26BC	src/sound/SOUND.C
seg014_1DC5	SpawnCupOfWonder_seg014_14C3	20443	8B	none	0.000			
seg014_1DC5	seg014_1DC5_154E	204CE	1B	near	0.923	seg016_1E73	seg016_1E73_29C5	src/sound/SOUND.C
seg014_1DC5	seg014_1DC5_1569	204E9	51	none	0.000			
seg014_1DC5	ChangeThemeMusic_seg014_15BA	2053A	B	like	0.857	seg016_1E73	ChangeThemeMusic_seg016_1E73_2B0C	src/sound/SOUND.C
seg014_1DC5	PickLevelThemeMusic_seg014_15C5	20545	17	none	0.000			
seg014_1DC5	seg014_1DC5_15DC	2055C	31	like	0.870	seg016_1E73	ChangeThemeToBrittania_seg016_1E73_2B73	src/sound/SOUND.C
seg014_1DC5	RefreshMusic_seg014_160D	2058D	1B4	like	0.636	seg016_1E73	RefreshMusic_seg016_1E73_2BB2	src/sound/SOUND.C
seg014_1DC5	MaybeCheckThemeIsPlaying_seg014_1DC5_17C1	20741	2C	same	1.000	seg016_1E73	CheckMusicThemeIsPlaying_seg016_1E73_2DB8	src/sound/SOUND.C
seg014_1DC5	seg014_1DC5_17ED	2076D	4D	same	1.000	seg016_1E73	seg016_1E73_2DE4	src/sound/SOUND.C
seg014_1DC5	seg014_1DC5_183A	207BA	E3	like	0.628	seg016_1E73	seg016_1E73_2E31	src/sound/SOUND.C
seg014_1DC5	seg014_1DC5_191D	2089D	8	same	1.000	seg016_1E73	GetCurrentMusicFileNo_seg016_1E73_1AB6	src/sound/SOUND.C
seg014_1DC5	seg014_1DC5_1925	208A5	5C	none	0.000			
seg014_1DC5	seg014_1DC5_1981	20901	1C0	none	0.000			
seg014_1DC5	seg014_1DC5_1B41	20AC1	137	none	0.000			
seg014_1DC5	seg014_1DC5_1C78	20BF8	4E	near	0.971	ovr108	ovr108_5A8	src/gfx/CUTS.C
seg014_1DC5	seg014_1DC5_1CC6	20C46	18	like	0.759	seg016_1E73	GetSoundRelatedFlagValue_seg016_1E73_2F99	src/sound/SOUND.C
seg014_1DC5	seg014_1DC5_1CDE	20C5E	2F	like	0.741	seg016_1E73	seg016_1E73_12AE	src/sound/SOUND.C
seg014_1DC5	seg014_1DC5_1D0D	20C8D	60	none	0.000			
seg015_1F9B	seg015_1F9B_E	20CEE	DA	same	1.000	seg017_2179	DRAW_RELATED_seg017_2179_4	src/gfx/MODEX.ASM
seg015_1F9B	seg015_1F9B_E8	20DC8	10	same	1.000	seg017_2179	Print_String_To_Console_seg017_DE	src/gfx/MODEX.ASM
seg015_1F9B	ClearData_seg015_1F9B_F8	20DD8	16	near	0.923	seg017_2179	ClearData_seg017_2179_EE	src/gfx/MODEX.ASM
seg015_1F9B	Strlen_seg015_1F9B_10E	20DEE	16	same	1.000	seg017_2179	StrLen_seg017_2179_109	src/gfx/MODEX.ASM
seg015_1F9B	CopySubstring_seg015_1F9B_124	20E04	20	same	1.000	seg017_2179	CopySubstring_seg017_2179_11F	src/gfx/MODEX.ASM
seg015_1F9B	CopyStringToLocation_seg015_144	20E24	35	same	1.000	seg017_2179	CopyStringToLocation_seg017_2179_13F	src/gfx/MODEX.ASM
seg015_1F9B	FindStringDelimiter_seg015_1F9B_179	20E59	28	same	1.000	seg017_2179	FindStringDelimiter_seg017_2179_174	src/gfx/MODEX.ASM
seg015_1F9B	seg015_1F9B_1A1	20E81	5B	same	1.000	seg017_2179	seg017_2179_19C	src/gfx/MODEX.ASM
seg015_1F9B	seg015_1F9B_1FC	20EDC	29	same	1.000	seg017_2179	StringCompare_seg017_2179_1F7	src/gfx/MODEX.ASM
seg015_1F9B	seg015_1F9B_225	20F05	35	same	1.000	seg017_2179	ApplyPalette_seg017_2179_220	src/gfx/MODEX.ASM
seg015_1F9B	seg015_1F9B_25A	20F3A	4D	same	1.000	seg017_2179	DRAW_RELATED_seg017_2179_255	src/gfx/MODEX.ASM
seg015_1F9B	seg015_1F9B_2A7	20F87	7E	same	1.000	seg017_2179	DRAW_RELATED_seg017_2179_2A2	src/gfx/MODEX.ASM
seg015_1F9B	seg015_1F9B_325	21005	41	same	1.000	seg017_2179	DRAW_RELATED_seg017_2179_320	src/gfx/MODEX.ASM
seg015_1F9B	seg015_1F9B_366	21046	5B	near	0.989	seg017_2179	DRAW_RELATED_seg017_2179_361	src/gfx/MODEX.ASM
seg017_1FDD	seg017_1FDD_1	21101	35	same	1.000	seg019_21BA	seg019_21BA_C	src/3d/GRIDDB.C
seg017_1FDD	seg017_1FDD_36	21136	1A	same	1.000	seg019_21BA	seg019_21BA_41	src/3d/GRIDDB.C
seg017_1FDD	DetailLevel_seg017_50	21150	75	like	0.795	seg019_21BA	UpdateDetailLevelIndirectFunctions_seg019_21BA_5B	src/3d/GRIDDB.C
seg017_1FDD	seg017_1FDD_C5	211C5	27E	like	0.898	seg019_21BA	RenderingFunctions_seg019_21BA_D0	src/3d/GRIDDB.C
seg017_1FDD	seg017_1FDD_343	21443	1E3	near	0.992	seg019_21BA	seg019_21BA_37E	src/3d/GRIDDB.C
seg017_1FDD	StartRendering_seg017_526	21626	274	near	0.971	seg019_21BA	GetTilesToRender_seg019_21BA_562	src/3d/GRIDDB.C
seg017_1FDD	seg017_1FDD_79A	2189A	E6	like	0.816	seg019_21BA	FloorRender_seg019_21BA_7DB	src/3d/GRIDDB.C
seg017_1FDD	seg017_1FDD_880	21980	E4	like	0.811	seg019_21BA	seg019_21BA_8C4	src/3d/GRIDDB.C
seg017_1FDD	seg017_1FDD_964	21A64	E6	like	0.816	seg019_21BA	WallRender_seg019_21BA_9AB	src/3d/GRIDDB.C
seg017_1FDD	seg017_1FDD_A4A	21B4A	1D1	like	0.849	seg019_21BA	FloorRender_seg019_21BA_A94	src/3d/GRIDDB.C
seg017_1FDD	seg017_1FDD_C1B	21D1B	1A1	like	0.840	seg019_21BA	WallRender_seg019_21BA_C07	src/3d/GRIDDB.C
seg017_1FDD	seg017_1FDD_DBC	21EBC	668	near	0.980	seg019_21BA	StartDrawingTileAndUpdatingAutomapTile_seg019_21BA_D3C	src/3d/GRIDDB.C
seg019	seg019_0	225A0	17	near	0.900	seg021_22FD	seg021_22FD_0	
seg019	seg019_17	225B7	4E	same	1.000	seg021_22FD	seg021_22FD_17	
seg019	seg019_65	22605	3C	near	0.958	seg021_22FD	seg021_22FD_65	
seg019	seg019_A1	22641	48	near	0.964	seg021_22FD	MaybePaletteCycling_seg021_22FD_A1	
seg019	seg019_E9	22689	29	same	1.000	seg021_22FD	seg021_22FD_E9	
seg019	seg019_112	226B2	9	same	1.000	seg021_22FD	seg021_22FD_112	
seg019	seg019_11B	226BB	35	same	1.000	seg021_22FD	seg021_22FD_11B	
seg019	seg019_150	226F0	24	same	1.000	seg021_22FD	seg021_22FD_150	
seg019	seg019_174	22714	15	same	1.000	seg021_22FD	seg021_22FD_174	
seg019	seg019_189	22729	47	same	1.000	seg021_22FD	seg021_22FD_189	
seg019	seg019_1D0	22770	58	same	1.000	seg021_22FD	seg021_22FD_1D0	
seg019	seg019_228	227C8	E	same	1.000	seg021_22FD	seg021_22FD_228	
seg019	seg019_236	227D6	E	same	1.000	seg021_22FD	seg021_22FD_236	
seg019	seg019_244	227E4	72	near	0.956	seg021_22FD	seg021_22FD_244	
seg019	seg019_2B6	22856	7	none	0.000			
seg019	seg019_2BD	2285D	2F	same	1.000	seg021_22FD	seg021_22FD_2BD	
seg019	seg019_2EC	2288C	1E	same	1.000	seg021_22FD	seg021_22FD_2EC	
seg019	seg019_30A	228AA	6B	same	1.000	seg021_22FD	seg021_22FD_30A	
seg019	seg019_375	22915	B	same	1.000	seg021_22FD	seg021_22FD_375	
seg019	seg019_380	22920	F	same	1.000	seg021_22FD	seg021_22FD_380	
seg019	seg019_38F	2292F	14	same	1.000	seg021_22FD	seg021_22FD_38F	
seg019	seg019_3A3	22943	5A	same	1.000	seg021_22FD	seg021_22FD_3A3	
seg019	seg019_3FD	2299D	57	same	1.000	seg021_22FD	seg021_22FD_3FD	
seg019	seg019_454	229F4	17	same	1.000	seg021_22FD	seg021_22FD_454	
seg019	seg019_46B	22A0B	3D	same	1.000	seg021_22FD	seg021_22FD_46B	
seg019	seg019_4A8	22A48	74	near	0.989	seg021_22FD	seg021_22FD_4A8	
seg019	seg019_51C	22ABC	38	same	1.000	seg021_22FD	seg021_22FD_51A	
seg019	seg019_554	22AF4	10	same	1.000	seg021_22FD	seg021_22FD_552	
seg019	seg019_564	22B04	15	same	1.000	seg021_22FD	seg021_22FD_562	
seg019	seg019_579	22B19	1F	like	0.867	seg021_22FD	seg021_22FD_577	
seg019	seg019_598	22B38	30	near	0.950	seg021_22FD	seg021_22FD_598	
seg019	seg019_5C8	22B68	21	same	1.000	seg021_22FD	seg021_22FD_5C8	
seg019	seg019_5E9	22B89	97	same	1.000	seg021_22FD	seg021_22FD_5E9	
seg019	seg019_680	22C20	12	same	1.000	seg021_22FD	seg021_22FD_680	
seg019	seg019_692	22C32	E	same	1.000	seg021_22FD	seg021_22FD_692	
seg019	seg019_6A0	22C40	6	same	1.000	seg021_22FD	seg021_22FD_6A0	
seg019	seg019_6A6	22C46	22	like	0.800	seg021_22FD	seg021_22FD_6A6	
seg019	seg019_6C8	22C68	1F	same	1.000	seg021_22FD	seg021_22FD_6C8	
seg019	seg019_6E7	22C87	11	same	1.000	seg021_22FD	Read_Mouse_Motion_seg021_6E7	
seg019	seg019_6F8	22C98	B	same	1.000	seg021_22FD	Mouse_Sensitivity_Maybe_seg021_6F8	
seg019	seg019_703	22CA3	2D	same	1.000	seg021_22FD	Mouse_Position_And_Button_status_seg021_703	
seg019	seg019_730	22CD0	E	same	1.000	seg021_22FD	seg021_22FD_730	
seg019	seg019_73E	22CDE	17	same	1.000	seg021_22FD	seg021_22FD_73E	
seg019	seg019_755	22CF5	3C	near	0.933	seg021_22FD	seg021_22FD_755	
seg019	seg019_791	22D31	1E0	like	0.800	seg021_22FD	seg021_22FD_809	
seg019	seg019_971	22F11	3C	near	0.933	seg021_22FD	seg021_22FD_755	
seg019	seg019_9AD	22F4D	43	near	0.938	seg021_22FD	seg021_22FD_9AD	
seg019	seg019_9F0	22F90	40	near	0.938	seg021_22FD	Mouse_Button_Status_seg021_9F0	
seg019	seg019_A30	22FD0	4	none	0.000			
seg019	seg019_A34	22FD4	4	none	0.000			
seg019	seg019_A38	22FD8	31	same	1.000	seg021_22FD	HeadingLookupCalc_seg021_22FD_A38	
seg019	seg019_A69	23009	F	same	1.000	seg021_22FD	LookupHeadingTable_seg021_22FD_A69	
seg019	seg019_A78	23018	100	same	1.000	seg021_22FD	SquareRoot_seg021_22FD_A78	
seg019	seg019_B78	23118	2A	same	1.000	seg021_22FD	seg021_22FD_B78	
seg019	seg019_BA2	23142	32	same	1.000	seg021_22FD	seg021_22FD_BA2	
seg019	seg019_BD4	23174	2C	same	1.000	seg021_22FD	MaybeTangent_seg021_22FD_BD4	
seg019	seg019_C00	231A0	34	same	1.000	seg021_22FD	seg021_22FD_C00	
seg019	seg019_C34	231D4	4A	near	0.914	seg021_22FD	seg021_22FD_C34	
seg019	seg019_C7E	2321E	6	none	0.000			
seg019	seg019_C84	23224	33	same	1.000	seg021_22FD	seg021_22FD_C84	
seg019	seg019_CB7	23257	66	like	0.667	seg021_22FD	CallbackFunctionSleepRelated_seg021_22FD_CB7	
seg019	seg019_D1D	232BD	5D	near	0.976	seg021_22FD	seg021_22FD_D1D	
seg019	seg019_D7A	2331A	A0	near	0.946	seg021_22FD	seg021_22FD_D7A	
seg019	seg019_E1A	233BA	49	near	0.938	seg021_22FD	seg021_22FD_E1A	
seg019	seg019_E63	23403	4B	near	0.946	seg021_22FD	GetVectorForDirection_seg021_22FD_E63	
seg019	seg019_EAE	2344E	4D	near	0.949	seg021_22FD	SomethingProjectileHeading_seg021_22FD_EAE	
seg019	seg019_EFB	2349B	44	near	0.939	seg021_22FD	MaybeGetTangent_seg021_22FD_EFB	
seg019	GetSquareRoot_seg019_F3F	234DF	44	near	0.939	seg021_22FD	GetSquareRoot_seg021_22FD_F3F	
seg019	seg019_F83	23523	5A	near	0.951	seg021_22FD	seg021_22FD_F83	
seg019	seg019_FDD	2357D	27	like	0.875	seg021_22FD	seg021_22FD_FDD	
seg019	seg019_1004	235A4	27	like	0.875	seg021_22FD	seg021_22FD_1004	
seg019	seg019_102B	235CB	47	near	0.909	seg021_22FD	seg021_22FD_102B	
seg020	seg020_3BA	239DA	38	same	1.000	seg022_2405	FindEntryInAdvFile_seg022_2405_3BA	src/sound/AIL.ASM
seg020	seg020_3F2	23A12	EF	near	0.921	seg022_2405	TimerInterupt_seg022_2405_40A	src/sound/AIL.ASM
seg020	seg020_4E1	23B01	43	same	1.000	seg022_2405	seg022_2405_4E1	src/sound/AIL.ASM
seg020	seg020_524	23B44	38	like	0.769	seg022_2405	seg022_2405_524	src/sound/AIL.ASM
seg020	seg020_55C	23B7C	26	like	0.833	seg022_2405	seg022_2405_570	src/sound/AIL.ASM
seg020	seg020_582	23BA2	29	same	1.000	seg022_2405	seg022_2405_5A0	src/sound/AIL.ASM
seg020	seg020_5AB	23BCB	2A	same	1.000	seg022_2405	seg022_2405_5C9	src/sound/AIL.ASM
seg020	seg020_5D5	23BF5	4B	same	1.000	seg022_2405	seg022_2405_5F3	src/sound/AIL.ASM
seg020	seg020_620	23C40	95	same	1.000	seg022_2405	seg022_2405_63E	src/sound/AIL.ASM
seg020	seg020_6B5	23CD5	44	same	1.000	seg022_2405	seg022_2405_6D3	src/sound/AIL.ASM
seg020	seg020_6F9	23D19	65	same	1.000	seg022_2405	seg022_2405_717	src/sound/AIL.ASM
seg020	seg020_75E	23D7E	AC	near	0.986	seg022_2405	seg022_2405_77C	src/sound/AIL.ASM
seg020	seg020_80A	23E2A	44	near	0.970	seg022_2405	seg022_2405_837	src/sound/AIL.ASM
seg020	seg020_84E	23E6E	1E	same	1.000	seg022_2405	seg022_2405_880	src/sound/AIL.ASM
seg020	seg020_86C	23E8C	46	same	1.000	seg022_2405	seg022_2405_89E	src/sound/AIL.ASM
seg020	seg020_8B2	23ED2	46	same	1.000	seg022_2405	seg022_2405_8E4	src/sound/AIL.ASM
seg020	seg020_8F8	23F18	55	same	1.000	seg022_2405	seg022_2405_92A	src/sound/AIL.ASM
seg020	seg020_94D	23F6D	91	same	1.000	seg022_2405	seg022_2405_97F	src/sound/AIL.ASM
seg020	seg020_9DE	23FFE	B8	same	1.000	seg022_2405	seg022_2405_A10	src/sound/AIL.ASM
seg020	seg020_A96	240B6	26	like	0.895	seg022_2405	seg022_2405_AC8	src/sound/AIL.ASM
seg020	seg020_ABC	240DC	6	none	0.000			
seg020	seg020_AC2	240E2	AC	near	0.979	seg022_2405	seg022_2405_AF4	src/sound/AIL.ASM
seg020	seg020_B6E	2418E	33	same	1.000	seg022_2405	seg022_2405_BA6	src/sound/AIL.ASM
seg020	seg020_BA1	241C1	6	none	0.000			
seg020	seg020_BA7	241C7	6	none	0.000			
seg020	seg020_BAD	241CD	12	like	0.857	seg022_2405	seg022_2405_BEB	src/sound/AIL.ASM
seg020	seg020_BBF	241DF	6	none	0.000			
seg020	seg020_BC5	241E5	2A	none	0.000			
seg020	seg020_BEF	2420F	6	none	0.000			
seg020	seg020_BF5	24215	6	none	0.000			
seg020	seg020_BFB	2421B	6	none	0.000			
seg020	seg020_C01	24221	6	none	0.000			
seg020	seg020_C07	24227	6	none	0.000			
seg020	seg020_C0D	2422D	6	none	0.000			
seg020	seg020_C13	24233	12	none	0.000			
seg020	seg020_C25	24245	6	none	0.000			
seg020	seg020_C2B	2424B	6	none	0.000			
seg020	seg020_C31	24251	C	same	1.000	seg022_2405	seg022_2405_C75	src/sound/AIL.ASM
seg020	seg020_C3D	2425D	12	same	1.000	seg022_2405	FindAndPushAdvEntryAE_seg022_2405_C81	src/sound/AIL.ASM
seg020	seg020_C4F	2426F	6	none	0.000			
seg020	seg020_C55	24275	2A	same	1.000	seg022_2405	seg022_2405_C99	src/sound/AIL.ASM
seg020	seg020_C7F	2429F	1E	same	1.000	seg022_2405	seg022_2405_CC3	src/sound/AIL.ASM
seg020	seg020_C9D	242BD	C	same	1.000	seg022_2405	seg022_2405_CE1	src/sound/AIL.ASM
seg020	seg020_CA9	242C9	A	same	1.000	seg022_2405	seg022_2405_CED	src/sound/AIL.ASM
seg021	seg021_5	242D5	A2	same	1.000	seg023	seg023_9	src/gfx/COLCYCLE.C
seg021	seg021_A7	24377	A2	like	0.878	seg023	seg023_AB	src/gfx/COLCYCLE.C
seg022_230E	PickBodyHitPoint_seg022_A	2441A	79	same	1.000	seg024_24E9	PickBodyHitPoint_seg024_24E9_3	src/combat/COMBAT.C
seg022_230E	TestForClosestAttackCollisionHit_seg022_83	24493	24F	same	1.000	seg024_24E9	TestForClosestAttackCollisionHit_seg024_24E9_7C	src/combat/COMBAT.C
seg022_230E	SpawnImpactAnimo_seg022_2D2	246E2	194	near	0.963	seg024_24E9	SpawnImpactAnimo_seg024_24E9_2CB	src/combat/COMBAT.C
seg022_230E	CheckForAttackHit_seg022_466	24876	253	same	1.000	seg024_24E9	CheckForAttackHit_seg024_24E9_481	src/combat/COMBAT.C
seg022_230E	CalculateAttackResults_seg022_230E_6B9	24AC9	1EC	like	0.850	seg024_24E9	CalculateAttackResults_seg024_24E9_737	src/combat/COMBAT.C
seg022_230E	AttackerAppliesFinalDamage_seg022_8A5	24CB5	384	like	0.862	seg024_24E9	AttackerAppliesFinalDamage_seg024_24E9_983	src/combat/COMBAT.C
seg022_230E	CombatMissImpactSound_seg022_C29	25039	11F	near	0.922	seg024_24E9	CombatMissImpactSound_seg024_24E9_D39	src/combat/COMBAT.C
seg022_230E	CalcFlankingBonus_seg022_230E_D48	25158	54	same	1.000	seg024_24E9	CalcFlankingBonus_seg024_24E9_E74	src/combat/COMBAT.C
seg022_230E	ExecuteAttack_seg022_D9C	251AC	DC	near	0.990	seg024_24E9	ExecuteAttack_seg024_24E9_EC8	src/combat/COMBAT.C
seg022_230E	CheckForAmmo_seg022_E78	25288	9E	like	0.850	seg024_24E9	CheckForAmmo_seg024_24E9_FA5	src/combat/COMBAT.C
seg022_230E	seg022_230E_F16	25326	E0	like	0.861	seg024_24E9	SetCurrentWeaponDetails_seg024_24E9_102B	src/combat/COMBAT.C
seg022_230E	CalculateAttackScorePlayer_seg022_FF6	25406	120	like	0.848	seg024_24E9	CalculateAttackScorePlayer_seg024_24E9_113F	src/combat/COMBAT.C
seg022_230E	seg022_230E_1116	25526	3C	same	1.000	seg024_24E9	EndCombatSwing_seg024_24E9_12A4	src/combat/COMBAT.C
seg022_230E	seg022_230E_1152	25562	31	near	0.923	seg024_24E9	MaybeCancelWeaponSwingAnim_seg024_24E9_12E0	src/combat/COMBAT.C
seg022_230E	EndCombat_seg022_1183	25593	37	near	0.973	seg024_24E9	CancelAttack_seg024_24E9_130F	src/combat/COMBAT.C
seg022_230E	PlayerCombat_seg022_11BA	255CA	305	like	0.693	seg024_24E9	PlayerCombat_seg024_24E9_134B	src/combat/COMBAT.C
seg022_230E	MissileAttackHit_seg022_14BF	258CF	11F	near	0.991	seg024_24E9	MissileAttackHit_seg024_24E9_1860	src/combat/COMBAT.C
seg022_230E	NPCExecuteAttack_seg022_15DE	259EE	117	like	0.841	seg024_24E9	NPC_ExecuteAttack_seg024_24E9_1989	src/combat/COMBAT.C
seg022_230E	seg022_230E_16F5	25B05	30	same	1.000	seg024_24E9	seg024_24E9_1AC7	src/combat/COMBAT.C
seg022_230E	AwardKillEXP_seg022_1725	25B35	88	like	0.821	seg024_24E9	AwardKillEXP_seg024_24E9_1AF7	src/combat/COMBAT.C
seg023	RemoveDoorLock_seg023_D	25BBD	8E	near	0.981	seg025_26A1	RemoveDoorLock_seg025_26A1_3	src/combat/DAMAGE.C
seg023	RemoveObjectFromTile_seg023_9B	25C4B	3B	same	1.000	seg025_26A1	RemoveObjectFromTile_seg025_26A1_95	src/combat/DAMAGE.C
seg023	DamageObject_Debris_seg023_D6	25C86	229	like	0.688	seg025_26A1	DamageObject_Destruction_seg025_D0	src/combat/DAMAGE.C
seg023	ScaleDamageAgainstObject_seg023_2FF	25EAF	5B	like	0.792	seg025_26A1	ScaleDamageAgainstObject_seg025_26A1_493	src/combat/DAMAGE.C
seg023	DamageObject_seg023_35A	25F0A	8D	same	1.000	seg025_26A1	DamageObject_seg025_527	src/combat/DAMAGE.C
seg023	DamageObjectAndDoors_seg023_3E7	25F97	168	near	0.905	seg025_26A1	DamageObjectOrDoor_seg025_26A1_5B4	src/combat/DAMAGE.C
seg024_24DC	SwitchInventoryAndStatsEvent_seg024_F	260FF	23	same	1.000	ovr137	SwitchInventoryAndStatsEvent_ovr137_0	src/ui/GAMESCR.C
seg024_24DC	PrintCompassStatusMessage_seg024_32	26122	DD	none	0.000			
seg024_24DC	PrintFlaskHealthManaMessage_seg024_10F	261FF	160	like	0.898	ovr137	PrintFlaskHealthManaMessage_ovr137_14A	src/ui/GAMESCR.C
seg024_24DC	seg024_24DC_26F	2635F	A2	none	0.000			
seg024_24DC	seg024_24DC_311	26401	3C	near	0.933	ovr137	ovr137_331	src/ui/GAMESCR.C
seg024_24DC	seg024_24DC_34D	2643D	44	like	0.818	ovr137	ovr137_367	src/ui/GAMESCR.C
seg024_24DC	seg024_24DC_391	26481	13	near	0.933	ovr137	ovr137_3A9	src/ui/GAMESCR.C
seg024_24DC	PlayerUpdateTick_seg024_24DC_3A4	26494	162	like	0.714	seg026_2716	PlayerUpdateTick_seg026_2716_8	src/ui/INTERACT.C
seg024_24DC	seg024_24DC_506	265F6	25	same	1.000	seg026_2716	ResetPaperInventoryPanel_seg026_2716_12F	src/ui/INTERACT.C
seg024_24DC	seg024_24DC_52B	2661B	132	near	0.956	seg026_2716	CheckIfPlayerCanReachAtDistance_seg026_2716_154	src/ui/INTERACT.C
seg024_24DC	seg024_24DC_65D	2674D	5B	same	1.000	seg026_2716	GetHighestBridgeInTile_seg026_2716_29F	src/ui/INTERACT.C
seg024_24DC	seg024_24DC_6B8	267A8	212	near	0.955	seg026_2716	TestIfPlayerCanReachObjectTile_seg026_2716_2FA	src/ui/INTERACT.C
seg024_24DC	seg024_24DC_8CA	269BA	106	like	0.812	seg026_2716	RayCast_seg026_2716_5E7	src/ui/INTERACT.C
seg024_24DC	LookAtTexture_seg024_9D0	26AC0	7E	like	0.879	seg026_2716	LookAtOrInteractWithSurface_seg026_2716_73F	src/ui/INTERACT.C
seg024_24DC	seg024_24DC_A4E	26B3E	50	same	1.000	seg026_2716	Pickup_seg026_2716_7B3	src/ui/INTERACT.C
seg024_24DC	Pickup_seg024_A9E	26B8E	24E	like	0.838	seg026_2716	Pickup_seg026_2716_803	src/ui/INTERACT.C
seg024_24DC	TalkTo_seg024_24DC_CEC	26DDC	1E	same	1.000	seg026_2716	TalkTo_seg026_2716_AFB	src/ui/INTERACT.C
seg024_24DC	seg024_24DC_D0A	26DFA	16	like	0.857	ovr101	ovr101_18CB	src/game/CHARGEN.C
seg024_24DC	Look_seg024_24DC_D20	26E10	11F	near	0.957	seg026_2716	LookAt_seg026_B19	src/ui/INTERACT.C
seg024_24DC	Use_seg024_24DC_E3F	26F2F	7A	near	0.955	seg026_2716	UseObject_seg026_2716_C3A	src/ui/INTERACT.C
seg024_24DC	Combat_seg024_24DC_EB9	26FA9	46	same	1.000	seg026_2716	Combat_seg026_2716_CB5	src/ui/INTERACT.C
seg024_24DC	ClickOnObject_seg024_24DC_EFF	26FEF	19C	like	0.866	seg026_2716	HandleObjectOrTileClick_seg026_2716_CFB	src/ui/INTERACT.C
seg024_24DC	seg024_24DC_109B	2718B	123	near	0.978	seg026_2716	LookAt_seg026_2716_E74	src/ui/INTERACT.C
seg024_24DC	seg024_24DC_11BE	272AE	41	same	1.000	seg026_2716	seg026_2716_F98	src/ui/INTERACT.C
seg024_24DC	seg024_24DC_11FF	272EF	14A	like	0.691	seg026_2716	ProbablyInventoryPanelClick_seg026_2716_FD9	src/ui/INTERACT.C
seg024_24DC	seg024_24DC_1349	27439	46	none	0.000			
seg024_24DC	seg024_24DC_138F	2747F	46	none	0.000			
seg024_24DC	SetInteractionMode_seg024_24DC_13D5	274C5	15C	none	0.000			
seg024_24DC	DrawWeapon_seg024_1531	27621	8F	like	0.704	seg026_2716	DrawWeapon_seg026_2716_12F6	src/ui/INTERACT.C
seg024_24DC	PutAwayWeapon_seg024_15C0	276B0	48	like	0.727	seg026_2716	PutWeaponAway_seg026_2716_1396	src/ui/INTERACT.C
seg024_24DC	ToggleWeapon_seg024_1608	276F8	1F	like	0.812	seg026_2716	ClickOnWeaponInInventory_seg026_2716_13E5	src/ui/INTERACT.C
seg024_24DC	seg024_24DC_1627	27717	39	like	0.889	ovr137	ovr137_3B7	src/ui/GAMESCR.C
seg024_24DC	seg024_24DC_1660	27750	1D	same	1.000	ovr137	ResetPlayerDoingSomething_ovr137_3E6	src/ui/GAMESCR.C
seg025	InitPlayerProjectilesValues_seg025_D	2776D	92	like	0.833	seg027_2856	InitPlayerProjectilesValues_seg027_2856_C	src/combat/MISSILE.C
seg025	MissileRelease_seg025_9F	277FF	1C3	like	0.821	seg027_2856	MissileRelease_seg027_9E	src/combat/MISSILE.C
seg025	NPCMissileLaunch_seg025_262	279C2	4F	like	0.750	seg027_2856	NPCMissileLaunch_seg027_2856_2C6	src/combat/MISSILE.C
seg025	ProjectileSpell_seg025_2B1	27A11	A4	like	0.729	seg027_2856	ProjectileSpell_seg027_2856_342	src/combat/MISSILE.C
seg025	DropOrThrowByPlayer_seg025_355	27AB5	3E7	near	0.952	seg027_2856	DropObjectByPlayer_seg027_2856_439	src/combat/MISSILE.C
seg025	seg025_73C	27E9C	55	like	0.750	seg027_2856	ArrowTrap_seg027_2856_858	src/combat/MISSILE.C
seg025	PrepareProjectileObject_seg025_791	27EF1	3C0	near	0.933	seg027_2856	PrepareProjectileObject_seg027_2856_8DA	src/combat/MISSILE.C
seg025	seg025_B51	282B1	1E3	near	0.985	seg027_2856	PlaceProjectileInWorld_seg027_2856_CCC	src/combat/MISSILE.C
seg026	seg026_4	28494	1A1	near	0.951	seg028_2941	GetHeightAdjustedByTileType_seg028_2941_E	src/motion/COLLIDE.C
seg026	seg026_1A5	28635	68	near	0.915	seg028_2941	GetTileZOffset_seg028_2941_1AF	src/motion/COLLIDE.C
seg026	seg026_20D	2869D	B7	near	0.945	seg028_2941	GetNeighbourTileDetails_seg028_2941_217	src/motion/COLLIDE.C
seg026	seg026_2C4	28754	B5	near	0.943	seg028_2941	seg028_2941_2CF_terrainrelated	src/motion/COLLIDE.C
seg026	ProcessMotionTileHeights_seg026_379	28809	47D	near	0.968	seg028_2941	ProcessMotionTileHeights_seg028_2941_385	src/motion/COLLIDE.C
seg026	seg026_7F6	28C86	26A	near	0.954	seg028_2941	seg028_2941_803	src/motion/COLLIDE.C
seg026	CreateColllisionRecord_seg026_A60	28EF0	196	near	0.987	seg028_2941	CreateCollisionRecord_seg028_2941_A78	src/motion/COLLIDE.C
seg026	ScanForCollisions_seg026_BF6	29086	264	near	0.991	seg028_2941	ScanForCollisions_seg028_2941_C0E	src/motion/COLLIDE.C
seg026	SwapCollisionRecord_seg026_E5A	292EA	65	near	0.913	seg028_2941	SwapCollisionRecords_seg028_2941_E73	src/motion/COLLIDE.C
seg026	SortCollisions_seg026_EBF	2934F	149	same	1.000	seg028_2941	SortCollisions_seg028_2941_ED8	src/motion/COLLIDE.C
seg026	CheckIfItemFitsInTile_seg026_1008	29498	223	near	0.990	seg028_2941	TestIfObjectFitsInTile_seg028_2941_1021	src/motion/COLLIDE.C
seg026	MoveObjectToCoordinates_seg026_122B	296BB	BA	near	0.986	seg028_2941	MoveObjectToCoordinates_seg028_2941_1245	src/motion/COLLIDE.C
seg026	PlaceObjectAtNPC_seg026_12E5	29775	5A	same	1.000	seg028_2941	PlaceObjectAtAnotherObjectPosition_seg028_2941_1300	src/motion/COLLIDE.C
seg026	InsertObjectToList_seg026_133F	297CF	17C	same	1.000	seg028_2941	MoveAndFitObjectToCoordinate_seg028_2941_135A	src/motion/COLLIDE.C
seg027_2861	ClearTileMap_seg027_2861_B	2994B	10C	near	0.994	seg029_2A8E	ClearTilemap_seg029_2A8E_6	src/obj/OBJECTS.C
seg027_2861	RunCodeOnObjectChain_seg027_117	29A57	8F	like	0.875	seg029_2A8E	CallFunctionOnObjectsInChain_seg029_2A8E_117	src/obj/OBJECTS.C
seg027_2861	ObjectCullingTest_seg027_2861_1A6	29AE6	80	same	1.000	seg029_2A8E	ObjectCullingRngTest_2A8E_1D1	src/obj/OBJECTS.C
seg027_2861	ObjectCulling_seg027_2861_226	29B66	C3	near	0.976	seg029_2A8E	ObjectCullingTest_seg029_2A8E_251	src/obj/OBJECTS.C
seg027_2861	seg027_2861_2E9	29C29	40	same	1.000	seg029_2A8E	CullingCheckOnObjectChain_seg029_2A8E_314	src/obj/OBJECTS.C
seg027_2861	CullObjects_seg027_2861_329	29C69	11D	same	1.000	seg029_2A8E	CullObjects_seg029_2A8E_354	src/obj/OBJECTS.C
seg027_2861	GetFreeObject_seg027_446	29D86	97	same	1.000	seg029_2A8E	GetAvailableObjectAddress_seg029_2A8E_471	src/obj/OBJECTS.C
seg027_2861	AddToFreeObjectsList_seg027_4DD	29E1D	84	same	1.000	seg029_2A8E	AddToFreeObjectLists_seg029_2A8E_508	src/obj/OBJECTS.C
seg027_2861	InsertObjectToList_seg027_561	29EA1	6E	same	1.000	seg029_2A8E	InsertObjectToList_seg029_2A8E_58C	src/obj/OBJECTS.C
seg027_2861	InsertObjectToList_seg027_2861_5CF	29F0F	8A	same	1.000	seg029_2A8E	LinkObjectToList_seg029_2A8E_5FA	src/obj/OBJECTS.C
seg027_2861	RemoveObjectFromLinkedList_seg027_659	29F99	84	like	0.842	seg029_2A8E	UnlinkObjectFromLinkedList_seg029_2A8E_684	src/obj/OBJECTS.C
seg027_2861	RemoveObject_seg027_2861_6DD	2A01D	95	same	1.000	seg029_2A8E	RemoveObject_seg029_2A8E_704	src/obj/OBJECTS.C
seg027_2861	ClearObjectChain_seg027_772	2A0B2	BF	like	0.806	seg029_2A8E	ClearLinkedList_seg029_2A8E_799	src/obj/OBJECTS.C
seg027_2861	RemoveFromObjectChain_seg027_2861_831	2A171	5C	near	0.961	seg029_2A8E	RemoveObjectAndChainFromLists_seg029_2A8E_85C	src/obj/OBJECTS.C
seg027_2861	GetNextOrLinkedObject_seg027_2861_88D	2A1CD	69	same	1.000	seg029_2A8E	GetNextOrLinkedObject_seg029_2A8E_8BE	src/obj/OBJECTS.C
seg027_2861	ReverseObjectLookup_seg027_8F6	2A236	4A	same	1.000	seg029_2A8E	ReverseObjectLookup_seg029_2A8E_927	src/obj/OBJECTS.C
seg027_2861	LookupObjectByIndex_seg027_940	2A280	41	same	1.000	seg029_2A8E	LookupObjectByIndex_seg029_2A8E_971	src/obj/OBJECTS.C
seg027_2861	seg027_2861_981	2A2C1	D1	near	0.970	seg029_2A8E	FindObjectListHeadObject_seg029_2A8E_9B2	src/obj/OBJECTS.C
seg027_2861	TestIfStaticOrMobile_seg027_A52	2A392	1E	same	1.000	seg029_2A8E	TestIfStaticOrMobile_seg029_2A8E_A87	src/obj/OBJECTS.C
seg027_2861	seg027_2861_A70	2A3B0	13	same	1.000	seg029_2A8E	AddtoEndOfTileMapMobiles_seg029_2A8E_AA5	src/obj/OBJECTS.C
seg027_2861	seg027_2861_A83	2A3C3	B3	like	0.741	seg029_2A8E	UNREFERENCED_seg029_2A8E_B04	src/obj/OBJECTS.C
seg027_2861	FindMatchingObject_seg027_B36	2A476	100	same	1.000	seg029_2A8E	GetLinkedOrNextObjectWithFilter_seg029_2A8E_B6B	src/obj/OBJECTS.C
seg027_2861	CheckIfItemID_Or_ContainsItemID_seg027_C36	2A576	69	same	1.000	seg029_2A8E	CheckIfItemID_Or_ContainsItemID_seg029_2A8E_C6B	src/obj/OBJECTS.C
seg027_2861	Find_ItemID_In_TileMap_seg027_C9F	2A5DF	A5	same	1.000	seg029_2A8E	FindItemInMapByClassWithPosition_seg029_2A8E_CD4	src/obj/OBJECTS.C
seg027_2861	seg027_2861_D44	2A684	E9	near	0.901	seg029_2A8E	CountObjectsInChain_seg029_2A8E_EDD	src/obj/OBJECTS.C
seg027_2861	seg027_2861_E2D	2A76D	CC	near	0.952	seg029_2A8E	CountObjects_seg029_2A8E_F9A	src/obj/OBJECTS.C
seg027_2861	seg027_2861_EF9	2A839	5E	none	0.000			
seg027_2861	seg027_2861_F57	2A897	18D	near	0.919	seg029_2A8E	CheckCountOfAllObjects_seg029_2A8E_1053	src/obj/OBJECTS.C
seg027_2861	seg027_2861_10E4	2AA24	168	none	0.000			
seg028_2985	CancelActiveSpell_seg028_C	2AB8C	131	near	0.922	ovr135	CancelActiveSpell_ovr135_0	src/game/PLAYTIME.C
seg028_2985	PlayerUpdates_seg028_2985_13D	2ACBD	279	like	0.720	ovr135	PlayerUpdates_ovr135_131	src/game/PLAYTIME.C
seg028_2985	UpdateInventoryLightSources_seg028_2985_3B6	2AF36	F8	near	0.960	ovr135	UpdateInventoryLightSources_ovr135_4E3	src/game/PLAYTIME.C
seg028_2985	SwimSkillCheck_seg028_4AE	2B02E	DB	near	0.943	ovr135	SwimmingSkillCheck_ovr135_5EE	src/game/PLAYTIME.C
seg028_2985	PlayerStatusEffectSpells_seg028_589	2B109	10A	like	0.843	ovr135	PlayerStatusEffectSpells_ovr135_6C8	src/game/PLAYTIME.C
seg029_29EE	seg029_29EE_3	2B213	AA	same	1.000	seg030_2BB7	BounceOtherObject_seg030_2BB7_8	src/motion/OBJPHYS.C
seg029_29EE	seg029_29EE_AD	2B2BD	C6	like	0.829	seg030_2BB7	MissileImpact_seg030_2BB7_B2	src/motion/OBJPHYS.C
seg029_29EE	CollideObjects_seg029_29EE_173	2B383	259	near	0.957	seg030_2BB7	CollideObjects_seg030_2BB7_1CE	src/motion/OBJPHYS.C
seg029_29EE	InitMotionParams_seg029_29EE_3CC	2B5DC	24E	near	0.964	seg030_2BB7	InitMotionParams_seg030_2BB7_43D	src/motion/OBJPHYS.C
seg029_29EE	ApplyProjectileMotion_seg029_29EE_61A	2B82A	405	like	0.898	seg030_2BB7	ApplyProjectileMotion_seg030_2BB7_689	src/motion/OBJPHYS.C
seg029_29EE	seg029_29EE_A1F	2BC2F	11B	same	1.000	seg030_2BB7	MoveObjectToMobileObjectList_seg030_2BB7_B0C	src/motion/OBJPHYS.C
seg029_29EE	seg029_29EE_B3A	2BD4A	135	same	1.000	seg030_2BB7	InitMobileObject_seg030_2BB7_C27	src/motion/OBJPHYS.C
seg029_29EE	ObjectHitsFloorTileDestroyTalismans_seg029_C6F	2BE7F	39C	like	0.754	seg030_2BB7	ObjectHitsFloorTile_seg030_2BB7_DDF	src/motion/OBJPHYS.C
seg029_29EE	seg029_29EE_100B	2C21B	42	same	1.000	seg030_2BB7	seg030_2BB7_107A	src/motion/OBJPHYS.C
seg029_29EE	PlacedObjectCollison_seg029_104D	2C25D	33E	near	0.920	seg030_2BB7	PlacedObjectCollision_seg030_2BB7_10BC	src/motion/OBJPHYS.C
seg030_2B26	CalculateMotion_seg030_B	2C59B	86	like	0.878	seg031_2CFA	CalculateMotion_seg031_2CFA_C	src/motion/MOTION.C
seg030_2B26	seg030_2B26_91	2C621	7B	near	0.976	seg031_2CFA	CopyMotionValsFromInitialToBase25C4_seg031_2CFA_93	src/motion/MOTION.C
seg030_2B26	SetCollisionTarget_seg030_2B26_10C	2C69C	304	near	0.996	seg031_2CFA	SetCollisionTarget_seg031_2CFA_10E	src/motion/MOTION.C
seg030_2B26	InitalMotionCalc_seg030_410	2C9A0	378	same	1.000	seg031_2CFA	InitialMotionCalc_seg031_2CFA_412	src/motion/MOTION.C
seg030_2B26	seg030_2B26_788	2CD18	35	same	1.000	seg031_2CFA	seg031_2CFA_78A	src/motion/MOTION.C
seg030_2B26	seg030_2B26_7BD	2CD4D	41	same	1.000	seg031_2CFA	ZeroiseMotionValues_seg031_2CFA_7BF	src/motion/MOTION.C
seg030_2B26	StoreNewXYZH_seg030_2B26_7FE	2CD8E	A6	same	1.000	seg031_2CFA	StoreNewXYZH_seg031_2CFA_800	src/motion/MOTION.C
seg030_2B26	LikelyTranslateXY_seg030_8A4	2CE34	1A3	near	0.982	seg031_2CFA	LikelyTranslateXY_seg031_2CFA_8A6	src/motion/MOTION.C
seg030_2B26	seg030_2B26_A47	2CFD7	198	like	0.747	seg031_2CFA	HeadingRelated_seg031_2CFA_A49	src/motion/MOTION.C
seg030_2B26	seg030_2B26_BDF	2D16F	6A	same	1.000	seg031_2CFA	seg031_2CFA_C5C	src/motion/MOTION.C
seg030_2B26	seg030_2B26_C49	2D1D9	4A	like	0.875	seg031_2CFA	MaybeReflection_seg031_2CFA_CC6	src/motion/MOTION.C
seg030_2B26	DoCollision_seg030_2B26_C93	2D223	34C	like	0.832	seg031_2CFA	DoCollision_seg031_2CFA_D1F	src/motion/MOTION.C
seg030_2B26	MAYBEGRAVITYZ_seg030_FDF	2D56F	180	same	1.000	seg031_2CFA	MAYBEGRAVITYZ_seg031_2CFA_1138	src/motion/MOTION.C
seg030_2B26	ProcessCollisions_seg030_115F	2D6EF	93	same	1.000	seg031_2CFA	ProcessCollisions_seg031_2CFA_12B8	src/motion/MOTION.C
seg030_2B26	seg030_2B26_11F2	2D782	67	same	1.000	seg031_2CFA	GetTileState_seg031_2CFA_134B	src/motion/MOTION.C
seg030_2B26	GetCollisionHeightState_seg030_2B26_1259	2D7E9	3E7	near	0.992	seg031_2CFA	GetCollisionHeightState_seg031_2CFA_13B2	src/motion/MOTION.C
seg030_2B26	DoTileCollisionMaybe_seg030_2B26_1640	2DBD0	CC	same	1.000	seg031_2CFA	DoTileCollisionMaybe_seg031_2CFA_179C	src/motion/MOTION.C
seg030_2B26	seg030_2B26_170C	2DC9C	E9	near	0.981	seg031_2CFA	FindClosedDoorCollision_seg031_2CFA_190E	src/motion/MOTION.C
seg030_2B26	seg030_2B26_17F5	2DD85	28	near	0.944	seg031_2CFA	GetCollisionObject_seg031_2CFA_19F7	src/motion/MOTION.C
seg031	seg031_D	2DDAD	8C	same	1.000	seg032_2E9B	seg032_2E9B_F	src/3d/VIEW3D.C
seg031	seg031_99	2DE39	F0	near	0.942	seg032_2E9B	seg032_2E9B_9B	src/3d/VIEW3D.C
seg031	seg031_189	2DF29	73	like	0.716	seg032_2E9B	seg032_2E9B_195	src/3d/VIEW3D.C
seg031	seg031_1FC	2DF9C	4A	near	0.957	seg032_2E9B	seg032_2E9B_200	src/3d/VIEW3D.C
seg031	seg031_246	2DFE6	13	same	1.000	seg032_2E9B	SetObjectRendingDataPtr_seg032_2E9B_24A	src/3d/VIEW3D.C
seg031	seg031_259	2DFF9	4D	same	1.000	seg032_2E9B	seg032_2E9B_25D	src/3d/VIEW3D.C
seg031	seg031_2A6	2E046	53	same	1.000	seg032_2E9B	seg032_2E9B_2AA	src/3d/VIEW3D.C
seg031	seg031_2F9	2E099	58	same	1.000	seg032_2E9B	RenderScene_seg032_2E9B_2FD	src/3d/VIEW3D.C
seg031	renderrelated_seg031_351	2E0F1	45	same	1.000	seg032_2E9B	DRAWWorld_seg032_2E9B_355	src/3d/VIEW3D.C
seg031	PositionCamera_seg031_396	2E136	115	near	0.989	seg032_2E9B	PositionCamera_seg032_2E9B_39A	src/3d/VIEW3D.C
seg031	SomethingToDoWithShadeCalcs_seg031_4AB	2E24B	109	near	0.972	seg032_2E9B	ShadeCalcs_seg032_2E9B_4AF	src/3d/VIEW3D.C
seg031	seg031_5B4	2E354	CB	near	0.915	seg032_2E9B	SetRangeOfVisonParams_seg032_2E9B_5B8	src/3d/VIEW3D.C
seg031	seg031_67F	2E41F	26	same	1.000	seg032_2E9B	GetNextVisionTilePositive_seg032_2E9B_683	src/3d/VIEW3D.C
seg031	seg031_6A5	2E445	26	same	1.000	seg032_2E9B	GetNextVisionTileNegative_seg032_2E9B_6A9	src/3d/VIEW3D.C
seg031	seg031_6CB	2E46B	426	same	1.000	seg032_2E9B	MaybeTestVisibilityNextTile_seg032_2E9B_6CF	src/3d/VIEW3D.C
seg031	seg031_AF1	2E891	1A8	same	1.000	seg032_2E9B	MaybeTestVisionIntoDarkness_seg032_2E9B_AF5	src/3d/VIEW3D.C
seg031	seg031_C99	2EA39	377	same	1.000	seg032_2E9B	ProcessLOSArcsseg032_2E9B_C9D	src/3d/VIEW3D.C
seg031	seg031_1010	2EDB0	14E	near	0.987	seg032_2E9B	TestVisionAndShade_seg032_2E9B_1014	src/3d/VIEW3D.C
seg031	seg031_115E	2EEFE	BC	near	0.949	seg032_2E9B	GetViewDistances_seg032_2E9B_1162	src/3d/VIEW3D.C
seg031	seg031_121A	2EFBA	1A	near	0.960	seg032_2E9B	LikelyDoRender_seg032_2E9B_121E	src/3d/VIEW3D.C
seg032_2DCA	RenderingObjects_seg032_2DCA_5	2EFD5	592	like	0.790	seg033_2FBE	RenderingObjects_seg033_2FBE_9	src/3d/DRAWOBJ.C
seg032_2DCA	seg032_2DCA_597	2F567	6BF	like	0.730	seg033_2FBE	Render3DObject_seg033_2FBE_5DE	src/3d/DRAWOBJ.C
seg032_2DCA	RenderDoor_seg032_2DCA_C56	2FC26	5FB	near	0.990	seg033_2FBE	RenderDoor_seg033_2FBE_EF3	src/3d/DRAWOBJ.C
seg033_2EEF	seg033_2EEF_9	30229	E4	like	0.748	seg034_310D	InitSomeArrays_seg034_310D_6	src/3d/GAMESORT.C
seg033_2EEF	seg033_2EEF_ED	3030D	56	same	1.000	seg034_310D	seg034_310D_EA	src/3d/GAMESORT.C
seg033_2EEF	seg033_2EEF_143	30363	1B	same	1.000	seg034_310D	seg034_310D_140	src/3d/GAMESORT.C
seg033_2EEF	seg033_2EEF_15E	3037E	D5	same	1.000	seg034_310D	seg034_310D_15B	src/3d/GAMESORT.C
seg033_2EEF	seg033_2EEF_233	30453	4E	like	0.643	seg034_310D	seg034_310D_230	src/3d/GAMESORT.C
seg033_2EEF	seg033_2EEF_281	304A1	A8	same	1.000	seg034_310D	seg034_310D_2AB	src/3d/GAMESORT.C
seg033_2EEF	seg033_2EEF_329	30549	A4	same	1.000	seg034_310D	StoreObjectPositionsInArray_seg034_310D_353	src/3d/GAMESORT.C
seg033_2EEF	seg033_2EEF_3CD	305ED	39	same	1.000	seg034_310D	seg034_310D_3F7	src/3d/GAMESORT.C
seg033_2EEF	seg033_2EEF_406	30626	35	same	1.000	seg034_310D	seg034_310D_430	src/3d/GAMESORT.C
seg033_2EEF	seg033_2EEF_43B	3065B	562	near	0.956	seg034_310D	RenderObjectList_seg034_310D_465	src/3d/GAMESORT.C
seg034_2F89	seg034_2F89_0	30BC0	4E	same	1.000	seg035_31AB	LikelyMouseMove_seg035_31AB_8	src/motion/PLAYMOVE.C
seg034_2F89	seg034_2F89_4E	30C0E	18C	near	0.943	seg035_31AB	MoveInDirectionEvent_seg035_31AB_56	src/motion/PLAYMOVE.C
seg034_2F89	seg034_2F89_1DA	30D9A	15A	same	1.000	seg035_31AB	ProcessMotionInputs_seg035_31AB_1F6	src/motion/PLAYMOVE.C
seg034_2F89	seg034_2F89_334	30EF4	D2	near	0.973	seg035_31AB	EasyMoveTurnEvent_seg035_31AB_350	src/motion/PLAYMOVE.C
seg034_2F89	seg034_2F89_406	30FC6	112	near	0.978	seg035_31AB	ClockUpdate_seg035_31AB_422	src/motion/PLAYMOVE.C
seg034_2F89	GameObjectLoop_seg034_2F89_518	310D8	AC	near	0.921	seg035_31AB	GameObjectLoop_seg035_31AB_534	src/motion/PLAYMOVE.C
seg034_2F89	seg034_2F89_5C4	31184	40	same	1.000	seg035_31AB	RunPlayerMotions_seg035_31AB_5EB	src/motion/PLAYMOVE.C
seg034_2F89	PlayerMotion_seg034_2F89_604	311C4	10F	near	0.979	seg035_31AB	PlayerMotion_seg035_31AB_62B	src/motion/PLAYMOVE.C
seg034_2F89	SurfaceFootsteps_seg034_2F89_713	312D3	185	like	0.659	seg035_31AB	SurfaceFootsteps_seg035_31AB_73A	src/motion/PLAYMOVE.C
seg034_2F89	ApplyPlayerSneakScore_seg034_2F89_898	31458	A5	near	0.984	seg035_31AB	ApplyPlayerSneakScore_seg035_31AB_967	src/motion/PLAYMOVE.C
seg034_2F89	WalkOnSurfaceTypes_seg034_93D	314FD	22D	like	0.865	seg035_31AB	WalkOnSurfaceTypes_seg035_31AB_A0C	src/motion/PLAYMOVE.C
seg034_2F89	SetScreenShake_seg034_2F89_B6A	3172A	2F	like	0.727	seg035_31AB	SetScreenShake_seg035_31AB_CA3	src/motion/PLAYMOVE.C
seg034_2F89	PositionCameraAtObject_seg034_2F89_B99	31759	310	same	1.000	seg035_31AB	PositionCameraAtObject_seg035_31AB_CDF	src/motion/PLAYMOVE.C
seg035_3073	GetTile_seg035_9	31A69	35	same	1.000	seg036_32A9	GetTile_seg036_32A9_F	src/map/MAPADDR.C
seg035_3073	PrepareNewObjectProps_seg035_3E	31A9E	110	near	0.937	seg036_32A9	PrepareNewObject_seg036_32A9_44	src/map/MAPADDR.C
seg036_3087	seg036_3087_E	31BAE	A5	near	0.954	seg037_32C0	seg037_32C0_3	src/ui/PANELS.C
seg036_3087	seg036_3087_B3	31C53	54	like	0.879	seg037_32C0	seg037_32C0_A7	src/ui/PANELS.C
seg036_3087	seg036_3087_107	31CA7	67	like	0.814	seg037_32C0	ResetUIElements_seg037_32C0_103	src/ui/PANELS.C
seg036_3087	seg036_3087_16E	31D0E	24F	none	0.000			
seg036_3087	seg036_3087_3BD	31F5D	18	same	1.000	seg037_32C0	ChangePanelMode_seg037_32C0_2A6	src/ui/PANELS.C
seg036_3087	seg036_3087_3D5	31F75	A	same	1.000	seg037_32C0	seg037_32C0_2BE	src/ui/PANELS.C
seg036_3087	UpdateUIAnim_seg036_3087_3DF	31F7F	1C6	like	0.692	seg037_32C0	UpdateUIAnim_seg037_32C0_2C8	src/ui/PANELS.C
seg036_3087	seg036_3087_5A5	32145	147	near	0.942	seg037_32C0	MaybeUIUdates_seg037_32C0_409	src/ui/PANELS.C
seg036_3087	ProbablyDrawFlask_seg036_6EC	3228C	334	near	0.980	seg037_32C0	ProbablyDrawFlask_seg037_32C0_57D	src/ui/PANELS.C
seg036_3087	Dragons_seg036_3087_A20	325C0	660	none	0.000			
seg036_3087	seg036_3087_1080	32C20	8D	near	0.926	seg037_32C0	seg037_32C0_8B0	src/ui/PANELS.C
seg036_3087	seg036_3087_110D	32CAD	A6	like	0.790	seg037_32C0	seg037_32C0_945	src/ui/PANELS.C
seg036_3087	seg036_3087_11B3	32D53	54	like	0.868	seg037_32C0	seg037_32C0_A06	src/ui/PANELS.C
seg036_3087	seg036_3087_1207	32DA7	140	like	0.716	seg037_32C0	ProbablyDrawEyes_seg037_32C0_A4F	src/ui/PANELS.C
seg036_3087	seg036_3087_1347	32EE7	25	same	1.000	seg037_32C0	seg037_32C0_B8F	src/ui/PANELS.C
seg036_3087	seg036_3087_136C	32F0C	15C	none	0.000			
seg036_3087	seg036_3087_14C8	33068	61	near	0.955	seg037_32C0	seg037_32C0_DB0	src/ui/PANELS.C
seg036_3087	seg036_3087_1529	330C9	19C	like	0.693	seg037_32C0	ProbablyDrawOrAnimateWeapon_seg037_32C0_E0C	src/ui/PANELS.C
seg036_3087	seg036_3087_16C5	33265	AD	near	0.947	seg037_32C0	LoadWeapCM_seg037_32C0_FEB	src/ui/PANELS.C
seg036_3087	seg036_3087_1772	33312	A9	near	0.955	seg037_32C0	DisplaySelectedRunes_seg037_32C0_1098	src/ui/PANELS.C
seg036_3087	seg036_3087_181B	333BB	B6	near	0.930	seg037_32C0	ProbablyLoadSpellIconArt_seg037_32C0_1141	src/ui/PANELS.C
seg036_3087	seg036_3087_18D1	33471	154	none	0.000			
seg036_3087	RedrawPanel_seg036_1A25	335C5	7B	like	0.791	seg037_32C0	RedrawPanel_seg037_32C0_12F0	src/ui/PANELS.C
seg036_3087	seg036_3087_1AA0	33640	35	like	0.609	ovr097	RemoveObjectAndGiveToNPC_ovr097_1B36	src/conv/BARTER.C
seg036_3087	seg036_3087_1AD5	33675	666	none	0.000			
seg036_3087	seg036_3087_213B	33CDB	1D4	none	0.000			
seg036_3087	seg036_3087_230F	33EAF	14E	none	0.000			
seg036_3087	seg036_3087_245D	33FFD	15D	like	0.639	seg037_32C0	seg037_32C0_1567	src/ui/PANELS.C
seg036_3087	seg036_3087_25BA	3415A	15	same	1.000	seg037_32C0	seg037_32C0_16AA	src/ui/PANELS.C
seg036_3087	seg036_3087_25CF	3416F	14	like	0.750	ovr123	NotASpellMessage_ovr123_2A6	src/combat/RUNES.C
seg036_3087	seg036_3087_25E3	34183	19	like	0.667	ovr123	NotASpellMessage_ovr123_2A6	src/combat/RUNES.C
seg037_32E6	SkillCheck_seg037_32E6_C	3419C	3C	same	1.000	seg038_342C	SkillCheck_seg038_342C_9	src/game/SKILLCHK.C
seg037_32E6	EXPChange_seg037_48	341D8	171	like	0.842	seg038_342C	Experience_seg038_342C_45	src/game/SKILLCHK.C
seg037_32E6	RefreshPanels_seg037_32E6_1B9	34349	5B	like	0.806	seg038_342C	RefreshPanels_seg038_342C_201	src/game/SKILLCHK.C
seg038_3307	GetNoMagicTileBit_seg038_4	343A4	23	same	1.000	ovr156	GetNoMagicTileBit_ovr156_29	src/combat/SPELLS.C
seg038_3307	SpellTrapWandCast_seg038_27	343C7	51	like	0.610	ovr156	SpellTrapWandNPCCast_ovr156_4C	src/combat/SPELLS.C
seg038_3307	CastSpells_seg038_3307_78	34418	23E	like	0.677	ovr156	CastSpell_ovr156_C9	src/combat/SPELLS.C
seg038_3307	ManaChange_seg038_2B6	34656	6C	like	0.708	ovr156	ManaChange_ovr156_33F	src/combat/SPELLS.C
seg038_3307	PlayerHPRegenerationChange_seg038_3307_322	346C2	98	same	1.000	ovr156	PlayerHPRegenerationChange_ovr156_3ED	src/combat/SPELLS.C
seg038_3307	Change_Health_seg038_3BA	3475A	72	same	1.000	ovr156	ChangeHealth_ovr156_485	src/combat/SPELLS.C
seg038_3307	seg038_3307_42C	347CC	47	same	1.000	ovr156	Class4_HealSpells_ovr156_4F7	src/combat/SPELLS.C
seg038_3307	MajorSpellClass9_CursedObjects_seg038_473	34813	7B	near	0.922	ovr156	Class9Spells_CursedObjects_ovr156_53E	src/combat/SPELLS.C
seg038_3307	Class5ProjectileSpells_seg038_4EE	3488E	76	like	0.674	ovr156	Class5_ProjectileSpells_ovr156_5CC	src/combat/SPELLS.C
seg038_3307	CreateObjectInTile_seg038_3307_564	34904	5F	same	1.000	ovr156	CreateObjectInTile_ovr156_63C	src/combat/SPELLS.C
seg038_3307	RevealSpell_seg038_5C3	34963	AB	near	0.969	ovr157	RevealSpell_ovr157_BF5	src/combat/SPELLS2.C
seg038_3307	SheetLightning_seg038_66E	34A0E	8D	near	0.964	ovr156	SheetLightning_ovr156_69B	src/combat/SPELLS.C
seg038_3307	FlameWind_seg038_3307_6FB	34A9B	EF	like	0.622	ovr156	SheetLightning_ovr156_69B	src/combat/SPELLS.C
seg038_3307	SmiteUndead_seg038_3307_7EA	34B8A	4A	none	0.000			
seg038_3307	Poison_seg038_3307_834	34BD4	55	like	0.897	ovr156	Poison_ovr156_8F0	src/combat/SPELLS.C
seg038_3307	ApplyAttitudeChangingSpellToNPC_seg038_3307_889	34C29	6F	like	0.860	ovr156	ApplyAttitudeChangingSpellToNPC__ovr156_95A	src/combat/SPELLS.C
seg038_3307	Ally_seg038_3307_8F8	34C98	7B	none	0.000			
seg038_3307	Confusion_seg038_973	34D13	1C	none	0.000			
seg038_3307	CauseFear_seg038_3307_98F	34D2F	1C	like	0.600	ovr156	CauseFear_ovr156_EC0	src/combat/SPELLS.C
seg038_3307	Paralyse_seg038_3307_9AB	34D4B	1C	none	0.000			
seg038_3307	RunCodeOnObjectsInArea_seg038_3307_9C7	34D67	2B0	near	0.974	ovr156	RunCodeOnTargetsInArea__ovr156_10F6	src/combat/SPELLS.C
seg038_3307	RunCodeOnTargetsAroundObject_seg038_C77	35017	D7	same	1.000	ovr156	RunCodeOnTargetsAroundObject_ovr156_13AF	src/combat/SPELLS.C
seg038_3307	RunFunctionOnWhoAmIList_seg038_3307_D4E	350EE	6C	near	0.978	ovr156	RunFunctionOnWhoAmI_NPC_ovr156_1486	src/combat/SPELLS.C
seg038_3307	Class6Spells_seg038_3307_DBA	3515A	46	none	0.000			
seg038_3307	Class7Spells_seg038_3307_E00	351A0	45	none	0.000			
seg038_3307	Class8Spells_seg038_E45	351E5	3CC	like	0.749	ovr157	Class8Summoning_Spells_ovr157_CAB	src/combat/SPELLS2.C
seg038_3307	QuakeSpell_seg038_3307_1211	355B1	EC	like	0.812	ovr157	QuakeSpell_ovr157_14D4	src/combat/SPELLS2.C
seg038_3307	DetectMonsterString_seg038_3307_12FD	3569D	51	near	0.974	ovr157	DetectCreatureString_ovr157_1192	src/combat/SPELLS2.C
seg038_3307	DetectMonster_seg038_134E	356EE	212	like	0.805	ovr157	DetectMonsters_ovr157_11E3	src/combat/SPELLS2.C
seg038_3307	DoorAndTrapSpells_seg038_3307_1560	35900	E5	none	0.000			
seg038_3307	MajorSpellClassB_seg038_1645	359E5	1E5	none	0.000			
seg038_3307	DamageObjectsInTile_seg038_3307_182A	35BCA	B9	near	0.975	ovr156	SpellDamagesObjectsInTile_ovr156_1CA5	src/combat/SPELLS.C
seg039_3495	seg039_3495_3	35C83	80	near	0.942	seg039_3452	BeginLoadStringsPak_seg039_4	src/ui/GAMESTRN.C
seg039_3495	seg039_3495_83	35D03	A	same	1.000	seg037_32C0	seg037_32C0_2BE	src/ui/PANELS.C
seg039_3495	GetStringByID_seg039_3495_8D	35D0D	89	near	0.963	seg039_3452	GetStringByID_seg039_3452_8E	src/ui/GAMESTRN.C
seg039_3495	seg039_3495_116	35D96	104	near	0.931	seg039_3452	CreateAGameString_seg039_3452_117	src/ui/GAMESTRN.C
seg039_3495	seg039_3495_21A	35E9A	7B	near	0.962	seg039_3452	seg039_3452_21B	src/ui/GAMESTRN.C
seg039_3495	seg039_3495_295	35F15	91	near	0.932	seg039_3452	seg039_3452_296	src/ui/GAMESTRN.C
seg039_3495	GetItemName_seg039_326	35FA6	B8	near	0.935	seg039_3452	AppendItemName_seg039_3452_327	src/ui/GAMESTRN.C
seg039_3495	seg039_3495_3DE	3605E	B6	near	0.985	seg039_3452	SplitObjectNames_seg039_3452_3ED	src/ui/GAMESTRN.C
seg039_3495	WriteStringFromBlock1_seg039_3495_494	36114	29	same	1.000	seg039_3452	PrintStringFromBlock1_seg039_3452_4A4	src/ui/GAMESTRN.C
seg039_3495	PrintMultipleBlock1Strings_seg039_4BD	3613D	7A	same	1.000	seg039_3452	PrintMultipleStrings_seg039_3452_4CD	src/ui/GAMESTRN.C
seg039_3495	seg039_3495_537	361B7	AD	like	0.819	seg039_3452	LoadFileStringsPak_seg039_547	src/ui/GAMESTRN.C
seg039_3495	seg039_3495_5E4	36264	20	same	1.000	seg039_3452	seg039_3452_5E1	src/ui/GAMESTRN.C
seg039_3495	GetString_seg039_604	36284	180	near	0.993	seg039_3452	GetString_seg039_3452_601	src/ui/GAMESTRN.C
seg039_3495	seg039_3495_784	36404	31	same	1.000	seg039_3452	seg039_3452_781	src/ui/GAMESTRN.C
seg039_3495	seg039_3495_7B5	36435	62	same	1.000	seg039_3452	seg039_3452_7B2	src/ui/GAMESTRN.C
seg039_3495	seg039_3495_817	36497	43	same	1.000	seg039_3452	ToUpper_seg039_3452_814	src/ui/GAMESTRN.C
seg039_3495	seg039_3495_85A	364DA	43	same	1.000	seg039_3452	seg039_3452_857	src/ui/GAMESTRN.C
seg039_3495	seg039_3495_89D	3651D	71	same	1.000	seg039_3452	seg039_3452_89A	src/ui/GAMESTRN.C
seg039_3495	AppendString_seg039_90E	3658E	53	near	0.984	seg039_3452	AppendString_seg039_3452_90B	src/ui/GAMESTRN.C
seg040_352B	ObjectUse_seg040_352B_2	365E2	352	like	0.762	seg040_34E7	ObjectUse_seg040_34E7_F	src/obj/OBJUSE.C
seg040_352B	ClearObject_seg040_354	36934	E4	like	0.854	seg040_34E7	RemoveUsedObject_seg040_34E7_383	src/obj/OBJUSE.C
seg040_352B	SpawnObjectInHand_seg040_438	36A18	60	same	1.000	seg040_34E7	CreateObjectInHand_seg040_34E7_4B4	src/obj/OBJUSE.C
seg040_352B	PickLock_seg040_498	36A78	85	none	0.000			
seg040_352B	UseKey_seg040_51D	36AFD	58	near	0.971	ovr138	UseKey_ovr138_F92	src/obj/USEITEMS.C
seg040_352B	KeyLockpickUsage_seg040_575	36B55	45	like	0.815	seg040_34E7	KeyLockpickUsage_seg040_34E7_514	src/obj/OBJUSE.C
seg040_352B	UseObjectWithPrompt_seg040_5BA	36B9A	A8	near	0.906	seg040_34E7	UseObjectWithPrompt_seg040_35E7_55A	src/obj/OBJUSE.C
seg040_352B	SpikeDoor_seg040_662	36C42	97	none	0.000			
seg040_352B	SpikeDoor_seg040_352B_6F9	36CD9	20	like	0.741	ovr151	ovr151_6A3	src/event/SCHEDULE.C
seg040_352B	UseBones_seg040_719	36CF9	169	none	0.000			
seg040_352B	UsePole_seg040_882	36E62	4D	like	0.877	ovr138	UsePoleOnObject_ovr138_301	src/obj/USEITEMS.C
seg040_352B	ItemRepair_seg040_352B_8CF	36EAF	4A	near	0.929	ovr138	UseAnvil_ovr138_34F	src/obj/USEITEMS.C
seg040_352B	seg040_352B_919	36EF9	D1	like	0.797	ovr138	MiscClass3_ObjectUsages_ovr138_1DC8	src/obj/USEITEMS.C
seg040_352B	seg040_352B_9EA	36FCA	28	none	0.000			
seg040_352B	TybalsOrb_seg040_A12	36FF2	ED	none	0.000			
seg040_352B	seg040_352B_AFF	370DF	85	none	0.000			
seg040_352B	Major_4_Minor_1_ObjectUsage_seg040_B84	37164	102	none	0.000			
seg040_352B	LightUsage_seg040_C86	37266	19B	near	0.929	ovr138	LightUsage_ovr138_108F	src/obj/USEITEMS.C
seg040_352B	WandUsage_seg040_E21	37401	ED	near	0.976	seg040_34E7	WandUsage_seg040_34E7_5EF	src/obj/OBJUSE.C
seg040_352B	Eat_seg040_F0E	374EE	490	like	0.677	ovr138	EatingFoodAndDrinking_ovr138_39B	src/obj/USEITEMS.C
seg040_352B	RockHammerUsage_seg040_139E	3797E	1E2	like	0.726	ovr138	RockHammerUsage_ovr138_1BEA	src/obj/USEITEMS.C
seg040_352B	OilUsage_seg040_1580	37B60	144	like	0.629	ovr138	UseOilFlask_ovr138_9BE	src/obj/USEITEMS.C
seg040_352B	Class_4_2_ObjectUsage_seg040_352B_16C4	37CA4	2E4	none	0.000			
seg040_352B	UseReadable_seg040_352B_19A8	37F88	18D	like	0.658	ovr138	ReadBooksAndMaps_ovr138_C2F	src/obj/USEITEMS.C
seg040_352B	seg040_352B_1B35	38115	206	like	0.693	ovr138	UseMajorClass5_Objects_ovr138_182C	src/obj/USEITEMS.C
seg040_352B	UnlockDoor_seg040_352B_1D3B	3831B	1C9	like	0.855	seg040_34E7	CharacterDoorLockAndKeyInteraction_seg040_34E7_7AF	src/obj/OBJUSE.C
seg040_352B	CastSpellFromObject_seg040_1F04	384E4	F2	near	0.913	seg040_34E7	CastSpellFromObject_seg040_34E7_998	src/obj/OBJUSE.C
seg040_352B	TriggerObjectLink_seg040_1FF6	385D6	D7	like	0.617	seg040_34E7	TriggerObjectLink_seg040_34E7_A95	src/obj/OBJUSE.C
seg040_352B	seg040_352B_20CD	386AD	61	same	1.000	ovr138	TurnIntoMovingDoor_ovr138_12DD	src/obj/USEITEMS.C
seg040_352B	seg040_352B_212E	3870E	B8	like	0.885	ovr138	MovingDoorOpenCloseRelated_ovr138_133E	src/obj/USEITEMS.C
seg040_352B	OpenDoor_seg040_352B_21E6	387C6	117	near	0.934	ovr138	DoorOpen_ovr138_142A	src/obj/USEITEMS.C
seg040_352B	CloseDoor_seg040_352B_22FD	388DD	BA	like	0.756	ovr138	DoorClose_ovr138_1542	src/obj/USEITEMS.C
seg040_352B	DoorToggle_seg040_352B_23B7	38997	35	like	0.889	ovr138	DoorToggle_ovr138_162C	src/obj/USEITEMS.C
seg040_352B	EmptyContainer_seg040_352B_23EC	389CC	A8	like	0.778	ovr138	EmptyContainer_ovr138_1664	src/obj/USEITEMS.C
seg040_352B	UseDoorOrContainer_seg040_352B_2494	38A74	B7	like	0.859	ovr138	UseContainer_ovr138_FEB	src/obj/USEITEMS.C
seg040_352B	seg040_352B_254B	38B2B	31	same	1.000	seg040_34E7	ReleaseSpell_seg040_34E7_C38	src/obj/OBJUSE.C
seg040_352B	GetItemEnchantment_seg040_352B_257C	38B5C	174	near	0.993	seg040_34E7	GetItemEnchantment_seg040_34E7_C69	src/obj/OBJUSE.C
seg040_352B	seg040_352B_26F0	38CD0	33	same	1.000	seg040_34E7	ClearsEnchantmentFlag_seg040_34E7_DDE	src/obj/OBJUSE.C
seg040_352B	MagicChargeUpdate_seg040_352B_2723	38D03	CE	like	0.800	seg040_34E7	MagicObjectUpdateCharge_seg040_34E7_E11	src/obj/OBJUSE.C
seg041_37AA	seg041_37AA_2	38DD2	4B	same	1.000	seg041_35D7	ChangesLookupDown_seg041_35D7_3	src/sys/UTIL.C
seg041_37AA	GetCoordinateInDirection_seg041_4D	38E1D	9B	same	1.000	seg041_35D7	GetCoordinateInDirection_seg041_35D7_4E	src/sys/UTIL.C
seg041_37AA	EndMantra_seg041_E8	38EB8	36	same	1.000	seg041_35D7	seg041_35D7_E9	src/sys/UTIL.C
seg041_37AA	DiceRoll_seg041_11E	38EEE	46	near	0.986	seg041_35D7	DiceRoll_seg041_35D7_11F	src/sys/UTIL.C
seg042	seg042_5	38F35	E0	like	0.709	seg042_35ED	EMM_seg042_35ED_6	src/sys/TMPALLOC.C
seg042	seg042_E5	39015	33	like	0.621	seg026_2716	TalkTo_seg026_2716_AFB	src/ui/INTERACT.C
seg042	seg042_118	39048	78	none	0.000			
seg042	seg042_190	390C0	B	like	0.857	seg032_2E9B	SetObjectRendingDataPtr_seg032_2E9B_24A	src/3d/VIEW3D.C
seg042	seg042_19B	390CB	26	like	0.769	seg042_35ED	seg042_35ED_12B	src/sys/TMPALLOC.C
seg042	seg042_1C1	390F1	62	like	0.861	seg042_35ED	seg042_35ED_176	src/sys/TMPALLOC.C
seg042	seg042_223	39153	53	like	0.857	seg042_35ED	seg042_35ED_1DE	src/sys/TMPALLOC.C
seg042	seg042_276	391A6	8F	near	0.914	seg042_35ED	seg042_35ED_233	src/sys/TMPALLOC.C
seg043_37F0	seg043_37F0_6	39236	29	like	0.786	ovr139	ovr139_0	src/ui/SCROLLIO.C
seg043_37F0	seg043_37F0_2F	3925F	1F	same	1.000	seg043_3619	seg043_3619_3	src/ui/SCROLL.C
seg043_37F0	seg043_37F0_4E	3927E	16	like	0.857	seg043_3619	seg043_3619_22	src/ui/SCROLL.C
seg043_37F0	seg043_37F0_64	39294	16	like	0.857	seg043_3619	seg043_3619_38	src/ui/SCROLL.C
seg043_37F0	seg043_37F0_7A	392AA	16	like	0.857	seg043_3619	seg043_3619_4E	src/ui/SCROLL.C
seg043_37F0	seg043_37F0_90	392C0	8E	near	0.966	ovr139	LikelyWaitForMore_ovr139_29	src/ui/SCROLLIO.C
seg043_37F0	seg043_37F0_11E	3934E	45	like	0.759	seg043_3619	seg043_3619_64	src/ui/SCROLL.C
seg043_37F0	seg043_37F0_163	39393	67	like	0.860	seg043_3619	seg043_3619_B8	src/ui/SCROLL.C
seg043_37F0	seg043_37F0_1CA	393FA	8D	near	0.902	seg043_3619	seg043_3619_11F	src/ui/SCROLL.C
seg043_37F0	WriteTextWithMore_seg043_37F0_257	39487	93	near	0.923	ovr139	WriteTextWithMORE_ovr139_BD	src/ui/SCROLLIO.C
seg043_37F0	WriteMultipleStringsToMessageScroll_seg043_37F0_2EA	3951A	130	near	0.991	seg043_3619	WriteTextToMessageScroll_seg043_3619_1A0	src/ui/SCROLL.C
seg043_37F0	seg043_37F0_41A	3964A	52	same	1.000	seg043_3619	RelatedToWritingToMessageScrollseg043_3619_2D0	src/ui/SCROLL.C
seg043_37F0	seg043_37F0_46C	3969C	53	same	1.000	seg043_3619	seg043_3619_322	src/ui/SCROLL.C
seg043_37F0	seg043_37F0_4BF	396EF	1EA	like	0.777	seg043_3619	WriteTextToMessageScroll_seg043_3619_375	src/ui/SCROLL.C
seg043_37F0	seg043_37F0_6A9	398D9	F8	none	0.000			
seg043_37F0	seg043_37F0_7A1	399D1	14A	near	0.949	seg043_3619	seg043_3619_618	src/ui/SCROLL.C
seg043_37F0	seg043_37F0_8EB	39B1B	90	like	0.809	ovr139	ovr139_83C	src/ui/SCROLLIO.C
seg043_37F0	seg043_37F0_97B	39BAB	76	near	0.947	ovr139	PrintQTY_ovr139_16C	src/ui/SCROLLIO.C
seg043_37F0	seg043_37F0_9F1	39C21	6D	like	0.899	ovr139	WriteYesorNo_ovr139_1E3	src/ui/SCROLLIO.C
seg043_37F0	ProcessTypedInput_seg043_37F0_A5E	39C8E	4F3	near	0.976	ovr139	PlayerTypedInput_ovr139_251	src/ui/SCROLLIO.C
seg043_37F0	AskAYesNoQuestion_seg043_F51	3A181	F3	near	0.951	ovr139	WaitForYesNoAnswer_ovr139_747	src/ui/SCROLLIO.C
seg044	seg044_4	3A274	7A	near	0.960	seg044_368F	RemoveCompletedAnimo_seg044_368F_1	src/obj/EFFECT.C
seg044	seg044_7E	3A2EE	6B	near	0.962	seg044_368F	RemoveTheAnimationOverlay_seg044_368F_7F	src/obj/EFFECT.C
seg044	seg044_E9	3A359	2C5	like	0.897	seg044_368F	EndDoorAnimation_seg044_368F_EA	src/obj/EFFECT.C
seg044	MoveAnimationOverlayLink_seg044_3AE	3A61E	70	same	1.000	seg044_368F	MoveAnimationOverlayLink_seg044_368F_3CE	src/obj/EFFECT.C
seg044	ProbablyCreateAnimo_seg044_41E	3A68E	11E	near	0.991	seg044_368F	AddAnimationOverlay_seg044_368F_43E	src/obj/EFFECT.C
seg044	seg044_53C	3A7AC	1BD	near	0.994	seg044_368F	AnimoUpdate_seg044_368F_55C	src/obj/EFFECT.C
seg044	seg044_6F9	3A969	9B	none	0.000			
seg044	SpawnMultipleAnimoCopies_seg044_794	3AA04	1C6	near	0.994	seg044_368F	SpawnMultipleAnimoObjectCopies_seg044_8EA	src/obj/EFFECT.C
seg044	DetonateProjectile_seg044_95A	3ABCA	D9	like	0.793	seg044_368F	DetonateProjectile_seg044_368F_AB4	src/obj/EFFECT.C
seg044	SpawnClass7Object_seg044_A33	3ACA3	27D	like	0.695	seg044_368F	SpawnClass7_ObjectAtTarget_seg044_368F_B8D	src/obj/EFFECT.C
seg044	seg044_CB0	3AF20	4C	same	1.000	seg044_368F	GetAnimationOverlayIndex_seg044_368F_E0A	src/obj/EFFECT.C
seg044	seg044_CFC	3AF6C	2C	same	1.000	seg044_368F	GetDoorAnimationDuration_seg044_368F_E56	src/obj/EFFECT.C
seg044	seg044_D28	3AF98	28	same	1.000	seg044_368F	seg044_368F_E82	src/obj/EFFECT.C
seg044	seg044_D50	3AFC0	1A3	near	0.907	seg044_368F	MovingDoor_seg044_368F_EAA	src/obj/EFFECT.C
seg044	seg044_EF3	3B163	61	none	0.000			
seg044	seg044_F54	3B1C4	37	none	0.000			
seg045	seg045_B	3B1FB	DB	like	0.614	seg045_379C	seg045_379C_6	src/conv/GRDB.C
seg045	seg045_E6	3B2D6	16	like	0.870	seg045_379C	seg045_379C_B7	src/conv/GRDB.C
seg045	seg045_FC	3B2EC	F	like	0.667	seg029_2A8E	AddtoEndOfTileMapMobiles_seg029_2A8E_AA5	src/obj/OBJECTS.C
seg045	seg045_10B	3B2FB	13	same	1.000	seg032_2E9B	SetObjectRendingDataPtr_seg032_2E9B_24A	src/3d/VIEW3D.C
seg045	seg045_11E	3B30E	154	like	0.726	seg045_379C	seg045_379C_E5	src/conv/GRDB.C
seg045	seg045_272	3B462	10A	near	0.916	seg045_379C	seg045_379C_213	src/conv/GRDB.C
seg046	seg046_17	3B577	125	near	0.982	seg046_37CD	seg046_37CD_10	src/lib/OVERLAY.ASM
seg046	seg046_13C	3B69C	73	same	1.000	seg046_37CD	seg046_37CD_135	src/lib/OVERLAY.ASM
seg046	seg046_1AF	3B70F	C	same	1.000	seg046_37CD	seg046_37CD_1A8	src/lib/OVERLAY.ASM
seg046	seg046_1BB	3B71B	40	near	0.939	seg046_37CD	seg046_37CD_1B4	src/lib/OVERLAY.ASM
seg046	seg046_1FB	3B75B	5D	near	0.940	seg046_37CD	seg046_37CD_1F4	src/lib/OVERLAY.ASM
seg046	seg046_258	3B7B8	26	near	0.944	seg046_37CD	seg046_37CD_251	src/lib/OVERLAY.ASM
seg046	seg046_27E	3B7DE	10	same	1.000	seg046_37CD	ReadCXFileBytes_seg046_277	src/lib/OVERLAY.ASM
seg046	seg046_28E	3B7EE	80	near	0.909	seg046_37CD	seg046_37CD_287	src/lib/OVERLAY.ASM
seg046	seg046_30E	3B86E	CD	same	1.000	seg046_37CD	seg046_37CD_307	src/lib/OVERLAY.ASM
seg046	seg046_3DB	3B93B	39	same	1.000	seg046_37CD	ReadFromFilePosition_seg046_37CD_3D4	src/lib/OVERLAY.ASM
seg046	seg046_414	3B974	45	near	0.970	seg046_37CD	seg046_37CD_40D	src/lib/OVERLAY.ASM
seg046	seg046_459	3B9B9	F4	like	0.693	seg046_37CD	seg046_37CD_452	src/lib/OVERLAY.ASM
seg046	seg046_54D	3BAAD	4A	same	1.000	seg046_37CD	seg046_37CD_546	src/lib/OVERLAY.ASM
seg046	seg046_597	3BAF7	7B	same	1.000	seg046_37CD	seg046_37CD_590	src/lib/OVERLAY.ASM
seg046	seg046_612	3BB72	18	like	0.833	seg046_37CD	seg046_37CD_60B	src/lib/OVERLAY.ASM
seg046	seg046_62A	3BB8A	3B	same	1.000	seg046_37CD	seg046_37CD_623	src/lib/OVERLAY.ASM
seg046	seg046_665	3BBC5	21	same	1.000	seg046_37CD	seg046_37CD_65E	src/lib/OVERLAY.ASM
seg046	seg046_686	3BBE6	1E	same	1.000	seg046_37CD	seg046_37CD_67F	src/lib/OVERLAY.ASM
seg046	seg046_6A4	3BC04	33	same	1.000	seg046_37CD	seg046_37CD_69D	src/lib/OVERLAY.ASM
seg046	seg046_6D7	3BC37	51	same	1.000	seg046_37CD	seg046_37CD_6D0	src/lib/OVERLAY.ASM
seg046	seg046_728	3BC88	1E	near	0.917	seg046_37CD	seg046_37CD_721	src/lib/OVERLAY.ASM
seg046	seg046_746	3BCA6	C	same	1.000	seg046_37CD	seg046_37CD_73F	src/lib/OVERLAY.ASM
seg046	seg046_752	3BCB2	26	same	1.000	seg046_37CD	seg046_37CD_74B	src/lib/OVERLAY.ASM
seg046	seg046_778	3BCD8	1C	same	1.000	seg046_37CD	seg046_37CD_771	src/lib/OVERLAY.ASM
seg046	seg046_794	3BCF4	C	same	1.000	seg046_37CD	seg046_37CD_78D	src/lib/OVERLAY.ASM
seg046	seg046_7A0	3BD00	13E	like	0.663	seg046_37CD	seg046_37CD_7E7	src/lib/OVERLAY.ASM
seg046	seg046_8DE	3BE3E	2E4	near	0.977	seg046_37CD	seg046_37CD_8D7	src/lib/OVERLAY.ASM
seg046	seg046_BC2	3C122	53	near	0.972	seg046_37CD	seg046_37CD_BBB	src/lib/OVERLAY.ASM
seg046	seg046_C15	3C175	C	same	1.000	seg046_37CD	seg046_37CD_C0E	src/lib/OVERLAY.ASM
seg046	seg046_C21	3C181	A7	near	0.984	seg046_37CD	seg046_37CD_C1A	src/lib/OVERLAY.ASM
seg046	seg046_CC8	3C228	2F	same	1.000	seg046_37CD	seg046_37CD_CC1	src/lib/OVERLAY.ASM
seg046	seg046_CF7	3C257	89	none	0.000			
seg046	seg046_D80	3C2E0	B2	near	0.988	seg046_37CD	EMMXXXX_seg046_37CD_D79	src/lib/OVERLAY.ASM
seg046	seg046_E32	3C392	8F	same	1.000	seg046_37CD	seg046_37CD_E2B	src/lib/OVERLAY.ASM
seg046	seg046_EC1	3C421	1B0	same	1.000	seg046_37CD	seg046_37CD_EBA	src/lib/OVERLAY.ASM
seg046	seg046_1071	3C5D1	12C	like	0.811	seg046_37CD	seg046_37CD_106A	src/lib/OVERLAY.ASM
seg046	seg046_119D	3C6FD	AB	same	1.000	seg046_37CD	seg046_37CD_1196	src/lib/OVERLAY.ASM
ovr089	ovr089_0	65710	17	near	0.900	ovr091	LoadAnimationObjectDat_ovr091_0	src/obj/ANIMOBJ.C
ovr089	ovr089_17	65727	14	like	0.824	ovr091	MajorClass7_ovr091_17	src/obj/ANIMOBJ.C
ovr090	ovr090_0	65750	5	same	1.000	seg015_1D7C	seg015_1D7C_1F6	src/ui/MOUSE.C
ovr090	ovr090_5	65755	E	same	1.000	ovr092	ovr092_5	src/sys/STUBS.C
ovr090	ovr090_13	65763	5	same	1.000	seg015_1D7C	seg015_1D7C_1F6	src/ui/MOUSE.C
ovr090	ovr090_18	65768	5	same	1.000	seg015_1D7C	seg015_1D7C_1F6	src/ui/MOUSE.C
ovr090	ovr090_1D	6576D	5	same	1.000	seg015_1D7C	seg015_1D7C_1F6	src/ui/MOUSE.C
ovr090	ovr090_22	65772	5	same	1.000	seg015_1D7C	seg015_1D7C_1F6	src/ui/MOUSE.C
ovr090	ovr090_27	65777	5	same	1.000	seg015_1D7C	seg015_1D7C_1F6	src/ui/MOUSE.C
ovr091	ovr091_0	65790	153	none	0.000			
ovr091	ovr091_153	658E3	D9	none	0.000			
ovr091	ovr091_22C	659BC	3EE	none	0.000			
ovr091	ovr091_61A	65DAA	114	none	0.000			
ovr091	ovr091_72E	65EBE	6A	near	0.966	ovr093	ovr093_DC1	src/sys/ARC.C
ovr091	ovr091_798	65F28	B1	none	0.000			
ovr092	OpenAutomap_ovr092_0	66050	97	none	0.000			
ovr092	ovr092_97	660E7	87	none	0.000			
ovr092	ovr092_11E	6616E	30	none	0.000			
ovr092	ovr092_14E	6619E	82	like	0.645	ovr094	ClosingAutomap_ovr094_39F	src/ui/AUTOMAP.C
ovr092	ovr092_1D0	66220	15	like	0.889	ovr094	ClearAutomap_ovr094_412	src/ui/AUTOMAP.C
ovr092	ovr092_1E5	66235	142	same	1.000	ovr094	ovr094_427	src/ui/AUTOMAP.C
ovr092	ovr092_327	66377	F8	near	0.931	ovr094	ovr094_569	src/ui/AUTOMAP.C
ovr092	ovr092_41F	6646F	6C	same	1.000	ovr094	ovr094_661	src/ui/AUTOMAP.C
ovr092	ovr092_48B	664DB	1E4	like	0.795	ovr094	PossiblyDrawAutomap_ovr094_6CD	src/ui/AUTOMAP.C
ovr092	ovr092_66F	666BF	F8	same	1.000	ovr094	ovr094_8DA	src/ui/AUTOMAP.C
ovr092	ovr092_767	667B7	47	same	1.000	ovr094	ovr094_9D2	src/ui/AUTOMAP.C
ovr092	ovr092_7AE	667FE	F8	same	1.000	ovr094	ovr094_A19	src/ui/AUTOMAP.C
ovr092	ovr092_8A6	668F6	4DA	like	0.735	ovr094	AutomapRelated_ovr094_BDF	src/ui/AUTOMAP.C
ovr092	ovr092_D80	66DD0	BC	like	0.851	ovr094	WriteMapNotesToScreen_ovr094_1147	src/ui/AUTOMAP.C
ovr092	ovr092_E3C	66E8C	CE	like	0.691	ovr094	MoveMapNotes_ovr094_1201	src/ui/AUTOMAP.C
ovr092	ovr092_F0A	66F5A	5C	none	0.000			
ovr092	ovr092_F66	66FB6	182	none	0.000			
ovr092	ovr092_10E8	67138	54	like	0.696	ovr094	ovr094_155B	src/ui/AUTOMAP.C
ovr092	ovr092_113C	6718C	4	none	0.000			
ovr093	ovr093_0	672C0	31	near	0.929	ovr095	ovr095_0	src/conv/BABL.C
ovr093	MaybeAllocateConversationData_ovr093_31	672F1	1A2	near	0.974	ovr095	MaybeAllocateSpace_ovr095_86	src/conv/BABL.C
ovr093	ovr093_1D3	67493	19A	like	0.669	ovr095	ovr095_21E	src/conv/BABL.C
ovr093	ovr093_36D	6762D	1DD	none	0.000			
ovr093	ovr093_54A	6780A	110	like	0.764	ovr095	ReadWriteBabGlobsDAT_ovr095_673	src/conv/BABL.C
ovr093	ovr093_65A	6791A	BB	like	0.847	ovr095	ReadInBGlobals_ovr095_744	src/conv/BABL.C
ovr093	ovr093_715	679D5	B2	like	0.838	ovr095	SaveBGlobals_ovr095_7E1	src/conv/BABL.C
ovr093	LoadNPCConversation_ovr093_7C7	67A87	1E9	like	0.807	ovr095	LoadNPCConversation_ovr095_875	src/conv/BABL.C
ovr093	ovr093_9B0	67C70	48	none	0.000			
ovr093	ovr093_9F8	67CB8	55	like	0.643	ovr095	Copy_ovr095_DC7	src/conv/BABL.C
ovr093	Random_ovr093_A4D	67D0D	8E	none	0.000			
ovr093	ovr093_ADB	67D9B	10C	none	0.000			
ovr093	ovr093_BE7	67EA7	15A	none	0.000			
ovr093	Compare_ovr093_D41	68001	14D	like	0.893	ovr095	Compare_ovr095_A8B	src/conv/BABL.C
ovr093	Plural_ovr093_E8E	6814E	46	same	1.000	ovr095	Plural_ovr095_B95	src/conv/BABL.C
ovr093	Contains_ovr093_ED4	68194	12F	same	1.000	ovr095	Contains_ovr095_BDB	src/conv/BABL.C
ovr093	Append_ovr093_1003	682C3	BD	same	1.000	ovr095	Append_ovr095_D0A	src/conv/BABL.C
ovr093	Copy_ovr093_10C0	68380	6F	same	1.000	ovr095	Copy_ovr095_DC7	src/conv/BABL.C
ovr093	Find_ovr093_112F	683EF	57	same	1.000	ovr095	ovr095_E36	src/conv/BABL.C
ovr093	Length_ovr093_1186	68446	25	same	1.000	ovr095	Length_ovr095_E8D	src/conv/BABL.C
ovr093	Val_ovr093_11AB	6846B	25	same	1.000	ovr095	Length_ovr095_E8D	src/conv/BABL.C
ovr093	ConversationTextVariableReplacement_ovr093_11D0	68490	258	near	0.910	ovr095	ConversationTextVariableReplacement_ovr095_F56	src/conv/BABL.C
ovr093	GetStringReplacementNumberValue_ovr093_1428	686E8	103	same	1.000	ovr095	GetStringReplacementNumberValue_ovr095_11C0	src/conv/BABL.C
ovr093	ovr093_152B	687EB	1FF	near	0.949	ovr095	ReadConversationHeader_ovr095_12C3	src/conv/BABL.C
ovr093	ovr093_172A	689EA	23	same	1.000	ovr095	CopyConversationCode_ovr095_14B1	src/conv/BABL.C
ovr093	ovr093_174D	68A0D	21	same	1.000	ovr095	ExitConversation_ovr095_14D4	src/conv/BABL.C
ovr093	Conversation_VM_ovr093_176E	68A2E	3DA	near	0.904	ovr095	ConversationVM_ovr095_14F5	src/conv/BABL.C
ovr093	OPADD_ovr093_1B48	68E08	39	same	1.000	ovr095	OPADD_ovr095_18CF	src/conv/BABL.C
ovr093	OPNEG_ovr093_1B81	68E41	24	same	1.000	ovr095	OPNEG_ovr095_1908	src/conv/BABL.C
ovr093	OPMUL_ovr093_1BA5	68E65	39	same	1.000	ovr095	OPMUL_ovr095_192C	src/conv/BABL.C
ovr093	OPSUB_ovr093_1BDE	68E9E	11E	none	0.000			
ovr093	OPAND_ovr093_1CFC	68FBC	45	same	1.000	ovr095	OPAND_ovr095_1A83	src/conv/BABL.C
ovr093	TSTGT_ovr093_1D41	69001	42	same	1.000	ovr095	TSTGT_ovr095_1AC8	src/conv/BABL.C
ovr093	TSTGE_ovr093_1D83	69043	42	same	1.000	ovr095	TSTGE_ovr095_1B0A	src/conv/BABL.C
ovr093	TSTLT_ovr093_1DC5	69085	42	same	1.000	ovr095	TSTLT_ovr095_1B4C	src/conv/BABL.C
ovr093	TSTLE_ovr093_1E07	690C7	42	same	1.000	ovr095	TSTLE_ovr095_1B8E	src/conv/BABL.C
ovr093	TSTEQ_ovr093_1E49	69109	42	same	1.000	ovr095	TSTEQ_ovr095_1BD0	src/conv/BABL.C
ovr093	TSTNE_ovr093_1E8B	6914B	42	same	1.000	ovr095	TSTNE_ovr095_1C12	src/conv/BABL.C
ovr093	CALL_ovr093_1ECD	6918D	2E	same	1.000	ovr095	CALL_ovr095_1C54	src/conv/BABL.C
ovr093	RET_ovr093_1EFB	691BB	28	same	1.000	ovr095	RET_ovr095_1C82	src/conv/BABL.C
ovr093	FETCHM_ovr093_1F23	691E3	2D	same	1.000	ovr095	FETCHM_ovr095_1CAA	src/conv/BABL.C
ovr093	OFFSET_ovr093_1F50	69210	3A	same	1.000	ovr095	OFFSET_ovr095_1CD7	src/conv/BABL.C
ovr093	STO_ovr093_1F8A	6924A	33	same	1.000	ovr095	STO_ovr095_1D11	src/conv/BABL.C
ovr093	CallImportedFunction_ovr093_1FBD	6927D	7D	same	1.000	ovr095	CallImportedFunction_ovr095_1D44	src/conv/BABL.C
ovr093	STRCMP_ovr093_203A	692FA	E1	same	1.000	ovr095	STRCMP_ovr095_1DC1	src/conv/BABL.C
ovr093	SAY_OP_ovr093_211B	693DB	A8	near	0.984	ovr095	SAY_OP_ovr095_1EA2	src/conv/BABL.C
ovr093	RESPOND_OP_ovr093_21C3	69483	A8	near	0.984	ovr095	SAY_OP_ovr095_1EA2	src/conv/BABL.C
ovr093	ovr093_226B	6952B	15	same	1.000	ovr095	ReadConvoMemory_ovr095_1FF2	src/conv/BABL.C
ovr093	GetConvoStackValue_ovr093_2280	69540	13	same	1.000	ovr095	GetConvoMemoryValue_ovr095_2007	src/conv/BABL.C
ovr093	ovr093_2293	69553	16	same	1.000	ovr095	StoreValueOnStack_ovr095_201A	src/conv/BABL.C
ovr093	GetValueAtBasePTRPlusArg0_ovr093_22A9	69569	16	same	1.000	ovr095	GetValueAtBasePTRPlusArg0_ovr095_2030	src/conv/BABL.C
ovr093	AddImportedFunction_ovr093_22BF	6957F	6E	near	0.951	ovr095	AddImportedFunction_ovr095_2046	src/conv/BABL.C
ovr093	ImportConverstionVariable_ovr093_232D	695ED	A7	near	0.940	ovr095	ImportConversationVariable_ovr095_20AD	src/conv/BABL.C
ovr093	RetrieveConversationVariable_ovr093_23D4	69694	7F	near	0.959	ovr095	RetrieveConversationVariable_ovr095_214A	src/conv/BABL.C
ovr093	ovr093_2453	69713	C9	near	0.940	ovr095	SomethingWithImportedVariableTypes_ovr095_21BF	src/conv/BABL.C
ovr094	ovr094_0	69980	21	same	1.000	ovr096	SetAttitude_ovr096_728	src/conv/BABLHACK.C
ovr094	set_attitude_ovr094_21	699A1	3B	near	0.926	ovr096	SetAttitude_ovr096_749	src/conv/BABLHACK.C
ovr094	set_race_attitude_ovr094_5C	699DC	177	same	1.000	ovr096	set_race_attitude_ovr096_784	src/conv/BABLHACK.C
ovr094	x_skills_ovr094_1D3	69B53	63	like	0.813	ovr096	x_skills_ovr096_8FB	src/conv/BABLHACK.C
ovr094	x_traps_ovr094_236	69BB6	49	none	0.000			
ovr094	place_object_ovr094_27F	69BFF	1D7	near	0.986	ovr096	place_object_ovr096_9D4	src/conv/BABLHACK.C
ovr094	take_from_npc_inv_ovr094_456	69DD6	68	same	1.000	ovr096	take_from_npc_inv_ovr096_BB7	src/conv/BABLHACK.C
ovr094	add_to_npc_inv_ovr094_4BE	69E3E	34	same	1.000	ovr096	add_to_npc_inv_ovr096_C1F	src/conv/BABLHACK.C
ovr094	remove_taker_ovr094_4F2	69E72	4B	same	1.000	ovr096	remove_talker_ovr096_CA4	src/conv/BABLHACK.C
ovr094	set_quest_ovr094_53D	69EBD	7B	none	0.000			
ovr094	GetQuest_ovr094_5B8	69F38	6C	none	0.000			
ovr094	sex_ovr094_624	69FA4	25	near	0.938	ovr096	Sex_ovr096_EA7	src/conv/BABLHACK.C
ovr094	GronkDoor_ovr094_649	69FC9	101	near	0.985	ovr096	gronk_door_ovr096_ECC	src/conv/BABLHACK.C
ovr094	x_obj_stuff_ovr094_74A	6A0CA	2B9	near	0.992	ovr096	x_obj_stuff_ovr096_FCE	src/conv/BABLHACK.C
ovr094	x_obj_pos_ovr094_A03	6A383	182	near	0.903	ovr096	x_obj_pos_ovr096_1281	src/conv/BABLHACK.C
ovr095	SetupToBarter_ovr095_0	6A590	1A5	near	0.955	ovr097	setup_to_barter_ovr097_0	src/conv/BARTER.C
ovr095	ovr095_1A5	6A735	21D	like	0.610	ovr097	InitNPCTrade_ovr097_1AF	src/conv/BARTER.C
ovr095	end_barter_ovr095_3C2	6A952	CA	none	0.000			
ovr095	ovr095_48C	6AA1C	47	like	0.886	ovr097	ovr097_4CB	src/conv/BARTER.C
ovr095	ovr095_4D3	6AA63	5C	none	0.000			
ovr095	ovr095_52F	6AABF	5C	none	0.000			
ovr095	ovr095_58B	6AB1B	6E	near	0.909	ovr097	ovr097_5F0	src/conv/BARTER.C
ovr095	ovr095_5F9	6AB89	44	near	0.933	ovr097	ovr097_65E	src/conv/BARTER.C
ovr095	ovr095_63D	6ABCD	46	like	0.882	ovr097	ovr097_6A2	src/conv/BARTER.C
ovr095	ovr095_683	6AC13	383	near	0.936	ovr097	LikelySlotInteractionRelated_ovr097_6E8	src/conv/BARTER.C
ovr095	ovr095_A06	6AF96	17A	none	0.000			
ovr095	ovr095_B80	6B110	A2	same	1.000	ovr097	SetObjectInHand_ovr097_C39	src/conv/BARTER.C
ovr095	ovr095_C22	6B1B2	55	same	1.000	ovr097	ovr097_CDB	src/conv/BARTER.C
ovr095	ovr095_C77	6B207	153	same	1.000	ovr097	ObjectCombineToSlot_ovr097_D30	src/conv/BARTER.C
ovr095	ovr095_DCA	6B35A	A9	none	0.000			
ovr095	do_decline_ovr095_E73	6B403	94	near	0.982	ovr097	ReturnTradeObjectsToNPC_ovr097_F76	src/conv/BARTER.C
ovr095	ovr095_F07	6B497	1D5	near	0.988	ovr097	probablyTradeObjects_ovr097_100A	src/conv/BARTER.C
ovr095	ovr095_10DC	6B66C	33	near	0.926	ovr097	AreItemsBeingOffered_ovr097_11DF	src/conv/BARTER.C
ovr095	do_offer_ovr095_110F	6B69F	1AB	near	0.940	ovr097	do_offer_ovr097_1212	src/conv/BARTER.C
ovr095	do_demand_ovr095_12BA	6B84A	217	like	0.804	ovr097	do_demand_ovr097_13BD	src/conv/BARTER.C
ovr095	do_decline_ovr095_14D1	6BA61	D	same	1.000	seg015_1D7C	WaitInputCommand_seg015_1D7C_594	src/ui/MOUSE.C
ovr095	TradeAppraisal_ovr095_14DE	6BA6E	169	near	0.949	ovr097	do_judgement_ovr097_165B	src/conv/BARTER.C
ovr095	ovr095_1647	6BBD7	6A	near	0.961	ovr097	GetTotalValueOfOffering_ovr097_17CB	src/conv/BARTER.C
ovr095	ovr095_16B1	6BC41	108	like	0.858	ovr097	GetTrueValueofItemToNPC_ovr097_1835	src/conv/BARTER.C
ovr095	ovr095_17B9	6BD49	3E	same	1.000	ovr097	GetValueOffsetByRandomRange_ovr097_195A	src/conv/BARTER.C
ovr095	GetSelectedPlayerTradeItems_ovr095_17F7	6BD87	63	near	0.978	ovr097	GetSelectedPlayerTradeItems_ovr097_1998	src/conv/BARTER.C
ovr095	AddObjectToConversationNPCInventory_ovr095_185A	6BDEA	13B	near	0.990	ovr097	GiveObjectToNPC_ovr097_19FB	src/conv/BARTER.C
ovr095	TransferItemToNPC_ovr095_1995	6BF25	68	near	0.978	ovr097	RemoveObjectAndGiveToNPC_ovr097_1B36	src/conv/BARTER.C
ovr095	find_inv_ovr095_19FD	6BF8D	B4	same	1.000	ovr097	Find_INV_ovr097_1B9E	src/conv/BARTER.C
ovr095	take_from_npc_ovr095_1AB1	6C041	191	near	0.993	ovr097	TakeFromNPC_ovr097_1C52	src/conv/BARTER.C
ovr095	take_id_from_npc_ovr095_1C42	6C1D2	155	near	0.992	ovr097	take_id_from_npc_ovr097_1DE3	src/conv/BARTER.C
ovr095	ovr095_1D97	6C327	165	like	0.743	ovr097	probablyTradeObjects_ovr097_100A	src/conv/BARTER.C
ovr095	ovr095_1EFC	6C48C	7F	near	0.955	ovr097	do_inv_delete_ovr097_1F9B	src/conv/BARTER.C
ovr095	set_likes_dislikes_ovr095_1F7B	6C50B	32	same	1.000	ovr097	set_likes_dislikes_ovr097_200C	src/conv/BARTER.C
ovr095	ovr095_1FAD	6C53D	107	near	0.985	ovr097	EvalLikeDislike_ovr097_203E	src/conv/BARTER.C
ovr096	ovr096_0	6C7F0	5	same	1.000	seg015_1D7C	seg015_1D7C_1F6	src/ui/MOUSE.C
ovr096	ovr096_5	6C7F5	5	same	1.000	seg015_1D7C	seg015_1D7C_1F6	src/ui/MOUSE.C
ovr096	ovr096_A	6C7FA	8	same	1.000	ovr099	ovr099_A	src/ui/BROWSE.C
ovr096	ovr096_12	6C802	5	same	1.000	seg015_1D7C	seg015_1D7C_1F6	src/ui/MOUSE.C
ovr096	ovr096_17	6C807	5	same	1.000	seg015_1D7C	seg015_1D7C_1F6	src/ui/MOUSE.C
ovr096	ovr096_1C	6C80C	5	same	1.000	seg015_1D7C	seg015_1D7C_1F6	src/ui/MOUSE.C
ovr096	ovr096_21	6C811	5	same	1.000	seg015_1D7C	seg015_1D7C_1F6	src/ui/MOUSE.C
ovr098	InitPlayer_ovr098_0	6C830	258	like	0.713	ovr101	InitialisePlayer_ovr101_0	src/game/CHARGEN.C
ovr098	ovr098_258	6CA88	EF	near	0.990	ovr101	GetSkillChoices_ovr101_291	src/game/CHARGEN.C
ovr098	ovr098_347	6CB77	150	near	0.969	ovr101	StatsScreen_ovr101_380	src/game/CHARGEN.C
ovr098	ovr098_497	6CCC7	BE	same	1.000	ovr101	ChargenPrintCurrentStatSkills_ovr101_4D0	src/game/CHARGEN.C
ovr098	ovr098_555	6CD85	2D	same	1.000	ovr101	RollSkills_ovr101_58E	src/game/CHARGEN.C
ovr098	ovr098_582	6CDB2	D9	near	0.953	ovr101	CharGenInitClassSkills_ovr101_5BB	src/game/CHARGEN.C
ovr098	ovr098_65B	6CE8B	2EF	near	0.990	ovr101	PrintChargenOptions_ovr101_694	src/game/CHARGEN.C
ovr098	ovr098_94A	6D17A	165	like	0.703	ovr101	MaybePrintChargenQuestion_ovr101_983	src/game/CHARGEN.C
ovr098	ovr098_AAF	6D2DF	195	same	1.000	ovr101	ovr101_BAF	src/game/CHARGEN.C
ovr098	MaybeShrine_ovr098_C44	6D474	323	near	0.952	ovr101	LikelyChargenChoice_ovr101_D44	src/game/CHARGEN.C
ovr098	ovr098_F67	6D797	546	near	0.943	ovr101	CharGen_ovr101_1078	src/game/CHARGEN.C
ovr098	ovr098_14AD	6DCDD	22	same	1.000	ovr101	MaybeAnImageDraw_ovr101_15C3	src/game/CHARGEN.C
ovr098	ovr098_14CF	6DCFF	3F	same	1.000	ovr101	MaybeAnImageUnpack_ovr101_15E5	src/game/CHARGEN.C
ovr098	ovr098_150E	6DD3E	289	like	0.754	ovr101	StartNewGame_ovr101_1624	src/game/CHARGEN.C
ovr098	ovr098_1797	6DFC7	1E	same	1.000	ovr101	ovr101_18AD	src/game/CHARGEN.C
ovr099	ovr099_0	6E140	16	like	0.800	ovr102	LoadCMB_DAT_ovr102_0	src/obj/COMBINE.C
ovr099	ovr099_16	6E156	144	like	0.774	ovr102	FindObjectCombination_ovr102_16	src/obj/COMBINE.C
ovr099	ovr099_15A	6E29A	1F	same	1.000	ovr102	CreateObjectCombinationOutput_ovr102_106	src/obj/COMBINE.C
ovr099	ovr099_179	6E2B9	39	near	0.964	ovr102	CanDoObjectCombination_ovr102_125	src/obj/COMBINE.C
ovr099	RotwormStew_ovr099_1B2	6E2F2	173	none	0.000			
ovr100	TalkTo_ovr100_0	6E490	197	like	0.793	ovr103	TalkTo_ovr103_0	src/conv/CONVERSE.C
ovr100	ovr100_197	6E627	22	same	1.000	ovr101	MaybeAnImageDraw_ovr101_15C3	src/game/CHARGEN.C
ovr100	ovr100_1B9	6E649	28	like	0.812	ovr103	Load8BitUncompressedImage_ovr103_1C7	src/conv/CONVERSE.C
ovr100	BeginConversation_ovr100_1E1	6E671	3FC	none	0.000			
ovr100	ovr100_5DD	6EA6D	26	like	0.750	seg026_2716	ResetPaperInventoryPanel_seg026_2716_12F	src/ui/INTERACT.C
ovr100	ovr100_603	6EA93	5	same	1.000	seg015_1D7C	seg015_1D7C_1F6	src/ui/MOUSE.C
ovr100	InitConversation_ovr100_608	6EA98	375	none	0.000			
ovr100	ovr100_97D	6EE0D	D0	near	0.968	ovr103	ovr103_94A	src/conv/CONVERSE.C
ovr100	babl_menu_ovr100_A4D	6EEDD	1DF	near	0.994	ovr103	babl_menu_ovr103_A13	src/conv/CONVERSE.C
ovr100	babl_fmenu_ovr100_C2C	6F0BC	224	near	0.994	ovr103	babl_fmenu_ovr103_BF2	src/conv/CONVERSE.C
ovr100	ovr100_E50	6F2E0	FC	near	0.918	ovr103	SelectConverstionOptionNo_ovr103_E16	src/conv/CONVERSE.C
ovr100	Say_ovr100_F4C	6F3DC	67	near	0.933	ovr103	Say_ovr103_F05	src/conv/CONVERSE.C
ovr100	Respond_ovr100_FB3	6F443	53	near	0.958	ovr103	Respond_ovr103_F6C	src/conv/CONVERSE.C
ovr100	ovr100_1006	6F496	67	near	0.933	ovr103	MaybePrintConversationText_ovr103_FBF	src/conv/CONVERSE.C
ovr100	print_ovr100_106D	6F4FD	B7	near	0.967	ovr103	print_ovr103_1026	src/conv/CONVERSE.C
ovr100	pause_ovr100_1124	6F5B4	33	like	0.792	ovr103	pause_ovr103_10DD	src/conv/CONVERSE.C
ovr100	babl_ask_ovr100_1157	6F5E7	8E	near	0.979	ovr103	babl_ask_ovr103_1117	src/conv/CONVERSE.C
ovr100	shov_inv_ovr100_11E5	6F675	87	like	0.895	ovr103	show_inv_ovr103_11A5	src/conv/CONVERSE.C
ovr100	find_barter_ovr100_126C	6F6FC	AE	like	0.896	ovr103	find_barter_ovr103_122C	src/conv/CONVERSE.C
ovr100	find_barter_total_ovr100_131A	6F7AA	14B	same	1.000	ovr103	find_barter_total_ovr103_12DA	src/conv/CONVERSE.C
ovr100	give_to_npc_ovr100_1465	6F8F5	E8	like	0.750	ovr103	give_to_npc_ovr103_1425	src/conv/CONVERSE.C
ovr100	give_ptr_npc_ovr100_154D	6F9DD	D2	none	0.000			
ovr100	do_inv_delete_ovr100_161F	6FAAF	1B	same	1.000	ovr103	do_inv_delete_ovr103_16A2	src/conv/CONVERSE.C
ovr100	find_inv_ovr100_163A	6FACA	2B	same	1.000	ovr103	find_inv_ovr103_16BD	src/conv/CONVERSE.C
ovr100	take_from_npc_ovr100_1665	6FAF5	1B	same	1.000	ovr103	do_inv_delete_ovr103_16A2	src/conv/CONVERSE.C
ovr100	take_id_from_npc_ovr100_1680	6FB10	1B	same	1.000	ovr103	do_inv_delete_ovr103_16A2	src/conv/CONVERSE.C
ovr100	do_inv_create_ovr100_169B	6FB2B	1B	same	1.000	ovr103	do_inv_delete_ovr103_16A2	src/conv/CONVERSE.C
ovr100	identify_inv_ovr100_16B6	6FB46	1F2	near	0.984	ovr103	identify_inv_ovr103_1739	src/conv/CONVERSE.C
ovr100	count_inv_ovr100_18A8	6FD38	5C	same	1.000	ovr103	count_inv_ovr103_192B	src/conv/CONVERSE.C
ovr100	check_inv_quality_ovr100_1904	6FD94	36	same	1.000	ovr103	check_inv_quality_ovr103_1987	src/conv/CONVERSE.C
ovr100	set_inv_quality_ovr100_193A	6FDCA	37	like	0.830	ovr103	set_inv_quality_ovr103_19BD	src/conv/CONVERSE.C
ovr101	ovr101_0	700B0	17	near	0.900	ovr104	LoadCrittersObjectsDat_ovr104_0	src/critter/CREATURE.C
ovr101	ovr101_17	700C7	17	near	0.900	ovr104	LoadCrittersObjectsDat_ovr104_0	src/critter/CREATURE.C
ovr101	ovr101_2E	700DE	30	near	0.944	ovr104	GetObjectDatForMajorClass1_ovr104_2E	src/critter/CREATURE.C
ovr101	ovr101_5E	7010E	2D2	like	0.865	ovr104	InitialiseCritterValues_ovr104_73	src/critter/CREATURE.C
ovr103	ImportConversationVariables_ovr103_0	70400	492	like	0.896	ovr106	ImportConversationVariables_ovr106_0	src/conv/CONVVARS.C
ovr103	RetrieveImportedVariablesAfterConversation_ovr103_492	70892	1F1	like	0.898	ovr106	RetrieveImportedVariablesAfterConversation_ovr106_48F	src/conv/CONVVARS.C
ovr104	SetGoalAndGtarg_ovr104_0	70AF0	3E	same	1.000	ovr107	SetGoalAndGTargForNPC_ovr107_0	src/critter/CRITTIME.C
ovr104	ovr104_3E	70B2E	7D	same	1.000	ovr107	SomethingWithUpdatingAllNPCHunger_ovr107_3E	src/critter/CRITTIME.C
ovr104	ovr104_BB	70BAB	5A	same	1.000	ovr107	GetDefaultFreePositionOnTile_ovr107_BB	src/critter/CRITTIME.C
ovr104	CalmNPCS_ovr104_115	70C05	2F8	near	0.977	ovr107	ReturnNPCsToHomeTile_ovr107_115	src/critter/CRITTIME.C
ovr104	CalmMobileObjects_ovr104_40D	70EFD	129	near	0.941	ovr107	StopMobileObjects_ovr107_427	src/critter/CRITTIME.C
ovr104	ResetMobileObjects_ovr104_536	71026	148	near	0.992	ovr107	ResetMobileObjectsAndNPCs_ovr107_56F	src/critter/CRITTIME.C
ovr104	ovr104_67E	7116E	73	near	0.909	ovr107	TestForNPCHostileAndAwareOfPlayer_ovr107_6B7	src/critter/CRITTIME.C
ovr104	CheckNearbyNPCHunger_ovr104_6F1	711E1	2B	like	0.875	ovr107	TestNearbyNPCHunger_ovr107_73B	src/critter/CRITTIME.C
ovr104	ovr104_71C	7120C	464	near	0.983	ovr107	NPCFindsSleepingPlayer_ovr107_766	src/critter/CRITTIME.C
ovr104	UpdateNearByNPCMovements_ovr104_B80	71670	2B	like	0.875	ovr107	NPCSHuntForSleepingPlayer_ovr107_DBB	src/critter/CRITTIME.C
ovr104	LoadCombatState_ovr104_BAB	7169B	34	like	0.647	ovr107	LoadCombatState_ovr107_DE6	src/critter/CRITTIME.C
ovr104	SaveCombatState_ovr104_BDF	716CF	44	like	0.714	ovr107	SaveRecentCombatAction_ovr107_E1A	src/critter/CRITTIME.C
ovr104	ovr104_C23	71713	14	like	0.800	ovr107	ResetLastDamagedCharacter_ovr107_E98	src/critter/CRITTIME.C
ovr104	AngerNPCByIllegalAction_ovr104_C37	71727	215	near	0.950	ovr107	AngerNPCByIllegalAction_ovr107_EAB	src/critter/CRITTIME.C
ovr104	ovr104_E4C	7193C	94	like	0.840	ovr107	FlagTheftToObjectOwner_ovr107_10F0	src/critter/CRITTIME.C
ovr105	ovr105_0	71A40	10	same	1.000	ovr108	ovr108_613	src/gfx/CUTS.C
ovr105	ovr105_10	71A50	44	same	1.000	ovr108	ovr108_623	src/gfx/CUTS.C
ovr105	ovr105_54	71A94	A	same	1.000	seg037_32C0	seg037_32C0_2BE	src/ui/PANELS.C
ovr105	ovr105_5E	71A9E	3C	same	1.000	ovr108	ovr108_671	src/gfx/CUTS.C
ovr105	ovr105_9A	71ADA	A3	near	0.985	ovr108	ProbablyReadDescriptors_ovr108_6AD	src/gfx/CUTS.C
ovr105	ovr105_13D	71B7D	67	near	0.905	ovr108	ReadCutsN0XData_ovr108_751	src/gfx/CUTS.C
ovr105	ovr105_1A4	71BE4	48	like	0.677	ovr108	ProbablyReadCutsImageData_ovr108_7BF	src/gfx/CUTS.C
ovr105	ovr105_1EC	71C2C	89	none	0.000			
ovr105	ovr105_275	71CB5	6C	same	1.000	ovr108	ReadCutsN0XPaletteData_ovr108_8C8	src/gfx/CUTS.C
ovr105	ovr105_2E1	71D21	CA	same	1.000	ovr108	ovr108_934	src/gfx/CUTS.C
ovr105	ovr105_3AB	71DEB	B	none	0.000			
ovr105	CutsceneDisplayString_ovr105_3B6	71DF6	200	near	0.980	ovr108	CutsceneDisplayString_ovr108_C38	src/gfx/CUTS.C
ovr105	Cutscene_1_SetFlag_ovr105_5B6	71FF6	F	same	1.000	ovr108	Cutscene_1_ClearFlag_ovr108_E4D	src/gfx/CUTS.C
ovr105	CutsceneNOP_ovr105_5C5	72005	8	same	1.000	ovr108	CutsceneNOP_ovr108_E5C	src/gfx/CUTS.C
ovr105	Cutscene_3_Pause_ovr105_5CD	7200D	2D	like	0.842	ovr108	Cutscene_3_Pause_ovr108_E64	src/gfx/CUTS.C
ovr105	Cutscene_14_Wait_ovr105_5FA	7203A	47	like	0.821	ovr108	Cutscene_14_Wait_ovr108_E91	src/gfx/CUTS.C
ovr105	Cutscene4_PlayToFrame_ovr105_641	72081	41	like	0.852	ovr108	Cutscene4_PlayToFrame_ovr108_ED8	src/gfx/CUTS.C
ovr105	Cutscene5_UNK_ovr105_682	720C2	F	like	0.714	ovr108	Cutscene_1_ClearFlag_ovr108_E4D	src/gfx/CUTS.C
ovr105	Cutscene_End_ovr105_691	720D1	14	like	0.800	ovr108	Cutscene_End_ovr108_F27	src/gfx/CUTS.C
ovr105	Cutscene_RepeatSeg_ovr105_6A5	720E5	27	like	0.882	ovr108	Cutscene_RepeatSeg_ovr108_F3B	src/gfx/CUTS.C
ovr105	Cutscene_8_ChangeFile_ovr105_6CC	7210C	4D	like	0.675	ovr108	Cutscene_ChangeFile_ovr108_F69	src/gfx/CUTS.C
ovr105	Cutscene_13_TextAndSound_ovr105_719	72159	63	none	0.000			
ovr105	Cutscene_9_FadeOut_ovr105_77C	721BC	22	like	0.811	ovr108	Cutscene_FadeIn_ovr108_1080	src/gfx/CUTS.C
ovr105	Cutscene_10_FadeIn_ovr105_79E	721DE	22	like	0.703	ovr108	Cutscene_FadeOut_ovr108_104C	src/gfx/CUTS.C
ovr105	Cutscene_11_Unk_ovr105_7C0	72200	3D	near	0.941	ovr108	Cutscene_11_Unk_ovr108_10B4	src/gfx/CUTS.C
ovr105	Cutscene_12_Unknown_ovr105_7FD	7223D	1E	like	0.833	ovr108	Cutscene_12_Unknown_ovr108_10ED	src/gfx/CUTS.C
ovr105	Cutscene_15_KLANG_ovr105_81B	7225B	15	like	0.615	ovr123	PrintSpellFailureReason_ovr123_471	src/combat/RUNES.C
ovr105	ovr105_830	72270	39	like	0.682	ovr108	ovr108_13D6	src/gfx/CUTS.C
ovr105	CutsceneDataProcessing_ovr105_869	722A9	B99	none	0.000			
ovr105	PlayCutscene_ovr105_1402	72E42	E1	like	0.838	ovr108	PlayCutscene_ovr108_2DC5	src/gfx/CUTS.C
ovr105	ovr105_14E3	72F23	13	same	1.000	seg032_2E9B	SetObjectRendingDataPtr_seg032_2E9B_24A	src/3d/VIEW3D.C
ovr105	OpenCutsFile_ovr105_14F6	72F36	143	near	0.985	ovr108	OpenCutsFile_ovr108_2EAC	src/gfx/CUTS.C
ovr105	ovr105_1639	73079	19	none	0.000			
ovr106	ovr106_0	73140	1B	like	0.690	ovr109	ovr109_0	src/sys/DEBUG.C
ovr106	SetBasePtrToStackPtr_ovr106_1B	7315B	5	same	1.000	seg015_1D7C	seg015_1D7C_1F6	src/ui/MOUSE.C
ovr106	ovr106_20	73160	5	same	1.000	seg015_1D7C	seg015_1D7C_1F6	src/ui/MOUSE.C
ovr107	ovr107_0	73170	949	same	1.000	ovr110	TeleportCharToTile_ovr110_0	src/event/WORLDEV.C
ovr107	Teleport_ovr107_949	73AB9	AF	none	0.000			
ovr107	ChangeTile_ovr107_9F8	73B68	2BA	none	0.000			
ovr107	DamageTrap_ovr107_CB2	73E22	C2	near	0.930	ovr110	DamageTrap_ovr110_141B	src/event/WORLDEV.C
ovr107	SpellTrap_ovr107_D74	73EE4	50	same	1.000	ovr110	SpellTrap_ovr110_14DB	src/event/WORLDEV.C
ovr107	Fishing_ovr107_DC4	73F34	DD	like	0.849	ovr110	UseFishingPole_ovr110_152B	src/event/WORLDEV.C
ovr107	Bullfrog_ovr107_EA1	74011	16A	none	0.000			
ovr107	EmeraldDoTrap_ovr107_100B	7417B	1AE	none	0.000			
ovr107	TrespassTrap_ovr107_11B9	74329	19	like	0.621	seg040_34E7	ReleaseSpell_seg040_34E7_C38	src/obj/OBJUSE.C
ovr107	do_trap_platform_ovr107_11D2	74342	87	near	0.990	ovr110	HackTrapChangeHeight_ovr110_1725	src/event/WORLDEV.C
ovr107	ExplodingBook_ovr107_1259	743C9	C0	none	0.000			
ovr107	TalkingDoor_ovr107_1319	74489	5A	like	0.600	ovr110	SpawnATalkingRotworm_ovr110_1622	src/event/WORLDEV.C
ovr107	ArialTalking_ovr107_1373	744E3	17	like	0.645	seg040_34E7	ReleaseSpell_seg040_34E7_C38	src/obj/OBJUSE.C
ovr107	RemoveObject_ovr107_138A	744FA	47	same	1.000	ovr110	RemoveNPC_ovr110_18B9	src/event/WORLDEV.C
ovr107	TyballDeath_ovr107_13D1	74541	CE	none	0.000			
ovr107	SpecialDeathCases_ovr107_149F	7460F	130	none	0.000			
ovr107	GetItemDurability_ovr107_15CF	7473F	6D	like	0.899	ovr110	GetItemDurability_ovr110_2424	src/event/WORLDEV.C
ovr107	ovr107_163C	747AC	118	near	0.972	ovr110	RepairItem_ovr110_2491	src/event/WORLDEV.C
ovr107	ItemRepair_ovr107_1754	748C4	1F2	near	0.901	ovr110	ItemRepairLogic_ovr110_25A9	src/event/WORLDEV.C
ovr107	ResetObjectIdentification_ovr107_1946	74AB6	76	same	1.000	ovr110	ClearHeadingBit2ovr110_2799	src/event/WORLDEV.C
ovr107	ResetObjectIdentifcation_ovr107_19BC	74B2C	68	like	0.886	ovr110	ClearHeadingBit2FromAllObjects_ovr110_280F	src/event/WORLDEV.C
ovr109	ovr109_0	74C70	4A	like	0.867	ovr112	GameInitialisation_ovr112_0	src/game/UWEDIT.C
ovr109	ovr109_4A	74CBA	16A	like	0.808	ovr112	SplashPart1_ovr112_36	src/game/UWEDIT.C
ovr109	ovr109_1B4	74E24	40	near	0.900	ovr112	ovr112_1BF	src/game/UWEDIT.C
ovr109	SplashScreen_ovr109_1F4	74E64	18	same	1.000	ovr112	SplashPart2ovr112_1FF	src/game/UWEDIT.C
ovr109	ovr109_20C	74E7C	94	like	0.766	ovr112	ovr112_217	src/game/UWEDIT.C
ovr109	ovr109_2A0	74F10	B	same	1.000	ovr112	ovr112_2BB	src/game/UWEDIT.C
ovr109	ResetMap_ovr109_2AB	74F1B	19	same	1.000	ovr112	ResetMap_ovr112_2C6	src/game/UWEDIT.C
ovr109	ovr109_2C4	74F34	3B	same	1.000	ovr112	SetGameLoopForScreenMode_ovr112_2DF	src/game/UWEDIT.C
ovr109	ShowMapAndOtherFullScreenUIs_ovr109_2FF	74F6F	6F	same	1.000	ovr112	ShowMapAndOtherFullScreenUIs_ovr112_31A	src/game/UWEDIT.C
ovr109	ovr109_36E	74FDE	D	same	1.000	ovr112	ovr112_389	src/game/UWEDIT.C
ovr109	ovr109_37B	74FEB	AD	like	0.850	ovr112	ovr112_396	src/game/UWEDIT.C
ovr109	ovr109_428	75098	14	same	1.000	ovr112	MaybeSetupConversationUI_ovr112_448	src/game/UWEDIT.C
ovr109	ovr109_43C	750AC	BF	like	0.746	ovr112	ResetCharacter_ovr112_485	src/game/UWEDIT.C
ovr109	DeathEndGame_ovr109_4FB	7516B	D9	near	0.966	ovr112	ReturnToMainMenu_ovr112_57C	src/game/UWEDIT.C
ovr109	soundrelated_ovr109_5D4	75244	A	same	1.000	seg037_32C0	seg037_32C0_2BE	src/ui/PANELS.C
ovr109	DividByZeroError_ovr109_5DE	7524E	4F	near	0.970	ovr112	DivideByZeroError_ovr112_661	src/game/UWEDIT.C
ovr109	Teleport_ovr109_62D	7529D	113	like	0.789	ovr112	TeleportToPosition_ovr112_6B0	src/game/UWEDIT.C
ovr109	ovr109_740	753B0	31	none	0.000			
ovr110	ovr110_0	754F0	AB	like	0.899	ovr114	ErrorHandler_ovr114_0	src/sys/ERROR.C
ovr110	ovr110_AB	7559B	1C	near	0.933	ovr114	MaybeErrorHandler_ovr114_AB	src/sys/ERROR.C
ovr110	CanNoLongerRunError_ovr110_C7	755B7	8C	near	0.982	ovr114	ErrorCanNoLongerRun_ovr114_D1	src/sys/ERROR.C
ovr110	ovr110_153	75643	38	near	0.902	ovr114	ExitWithError_ovr114_15D	src/sys/ERROR.C
ovr112	ovr112_0	756C0	149	near	0.967	ovr116	SaveScreenshot_ovr116_0	src/gfx/SCRSHOT.C
ovr112	ovr112_149	75809	4B	same	1.000	ovr116	ovr116_149	src/gfx/SCRSHOT.C
ovr112	ovr112_194	75854	2F	same	1.000	ovr116	ovr116_194	src/gfx/SCRSHOT.C
ovr112	ovr112_1C3	75883	E0	same	1.000	ovr116	ovr116_1C3	src/gfx/SCRSHOT.C
ovr112	ovr112_2A3	75963	17D	same	1.000	ovr116	ovr116_2A3	src/gfx/SCRSHOT.C
ovr112	ovr112_420	75AE0	86	same	1.000	ovr116	ovr116_420	src/gfx/SCRSHOT.C
ovr113	ovr113_0	75B90	1CE	none	0.000			
ovr113	ovr113_1CE	75D5E	5C	none	0.000			
ovr113	ovr113_22A	75DBA	78	none	0.000			
ovr113	ovr113_2A2	75E32	B9	near	0.994	ovr117	ovr117_2FD	src/critter/CRPAGES.C
ovr113	ovr113_35B	75EEB	72	none	0.000			
ovr113	ovr113_3CD	75F5D	4B	none	0.000			
ovr114	ovr114_0	75FF0	35	near	0.950	ovr118	ovr118_0	src/gfx/GRFX.C
ovr114	OpenFont_ovr114_35	76025	88	like	0.764	ovr118	OpenDataFileByParam_ovr118_772B_34	src/gfx/GRFX.C
ovr114	ovr114_BD	760AD	F	same	1.000	ovr118	ovr118_D3	src/gfx/GRFX.C
ovr114	ovr114_CC	760BC	2F	same	1.000	ovr118	ProbablyResetScreen_ovr118_E2	src/gfx/GRFX.C
ovr114	ovr114_FB	760EB	5F	near	0.920	ovr118	OpenPalsDat_ovr118_772B_111	src/gfx/GRFX.C
ovr114	GetPalette_ovr114_15A	7614A	2E	same	1.000	ovr118	SetPalette_ovr118_171	src/gfx/GRFX.C
ovr114	ovr114_188	76178	2B	same	1.000	ovr118	ApplyCutscenePalette_ovr118_19F	src/gfx/GRFX.C
ovr114	ovr114_1B3	761A3	106	near	0.938	ovr118	ovr118_213	src/gfx/GRFX.C
ovr114	ovr114_2B9	762A9	E8	near	0.929	ovr118	ovr118_330	src/gfx/GRFX.C
ovr114	ovr114_3A1	76391	43	same	1.000	ovr118	ovr118_42F	src/gfx/GRFX.C
ovr114	ovr114_3E4	763D4	96	near	0.923	ovr118	CallSomeFunction_ovr118_472	src/gfx/GRFX.C
ovr114	ovr114_47A	7646A	17	like	0.818	ovr118	ovr118_51E	src/gfx/GRFX.C
ovr114	ovr114_491	76481	17	like	0.818	ovr118	ovr118_51E	src/gfx/GRFX.C
ovr114	ovr114_4A8	76498	17	like	0.818	ovr118	ovr118_534	src/gfx/GRFX.C
ovr114	ovr114_4BF	764AF	17	like	0.818	ovr118	ovr118_534	src/gfx/GRFX.C
ovr114	ProbablyFlashColour_ovr114_4D6	764C6	28	like	0.867	ovr118	FlashColour_ovr118_562	src/gfx/GRFX.C
ovr114	DoTrapCamera_ovr114_4FE	764EE	51	near	0.961	ovr118	SwitchCamera_ovr118_593	src/gfx/GRFX.C
ovr115	ovr115_0	765C0	89	near	0.981	ovr119	ovr119_0	src/gfx/LOADGR.C
ovr115	ovr115_89	76649	122	like	0.742	ovr119	LoadArtFileData_ovr119_89	src/gfx/LOADGR.C
ovr115	ovr115_1AB	7676B	1B	near	0.923	seg016_1E73	seg016_1E73_29C5	src/sound/SOUND.C
ovr115	ovr115_1C6	76786	B9	near	0.908	ovr119	ReadArtDataToLocation_ovr119_1E5	src/gfx/LOADGR.C
ovr115	ovr115_27F	7683F	54	same	1.000	ovr119	ImageUnpackFunction_ovr119_2A2	src/gfx/LOADGR.C
ovr115	ovr115_2D3	76893	41	same	1.000	ovr119	ovr119_2F6	src/gfx/LOADGR.C
ovr115	ovr115_314	768D4	40	same	1.000	ovr119	ovr119_337	src/gfx/LOADGR.C
ovr115	ovr115_354	76914	6F	same	1.000	ovr119	LoadIconsRelated_ovr119_377	src/gfx/LOADGR.C
ovr115	ovr115_3C3	76983	75	same	1.000	ovr119	LoadIconsRelated_ovr119_3E6	src/gfx/LOADGR.C
ovr115	ovr115_438	769F8	B	like	0.833	ovr119	ReturnSegment_3EE2_0_ovr119_45B	src/gfx/LOADGR.C
ovr115	ovr115_443	76A03	C	same	1.000	ovr119	GetArtResourceDST_ovr119_466	src/gfx/LOADGR.C
ovr115	ovr115_44F	76A0F	7D	same	1.000	ovr119	ovr119_472	src/gfx/LOADGR.C
ovr115	ovr115_4CC	76A8C	59	same	1.000	ovr119	ProbablyArtUnpackCode_ovr119_4EF	src/gfx/LOADGR.C
ovr115	DecodeArtFile_ovr115_525	76AE5	D1	near	0.953	ovr119	LoadArtImage_ovr119_548	src/gfx/LOADGR.C
ovr115	ovr115_5F6	76BB6	2E	like	0.850	ovr119	LoadArtFile_ovr119_61D	src/gfx/LOADGR.C
ovr115	ovr115_624	76BE4	24	like	0.824	ovr119	ovr119_64B	src/gfx/LOADGR.C
ovr115	ovr115_648	76C08	26	like	0.750	ovr119	ovr119_66F	src/gfx/LOADGR.C
ovr115	ovr115_66E	76C2E	103	like	0.713	ovr119	LoadTextureFile_ovr119_695	src/gfx/LOADGR.C
ovr115	ReadGRFile_ovr115_771	76D31	2E	like	0.850	ovr119	LoadGRFile_ovr119_91B	src/gfx/LOADGR.C
ovr115	ovr115_79F	76D5F	3D	like	0.880	ovr119	ovr119_949	src/gfx/LOADGR.C
ovr115	ovr115_7DC	76D9C	37	like	0.864	ovr119	LoadArtFile_ovr119_986	src/gfx/LOADGR.C
ovr115	ovr115_813	76DD3	2B	like	0.889	ovr119	LoadPanelsResource_ovr119_9BD	src/gfx/LOADGR.C
ovr115	ovr115_83E	76DFE	195	like	0.820	ovr119	OpenArtFiles_ovr119_9E8	src/gfx/LOADGR.C
ovr115	ovr115_9D3	76F93	58	like	0.880	ovr119	LoadDoorArt_ovr119_B6A	src/gfx/LOADGR.C
ovr116	ovr116_0	77070	3A	like	0.880	ovr120	ReadObjectsDat_Part_1_ovr120_0	src/obj/HACK.C
ovr116	ovr116_3A	770AA	53	near	0.917	ovr120	GetObjectDatForMajorClass0_ovr120_3A	src/obj/HACK.C
ovr117	ClickOnInventorySlot_ovr117_0	77110	192	like	0.754	ovr121	PickupDropWorldorInventory_ovr121_0	src/inv/BAGS.C
ovr117	ovr117_192	772A2	4D	same	1.000	ovr121	ChangeFClassToClosedContainer_ovr121_1A2	src/inv/BAGS.C
ovr117	ovr117_1DF	772EF	8C	like	0.894	ovr121	ovr121_1EF	src/inv/BAGS.C
ovr117	ovr117_26B	7737B	B6	near	0.941	ovr121	ovr121_293	src/inv/BAGS.C
ovr117	ovr117_321	77431	C9	same	1.000	ovr121	ovr121_35B	src/inv/BAGS.C
ovr117	ovr117_3EA	774FA	B4	near	0.984	ovr121	MaybeAnInventoryRedraw_ovr121_424	src/inv/BAGS.C
ovr117	ovr117_49E	775AE	1DE	near	0.989	ovr121	UpdateInventorySlots_ovr121_4D8	src/inv/BAGS.C
ovr117	ovr117_67C	7778C	3B0	near	0.966	ovr121	UseClass2ContainerFromInventory_ovr121_6B6	src/inv/BAGS.C
ovr117	ovr117_A2C	77B3C	24	near	0.941	ovr121	ovr121_A73	src/inv/BAGS.C
ovr117	ovr117_A50	77B60	DD	near	0.976	ovr121	ovr121_A98	src/inv/BAGS.C
ovr117	ovr117_B2D	77C3D	31C	near	0.989	ovr121	AddItemToContainer_ovr121_B76	src/inv/BAGS.C
ovr117	ovr117_E49	77F59	188	near	0.993	ovr121	ovr121_E91	src/inv/BAGS.C
ovr117	ovr117_FD1	780E1	BD	near	0.993	ovr121	GetTotalMassOfObjectList_ovr121_1019	src/inv/BAGS.C
ovr118	ovr118_0	78270	12C	near	0.945	ovr122	CopyPlayerObject_ovr122_22	src/inv/INVSAVE.C
ovr118	ovr118_12C	7839C	DA	near	0.974	ovr122	SaveLoadPlayerDat_ovr122_17C	src/inv/INVSAVE.C
ovr118	ovr118_206	78476	E0	same	1.000	ovr122	ProbablyCopyObjectLists_ovr122_256	src/inv/INVSAVE.C
ovr118	ovr118_2E6	78556	54	same	1.000	ovr122	ovr122_336	src/inv/INVSAVE.C
ovr118	ovr118_33A	785AA	1A	same	1.000	ovr122	ovr122_38A	src/inv/INVSAVE.C
ovr118	ovr118_354	785C4	22	same	1.000	ovr122	ovr122_3A4	src/inv/INVSAVE.C
ovr118	ovr118_376	785E6	55	same	1.000	ovr122	ovr122_3C6	src/inv/INVSAVE.C
ovr118	ovr118_3CB	7863B	F3	same	1.000	ovr122	CopyObjectToSlot_ovr122_41B	src/inv/INVSAVE.C
ovr118	ClearObjectList_ovr118_4BE	7872E	B5	near	0.985	ovr122	ClearObjectList_ovr122_50E	src/inv/INVSAVE.C
ovr118	ovr118_573	787E3	C6	near	0.971	ovr122	CopyPlayerObject_ovr122_5C7	src/inv/INVSAVE.C
ovr118	ovr118_639	788A9	13A	like	0.695	ovr122	LoadPlayerDat_ovr122_68D	src/inv/INVSAVE.C
ovr119	ovr119_0	78A40	64	same	1.000	ovr123	AddRuneStonesToRuneBag_ovr123_0	src/combat/RUNES.C
ovr119	ovr119_64	78AA4	19	same	1.000	ovr123	ClearRuneBag_ovr123_64	src/combat/RUNES.C
ovr119	ovr119_7D	78ABD	62	like	0.884	ovr123	DrawRunestoneAtPoint_ovr123_7D	src/combat/RUNES.C
ovr119	ovr119_DF	78B1F	61	near	0.946	ovr123	DrawRunebagContents_ovr123_D5	src/combat/RUNES.C
ovr119	ovr119_140	78B80	2E	near	0.947	ovr123	ClearSelectedRunes_ovr123_136	src/combat/RUNES.C
ovr119	ovr119_16E	78BAE	14A	like	0.882	ovr123	ProablyRunePanelClick_ovr123_164	src/combat/RUNES.C
ovr119	NotASpellError_ovr119_2B8	78CF8	11	like	0.875	ovr123	NotASpellMessage_ovr123_2A6	src/combat/RUNES.C
ovr119	LookAtActiveSpell_ovr119_2C9	78D09	D0	near	0.964	ovr123	ClickOnActiveSpell_ovr123_2B7	src/combat/RUNES.C
ovr119	PlayerAttemptsSpellCast_ovr119_399	78DD9	CC	like	0.885	ovr123	PlayerAttemptsSpellCast_ovr123_387	src/combat/RUNES.C
ovr119	SpellErrorMessage_ovr119_465	78EA5	23	near	0.938	ovr123	PrintSpellFailureReason_ovr123_471	src/combat/RUNES.C
ovr119	PlayerCastsValidSpell_ovr119_488	78EC8	156	like	0.728	ovr123	PlayerCastsValidSpell_ovr123_494	src/combat/RUNES.C
ovr120	ovr120_0	79070	15	same	1.000	ovr124	RedrawInventorySlot_ovr124_0	src/inv/INVDATA.C
ovr120	GetItemInSlot_ovr120_15	79085	17	near	0.909	ovr124	GetItemInSlot_ovr124_15	src/inv/INVDATA.C
ovr120	ovr120_2C	7909C	2B	same	1.000	ovr124	ovr124_2C	src/inv/INVDATA.C
ovr120	ovr120_57	790C7	F3	same	1.000	ovr124	UseObjectOnSlot_ovr124_57	src/inv/INVDATA.C
ovr120	ovr120_14A	791BA	D2	near	0.988	ovr124	FindObjectInInventorySlot_ovr124_14A	src/inv/INVDATA.C
ovr120	FindObjectInInventory_ovr120_21C	7928C	230	near	0.991	ovr124	SearchInventoryForItem_ovr124_21C	src/inv/INVDATA.C
ovr120	ovr120_44C	794BC	F3	same	1.000	ovr124	FindObjectInObjectList_ovr124_44C	src/inv/INVDATA.C
ovr120	ovr120_53F	795AF	65	near	0.980	ovr124	MaybeGetObjectClickedOn_ovr124_53F	src/inv/INVDATA.C
ovr120	ovr120_5A4	79614	17	near	0.909	ovr124	GetItemInSlot_ovr124_15	src/inv/INVDATA.C
ovr120	ovr120_5BB	7962B	15	same	1.000	ovr124	RemoveObjectFromInventory_ovr124_5BB	src/inv/INVDATA.C
ovr120	RemoveObjectFromInventory_ovr120_5D0	79640	15	same	1.000	ovr124	RemoveQty1FromPlayerInventory_ovr124_5D0	src/inv/INVDATA.C
ovr120	RemoveQTYFromPlayerInventory_ovr120_5E5	79655	1B0	near	0.984	ovr124	RemoveQtyOfObjectFromPlayerInventory_ovr124_5E5	src/inv/INVDATA.C
ovr120	ovr120_795	79805	88	near	0.982	ovr124	ovr124_79F	src/inv/INVDATA.C
ovr120	ovr120_81D	7988D	88	near	0.982	ovr124	FindAndRemoveFromPlayerInventory_ovr124_827	src/inv/INVDATA.C
ovr120	ovr120_8A5	79915	30	same	1.000	ovr124	FindAndRemoveQtyFromPlayerInventory_ovr124_8AF	src/inv/INVDATA.C
ovr120	ovr120_8D5	79945	2CD	near	0.984	ovr124	FindAndRemoveQTYOfObject_ovr124_8DF	src/inv/INVDATA.C
ovr120	ovr120_BA2	79C12	6D	near	0.980	ovr124	CheckIfEquipmentInValidSlot_ovr124_BB9	src/inv/INVDATA.C
ovr120	ovr120_C0F	79C7F	1CE	near	0.927	ovr124	EquipmentDamage_ovr124_C26	src/inv/INVDATA.C
ovr120	ovr120_DDD	79E4D	97	near	0.983	ovr124	GetObjectMass_ovr124_DF2	src/inv/INVDATA.C
ovr120	ovr120_E74	79EE4	21	same	1.000	ovr124	CheckifWeightCanBeCarried_ovr124_E89	src/inv/INVDATA.C
ovr121	ovr121_0	79FA0	48	like	0.871	ovr125	ProbablyResetPaperdoll_ovr125_0	src/inv/INVPANEL.C
ovr121	ovr121_48	79FE8	19D	near	0.906	ovr125	ProbablyInitConversationUI_ovr125_48	src/inv/INVPANEL.C
ovr121	ovr121_1E5	7A185	5	same	1.000	seg015_1D7C	seg015_1D7C_1F6	src/ui/MOUSE.C
ovr121	ovr121_1EA	7A18A	57	same	1.000	ovr125	ClearPaperDollSlots_ovr125_1EB	src/inv/INVPANEL.C
ovr121	ovr121_241	7A1E1	342	like	0.803	ovr125	TradeInventorySlotClick_ovr125_242	src/inv/INVPANEL.C
ovr121	ovr121_583	7A523	B4	like	0.893	ovr125	ovr125_5B4	src/inv/INVPANEL.C
ovr121	ovr121_637	7A5D7	3A	like	0.875	ovr125	LoadMaleOrFemaleArmourArt_ovr125_68B	src/inv/INVPANEL.C
ovr121	ovr121_671	7A611	22B	near	0.910	ovr125	ProbablyRedrawInventory_ovr125_6C5	src/inv/INVPANEL.C
ovr121	ovr121_89C	7A83C	BE	near	0.974	ovr125	InventorySlotRedraw_ovr125_904	src/inv/INVPANEL.C
ovr121	ovr121_95A	7A8FA	BA	same	1.000	ovr125	SwapTradeSlotObject_ovr125_9C2	src/inv/INVPANEL.C
ovr121	ovr121_A14	7A9B4	137	near	0.913	ovr125	MoveQuantity_ovr125_A7C	src/inv/INVPANEL.C
ovr121	MaybeContainerLogic_ovr121_B4B	7AAEB	5C0	like	0.863	ovr125	CanObjectBeAddedToSlot_ovr125_BB1	src/inv/INVPANEL.C
ovr121	ovr121_110B	7B0AB	54	same	1.000	ovr125	MaybeItemClickOnSlot_ovr125_1208	src/inv/INVPANEL.C
ovr121	ovr121_115F	7B0FF	50	same	1.000	ovr125	PutObjectInInventorySlot_ovr125_125C	src/inv/INVPANEL.C
ovr121	ovr121_11AF	7B14F	16C	near	0.978	ovr125	CanObjectStackInContainer_ovr125_12AC	src/inv/INVPANEL.C
ovr121	ovr121_131B	7B2BB	305	near	0.989	ovr125	UseObjectOnInventorySlot_ovr125_1429	src/inv/INVPANEL.C
ovr121	MaybeRefreshInventory_ovr121_1620	7B5C0	46	like	0.821	ovr125	ovr125_1730	src/inv/INVPANEL.C
ovr121	ovr121_1666	7B606	1C1	near	0.966	ovr125	RedrawRangeOfSlots_ovr125_1776	src/inv/INVPANEL.C
ovr121	UpdateWeightDisplay_ovr121_1827	7B7C7	85	near	0.962	ovr125	UpdateWeightCapacityOnScreen_ovr125_1935	src/inv/INVPANEL.C
ovr121	ovr121_18AC	7B84C	9A	near	0.909	ovr125	ovr125_19BA	src/inv/INVPANEL.C
ovr122	LookAt_ovr122_0	7BA10	34A	like	0.896	ovr126	LookDescription_ovr126_75BD_0	src/obj/LOOK.C
ovr122	LookAtMagicEquipment_ovr122_34A	7BD5A	62	none	0.000			
ovr122	MagicItemDescription_ovr122_3AC	7BDBC	1DA	like	0.843	ovr126	MagicItemDescription_ovr126_45F	src/obj/LOOK.C
ovr122	Read_ovr122_586	7BF96	13B	like	0.842	ovr126	LookAtReadableItems_ovr126_6BC	src/obj/LOOK.C
ovr122	ovr122_6C1	7C0D1	25A	like	0.857	ovr126	MiscMajor5Minor2_ObjectUsage_ovr126_82B	src/obj/LOOK.C
ovr122	LookAtBones_ovr122_91B	7C32B	DB	near	0.914	ovr126	LookAtBones_ovr126_AB0	src/obj/LOOK.C
ovr122	LookAtKey_ovr122_9F6	7C406	42	same	1.000	ovr126	LookAtKey_ovr126_BA6	src/obj/LOOK.C
ovr122	LookAtNPC_ovr122_A38	7C448	1D9	near	0.901	ovr126	GetNPCDescription_ovr126_BE8	src/obj/LOOK.C
ovr122	LookAtObject_ovr122_C11	7C621	B2	near	0.955	ovr126	LookAtItem_ovr126_DDA	src/obj/LOOK.C
ovr122	LookAtTalisman_ovr122_CC3	7C6D3	A3	none	0.000			
ovr123	ovr123_0	7C830	37	near	0.952	ovr128	InitialiseEmptyTileMapData_ovr128_0	src/map/MAP.C
ovr123	ovr123_37	7C867	3F	same	1.000	ovr128	OverwriteAllTiles_ovr128_37	src/map/MAP.C
ovr123	ovr123_76	7C8A6	F8	none	0.000			
ovr123	ovr123_16E	7C99E	EE	none	0.000			
ovr125	ovr125_0	7CAC0	3A	like	0.880	ovr130	ObjectDatFileReads_ovr130_0	src/obj/MISC.C
ovr125	ovr125_3A	7CAFA	4F	near	0.904	ovr130	MajorClass2_ovr130_3A	src/obj/MISC.C
ovr126	Acknowledgements_ovr126_0	7CB50	18	same	1.000	ovr131	PlayCredits_ovr131_0	src/game/CREDITS.C
ovr127	ovr127_0	7CB70	7	same	1.000	ovr132	Interupt4_COM1_ovr132_0	src/sys/COM1INT.C
ovr129	ovr129_0	7CB90	EE	near	0.930	ovr134	LoadDatFiles_ovr134_0	src/obj/OBJCLASS.C
ovr129	ovr129_EE	7CC7E	7	same	1.000	ovr102	SetsALtoZero_ovr102_15E	src/obj/COMBINE.C
ovr129	ovr129_F5	7CC85	35	near	0.936	ovr134	GetObjectDatForItem_ovr134_F5	src/obj/OBJCLASS.C
ovr130	ovr130_0	7CCE0	121	none	0.000			
ovr130	ovr130_121	7CE01	2A	none	0.000			
ovr130	ovr130_14B	7CE2B	3B	none	0.000			
ovr130	ovr130_186	7CE66	38	none	0.000			
ovr130	ovr130_1BE	7CE9E	56	none	0.000			
ovr130	ovr130_214	7CEF4	1E	like	0.750	seg015_1D7C	GetCommand_seg015_1D7C_5A1	src/ui/MOUSE.C
ovr130	ovr130_232	7CF12	5A	none	0.000			
ovr130	ovr130_28C	7CF6C	1E	like	0.720	ovr136	ovr136_51E	src/ui/WRAPPER.C
ovr130	ovr130_2AA	7CF8A	A9	none	0.000			
ovr130	ovr130_353	7D033	62	none	0.000			
ovr130	ovr130_3B5	7D095	58	none	0.000			
ovr130	ovr130_40D	7D0ED	58	none	0.000			
ovr130	ovr130_465	7D145	B2	none	0.000			
ovr130	ovr130_517	7D1F7	57	none	0.000			
ovr130	ovr130_56E	7D24E	AA	none	0.000			
ovr130	ovr130_618	7D2F8	5B	none	0.000			
ovr130	ovr130_673	7D353	16	like	0.750	seg005_105F	Init_RNG_seg005_105F_DD6	
ovr130	ovr130_689	7D369	4D	none	0.000			
ovr130	ovr130_6D6	7D3B6	1C	like	0.629	ovr108	FadingRelated_ovr108_B6D	src/gfx/CUTS.C
ovr130	ovr130_6F2	7D3D2	F6	none	0.000			
ovr130	ovr130_7E8	7D4C8	45	none	0.000			
ovr131	ovr131_0	7D5B0	1DD	none	0.000			
ovr131	ovr131_1DD	7D78D	30	none	0.000			
ovr131	ApplyTerrainData_ovr131_20D	7D7BD	D5	like	0.682	ovr140	LoadTextureMapData_ovr140_9F	src/map/TEXTMAPS.C
ovr131	ovr131_2E2	7D892	93	none	0.000			
ovr131	LoadT64AndDoorsGR_ovr131_375	7D925	127	none	0.000			
ovr131	LoadTextureFile_ovr131_49C	7DA4C	145	none	0.000			
ovr131	BuildTerrainData_ovr131_5E1	7DB91	A5	like	0.645	ovr140	LoadTerrainDat_ovr140_24B	src/map/TEXTMAPS.C
ovr133	ovr133_0	7DCC0	5	same	1.000	seg015_1D7C	seg015_1D7C_1F6	src/ui/MOUSE.C
ovr133	ovr133_5	7DCC5	FB	like	0.886	ovr142	CopyPlayerPropsFromObjectToPDAT_ovr142_5	src/game/PLAYDATA.C
ovr133	ovr133_100	7DDC0	E4	like	0.897	ovr142	ReadPlayerDat_ovr142_102	src/game/PLAYDATA.C
ovr133	ResetPlayerStatusValues_ovr133_1E4	7DEA4	78	near	0.951	ovr142	ResetSomePlayerValues_ovr142_200	src/game/PLAYDATA.C
ovr133	ApplyMazeTexture_ovr133_25C	7DF1C	3D	none	0.000			
ovr133	ovr133_299	7DF59	AE	same	1.000	ovr142	ShroomsCameraEffects_ovr142_27F	src/game/PLAYDATA.C
ovr133	ActiveEnchantedItem_Spells_ovr133_347	7E007	237	like	0.758	ovr142	ActiveEnchantedItem_Spells_ovr142_32D	src/game/PLAYDATA.C
ovr133	RetrieveActiveSpells_ovr133_57E	7E23E	84	near	0.944	ovr142	RetrieveActiveSpells_ovr142_591	src/game/PLAYDATA.C
ovr133	MazeNavigation_ovr133_602	7E2C2	5B	none	0.000			
ovr133	ApplyDefenceStealthBonuses_ovr133_65D	7E31D	D0	near	0.964	ovr142	ApplyDefenceStealthBonuses_ovr142_615	src/game/PLAYDATA.C
ovr133	ovr133_72D	7E3ED	57	same	1.000	ovr142	GetArmourProtection_ovr142_6DB	src/game/PLAYDATA.C
ovr133	PlayerStatusUpdate_ovr133_784	7E444	39B	near	0.936	ovr142	RefreshPlayerStatus_ovr142_732	src/game/PLAYDATA.C
ovr134	ovr134_0	7E830	22	like	0.846	ovr122	ovr122_0	src/inv/INVSAVE.C
ovr134	ovr134_22	7E852	B0	same	1.000	ovr143	InitPlayerObject_ovr143_0	src/game/PLAYER.C
ovr134	InitPlayerAndRegisterKeys_ovr134_D2	7E902	609	like	0.729	ovr143	InitPlayerAndRegisterKeys_ovr143_B0	src/game/PLAYER.C
ovr134	ovr134_6DB	7EF0B	25D	near	0.993	ovr143	ovr143_722	src/game/PLAYER.C
ovr134	ovr134_938	7F168	6E	same	1.000	ovr143	ovr143_97F	src/game/PLAYER.C
ovr134	ovr134_9A6	7F1D6	6D	like	0.776	ovr143	PrintPlayerPosition_ovr143_9ED	src/game/PLAYER.C
ovr134	PrintGameVersion_ovr134_A13	7F243	1B	like	0.833	ovr143	PrintGameVersion_ovr143_A67	src/game/PLAYER.C
ovr134	SetCameraViewAtObject_ovr134_A2E	7F25E	C9	same	1.000	ovr143	SetCameraViewObjectDefaults_ovr143_A82	src/game/PLAYER.C
ovr134	ovr134_AF7	7F327	B8	like	0.825	ovr143	RoamingSightInput_ovr143_B4B	src/game/PLAYER.C
ovr134	ChangeCameraReference_ovr134_BAF	7F3DF	F9	near	0.960	ovr143	ChangeReferenceToCameraObject_ovr143_C4D	src/game/PLAYER.C
ovr134	SetCameraAtObject_ovr134_CA8	7F4D8	16	same	1.000	ovr143	MakeObjectTheCamera_ovr143_D46	src/game/PLAYER.C
ovr134	DoTrapCamera_ovr134_CBE	7F4EE	94	like	0.865	ovr143	HackTrapCamera_ovr143_D5C	src/game/PLAYER.C
ovr134	LaunchPlayerAtMoongate_ovr134_D52	7F582	F4	same	1.000	ovr143	LaunchPlayerAtMoongate_ovr143_E09	src/game/PLAYER.C
ovr134	ovr134_E46	7F676	5B	same	1.000	ovr143	LookUpDown_ovr143_EFD	src/game/PLAYER.C
ovr134	ovr134_EA1	7F6D1	25	like	0.875	ovr143	ChangeCameraRoll_ovr143_F58	src/game/PLAYER.C
ovr134	ovr134_EC6	7F6F6	26	like	0.839	ovr143	LookUpDown_ovr143_F7D	src/game/PLAYER.C
ovr137	ovr137_0	7F8B0	5	same	1.000	seg015_1D7C	seg015_1D7C_1F6	src/ui/MOUSE.C
ovr138	ovr138_0	7F8C0	22	same	1.000	ovr101	MaybeAnImageDraw_ovr101_15C3	src/game/CHARGEN.C
ovr138	ovr138_22	7F8E2	72	same	1.000	ovr147	ovr147_22	src/ui/MAINMENU.C
ovr138	ovr138_94	7F954	39	none	0.000			
ovr138	ovr138_CD	7F98D	2F	near	0.905	ovr147	PlayIntroIfNoSaveGames_ovr147_94	src/ui/MAINMENU.C
ovr138	DrawMainMenuLoadScreen_ovr138_FC	7F9BC	14C	near	0.969	ovr147	DrawMainMenuLoadScreen_ovr147_CC	src/ui/MAINMENU.C
ovr138	MainMenu_ovr138_248	7FB08	329	like	0.836	ovr147	MainMenu_ovr147_218	src/ui/MAINMENU.C
ovr138	ovr138_571	7FE31	1F7	near	0.980	ovr147	ovr147_53F	src/ui/MAINMENU.C
ovr138	ovr138_768	80028	1BD	near	0.957	ovr147	MainMenuInputHandler_ovr147_76EE_72C	src/ui/MAINMENU.C
ovr138	MainMenuListSaveGames_ovr138_925	801E5	176	near	0.947	ovr147	MainMenuListSaveGames_ovr147_76EE_W_8E3	src/ui/MAINMENU.C
ovr139	ovr139_0	80400	7	same	1.000	ovr095	do_input_wait_ovr095_A54	src/conv/BABL.C
ovr140	ovr140_0	80410	92	near	0.935	ovr149	MaybeCreateSaveGameFolder_ovr149_0	src/game/GAMEWRAP.C
ovr140	ovr140_92	804A2	9B	none	0.000			
ovr140	ovr140_12D	8053D	FC	none	0.000			
ovr140	EnumerateSaveGames_ovr140_229	80639	DC	like	0.882	ovr149	EnumerateSaveGames_ovr149_1E6	src/game/GAMEWRAP.C
ovr140	ovr140_305	80715	98	near	0.902	ovr149	ListSaveGamesInScroll_ovr149_771E_2C2	src/game/GAMEWRAP.C
ovr140	ovr140_39D	807AD	AE	like	0.878	ovr149	LikeylSelectSaveSlot_ovr149_358	src/game/GAMEWRAP.C
ovr140	RestoreGame_ovr140_44B	8085B	C9	like	0.837	ovr149	OpenSaveGame_ovr149_771E_41B	src/game/GAMEWRAP.C
ovr140	SaveGame_ovr140_514	80924	155	like	0.621	ovr149	SaveGame_ovr149_771E_4E4	src/game/GAMEWRAP.C
ovr140	ovr140_669	80A79	83	near	0.983	ovr149	DeleteFilesInFolder_ovr149_66B	src/game/GAMEWRAP.C
ovr140	ovr140_6EC	80AFC	CF	like	0.839	ovr149	CopyFile_ovr149_771E_6EE	src/game/GAMEWRAP.C
ovr140	ovr140_7BB	80BCB	C6	none	0.000			
ovr140	ChangeLevel_ovr140_881	80C91	85	like	0.895	ovr149	PlayerUpdatesOnLevelChange_ovr149_86E	src/game/GAMEWRAP.C
ovr140	LevelChangeEvents_ovr140_906	80D16	E3	none	0.000			
ovr141	LoadBitMap_ovr141_0	80EF0	FA	none	0.000			
ovr142	OpenAndApplyShadesDat_ovr142_0	81010	11A	like	0.657	ovr152	OpenAndApplyShadesDat_ovr152_4A	src/map/LIGHTING.C
ovr142	ovr142_11A	8112A	67	none	0.000			
ovr142	ovr142_181	81191	A5	like	0.721	ovr152	ChangeShroomPaletteData_ovr152_16E	src/map/LIGHTING.C
ovr143	ovr143_0	81270	70	near	0.935	ovr154	UseDetectionSkills_ovr154_0	src/game/SKILLS.C
ovr143	ovr143_70	812E0	25	same	1.000	ovr154	TrackSkillEvent_ovr154_6E	src/game/SKILLS.C
ovr143	ovr143_95	81305	85	like	0.768	ovr154	CalculateHealthManaWeightValues_ovr154_93	src/game/SKILLS.C
ovr143	LevelUp_ovr143_11A	8138A	78	near	0.959	ovr154	CharLevelUp_ovr154_11C	src/game/SKILLS.C
ovr143	GetGoverningAttribute_ovr143_192	81402	1D	same	1.000	ovr154	GetGoverningStatForSkill_ovr154_194	src/game/SKILLS.C
ovr143	ovr143_1AF	8141F	C2	same	1.000	ovr154	RollSkillStat_ovr154_1B1	src/game/SKILLS.C
ovr143	SkillGain_ovr143_271	814E1	14F	near	0.986	ovr154	AdvanceSkill_ovr154_273	src/game/SKILLS.C
ovr143	SkillAdvanceGreatlyMessage_ovr143_3C0	81630	46	none	0.000			
ovr143	NormalSkillAdvanceMessage_ovr143_406	81676	87	none	0.000			
ovr143	ChantMantraAtShrine_ovr143_48D	816FD	2E2	none	0.000			
ovr143	VictoryScreen_ovr143_76F	819DF	404	like	0.821	ovr154	EndGameStats_ovr154_4A2	src/game/SKILLS.C
ovr143	GaramonDream_ovr143_B73	81DE3	107	none	0.000			
ovr143	SleepingOnDamagingSurface_ovr143_C7A	81EEA	A5	near	0.948	ovr154	SleepingOnDamagingSurface_ovr154_A85	src/game/SKILLS.C
ovr143	Sleep_ovr143_D1F	81F8F	3B6	like	0.758	ovr154	SleepingLogic_ovr154_B2A	src/game/SKILLS.C
ovr143	MakeCampEvent_ovr143_10D5	82345	32	same	1.000	ovr154	MakeCampEvent_ovr154_FFD	src/game/SKILLS.C
ovr143	ChangeHunger_ovr143_1107	82377	7F	near	0.978	ovr154	ChangeHunger_ovr154_102F	src/game/SKILLS.C
ovr143	EndGameFunctions_ovr143_1186	823F6	175	none	0.000			
ovr143	PlantSilverSeed_ovr143_12FB	8256B	1B2	none	0.000			
ovr143	FindTeleportToObject_ovr143_14AD	8271D	74	near	0.938	ovr154	FindItemOnMap_ovr154_1169	src/game/SKILLS.C
ovr143	Resurrection_ovr143_1521	82791	D3	none	0.000			
ovr143	CallBackGateTravel_ovr143_15F4	82864	1C	like	0.727	ovr154	FindMoonStone_ovr154_13EE	src/game/SKILLS.C
ovr143	DeathAndResurrection_ovr143_1610	82880	219	none	0.000			
ovr143	SearchForTrap_ovr143_1829	82A99	8CA54	none	0.000			
ovr143	DefuseTrap_sub_8E27D	10F4ED	1	none	0.000			
