# listing name	listing address	size	matched name	defined at (file:line)
LoadAnimationObjectDat_ovr091_0	ovr091_0	0x17	animobj_load	src/obj/ANIMOBJ.C:16
MajorClass7_ovr091_17	ovr091_17	0x15	animobj_class_data	src/obj/ANIMOBJ.C:22
ovr092_0	ovr092_0	0x5	ReturnFar_ovr092_0	src/sys/STUBS.C:15
ovr092_5	ovr092_5	0xe	ovr092_5	src/sys/STUBS.C:16
ovr092_13	ovr092_13	0x5	ovr092_13	src/sys/STUBS.C:17
ovr092_18	ovr092_18	0x5	Nop_ovr092_18	src/sys/STUBS.C:18
ovr092_1D	ovr092_1D	0x5	ovr092_1D	src/sys/STUBS.C:19
ovr092_22	ovr092_22	0x5	DoNothing_ovr092_22	src/sys/STUBS.C:20
ReturnFar_ovr092_27	ovr092_27	0x5	ReturnFar_ovr092_27	src/sys/STUBS.C:21
SeekToOffset_ovr093_0	ovr093_0	0x128	arc_read_tables	src/sys/ARC.C:58
ovr093_128	ovr093_128	0xf4	arc_write_tables	src/sys/ARC.C:76
ReadDataBlockHeaderValue_ovr093_21C	ovr093_21C	0x52	get_ulong	src/sys/ARC.C:93
WriteFourBytesToFileAtLocation_ovr093_26E	ovr093_26E	0x4c	put_ulong	src/sys/ARC.C:104
BuildArkDataFileName_ovr093_779D_2BA	ovr093_2BA	0x7f	decode_ark	src/sys/ARC.C:114
CopyDataToFile_ovr093_339	ovr093_339	0x6d	ac_suck_data	src/sys/ARC.C:134
OpenArkFile_ovr093_779D_3A6	ovr093_3A6	0xd9	open_arc	src/sys/ARC.C:160
CloseLevArk_ovr093_779D_47F	ovr093_47F	0x32	close_arc	src/sys/ARC.C:184
WriteDataToARKFile_ovr093_779D_4B1	ovr093_4B1	0x782	put_arc	src/sys/ARC.C:203
ReadArkFileBlock_ovr093_C33	ovr093_C33	0x115	get_arc	src/sys/ARC.C:381
ReadDataFileBlock_ovr093_D48	ovr093_D48	0x74	check_arc	src/sys/ARC.C:411
ovr093_DBC	ovr093_DBC	0x5	explode_arc	src/sys/ARC.C:428
ovr093_DC1	ovr093_DC1	0x6e	count_arc	src/sys/ARC.C:434
ViewAutomap_ovr094_0	ovr094_0	0x140	AutoMap	src/ui/AUTOMAP.C:77
UpdateAutomapTiles_ovr094_140	ovr094_140	0x161	automap_area	src/ui/AUTOMAP.C:117
SetALTo1_ovr094_2A1	ovr094_2A1	0x7	ReturnOne_ovr094_2A1	src/ui/AUTOMAP.C:164
ovr094_2A8	ovr094_2A8	0x2b	ovr094_2A8	src/ui/AUTOMAP.C:170
SaveAutomapToArk_ovr094_2D3	ovr094_2D3	0x55	SaveAutoMapLevel	src/ui/AUTOMAP.C:180
LoadAutoMap_ovr094_328	ovr094_328	0x77	GetAutoMapLevel	src/ui/AUTOMAP.C:193
ClosingAutomap_ovr094_39F	ovr094_39F	0x73	ExitAutoMap	src/ui/AUTOMAP.C:211
ClearAutomap_ovr094_412	ovr094_412	0x15	ClearAutoMap	src/ui/AUTOMAP.C:229
ovr094_427	ovr094_427	0x142	ShowDungeonMap	src/ui/AUTOMAP.C:236
ovr094_569	ovr094_569	0xf8	ShadeSide	src/ui/AUTOMAP.C:276
ovr094_661	ovr094_661	0x6c	PixelDarken	src/ui/AUTOMAP.C:323
PossiblyDrawAutomap_ovr094_6CD	ovr094_6CD	0x20d	DoTile	src/ui/AUTOMAP.C:336
ovr094_8DA	ovr094_8DA	0xf8	DoDoorTile	src/ui/AUTOMAP.C:401
ovr094_9D2	ovr094_9D2	0x47	CornerShade_ovr094_9D2	src/ui/AUTOMAP.C:417
ovr094_A19	ovr094_A19	0xf8	DetermineBetterHit	src/ui/AUTOMAP.C:428
ovr094_B11	ovr094_B11	0xce	true_gem_region	src/ui/AUTOMAP.C:457
AutomapRelated_ovr094_BDF	ovr094_BDF	0x568	ManageDungeonMap	src/ui/AUTOMAP.C:483
WriteMapNotesToScreen_ovr094_1147	ovr094_1147	0xba	RedisplayStrings	src/ui/AUTOMAP.C:644
MoveMapNotes_ovr094_1201	ovr094_1201	0xc5	SaveTheWords	src/ui/AUTOMAP.C:663
LoadMapNotesData_ovr094_12C6	ovr094_12C6	0x51	GetTheWords	src/ui/AUTOMAP.C:685
ovr094_1317	ovr094_1317	0x62	show_a_part	src/ui/AUTOMAP.C:698
ovr094_1379	ovr094_1379	0x82	show_gem_parts	src/ui/AUTOMAP.C:715
DisplayAutomapText_ovr094_13FB	ovr094_13FB	0x160	ShowAutoMapLevel	src/ui/AUTOMAP.C:738
ovr094_155B	ovr094_155B	0x33	ChangeAutoMapLevel	src/ui/AUTOMAP.C:791
ChangeThemeToBrittania_ovr094_158E	ovr094_158E	0xa	automap_scr	src/ui/AUTOMAP.C:803
GetMapPieceSegmentNo_ovr094_1598	ovr094_1598	0x8a	map_section	src/ui/AUTOMAP.C:812
CopyMapPiece_ovr094_1622	ovr094_1622	0x256	update_map_scraps	src/ui/AUTOMAP.C:846
AutoMapTrap_ovr094_1878	ovr094_1878	0x63	make_terrain_unseen	src/ui/AUTOMAP.C:922
ovr095_0	ovr095_0	0x31	arc_buffer	
ovr095_31	ovr095_31	0x55	tag_check	src/conv/BABL.C:125
MaybeAllocateSpace_ovr095_86	ovr095_86	0x198	bab_malloc	src/conv/BABL.C:140
ovr095_21E	ovr095_21E	0x177	bab_free	src/conv/BABL.C:178
ovr095_395	ovr095_395	0x2de	bab_realloc	src/conv/BABL.C:216
ReadWriteBabGlobsDAT_ovr095_673	ovr095_673	0xd1	init_babl	src/conv/BABL.C:285
ReadInBGlobals_ovr095_744	ovr095_744	0x9d	bab_get_globals	src/conv/BABL.C:312
SaveBGlobals_ovr095_7E1	ovr095_7E1	0x94	bab_put_globals	src/conv/BABL.C:337
LoadNPCConversation_ovr095_875	ovr095_875	0x1df	load_script	src/conv/BABL.C:367
do_input_wait_ovr095_A54	ovr095_A54	0x7	unbound	src/conv/BABL.C:411
Random_ovr095_A5B	ovr095_A5B	0x30	BabRand_ovr095_A5B	src/conv/BABL.C:415
Compare_ovr095_A8B	ovr095_A8B	0x10a	bab_compare_ovr095_A8B	src/conv/BABL.C:423
Plural_ovr095_B95	ovr095_B95	0x46	babPluralize_ovr095_B95	src/conv/BABL.C:448
Contains_ovr095_BDB	ovr095_BDB	0x12f	StringContains_ovr095_BDB	src/conv/BABL.C:465
Append_ovr095_D0A	ovr095_D0A	0xbd	babl_str_append_ovr095_D0A	src/conv/BABL.C:489
Copy_ovr095_DC7	ovr095_DC7	0x6f	STRING_COPY_ovr095_DC7	src/conv/BABL.C:508
ovr095_E36	ovr095_E36	0x57	conv_find_ovr095_E36	src/conv/BABL.C:523
Length_ovr095_E8D	ovr095_E8D	0x25	conv_length_ovr095_E8D	src/conv/BABL.C:540
Val_ovr095_EB2	ovr095_EB2	0x25	DoVal_ovr095_EB2	src/conv/BABL.C:545
ovr095_ED7	ovr095_ED7	0x7f	add_to	src/conv/BABL.C:551
ConversationTextVariableReplacement_ovr095_F56	ovr095_F56	0x26a	convert_string	src/conv/BABL.C:574
GetStringReplacementNumberValue_ovr095_11C0	ovr095_11C0	0x103	AtIndex_ovr095_11C0	src/conv/BABL.C:646
ReadConversationHeader_ovr095_12C3	ovr095_12C3	0x1ee	DoReadHeader_ovr095_12C3	src/conv/BABL.C:682
CopyConversationCode_ovr095_14B1	ovr095_14B1	0x23	DoCopyCode_ovr095_14B1	src/conv/BABL.C:739
ExitConversation_ovr095_14D4	ovr095_14D4	0x21	ExitConversation_ovr095_14D4	src/conv/BABL.C:745
ConversationVM_ovr095_14F5	ovr095_14F5	0x3da	babl_run	src/conv/BABL.C:756
OPADD_ovr095_18CF	ovr095_18CF	0x39	vmAdd_ovr095_18CF	src/conv/BABL.C:946
OPNEG_ovr095_1908	ovr095_1908	0x24	babl_neg_ovr095_1908	src/conv/BABL.C:952
OPMUL_ovr095_192C	ovr095_192C	0x39	MUL_OPCODE_ovr095_192C	src/conv/BABL.C:956
OPSUB_ovr095_1965	ovr095_1965	0x39	subOpcode_ovr095_1965	src/conv/BABL.C:962
OPDIV_ovr095_199E	ovr095_199E	0x50	BABL_DIV_ovr095_199E	src/conv/BABL.C:969
OPMOD_ovr095_19EE	ovr095_19EE	0x50	BablMod_ovr095_19EE	src/conv/BABL.C:978
OPOR_ovr095_1A3E	ovr095_1A3E	0x45	babBitOr_ovr095_1A3E	src/conv/BABL.C:988
OPAND_ovr095_1A83	ovr095_1A83	0x45	babl_and_ovr095_1A83	src/conv/BABL.C:994
TSTGT_ovr095_1AC8	ovr095_1AC8	0x42	VM_GT_ovr095_1AC8	src/conv/BABL.C:1000
TSTGE_ovr095_1B0A	ovr095_1B0A	0x42	vmTstge_ovr095_1B0A	src/conv/BABL.C:1006
TSTLT_ovr095_1B4C	ovr095_1B4C	0x42	vmTstlt_ovr095_1B4C	src/conv/BABL.C:1012
TSTLE_ovr095_1B8E	ovr095_1B8E	0x42	VmTstle_ovr095_1B8E	src/conv/BABL.C:1018
TSTEQ_ovr095_1BD0	ovr095_1BD0	0x42	ExecTsteq_ovr095_1BD0	src/conv/BABL.C:1024
TSTNE_ovr095_1C12	ovr095_1C12	0x42	opcode_tstne_ovr095_1C12	src/conv/BABL.C:1030
CALL_ovr095_1C54	ovr095_1C54	0x2e	babl_call_ovr095_1C54	src/conv/BABL.C:1039
RET_ovr095_1C82	ovr095_1C82	0x28	bab_ret_ovr095_1C82	src/conv/BABL.C:1044
FETCHM_ovr095_1CAA	ovr095_1CAA	0x2d	exec_fetchm_ovr095_1CAA	src/conv/BABL.C:1053
OFFSET_ovr095_1CD7	ovr095_1CD7	0x3a	vmOffset_ovr095_1CD7	src/conv/BABL.C:1058
STO_ovr095_1D11	ovr095_1D11	0x33	BABL_STORE_ovr095_1D11	src/conv/BABL.C:1064
CallImportedFunction_ovr095_1D44	ovr095_1D44	0x7d	talk_calli_ovr095_1D44	src/conv/BABL.C:1072
STRCMP_ovr095_1DC1	ovr095_1DC1	0xe1	vm_strcmp_ovr095_1DC1	src/conv/BABL.C:1085
SAY_OP_ovr095_1EA2	ovr095_1EA2	0xa8	vmSay_ovr095_1EA2	src/conv/BABL.C:1107
RESPOND_OP_ovr095_1F4A	ovr095_1F4A	0xa8	babl_respond_ovr095_1F4A	src/conv/BABL.C:1125
ReadConvoMemory_ovr095_1FF2	ovr095_1FF2	0x15	getmem_addr	src/conv/BABL.C:1143
GetConvoMemoryValue_ovr095_2007	ovr095_2007	0x13	getmem	src/conv/BABL.C:1147
StoreValueOnStack_ovr095_201A	ovr095_201A	0x16	babl_setmem	src/conv/BABL.C:1151
GetValueAtBasePTRPlusArg0_ovr095_2030	ovr095_2030	0x16	conv_local_ovr095_2030	src/conv/BABL.C:1155
AddImportedFunction_ovr095_2046	ovr095_2046	0x67	bab_fun	src/conv/BABL.C:1161
ImportConversationVariable_ovr095_20AD	ovr095_20AD	0x9d	bab_var	src/conv/BABL.C:1176
RetrieveConversationVariable_ovr095_214A	ovr095_214A	0x75	bab_var_out	src/conv/BABL.C:1195
SomethingWithImportedVariableTypes_ovr095_21BF	ovr095_21BF	0xd7	bab_var_clear	src/conv/BABL.C:1214
ovr095_2296	ovr095_2296	0x5	bab_nothing_ovr095_2296	src/conv/BABL.C:1246
SetFightingInPit_ovr096_0	ovr096_0	0x19	set_me_inarena	src/conv/BABLHACK.C:60
SetBit7InUnk0xA_ovr096_19	ovr096_19	0x1f	set_me_loner	src/conv/BABLHACK.C:67
babl_hack_ovr096_38	ovr096_38	0x319	babl_hack	src/conv/BABLHACK.C:97
CreatePitFighters_ovr096_351	ovr096_351	0x21d	place_pitfighter	src/conv/BABLHACK.C:202
SetSequence_ovr096_56E	ovr096_56E	0x46	set_mob_seq_n_frame	src/conv/BABLHACK.C:251
set_sequence_ovr096_5B4	ovr096_5B4	0x5c	set_sequence	src/conv/BABLHACK.C:263
x_exp_ovr096_610	ovr096_610	0x35	x_exp	src/conv/BABLHACK.C:276
teleport_player_ovr096_645	ovr096_645	0x4d	teleport_player	src/conv/BABLHACK.C:288
teleport_talker_ovr096_692	ovr096_692	0x2a	teleport_talker	src/conv/BABLHACK.C:300
PostConversationTeleport_ovr096_6BC	ovr096_6BC	0x6c	do_babl_teleport	src/conv/BABLHACK.C:309
SetAttitude_ovr096_728	ovr096_728	0x21	set_mob_att	src/conv/BABLHACK.C:325
SetAttitude_ovr096_749	ovr096_749	0x3b	set_attitude	src/conv/BABLHACK.C:331
set_race_attitude_ovr096_784	ovr096_784	0x177	set_race_attitude	src/conv/BABLHACK.C:344
x_skills_ovr096_8FB	ovr096_8FB	0x92	x_skills	src/conv/BABLHACK.C:382
x_traps_ovr096_98D	ovr096_98D	0x47	x_traps	src/conv/BABLHACK.C:404
place_object_ovr096_9D4	ovr096_9D4	0x1e3	place_object	src/conv/BABLHACK.C:419
take_from_npc_inv_ovr096_BB7	ovr096_BB7	0x68	take_from_npc_inv	src/conv/BABLHACK.C:457
add_to_npc_inv_ovr096_C1F	ovr096_C1F	0x34	add_to_npc_inv	src/conv/BABLHACK.C:469
transform_talker_ovr096_C53	ovr096_C53	0x51	transform_talker	src/conv/BABLHACK.C:478
remove_talker_ovr096_CA4	ovr096_CA4	0x4b	remove_talker	src/conv/BABLHACK.C:485
SetQuest_ovr096_CEF	ovr096_CEF	0xa3	set_quest	src/conv/BABLHACK.C:497
GetQuest_ovr096_D92	ovr096_D92	0x80	get_quest	src/conv/BABLHACK.C:514
x_clock_ovr096_E12	ovr096_E12	0x95	x_clock	src/conv/BABLHACK.C:531
Sex_ovr096_EA7	ovr096_EA7	0x25	sex	src/conv/BABLHACK.C:549
gronk_door_ovr096_ECC	ovr096_ECC	0x102	gronk_door	src/conv/BABLHACK.C:557
x_obj_stuff_ovr096_FCE	ovr096_FCE	0x2b3	x_obj_stuff	src/conv/BABLHACK.C:592
x_obj_pos_ovr096_1281	ovr096_1281	0x1d1	x_obj_pos	src/conv/BABLHACK.C:648
setup_to_barter_ovr097_0	ovr097_0	0x1af	setup_to_barter	src/conv/BARTER.C:81
InitNPCTrade_ovr097_1AF	ovr097_1AF	0x234	barter_init	src/conv/BARTER.C:131
end_barter_ovr097_3E3	ovr097_3E3	0xe8	end_barter	src/conv/BARTER.C:172
ovr097_4CB	ovr097_4CB	0x47	play_barter	src/conv/BARTER.C:196
ovr097_512	ovr097_512	0x6f	play_slot_hit_abs	src/conv/BARTER.C:211
ovr097_581	ovr097_581	0x6f	npc_slot_hit_abs	src/conv/BARTER.C:229
ovr097_5F0	ovr097_5F0	0x6e	ovr097_5F0	src/conv/BARTER.C:250
ovr097_65E	ovr097_65E	0x44	conv_inv_special	src/conv/BARTER.C:272
ovr097_6A2	ovr097_6A2	0x46	npc_barter	src/conv/BARTER.C:283
LikelySlotInteractionRelated_ovr097_6E8	ovr097_6E8	0x389	UseTradeSlot_ovr097_6E8	src/conv/BARTER.C:302
RedrawTradeSlots_ovr097_A71	ovr097_A71	0x20	RedisplayBarterSlots	src/conv/BARTER.C:378
RedrawTradeSlot_ovr097_A91	ovr097_A91	0x1a8	drawTradeSlot_ovr097_A91	src/conv/BARTER.C:385
SetObjectInHand_ovr097_C39	ovr097_C39	0xa2	PickUpFromSlot_ovr097_C39	src/conv/BARTER.C:423
ovr097_CDB	ovr097_CDB	0x55	ovr097_CDB	src/conv/BARTER.C:441
ObjectCombineToSlot_ovr097_D30	ovr097_D30	0x153	CombineToSlot_ovr097_D30	src/conv/BARTER.C:452
SomethingWithTradeSlot_ovr097_E83	ovr097_E83	0xf3	showSelection_ovr097_E83	src/conv/BARTER.C:481
ReturnTradeObjectsToNPC_ovr097_F76	ovr097_F76	0x94	ReturnTradeObjectsToNPC_ovr097_F76	src/conv/BARTER.C:507
probablyTradeObjects_ovr097_100A	ovr097_100A	0x1d5	probablyTradeObjects_ovr097_100A	src/conv/BARTER.C:532
AreItemsBeingOffered_ovr097_11DF	ovr097_11DF	0x33	nothing_there	src/conv/BARTER.C:568
do_offer_ovr097_1212	ovr097_1212	0x1ab	do_offer	src/conv/BARTER.C:588
do_demand_ovr097_13BD	ovr097_13BD	0x291	do_demand	src/conv/BARTER.C:649
do_decline_ovr097_164E	ovr097_164E	0xd	do_decline	src/conv/BARTER.C:714
do_judgement_ovr097_165B	ovr097_165B	0x170	do_judgement	src/conv/BARTER.C:724
GetTotalValueOfOffering_ovr097_17CB	ovr097_17CB	0x6a	total_offering_ovr097_17CB	src/conv/BARTER.C:762
GetTrueValueofItemToNPC_ovr097_1835	ovr097_1835	0x125	assess_value	src/conv/BARTER.C:784
GetValueOffsetByRandomRange_ovr097_195A	ovr097_195A	0x3e	range	src/conv/BARTER.C:818
GetSelectedPlayerTradeItems_ovr097_1998	ovr097_1998	0x63	player_barter_items	src/conv/BARTER.C:824
GiveObjectToNPC_ovr097_19FB	ovr097_19FB	0x13b	npc_inv_add	src/conv/BARTER.C:844
RemoveObjectAndGiveToNPC_ovr097_1B36	ovr097_1B36	0x68	player_barter_give	src/conv/BARTER.C:868
Find_INV_ovr097_1B9E	ovr097_1B9E	0xb4	npc_barter_find	src/conv/BARTER.C:890
TakeFromNPC_ovr097_1C52	ovr097_1C52	0x191	npc_barter_give	src/conv/BARTER.C:921
take_id_from_npc_ovr097_1DE3	ovr097_1DE3	0x155	npc_barter_give_id	src/conv/BARTER.C:961
Do_Inv_Create_ovr097_1F38	ovr097_1F38	0x63	npc_inv_create	src/conv/BARTER.C:999
do_inv_delete_ovr097_1F9B	ovr097_1F9B	0x71	npc_inv_delete	src/conv/BARTER.C:1009
set_likes_dislikes_ovr097_200C	ovr097_200C	0x32	npc_likes_dislikes	src/conv/BARTER.C:1027
EvalLikeDislike_ovr097_203E	ovr097_203E	0x10a	does_npc_like	src/conv/BARTER.C:1036
give_all_stuff_ovr097_2148	ovr097_2148	0x50	give_all_stuff	src/conv/BARTER.C:1066
ovr099_0	ovr099_0	0x5	init_browse	src/ui/BROWSE.C:18
ovr099_5	ovr099_5	0x5	free_browse	src/ui/BROWSE.C:19
ovr099_A	ovr099_A	0x8	place_browse	src/ui/BROWSE.C:20
ovr099_12	ovr099_12	0x5	browse_show	src/ui/BROWSE.C:21
ovr099_17	ovr099_17	0x5	browse_hide	src/ui/BROWSE.C:22
REFT_ovr099_1C	ovr099_1C	0x5	browse_redisplay	src/ui/BROWSE.C:23
ovr099_21	ovr099_21	0x5	browse_chain	src/ui/BROWSE.C:24
InitialisePlayer_ovr101_0	ovr101_0	0x291	init_char	src/game/CHARGEN.C:73
GetSkillChoices_ovr101_291	ovr101_291	0xef	set_sklmnu	src/game/CHARGEN.C:135
StatsScreen_ovr101_380	ovr101_380	0x150	show_atts	src/game/CHARGEN.C:163
ChargenPrintCurrentStatSkills_ovr101_4D0	ovr101_4D0	0xbe	show_skills	src/game/CHARGEN.C:183
RollSkills_ovr101_58E	ovr101_58E	0x2d	set_skills	src/game/CHARGEN.C:206
CharGenInitClassSkills_ovr101_5BB	ovr101_5BB	0xd9	roll_stats	src/game/CHARGEN.C:221
PrintChargenOptions_ovr101_694	ovr101_694	0x2ef	drawopt	src/game/CHARGEN.C:249
MaybePrintChargenQuestion_ovr101_983	ovr101_983	0x22c	selopt	src/game/CHARGEN.C:314
ovr101_BAF	ovr101_BAF	0x195	mousopt	src/game/CHARGEN.C:375
LikelyChargenChoice_ovr101_D44	ovr101_D44	0x334	pickopt	src/game/CHARGEN.C:418
CharGen_ovr101_1078	ovr101_1078	0x54b	gen_char	src/game/CHARGEN.C:536
MaybeAnImageDraw_ovr101_15C3	ovr101_15C3	0x22	adr_chrpic	src/game/CHARGEN.C:677
MaybeAnImageUnpack_ovr101_15E5	ovr101_15E5	0x3f	move_chrpic	src/game/CHARGEN.C:686
StartNewGame_ovr101_1624	ovr101_1624	0x289	strt_chargen	src/game/CHARGEN.C:696
ovr101_18AD	ovr101_18AD	0x1e	create_player	src/game/CHARGEN.C:771
ovr101_18CB	ovr101_18CB	0x1e	AddObjIfAny_ovr101_18CB	src/game/CHARGEN.C:784
LoadCMB_DAT_ovr102_0	ovr102_0	0x16	init_combinables	src/obj/COMBINE.C:30
FindObjectCombination_ovr102_16	ovr102_16	0xf0	ObjsBeCombinable	src/obj/COMBINE.C:38
CreateObjectCombinationOutput_ovr102_106	ovr102_106	0x1f	CombineObjs	src/obj/COMBINE.C:65
CanDoObjectCombination_ovr102_125	ovr102_125	0x39	RemoveAfterCombine	src/obj/COMBINE.C:72
SetsALtoZero_ovr102_15E	ovr102_15E	0x7	make_stew	src/obj/COMBINE.C:87
TalkTo_ovr103_0	ovr103_0	0x1a5	TalkTo	src/conv/CONVERSE.C:95
ovr103_1A5	ovr103_1A5	0x22	adr_convpic	src/conv/CONVERSE.C:149
Load8BitUncompressedImage_ovr103_1C7	ovr103_1C7	0x29	move_convpic	src/conv/CONVERSE.C:157
BeginConversation_ovr103_1F0	ovr103_1F0	0x2d8	strt_converse	src/conv/CONVERSE.C:166
EndConversationMode_ovr103_4C8	ovr103_4C8	0x6f	free_converse	src/conv/CONVERSE.C:228
ovr103_537	ovr103_537	0x5	do_escape_key	src/conv/CONVERSE.C:249
InitConversation_ovr103_53C	ovr103_53C	0x40e	Converse	src/conv/CONVERSE.C:256
ovr103_94A	ovr103_94A	0xc9	converse_event_loop	src/conv/CONVERSE.C:330
babl_menu_ovr103_A13	ovr103_A13	0x1df	conv_choice_ovr103_A13	src/conv/CONVERSE.C:365
babl_fmenu_ovr103_BF2	ovr103_BF2	0x224	conv_fmenu_ovr103_BF2	src/conv/CONVERSE.C:411
SelectConverstionOptionNo_ovr103_E16	ovr103_E16	0xef	conv_play_menu	src/conv/CONVERSE.C:465
Say_ovr103_F05	ovr103_F05	0x67	npc_say	src/conv/CONVERSE.C:495
Respond_ovr103_F6C	ovr103_F6C	0x53	play_respond	src/conv/CONVERSE.C:508
MaybePrintConversationText_ovr103_FBF	ovr103_FBF	0x67	play_say	src/conv/CONVERSE.C:520
print_ovr103_1026	ovr103_1026	0xb7	conv_print	src/conv/CONVERSE.C:533
pause_ovr103_10DD	ovr103_10DD	0x3a	conv_pause_ovr103_10DD	src/conv/CONVERSE.C:551
babl_ask_ovr103_1117	ovr103_1117	0x8e	getInputText_ovr103_1117	src/conv/CONVERSE.C:563
show_inv_ovr103_11A5	ovr103_11A5	0x87	conv_check_inv	src/conv/CONVERSE.C:586
find_barter_ovr103_122C	ovr103_122C	0xae	find_barter	src/conv/CONVERSE.C:605
find_barter_total_ovr103_12DA	ovr103_12DA	0x14b	find_barter_total	src/conv/CONVERSE.C:628
give_to_npc_ovr103_1425	ovr103_1425	0xed	conv_give_inv	src/conv/CONVERSE.C:657
give_ptr_npc_ovr103_1512	ovr103_1512	0x190	give_ptr_npc	src/conv/CONVERSE.C:680
do_inv_delete_ovr103_16A2	ovr103_16A2	0x1b	conv_inv_delete	src/conv/CONVERSE.C:717
find_inv_ovr103_16BD	ovr103_16BD	0x2b	conv_find_inv	src/conv/CONVERSE.C:719
take_from_npc_ovr103_16E8	ovr103_16E8	0x1b	conv_take_inv	src/conv/CONVERSE.C:721
take_id_from_npc_ovr103_1703	ovr103_1703	0x1b	conv_take_inv_id	src/conv/CONVERSE.C:723
do_inv_create_ovr103_171E	ovr103_171E	0x1b	conv_inv_create	src/conv/CONVERSE.C:725
identify_inv_ovr103_1739	ovr103_1739	0x1f2	conv_inv_name	src/conv/CONVERSE.C:730
count_inv_ovr103_192B	ovr103_192B	0x5c	count_inv	src/conv/CONVERSE.C:784
check_inv_quality_ovr103_1987	ovr103_1987	0x36	check_inv_quality	src/conv/CONVERSE.C:797
set_inv_quality_ovr103_19BD	ovr103_19BD	0x4b	set_inv_quality	src/conv/CONVERSE.C:809
switch_pic_ovr103_1A08	ovr103_1A08	0x1a5	switch_pic	src/conv/CONVERSE.C:821
LoadCrittersObjectsDat_ovr104_0	ovr104_0	0x17	creature_init	src/critter/CREATURE.C:41
ovr104_17	ovr104_17	0x17	creature_save_ovr104_17	src/critter/CREATURE.C:51
GetObjectDatForMajorClass1_ovr104_2E	ovr104_2E	0x30	creature_class_data	src/critter/CREATURE.C:58
InitCritter_ovr104_5E	ovr104_5E	0x15	creature_obj_init	src/critter/CREATURE.C:65
InitialiseCritterValues_ovr104_73	ovr104_73	0x235	init_this_critter	src/critter/CREATURE.C:78
ImportConversationVariables_ovr106_0	ovr106_0	0x48f	setup_converse_data	src/conv/CONVVARS.C:40
RetrieveImportedVariablesAfterConversation_ovr106_48F	ovr106_48F	0x1f0	update_converse_data	src/conv/CONVVARS.C:126
SetGoalAndGTargForNPC_ovr107_0	ovr107_0	0x3e	change_critter_goal	src/critter/CRITTIME.C:61
SomethingWithUpdatingAllNPCHunger_ovr107_3E	ovr107_3E	0x7d	yearly_checkup	src/critter/CRITTIME.C:76
GetDefaultFreePositionOnTile_ovr107_BB	ovr107_BB	0x5a	set_gridx_and_y_based_on_tile_type	src/critter/CRITTIME.C:93
ReturnNPCsToHomeTile_ovr107_115	ovr107_115	0x312	up_crit	src/critter/CRITTIME.C:130
StopMobileObjects_ovr107_427	ovr107_427	0x148	up_mob	src/critter/CRITTIME.C:198
ResetMobileObjectsAndNPCs_ovr107_56F	ovr107_56F	0x148	update_all_critters_whilst_player_snoozes	src/critter/CRITTIME.C:232
TestForNPCHostileAndAwareOfPlayer_ovr107_6B7	ovr107_6B7	0x84	check_for_hostile_creature	src/critter/CRITTIME.C:276
TestNearbyNPCHunger_ovr107_73B	ovr107_73B	0x2b	hostile_creatures_near	src/critter/CRITTIME.C:292
NPCFindsSleepingPlayer_ovr107_766	ovr107_766	0x454	wander_that_monster	src/critter/CRITTIME.C:305
MoveNPCToTile_ovr107_BBA	ovr107_BBA	0x201	teleport_critter	src/critter/CRITTIME.C:374
NPCSHuntForSleepingPlayer_ovr107_DBB	ovr107_DBB	0x2b	wandering_monster_check	src/critter/CRITTIME.C:414
LoadCombatState_ovr107_DE6	ovr107_DE6	0x34	set_creatures_from_saved_game	src/critter/CRITTIME.C:424
SaveRecentCombatAction_ovr107_E1A	ovr107_E1A	0x44	set_creatures_to_saved_game	src/critter/CRITTIME.C:435
ClearBitOnAllObjects_ovr107_E5E	ovr107_E5E	0x3a	clear_paths	src/critter/CRITTIME.C:445
ResetLastDamagedCharacter_ovr107_E98	ovr107_E98	0x13	init_level_creature_stuff	src/critter/CRITTIME.C:458
AngerNPCByIllegalAction_ovr107_EAB	ovr107_EAB	0x218	critter_get_told	src/critter/CRITTIME.C:474
ClearOwnerShip_ovr107_10C3	ovr107_10C3	0x2d	clear_owner	src/critter/CRITTIME.C:524
FlagTheftToObjectOwner_ovr107_10F0	ovr107_10F0	0xba	player_grabbed	src/critter/CRITTIME.C:535
HackTrapMovePitWarriors_ovr107_11AA	ovr107_11AA	0x2d	maybe_cheat_arena_fire	src/critter/CRITTIME.C:554
HackTrapMovePitWarriors_ovr107_11D7	ovr107_11D7	0x126	maybe_rescue_guy_from_fire	src/critter/CRITTIME.C:569
DefeatLivingPitWarrior_ovr107_12FD	ovr107_12FD	0x42	arena_opponent_runs	src/critter/CRITTIME.C:604
RunCastleSchedule_ovr107_133F	ovr107_133F	0xca	maybe_go_hang_out	src/critter/CRITTIME.C:617
CastleNPC_Schedule_ovr107_1409	ovr107_1409	0x224	where_shall_we_hang_out	src/critter/CRITTIME.C:646
PlayCutsceneAudio_ovr108_0	ovr108_0	0x32f	big_speech_play	src/gfx/CUTS.C:214
ovr108_32F	ovr108_32F	0x279	update_big_speech	src/gfx/CUTS.C:275
ovr108_5A8	ovr108_5A8	0x4f	speech_over	src/gfx/CUTS.C:317
ovr108_5F7	ovr108_5F7	0x1c	cutoff_cutscene_speech	src/gfx/CUTS.C:328
ovr108_613	ovr108_613	0x10	get_cuts_ems	src/gfx/CUTS.C:335
ovr108_623	ovr108_623	0x44	set_cuts_ems	src/gfx/CUTS.C:343
ovr108_667	ovr108_667	0xa	free_cuts_ems	src/gfx/CUTS.C:353
ovr108_671	ovr108_671	0x3c	makeFourChars_ovr108_671	src/gfx/CUTS.C:359
ProbablyReadDescriptors_ovr108_6AD	ovr108_6AD	0xa4	build_lptab	src/gfx/CUTS.C:369
ReadCutsN0XData_ovr108_751	ovr108_751	0x6e	read_anmhdr	src/gfx/CUTS.C:391
ProbablyReadCutsImageData_ovr108_7BF	ovr108_7BF	0x5a	readlp	src/gfx/CUTS.C:407
ovr108_819	ovr108_819	0xaf	readlpinc	src/gfx/CUTS.C:419
ReadCutsN0XPaletteData_ovr108_8C8	ovr108_8C8	0x6c	conv_anmpal	src/gfx/CUTS.C:439
ovr108_934	ovr108_934	0xca	anm_cycle	src/gfx/CUTS.C:457
Cutscene_27_UNK_ovr108_9FE	ovr108_9FE	0x57	cutsop_wait_for_sound	src/gfx/CUTS.C:475
ovr108_A55	ovr108_A55	0x71	cuts_perform_fadein	src/gfx/CUTS.C:491
ovr108_AC6	ovr108_AC6	0x54	cuts_perform_fadeout	src/gfx/CUTS.C:508
FadeInRelated_ovr108_B1A	ovr108_B1A	0x53	cuts_do_fadein	src/gfx/CUTS.C:523
FadingRelated_ovr108_B6D	ovr108_B6D	0x21	cuts_do_fadeout	src/gfx/CUTS.C:534
ovr108_B8E	ovr108_B8E	0x5b	do_pan	src/gfx/CUTS.C:542
Cutscene_NOP_ovr108_BE9	ovr108_BE9	0x8	cutsop_test	src/gfx/CUTS.C:551
Cutscene_24_Unk_ovr108_BF1	ovr108_BF1	0x21	cutsop_splity	src/gfx/CUTS.C:558
Cutscene_Music_ovr108_C12	ovr108_C12	0x26	cutsop_music	src/gfx/CUTS.C:565
CutsceneDisplayString_ovr108_C38	ovr108_C38	0x215	cutsop_txt	src/gfx/CUTS.C:575
Cutscene_1_ClearFlag_ovr108_E4D	ovr108_E4D	0xf	cutsop_erase	src/gfx/CUTS.C:630
CutsceneNOP_ovr108_E5C	ovr108_E5C	0x8	cutsop_func	src/gfx/CUTS.C:637
Cutscene_3_Pause_ovr108_E64	ovr108_E64	0x2d	cutsop_pause	src/gfx/CUTS.C:643
Cutscene_14_Wait_ovr108_E91	ovr108_E91	0x47	cutsop_wait	src/gfx/CUTS.C:653
Cutscene4_PlayToFrame_ovr108_ED8	ovr108_ED8	0x41	cutsop_skip	src/gfx/CUTS.C:667
Cutscene5_UNK_ovr108_F19	ovr108_F19	0xe	cutsop_next	src/gfx/CUTS.C:680
Cutscene_End_ovr108_F27	ovr108_F27	0x14	cutsop_end	src/gfx/CUTS.C:687
Cutscene_RepeatSeg_ovr108_F3B	ovr108_F3B	0x2e	cutsop_loop	src/gfx/CUTS.C:695
Cutscene_ChangeFile_ovr108_F69	ovr108_F69	0x71	cutsop_data	src/gfx/CUTS.C:709
CutsceneTextAndSound_ovr108_FDA	ovr108_FDA	0x72	cutsop_say	src/gfx/CUTS.C:724
Cutscene_FadeOut_ovr108_104C	ovr108_104C	0x34	cutsop_fadeout	src/gfx/CUTS.C:741
Cutscene_FadeIn_ovr108_1080	ovr108_1080	0x34	cutsop_fadein	src/gfx/CUTS.C:749
Cutscene_11_Unk_ovr108_10B4	ovr108_10B4	0x39	cutsop_jump	src/gfx/CUTS.C:757
Cutscene_12_Unknown_ovr108_10ED	ovr108_10ED	0x1e	cutsop_punt	src/gfx/CUTS.C:769
Cutscene_KLANG_ovr108_110B	ovr108_110B	0x7	cutsop_clang	src/gfx/CUTS.C:776
Cutscene_16_Unk_ovr108_1112	ovr108_1112	0x53	cutsop_palrange	src/gfx/CUTS.C:782
Cutscene_17_Unk_ovr108_1165	ovr108_1165	0xbc	cutsop_palfade	src/gfx/CUTS.C:793
Cutscene_18_NOP_ovr108_1221	ovr108_1221	0x8	cutsop_palset	src/gfx/CUTS.C:813
Cutscene_19_Unk_ovr108_1229	ovr108_1229	0xaa	cutsop_palsimplefade	src/gfx/CUTS.C:819
Cutscene_20_Unk_ovr108_12D3	ovr108_12D3	0x64	cutsop_vscreen	src/gfx/CUTS.C:835
Cutscene_21_Unk_ovr108_1337	ovr108_1337	0x3e	cutsop_focus	src/gfx/CUTS.C:845
Cutscene_22_CutsceneBitmap_ovr108_1375	ovr108_1375	0x1e	cutsop_lback	src/gfx/CUTS.C:855
Cutscene_23_Unk_ovr108_1393	ovr108_1393	0x3a	cutsop_pan	src/gfx/CUTS.C:863
ovr108_13CD	ovr108_13CD	0x9	anm_sound_callback	src/gfx/CUTS.C:878
ovr108_13D6	ovr108_13D6	0x37	anm_sound	src/gfx/CUTS.C:884
SetupCutsceneDataFlags_ovr108_140D	ovr108_140D	0x7f	cuts_init_info	src/gfx/CUTS.C:900
GetCutsceneFileName_ovr108_148C	ovr108_148C	0x53	cuts_make_fname	src/gfx/CUTS.C:926
ovr108_14DF	ovr108_14DF	0x9c	gobble_input_events	src/gfx/CUTS.C:940
ProbablyCutsSubtitle_ovr108_157B	ovr108_157B	0xb0	cuts_draw_text	src/gfx/CUTS.C:966
ovr108_162B	ovr108_162B	0x68	run_time_critical_things	src/gfx/CUTS.C:986
ovr108_1693	ovr108_1693	0xcc	cuts_run_pause	src/gfx/CUTS.C:998
ProcessCutsceneFunctions_ovr108_175F	ovr108_175F	0x140	cuts_process_opcodes	src/gfx/CUTS.C:1019
DRAW_RELATED_ovr108_189F	ovr108_189F	0xaba	draw_rsd	src/gfx/CUTS.C:1119
MaybePlayCutsArtFile_ovr108_2359	ovr108_2359	0x522	cuts_process_lp	src/gfx/CUTS.C:1212
InitCutsceneFlags_ovr108_287B	ovr108_287B	0x4c	reset_inf_values_eof	src/gfx/CUTS.C:1319
PlayCutsceneFile_ovr108_28C7	ovr108_28C7	0x2ac	cuts_process_anm	src/gfx/CUTS.C:1329
CutsceneDataLoading_ovr108_2B73	ovr108_2B73	0x252	show_anm	src/gfx/CUTS.C:1390
PlayCutscene_ovr108_2DC5	ovr108_2DC5	0xe2	show_cutscene	src/gfx/CUTS.C:1450
DoesNothing_ovr108_2EA7	ovr108_2EA7	0x5	init_cutscene	src/gfx/CUTS.C:1492
OpenCutsFile_ovr108_2EAC	ovr108_2EAC	0x144	writeCutsValue_ovr108_2EAC	src/gfx/CUTS.C:1498
MaybeRunQueuedCutsCallbackFunctions_ovr108_2FF0	ovr108_2FF0	0x158	run_timebased_tasks	src/gfx/CUTS.C:1522
RunCutsCallbackFunctions_ovr108_3148	ovr108_3148	0x19	punt_tasks	src/gfx/CUTS.C:1562
RunCutsCallbackFunction_ovr108_3161	ovr108_3161	0x30	punt_single_task	src/gfx/CUTS.C:1569
RegisterCutsCallbackFunction_ovr108_3191	ovr108_3191	0x6f	install_timebased_task	src/gfx/CUTS.C:1579
ovr108_3200	ovr108_3200	0x41	record_task	src/gfx/CUTS.C:1596
ovr108_3241	ovr108_3241	0x74	task_palfade	src/gfx/CUTS.C:1604
ClearUnknownCutsFunctionPTR_ovr108_32B5	ovr108_32B5	0x17	remove_task	src/gfx/CUTS.C:1615
ovr108_32CC	ovr108_32CC	0x67	palette_fade	src/gfx/CUTS.C:1622
ovr108_3333	ovr108_3333	0x75	MovePanView_ovr108_3333	src/gfx/CUTS.C:1634
ovr108_33A8	ovr108_33A8	0x38	virtual_screen	src/gfx/CUTS.C:1647
CutsceneBitmap_ovr108_33E0	ovr108_33E0	0x240	lback_vscreen	src/gfx/CUTS.C:1673
ovr108_3620	ovr108_3620	0xb	bufferPointer	src/gfx/CUTS.C:1705
ovr109_0	ovr109_0	0x31	init_debug	src/sys/DEBUG.C:14
ovr109_31	ovr109_31	0x5	ovr109_31	src/sys/DEBUG.C:20
TeleportCharToTile_ovr110_0	ovr110_0	0x949	find_good_x_and_y	src/event/WORLDEV.C:65
AddTimeToClock_ovr110_949	ovr110_949	0x79	pass_time	src/event/WORLDEV.C:163
Teleport_ovr110_9C2	ovr110_9C2	0x211	do_teleport	src/event/WORLDEV.C:180
RaiseZposOfObjectInChangingTile_ovr110_BD3	ovr110_BD3	0x135	raise_up	src/event/WORLDEV.C:237
LowerZposOfObjectInChangingTile_ovr110_D08	ovr110_D08	0x10b	put_down	src/event/WORLDEV.C:266
WillObjectMoveWithTileHeightChange_ovr110_E13	ovr110_E13	0x124	filter	src/event/WORLDEV.C:299
ChangeTile_ovr110_F37	ovr110_F37	0x2f6	change_terrain	src/event/WORLDEV.C:338
ChangeFromTrap_ovr110_122D	ovr110_122D	0x1ee	do_change_grokking	src/event/WORLDEV.C:422
DamageTrap_ovr110_141B	ovr110_141B	0xc0	whack_thing	src/event/WORLDEV.C:478
SpellTrap_ovr110_14DB	ovr110_14DB	0x50	inanimate_spell	src/event/WORLDEV.C:505
UseFishingPole_ovr110_152B	ovr110_152B	0xf7	go_fish	src/event/WORLDEV.C:522
SpawnATalkingRotworm_ovr110_1622	ovr110_1622	0xb2	talk_to_disembodied	src/event/WORLDEV.C:559
HackTrapTrespass_ovr110_16D4	ovr110_16D4	0x51	player_did_bad	src/event/WORLDEV.C:578
HackTrapChangeHeight_ovr110_1725	ovr110_1725	0x84	eight_pos_switch	src/event/WORLDEV.C:596
HackTrapChangeObjectZPos_ovr110_17A9	ovr110_17A9	0xaa	toggle_object_height	src/event/WORLDEV.C:614
SpecialEffects_ovr110_1853	ovr110_1853	0x66	do_sfx	src/event/WORLDEV.C:635
RemoveNPC_ovr110_18B9	ovr110_18B9	0x47	remove_whoami	src/event/WORLDEV.C:651
PitWarriorLosesFight_ovr110_1900	ovr110_1900	0x5c	remove_opponent	src/event/WORLDEV.C:662
SpecialDeathCases_ovr110_195C	ovr110_195C	0x8b6	death_check	src/event/WORLDEV.C:703
TalkToDyingNPC_ovr110_2212	ovr110_2212	0x6c	stop_and_talk	src/event/WORLDEV.C:913
RunScheduleTriggersInTile_15_29_ovr110_227E	ovr110_227E	0x12d	call_out_the_guards	src/event/WORLDEV.C:931
PitArenaRelated_ovr110_23AB	ovr110_23AB	0x79	in_arena	src/event/WORLDEV.C:963
GetItemDurability_ovr110_2424	ovr110_2424	0x6d	get_rep_diff	src/event/WORLDEV.C:982
RepairItem_ovr110_2491	ovr110_2491	0x118	do_repair	src/event/WORLDEV.C:1004
ItemRepairLogic_ovr110_25A9	ovr110_25A9	0x1f0	repair_item	src/event/WORLDEV.C:1047
ClearHeadingBit2ovr110_2799	ovr110_2799	0x76	clear_loretry	src/event/WORLDEV.C:1109
ClearHeadingBit2FromAllObjects_ovr110_280F	ovr110_280F	0x6d	clear_all_loretries	src/event/WORLDEV.C:1120
ScintillusPlatformsTrap_ovr110_287C	ovr110_287C	0xa8	toggle_pillars_hack	src/event/WORLDEV.C:1138
HackTrapCastleSchedule_ovr110_2924	ovr110_2924	0x99	move_folks_around	src/event/WORLDEV.C:1161
GrowMushroomsInBritannia_ovr110_29BD	ovr110_29BD	0x1b1	kill_plants	src/event/WORLDEV.C:1180
BritanniaGoesDry_ovr110_2B6E	ovr110_2B6E	0x277	courtyard_hacking	src/event/WORLDEV.C:1223
HackTrapBlySkupChamber_ovr110_2DE5	ovr110_2DE5	0x1bb	skup_ductosnore	src/event/WORLDEV.C:1279
HackTrapOscillateTiles_ovr110_2FA0	ovr110_2FA0	0xc2	standing_wave	src/event/WORLDEV.C:1313
TileTextureCycle_ovr110_3062	ovr110_3062	0xc9	cycle_floor	src/event/WORLDEV.C:1333
HackTrapGraffiti_ovr110_312B	ovr110_312B	0x14e	do_graffiti	src/event/WORLDEV.C:1364
HackTrapPlatformReset_ovr110_3279	ovr110_3279	0x135	reset_arrow_pillars	src/event/WORLDEV.C:1406
HackTrap_ClassItem_ovr110_33AE	ovr110_33AE	0x15f	change_weapon_playerbest	src/event/WORLDEV.C:1449
HackTrap_ForceField_ovr110_350D	ovr110_350D	0xdc	check_fraznium	src/event/WORLDEV.C:1515
FindAndUseSwitch_ovr110_35E9	ovr110_35E9	0x59	switch_flip_hack	src/event/WORLDEV.C:1537
RandomSwitchFlicker_ovr110_3642	ovr110_3642	0x44	maybe_flip_a_switch	src/event/WORLDEV.C:1548
FlickSwitchesInTileRandomly_ovr110_3686	ovr110_3686	0x73	play_with_switches	src/event/WORLDEV.C:1560
RechargeLightSphere_ovr110_36F9	ovr110_36F9	0x24	recharge_a_lightbulb	src/event/WORLDEV.C:1577
RechargeLightSpheresInTile_ovr110_371D	ovr110_371D	0xab	recharge_lightbulbs	src/event/WORLDEV.C:1588
BottleRecycler_ovr110_37C8	ovr110_37C8	0x26	redeem_a_bottle	src/event/WORLDEV.C:1609
HackTrapBottleRecycler_ovr110_37EE	ovr110_37EE	0x4c	redeem_all_bottles	src/event/WORLDEV.C:1620
ToggleForcefield_ovr110_383A	ovr110_383A	0x44	toggle_force_field	src/event/WORLDEV.C:1631
HackTrapForceField_ovr110_387E	ovr110_387E	0x2f	find_and_gronk_force_field	src/event/WORLDEV.C:1641
SmiteUndead_ovr110_38AD	ovr110_38AD	0xb0	destroy_floatskull	src/event/WORLDEV.C:1649
PrisonTowerQuest60_ovr110_395D	ovr110_395D	0xcb	prison_alarm_check	src/event/WORLDEV.C:1666
LothIsDeadKillHisLiches_ovr110_3A28	ovr110_3A28	0x97	genocide	src/event/WORLDEV.C:1686
KillCritter_ovr110_3ABF	ovr110_3ABF	0xfd	instant_kill	src/event/WORLDEV.C:1703
CheckIfMatchingRace_ovr110_3BBC	ovr110_3BBC	0x7e	is_my_race	src/event/WORLDEV.C:1734
RemoveBishop_ovr110_3C3A	ovr110_3C3A	0x19	PuntBishop_ovr110_3C3A	src/event/WORLDEV.C:1751
TriggerTrapInTile_ovr110_3C53	ovr110_3C53	0x87	fire_trigger_at	src/event/WORLDEV.C:1758
TransformTalker_ovr110_3CDA	ovr110_3CDA	0x131	transform_creature	src/event/WORLDEV.C:1775
WorldGemTravel_ovr110_3E0B	ovr110_3E0B	0x143	black_gem_trip	src/event/WORLDEV.C:1809
RotateWorldGem_ovr110_3F4E	ovr110_3F4E	0x9b	black_gem_rotate	src/event/WORLDEV.C:1852
QbertTraps_ovr110_3FE9	ovr110_3FE9	0x6c6	do_qbert	src/event/WORLDEV.C:1880
AvatarIsACowardInThePits_ovr110_46AF	ovr110_46AF	0xcc	arena_player_runs	src/event/WORLDEV.C:2029
TransformRedPotionToPoison_ovr110_477B	ovr110_477B	0x142	morpheus_ruin_potion	src/event/WORLDEV.C:2062
HackTrapTransformPotionToPoison_ovr110_48BD	ovr110_48BD	0x2f	ruin_cure_potions	src/event/WORLDEV.C:2099
FindAcademyWand_ovr110_48EC	ovr110_48EC	0x6e	find_TK_wand_check	src/event/WORLDEV.C:2112
MoveAcademyWand_ovr110_495A	ovr110_495A	0x1e2	remove_TK_wand	src/event/WORLDEV.C:2129
HackTrapVendingMachine_ovr110_4B3C	ovr110_4B3C	0x1ed	go_vend	src/event/WORLDEV.C:2176
CollectMoneyInTile_ovr110_4D29	ovr110_4D29	0x151	vend_check_gold	src/event/WORLDEV.C:2234
StoreReverseObjectLookupResultInVar_ovr110_4E7A	ovr110_4E7A	0x1c	gronkify_find	src/event/WORLDEV.C:2272
SendAvatarToJail_ovr110_4E96	ovr110_4E96	0x1a8	put_player_in_jail	src/event/WORLDEV.C:2283
KilhornIsCrashing_ovr110_503E	ovr110_503E	0x54	Killorn_just_crashed	src/event/WORLDEV.C:2320
GameInitialisation_ovr112_0	ovr112_0	0x36	main	src/game/UWEDIT.C:130
SplashPart1_ovr112_36	ovr112_36	0x189	init_world	src/game/UWEDIT.C:152
ovr112_1BF	ovr112_1BF	0x40	free_world	src/game/UWEDIT.C:208
SplashPart2ovr112_1FF	ovr112_1FF	0x18	titlescr	src/game/UWEDIT.C:223
ovr112_217	ovr112_217	0x95	init_edit	src/game/UWEDIT.C:233
ovr112_2AC	ovr112_2AC	0xf	graceful_exit	src/game/UWEDIT.C:250
ovr112_2BB	ovr112_2BB	0xb	editexit	src/game/UWEDIT.C:255
ResetMap_ovr112_2C6	ovr112_2C6	0x19	clearobj	src/game/UWEDIT.C:260
SetGameLoopForScreenMode_ovr112_2DF	ovr112_2DF	0x3b	change_screen	src/game/UWEDIT.C:269
ShowMapAndOtherFullScreenUIs_ovr112_31A	ovr112_31A	0x6f	newscr	src/game/UWEDIT.C:290
ovr112_389	ovr112_389	0xd	ovr112_389	src/game/UWEDIT.C:305
ovr112_396	ovr112_396	0xb2	strt_demscr	src/game/UWEDIT.C:313
MaybeSetupConversationUI_ovr112_448	ovr112_448	0x14	free_demscr	src/game/UWEDIT.C:336
ResetTimers_ovr112_45C	ovr112_45C	0x29	reset_times	src/game/UWEDIT.C:343
ResetCharacter_ovr112_485	ovr112_485	0xf7	reset_game	src/game/UWEDIT.C:354
ReturnToMainMenu_ovr112_57C	ovr112_57C	0xdb	real_death	src/game/UWEDIT.C:394
ovr112_657	ovr112_657	0xa	do_3d_view	src/game/UWEDIT.C:427
DivideByZeroError_ovr112_661	ovr112_661	0x4f	div_zero_ovr112_661	src/game/UWEDIT.C:434
TeleportToPosition_ovr112_6B0	ovr112_6B0	0x189	new_player_pos	src/game/UWEDIT.C:452
SomethingWithDataFolders_ovr112_839	ovr112_839	0x12f	ReadCfg_ovr112_839	src/game/UWEDIT.C:500
CopyArkFilesToSaveFolder_ovr112_968	ovr112_968	0x27	move_initial_files	src/game/UWEDIT.C:537
RunCodeOnRace_ovr113_0	ovr113_0	0x9b	gronk_race	src/event/SCDEVENT.C:42
RunCodeOnAllNPCS_ovr113_9B	ovr113_9B	0x6c	gronk_all_critters	src/event/SCDEVENT.C:64
SCD_RunCodeOnObjectsAndNPCS_ovr113_107	ovr113_107	0x88	gronk_critid	src/event/SCDEVENT.C:86
SetAL_ToZero_ovr113_18F	ovr113_18F	0x7	ev_donothing	src/event/SCDEVENT.C:99
SetGoalAndGTargFromArray_ovr113_196	ovr113_196	0x24	gronkify_change_goal	src/event/SCDEVENT.C:102
SCDSetGoalAndGTARG_ovr113_1BA	ovr113_1BA	0x35	ev_change_goal	src/event/SCDEVENT.C:108
CheckIfInFrontOfPlayer_ovr113_1EF	ovr113_1EF	0xaf	player_looking	src/event/SCDEVENT.C:120
SCDMoveNPCSToTiles_ovr113_29E	ovr113_29E	0x10d	gronkify_teleport	src/event/SCDEVENT.C:143
SCDRunCodeOnNPCSToMoveTile_ovr113_3AB	ovr113_3AB	0x35	ev_teleport	src/event/SCDEVENT.C:168
SCDRemoveObjectFromTile_ovr113_3E0	ovr113_3E0	0x53	gronkify_remove	src/event/SCDEVENT.C:178
SCDKillCNPC_ovr113_433	ovr113_433	0x5b	gronkify_slay	src/event/SCDEVENT.C:191
SCDRunCodeOnNPCAndKill_ovr113_48E	ovr113_48E	0x35	ev_kill	src/event/SCDEVENT.C:202
SCDRemoveObjectFromTile_ovr113_4C3	ovr113_4C3	0x35	ev_remove	src/event/SCDEVENT.C:211
SCDChangeQuest_ovr113_4F8	ovr113_4F8	0x82	ev_set_qbit	src/event/SCDEVENT.C:222
SCDCallTrigger_ovr113_57A	ovr113_57A	0xec	ev_trigger	src/event/SCDEVENT.C:236
SCDChangeNPCHeading_ovr113_666	ovr113_666	0x46	gronkify_nystul	src/event/SCDEVENT.C:259
SCDChangeHeading_ovr113_6AC	ovr113_6AC	0x39	ev_nystul_hack	src/event/SCDEVENT.C:272
SCDMoveNPCToTileRange_ovr113_6E5	ovr113_6E5	0x90	gronkify_gotha	src/event/SCDEVENT.C:285
SCDMoveNPCToTileRange_ovr113_775	ovr113_775	0x39	ev_gotha_hack	src/event/SCDEVENT.C:302
SCDVariableOperation_ovr113_7AE	ovr113_7AE	0x52	gronkify_garg	src/event/SCDEVENT.C:317
SCDRunVariableOperationOnNPCs_ovr113_800	ovr113_800	0x39	ev_garg_hack	src/event/SCDEVENT.C:329
SCDMoveNPCToTileRandom_ovr113_839	ovr113_839	0x128	gronkify_soldier	src/event/SCDEVENT.C:343
SCDMoveNPCToRandom_ovr113_961	ovr113_961	0x3a	ev_soldier_hack	src/event/SCDEVENT.C:371
SCDChangeTile_ovr113_99B	ovr113_99B	0x9f	ev_freeze_hack	src/event/SCDEVENT.C:385
SCDFindAndCloseDoor_ovr113_A3A	ovr113_A3A	0x28	ev_door_hack	src/event/SCDEVENT.C:406
CallNestedSCDCodeJumps_ovr113_A62	ovr113_A62	0x2f	ev_hack	src/event/SCDEVENT.C:416
SetAttitude_ovr113_A91	ovr113_A91	0x2c	gronkify_attitude	src/event/SCDEVENT.C:424
SCDSetAttitude_ovr113_ABD	ovr113_ABD	0x37	ev_attitude	src/event/SCDEVENT.C:432
SCDRunBlockOfEvents_ovr113_AF4	ovr113_AF4	0xe4	ev_checkvar	src/event/SCDEVENT.C:446
SCDOperationOnQuestOrVariables_ovr113_BD8	ovr113_BD8	0x30	ev_trapvar	src/event/SCDEVENT.C:476
ProcessSCDEventRow_ovr113_C08	ovr113_C08	0xa2	Sched_DoEvent	src/event/SCDEVENT.C:488
ErrorHandler_ovr114_0	ovr114_0	0xab	error_code	src/sys/ERROR.C:27
MaybeErrorHandler_ovr114_AB	ovr114_AB	0x26	first_punt	src/sys/ERROR.C:58
ErrorCanNoLongerRun_ovr114_D1	ovr114_D1	0x8c	pfatal_code	src/sys/ERROR.C:74
ExitWithError_ovr114_15D	ovr114_15D	0x41	pfatal	src/sys/ERROR.C:92
SaveScreenshot_ovr116_0	ovr116_0	0x149	save_screenshot	src/gfx/SCRSHOT.C:55
ovr116_149	ovr116_149	0x4b	ovr116_149	src/gfx/SCRSHOT.C:92
ovr116_194	ovr116_194	0x2f	ovr116_194	src/gfx/SCRSHOT.C:104
ovr116_1C3	ovr116_1C3	0xe0	ovr116_1C3	src/gfx/SCRSHOT.C:112
ovr116_2A3	ovr116_2A3	0x17d	ovr116_2A3	src/gfx/SCRSHOT.C:137
ovr116_420	ovr116_420	0x87	GifPixel_ovr116_420	src/gfx/SCRSHOT.C:192
LoadCritterAnimations_ovr117_0	ovr117_0	0x111	preload_cr	src/critter/CRPAGES.C:40
ovr117_111	ovr117_111	0x52	NightCleanCritPages	src/critter/CRPAGES.C:69
CritterCRxxLoadRelated_ovr117_163	ovr117_163	0x123	PreLoadCritPages	src/critter/CRPAGES.C:89
ovr117_286	ovr117_286	0x77	punt_idle_crpage	src/critter/CRPAGES.C:121
ovr117_2FD	ovr117_2FD	0xac	ovr117_2FD	src/critter/CRPAGES.C:148
ovr118_0	ovr118_0	0x34	grfx_init	src/gfx/GRFX.C:50
OpenDataFileByParam_ovr118_772B_34	ovr118_34	0x67	grfx_load_font	src/gfx/GRFX.C:63
OpenFont_ovr118_772BW_9B	ovr118_9B	0x38	grfx_quikfont	src/gfx/GRFX.C:75
ovr118_D3	ovr118_D3	0xf	grfx_close	src/gfx/GRFX.C:83
ProbablyResetScreen_ovr118_E2	ovr118_E2	0x2f	grfx_clear	src/gfx/GRFX.C:89
OpenPalsDat_ovr118_772B_111	ovr118_111	0x60	read_quikpal	src/gfx/GRFX.C:99
SetPalette_ovr118_171	ovr118_171	0x2e	grfx_quikpal	src/gfx/GRFX.C:112
ApplyCutscenePalette_ovr118_19F	ovr118_19F	0x2b	grfx_setpal	src/gfx/GRFX.C:121
CopyAPalette_ovr118_1CA	ovr118_1CA	0x49	grfx_palrange	src/gfx/GRFX.C:127
ovr118_213	ovr118_213	0x11d	fadeout	src/gfx/GRFX.C:138
ovr118_330	ovr118_330	0xff	fadein	src/gfx/GRFX.C:170
ovr118_42F	ovr118_42F	0x43	out3d	src/gfx/GRFX.C:201
CallSomeFunction_ovr118_472	ovr118_472	0x96	in3d	src/gfx/GRFX.C:217
ovr118_508	ovr118_508	0x16	fadeout3d	src/gfx/GRFX.C:250
ovr118_51E	ovr118_51E	0x16	fadein3d	src/gfx/GRFX.C:251
ovr118_534	ovr118_534	0x17	steps_fadeout3d_ovr118_534	src/gfx/GRFX.C:255
ovr118_54B	ovr118_54B	0x17	steps_fadein3d_ovr118_54B	src/gfx/GRFX.C:256
FlashColour_ovr118_562	ovr118_562	0x31	fill_FB	src/gfx/GRFX.C:260
SwitchCamera_ovr118_593	ovr118_593	0x54	cameras_fade	src/gfx/GRFX.C:274
ovr119_0	ovr119_0	0x89	get_pals	src/gfx/LOADGR.C:84
LoadArtFileData_ovr119_89	ovr119_89	0x14c	_ld_open	src/gfx/LOADGR.C:101
ovr119_1D5	ovr119_1D5	0x10	_ld_close	src/gfx/LOADGR.C:137
ReadArtDataToLocation_ovr119_1E5	ovr119_1E5	0xbd	_ld_gr	src/gfx/LOADGR.C:143
ImageUnpackFunction_ovr119_2A2	ovr119_2A2	0x54	adrnew_ems	src/gfx/LOADGR.C:164
ovr119_2F6	ovr119_2F6	0x41	adrold_ems	src/gfx/LOADGR.C:177
ovr119_337	ovr119_337	0x40	movenew_ems	src/gfx/LOADGR.C:185
LoadIconsRelated_ovr119_377	ovr119_377	0x6f	moveobj_ems	src/gfx/LOADGR.C:194
LoadIconsRelated_ovr119_3E6	ovr119_3E6	0x75	move_reload_obj_ems	src/gfx/LOADGR.C:209
ReturnSegment_3EE2_0_ovr119_45B	ovr119_45B	0xb	adrnew_vram	src/gfx/LOADGR.C:225
GetArtResourceDST_ovr119_466	ovr119_466	0xc	adr_const	src/gfx/LOADGR.C:230
ovr119_472	ovr119_472	0x7d	movenew_vram	src/gfx/LOADGR.C:238
ProbablyArtUnpackCode_ovr119_4EF	ovr119_4EF	0x59	move_vram	src/gfx/LOADGR.C:252
LoadArtImage_ovr119_548	ovr119_548	0xd5	gronk_gr	src/gfx/LOADGR.C:264
LoadArtFile_ovr119_61D	ovr119_61D	0x2e	load_gr_ems	src/gfx/LOADGR.C:298
ovr119_64B	ovr119_64B	0x24	load_obj_ems	src/gfx/LOADGR.C:308
ovr119_66F	ovr119_66F	0x26	reload_obj_ems	src/gfx/LOADGR.C:317
LoadTextureFile_ovr119_695	ovr119_695	0x16f	load_tr_ems	src/gfx/LOADGR.C:325
LoadArtFile_ovr119_804	ovr119_804	0x117	LoadScaled_ovr119_804	src/gfx/LOADGR.C:356
LoadGRFile_ovr119_91B	ovr119_91B	0x2e	load_gr_video	src/gfx/LOADGR.C:382
ovr119_949	ovr119_949	0x3d	GrLoadAt_ovr119_949	src/gfx/LOADGR.C:392
LoadArtFile_ovr119_986	ovr119_986	0x37	reload_gr_vpic	src/gfx/LOADGR.C:404
LoadPanelsResource_ovr119_9BD	ovr119_9BD	0x2b	read_gr_far	src/gfx/LOADGR.C:414
OpenArtFiles_ovr119_9E8	ovr119_9E8	0x182	load_all_gr	src/gfx/LOADGR.C:422
LoadDoorArt_ovr119_B6A	ovr119_B6A	0x58	load_doors	src/gfx/LOADGR.C:464
ReadObjectsDat_Part_1_ovr120_0	ovr120_0	0x3a	hack_init	src/obj/HACK.C:22
GetObjectDatForMajorClass0_ovr120_3A	ovr120_3A	0x53	hack_class_data	src/obj/HACK.C:32
PickupDropWorldorInventory_ovr121_0	ovr121_0	0x1a2	DoSpecialActions	src/inv/BAGS.C:50
ChangeFClassToClosedContainer_ovr121_1A2	ovr121_1A2	0x4d	MakeBagClose	src/inv/BAGS.C:109
ovr121_1EF	ovr121_1EF	0xa4	CloseAllBags	src/inv/BAGS.C:120
ovr121_293	ovr121_293	0xc8	FixBagArea	src/inv/BAGS.C:141
ovr121_35B	ovr121_35B	0xc9	CloseTheBag	src/inv/BAGS.C:172
MaybeAnInventoryRedraw_ovr121_424	ovr121_424	0xb4	DisplayOpenBag	src/inv/BAGS.C:194
UpdateInventorySlots_ovr121_4D8	ovr121_4D8	0x1de	FixOpenBag	src/inv/BAGS.C:218
UseClass2ContainerFromInventory_ovr121_6B6	ovr121_6B6	0x3bd	OpenTheBag	src/inv/BAGS.C:269
ovr121_A73	ovr121_A73	0x25	ScrollItemsUp	src/inv/BAGS.C:350
ovr121_A98	ovr121_A98	0xde	ScrollItemsDown	src/inv/BAGS.C:361
AddItemToContainer_ovr121_B76	ovr121_B76	0x31b	PutObjectInBag	src/inv/BAGS.C:391
ovr121_E91	ovr121_E91	0x188	SwapItemsInBag	src/inv/BAGS.C:473
GetTotalMassOfObjectList_ovr121_1019	ovr121_1019	0xbe	BagWeight	src/inv/BAGS.C:511
ovr122_0	ovr122_0	0x22	Punt_player_inv	src/inv/INVSAVE.C:52
CopyPlayerObject_ovr122_22	ovr122_22	0x15a	makePlayerInvCopy	src/inv/INVSAVE.C:61
SaveLoadPlayerDat_ovr122_17C	ovr122_17C	0xda	SavePlayerInv	src/inv/INVSAVE.C:94
ProbablyCopyObjectLists_ovr122_256	ovr122_256	0xe0	InvSaveNexts	src/inv/INVSAVE.C:124
ovr122_336	ovr122_336	0x54	replaceInInv	src/inv/INVSAVE.C:146
ovr122_38A	ovr122_38A	0x1a	allocSaveObj	src/inv/INVSAVE.C:155
ovr122_3A4	ovr122_3A4	0x22	getSaveObj	src/inv/INVSAVE.C:161
ovr122_3C6	ovr122_3C6	0x55	putInInv	src/inv/INVSAVE.C:169
CopyObjectToSlot_ovr122_41B	ovr122_41B	0xf3	InvRestoreNexts	src/inv/INVSAVE.C:179
ClearObjectList_ovr122_50E	ovr122_50E	0xb9	FreePlayerInv	src/inv/INVSAVE.C:201
CopyPlayerObject_ovr122_5C7	ovr122_5C7	0xc6	getPlayerInvCopy	src/inv/INVSAVE.C:220
LoadPlayerDat_ovr122_68D	ovr122_68D	0x130	RestorePlayerInv	src/inv/INVSAVE.C:243
AddRuneStonesToRuneBag_ovr123_0	ovr123_0	0x64	add_rune	src/combat/RUNES.C:43
ClearRuneBag_ovr123_64	ovr123_64	0x19	clear_runes	src/combat/RUNES.C:55
DrawRunestoneAtPoint_ovr123_7D	ovr123_7D	0x58	ShowRune	src/combat/RUNES.C:63
DrawRunebagContents_ovr123_D5	ovr123_D5	0x61	RedispRune	src/combat/RUNES.C:69
ClearSelectedRunes_ovr123_136	ovr123_136	0x2e	clear_shelf	src/combat/RUNES.C:83
ProablyRunePanelClick_ovr123_164	ovr123_164	0x142	mous_in_rune	src/combat/RUNES.C:94
NotASpellMessage_ovr123_2A6	ovr123_2A6	0x11	not_a_spell	src/combat/RUNES.C:128
ClickOnActiveSpell_ovr123_2B7	ovr123_2B7	0xd0	try_clear	src/combat/RUNES.C:136
PlayerAttemptsSpellCast_ovr123_387	ovr123_387	0xea	try_cast	src/combat/RUNES.C:167
PrintSpellFailureReason_ovr123_471	ovr123_471	0x23	fail_spell	src/combat/RUNES.C:202
PlayerCastsValidSpell_ovr123_494	ovr123_494	0x214	player_cast	src/combat/RUNES.C:219
RedrawInventorySlot_ovr124_0	ovr124_0	0x15	RedisplayInvSlot	src/inv/INVDATA.C:41
GetItemInSlot_ovr124_15	ovr124_15	0x17	AskInventory	src/inv/INVDATA.C:46
ovr124_2C	ovr124_2C	0x2b	FindEmptySlot	src/inv/INVDATA.C:53
UseObjectOnSlot_ovr124_57	ovr124_57	0xf3	AddToInventory	src/inv/INVDATA.C:67
FindObjectInInventorySlot_ovr124_14A	ovr124_14A	0xd2	FindSlot	src/inv/INVDATA.C:101
SearchInventoryForItem_ovr124_21C	ovr124_21C	0x230	FindObj	src/inv/INVDATA.C:126
FindObjectInObjectList_ovr124_44C	ovr124_44C	0xf3	find_obj	src/inv/INVDATA.C:172
MaybeGetObjectClickedOn_ovr124_53F	ovr124_53F	0x65	pick_inv	src/inv/INVDATA.C:198
GetObjectAtSlot_ovr124_5A4	ovr124_5A4	0x17	WhatsInSlot	src/inv/INVDATA.C:216
RemoveObjectFromInventory_ovr124_5BB	ovr124_5BB	0x15	InvRemoveObject	src/inv/INVDATA.C:221
RemoveQty1FromPlayerInventory_ovr124_5D0	ovr124_5D0	0x15	InvRemoveOneObject	src/inv/INVDATA.C:226
RemoveQtyOfObjectFromPlayerInventory_ovr124_5E5	ovr124_5E5	0x1ba	invRemoveObject	src/inv/INVDATA.C:234
ovr124_79F	ovr124_79F	0x88	RemoveAllFromSlot	src/inv/INVDATA.C:278
FindAndRemoveFromPlayerInventory_ovr124_827	ovr124_827	0x88	RemoveOneFromSlot	src/inv/INVDATA.C:293
FindAndRemoveQtyFromPlayerInventory_ovr124_8AF	ovr124_8AF	0x30	removeFromSlot	src/inv/INVDATA.C:308
FindAndRemoveQTYOfObject_ovr124_8DF	ovr124_8DF	0x2da	takeFromSlot	src/inv/INVDATA.C:321
CheckIfEquipmentInValidSlot_ovr124_BB9	ovr124_BB9	0x6d	ObjWorn	src/inv/INVDATA.C:382
EquipmentDamage_ovr124_C26	ovr124_C26	0x1cc	DamageInventory	src/inv/INVDATA.C:400
GetObjectMass_ovr124_DF2	ovr124_DF2	0x97	ItemWeight	src/inv/INVDATA.C:450
CheckifWeightCanBeCarried_ovr124_E89	ovr124_E89	0x22	EncumCheck	src/inv/INVDATA.C:467
ProbablyResetPaperdoll_ovr125_0	ovr125_0	0x48	load_inventory_pix	src/inv/INVPANEL.C:96
ProbablyInitConversationUI_ovr125_48	ovr125_48	0x19e	BeginInventory	src/inv/INVPANEL.C:108
DoesNothing_ovr125_1E6	ovr125_1E6	0x5	EndInventory	src/inv/INVPANEL.C:143
ClearPaperDollSlots_ovr125_1EB	ovr125_1EB	0x57	ClearInventory	src/inv/INVPANEL.C:147
TradeInventorySlotClick_ovr125_242	ovr125_242	0x372	DoInventoryMouse	src/inv/INVPANEL.C:170
ovr125_5B4	ovr125_5B4	0xd7	DoInventoryDrag	src/inv/INVPANEL.C:272
LoadMaleOrFemaleArmourArt_ovr125_68B	ovr125_68B	0x3a	load_inv_pic	src/inv/INVPANEL.C:310
ProbablyRedrawInventory_ovr125_6C5	ovr125_6C5	0x23f	DisplayInvSpecial	src/inv/INVPANEL.C:326
InventorySlotRedraw_ovr125_904	ovr125_904	0xbe	DisplayInvObject	src/inv/INVPANEL.C:381
SwapTradeSlotObject_ovr125_9C2	ovr125_9C2	0xba	SetCursorObj	src/inv/INVPANEL.C:410
MoveQuantity_ovr125_A7C	ovr125_A7C	0x135	AskHowMany	src/inv/INVPANEL.C:436
CanObjectBeAddedToSlot_ovr125_BB1	ovr125_BB1	0x657	ItemFitsSlot	src/inv/INVPANEL.C:496
MaybeItemClickOnSlot_ovr125_1208	ovr125_1208	0x54	RearrangeInventory	src/inv/INVPANEL.C:654
PutObjectInInventorySlot_ovr125_125C	ovr125_125C	0x50	AddToEmptySlot	src/inv/INVPANEL.C:663
CanObjectStackInContainer_ovr125_12AC	ovr125_12AC	0x17d	AddTogether	src/inv/INVPANEL.C:686
UseObjectOnInventorySlot_ovr125_1429	ovr125_1429	0x307	AddToOccupiedSlot	src/inv/INVPANEL.C:718
ovr125_1730	ovr125_1730	0x46	DisplayInventory	src/inv/INVPANEL.C:796
RedrawRangeOfSlots_ovr125_1776	ovr125_1776	0x1bf	displayInventoryArray	src/inv/INVPANEL.C:810
UpdateWeightCapacityOnScreen_ovr125_1935	ovr125_1935	0x85	displayEnc	src/inv/INVPANEL.C:863
ovr125_19BA	ovr125_19BA	0x9b	FindInventoryHit	src/inv/INVPANEL.C:886
LookDescription_ovr126_75BD_0	ovr126_0	0x36a	LookAt	src/obj/LOOK.C:48
BuildObjectIdentificationString_ovr126_36A	ovr126_36A	0xf5	do_mods	src/obj/LOOK.C:129
MagicItemDescription_ovr126_45F	ovr126_45F	0x25d	do_of	src/obj/LOOK.C:159
LookAtReadableItems_ovr126_6BC	ovr126_6BC	0x16f	BookLook	src/obj/LOOK.C:232
MiscMajor5Minor2_ObjectUsage_ovr126_82B	ovr126_82B	0x285	RectLook	src/obj/LOOK.C:272
LookAtBones_ovr126_AB0	ovr126_AB0	0xf6	BonesLook	src/obj/LOOK.C:338
LookAtKey_ovr126_BA6	ovr126_BA6	0x42	KeyLook	src/obj/LOOK.C:366
GetNPCDescription_ovr126_BE8	ovr126_BE8	0x1f2	CritterLook	src/obj/LOOK.C:383
LookAtItem_ovr126_DDA	ovr126_DDA	0xc1	SpecialLook	src/obj/LOOK.C:433
ObjectDescription_ovr126_E9B	ovr126_E9B	0x149	GetObjDesc	src/obj/LOOK.C:458
DataCompressionSubFunction_ovr127_0	ovr127_0	0x23c	InsertNode	src/sys/LZSS.C:36
DataCompressionRelatedFunction_ovr127_23C	ovr127_23C	0x204	DeleteNode	src/sys/LZSS.C:87
DecompressArkData_ovr127_440	ovr127_440	0x355	DecompressLZW_disk	src/sys/LZSS.C:132
DataCompression_ovr127_795	ovr127_795	0x47c	CompressLZW_disk	src/sys/LZSS.C:203
InitialiseEmptyTileMapData_ovr128_0	ovr128_0	0x37	Map_Init	src/map/MAP.C:47
OverwriteAllTiles_ovr128_37	ovr128_37	0x3f	OverwriteAllTiles_ovr128_37	src/map/MAP.C:59
LoadLevARK_ovr128_76	ovr128_76	0xf1	Map_Load	src/map/MAP.C:79
SaveLEVARK_ovr128_167	ovr128_167	0x10a	Map_Save	src/map/MAP.C:109
LoadAnimationOverlays_ovr128_271	ovr128_271	0x97	Anim_Load	src/map/MAP.C:147
StoreAnimationOverlaysToLevArk_ovr128_308	ovr128_308	0x83	Anim_Save	src/map/MAP.C:169
ObjectDatFileReads_ovr130_0	ovr130_0	0x3a	misc_init	src/obj/MISC.C:22
MajorClass2_ovr130_3A	ovr130_3A	0x50	misc_class_data	src/obj/MISC.C:32
PlayCredits_ovr131_0	ovr131_0	0x18	show_credits	src/game/CREDITS.C:15
Interupt4_COM1_ovr132_0	ovr132_0	0x7	Interupt4_COM1_ovr132_0	src/sys/COM1INT.C:11
LoadDatFiles_ovr134_0	ovr134_0	0xee	init_objects	src/obj/OBJCLASS.C:32
Return0_ovr134_EE	ovr134_EE	0x7	Return0_ovr134_EE	src/obj/OBJCLASS.C:62
GetObjectDatForItem_ovr134_F5	ovr134_F5	0x36	get_class_data	src/obj/OBJCLASS.C:69
CancelActiveSpell_ovr135_0	ovr135_0	0x131	dispel_spell	src/game/PLAYTIME.C:47
PlayerUpdates_ovr135_131	ovr135_131	0x3b2	duration_check	src/game/PLAYTIME.C:71
UpdateInventoryLightSources_ovr135_4E3	ovr135_4E3	0x10b	DegradeLights	src/game/PLAYTIME.C:174
SwimmingSkillCheck_ovr135_5EE	ovr135_5EE	0xda	sink_sink_sink	src/game/PLAYTIME.C:219
PlayerStatusEffectSpells_ovr135_6C8	ovr135_6C8	0x10a	set_curmagic	src/game/PLAYTIME.C:246
ovr136_0	ovr136_0	0x2b	is_really_button	src/ui/WRAPPER.C:65
ovr136_2B	ovr136_2B	0x64	better_mouse_release	src/ui/WRAPPER.C:74
ovr136_8F	ovr136_8F	0x1a3	busywaiting_new_options	src/ui/WRAPPER.C:96
ovr136_232	ovr136_232	0x71	move_hilite	src/ui/WRAPPER.C:160
ovr136_2A3	ovr136_2A3	0x5	donothing_opt	src/ui/WRAPPER.C:185
ovr136_2A8	ovr136_2A8	0x14	resume_play_opt	src/ui/WRAPPER.C:189
ChangeDetailSetting_ovr136_2BC	ovr136_2BC	0x59	detail_set_opt	src/ui/WRAPPER.C:198
ovr136_315	ovr136_315	0xb	done_ovr136_315	src/ui/WRAPPER.C:216
ovr136_320	ovr136_320	0x1c	quit_do_opt	src/ui/WRAPPER.C:223
ovr136_33C	ovr136_33C	0x28	save_opt	src/ui/WRAPPER.C:232
OptionsMenuSaveGames_ovr136_364	ovr136_364	0x28	restore_opt	src/ui/WRAPPER.C:244
ovr136_38C	ovr136_38C	0x52	do_saverest_opt	src/ui/WRAPPER.C:258
ovr136_3DE	ovr136_3DE	0xb	music_opt	src/ui/WRAPPER.C:275
ovr136_3E9	ovr136_3E9	0xb	sound_opt	src/ui/WRAPPER.C:280
SoundMenuOptions_ovr136_3F4	ovr136_3F4	0x8e	do_musicsound_opt	src/ui/WRAPPER.C:287
ovr136_482	ovr136_482	0x5	null_group_fun	src/ui/WRAPPER.C:316
ovr136_487	ovr136_487	0xe	game_group_fun	src/ui/WRAPPER.C:320
ovr136_495	ovr136_495	0x26	detail_group_fun	src/ui/WRAPPER.C:326
ovr136_4BB	ovr136_4BB	0x25	detail_setting_message	src/ui/WRAPPER.C:332
ovr136_4E0	ovr136_4E0	0x3e	load_message	src/ui/WRAPPER.C:340
ovr136_51E	ovr136_51E	0xe	quit_group_fun	src/ui/WRAPPER.C:347
ovr136_52C	ovr136_52C	0x25	file_group_fun	src/ui/WRAPPER.C:353
SoundMenu_ovr136_551	ovr136_551	0x7a	musicsound_group_fun	src/ui/WRAPPER.C:361
ovr136_5CB	ovr136_5CB	0x5	ButtonDoNothing_ovr136_5CB	src/ui/WRAPPER.C:372
ovr136_5D0	ovr136_5D0	0x79	deal_with_button	src/ui/WRAPPER.C:378
ovr136_649	ovr136_649	0x37	new_hilit_button	src/ui/WRAPPER.C:396
ovr136_680	ovr136_680	0x4f	get_buttonreg_button	src/ui/WRAPPER.C:407
ovr136_6CF	ovr136_6CF	0x4a	install_buttongroup	src/ui/WRAPPER.C:422
ovr136_719	ovr136_719	0x4e	draw_button	src/ui/WRAPPER.C:437
ovr136_767	ovr136_767	0x76	copy_rectangle	src/ui/WRAPPER.C:446
ovr136_7DD	ovr136_7DD	0x2c	blit_panel_to_main	src/ui/WRAPPER.C:462
ovr136_809	ovr136_809	0xf5	load_buttongroup_images	src/ui/WRAPPER.C:472
SwitchInventoryAndStatsEvent_ovr137_0	ovr137_0	0x23	pull_chain	src/ui/GAMESCR.C:46
PrintCompassPlayerStatus_ovr137_23	ovr137_23	0x127	print_info	src/ui/GAMESCR.C:64
PrintFlaskHealthManaMessage_ovr137_14A	ovr137_14A	0x15e	flask_info	src/ui/GAMESCR.C:103
ovr137_2A8	ovr137_2A8	0x89	start_gameinp	src/ui/GAMESCR.C:136
ovr137_331	ovr137_331	0x36	clear_gameinp	src/ui/GAMESCR.C:146
ovr137_367	ovr137_367	0x42	init_gamedisp	src/ui/GAMESCR.C:155
ovr137_3A9	ovr137_3A9	0xe	clear_gamedisp	src/ui/GAMESCR.C:167
ovr137_3B7	ovr137_3B7	0x2f	check_save	src/ui/GAMESCR.C:178
ResetPlayerDoingSomething_ovr137_3E6	ovr137_3E6	0x1d	check_rest	src/ui/GAMESCR.C:196
UseSkullsOnGravestone_ovr138_0	ovr138_0	0x6d	UseBonesOn	src/obj/USEITEMS.C:42
LookAtWatch_ovr138_6D	ovr138_6D	0xe4	UseWatch	src/obj/USEITEMS.C:63
LookAtDataCrystal_ovr138_151	ovr138_151	0x68	UseCrystal	src/obj/USEITEMS.C:89
BlackRockGemsUsedOnWorldGemovr138_1B9	ovr138_1B9	0x148	UseKeyGem	src/obj/USEITEMS.C:113
UsePoleOnObject_ovr138_301	ovr138_301	0x4e	UsePoleOn	src/obj/USEITEMS.C:145
UseAnvil_ovr138_34F	ovr138_34F	0x4c	UseAnvilOn	src/obj/USEITEMS.C:159
EatingFoodAndDrinking_ovr138_39B	ovr138_39B	0x623	UseFood	src/obj/USEITEMS.C:186
UseOilFlask_ovr138_9BE	ovr138_9BE	0x271	UseOilOn	src/obj/USEITEMS.C:382
ReadBooksAndMaps_ovr138_C2F	ovr138_C2F	0x28a	UseBook	src/obj/USEITEMS.C:451
LockPicking_ovr138_EB9	ovr138_EB9	0xd9	UseLockpickOn	src/obj/USEITEMS.C:525
UseKey_ovr138_F92	ovr138_F92	0x59	UseKeyOn	src/obj/USEITEMS.C:564
UseContainer_ovr138_FEB	ovr138_FEB	0xa4	UseCont	src/obj/USEITEMS.C:579
LightUsage_ovr138_108F	ovr138_108F	0x1b4	UseLight	src/obj/USEITEMS.C:601
MiscMajor4_Minor1_ObjectUsage_ovr138_1243	ovr138_1243	0x9a	UseUnique	src/obj/USEITEMS.C:673
TurnIntoMovingDoor_ovr138_12DD	ovr138_12DD	0x61	moveDoor	src/obj/USEITEMS.C:703
MovingDoorOpenCloseRelated_ovr138_133E	ovr138_133E	0xec	changeDoor	src/obj/USEITEMS.C:716
DoorOpen_ovr138_142A	ovr138_142A	0x118	OpenDoor	src/obj/USEITEMS.C:738
DoorClose_ovr138_1542	ovr138_1542	0xea	CloseDoor	src/obj/USEITEMS.C:772
DoorToggle_ovr138_162C	ovr138_162C	0x38	ToggleDoor	src/obj/USEITEMS.C:805
EmptyContainer_ovr138_1664	ovr138_1664	0xc4	DumpTheBag	src/obj/USEITEMS.C:816
RuneTraps_ovr138_1728	ovr138_1728	0x104	UseRune	src/obj/USEITEMS.C:846
UseMajorClass5_Objects_ovr138_182C	ovr138_182C	0x223	UseRect	src/obj/USEITEMS.C:876
Major4_Minor2_ObjectUsage_ovr138_1A4F	ovr138_1A4F	0x19b	UseMagic	src/obj/USEITEMS.C:934
RockHammerUsage_ovr138_1BEA	ovr138_1BEA	0x1de	UseRockHammerOn	src/obj/USEITEMS.C:1002
MiscClass3_ObjectUsages_ovr138_1DC8	ovr138_1DC8	0xc8	UseUtil	src/obj/USEITEMS.C:1055
ovr139_0	ovr139_0	0x29	init_scroll	src/ui/SCROLLIO.C:34
LikelyWaitForMore_ovr139_29	ovr139_29	0x94	scroll_wait	src/ui/SCROLLIO.C:46
WriteTextWithMORE_ovr139_BD	ovr139_BD	0x94	scroll_more	src/ui/SCROLLIO.C:70
ovr139_151	ovr139_151	0x1b	pick_scroll	src/ui/SCROLLIO.C:91
PrintQTY_ovr139_16C	ovr139_16C	0x77	wd_replace	src/ui/SCROLLIO.C:101
WriteYesorNo_ovr139_1E3	ovr139_1E3	0x6e	wd_bool	src/ui/SCROLLIO.C:118
PlayerTypedInput_ovr139_251	ovr139_251	0x4f6	wdialog	src/ui/SCROLLIO.C:145
WaitForYesNoAnswer_ovr139_747	ovr139_747	0xf5	wyorn	src/ui/SCROLLIO.C:285
ovr139_83C	ovr139_83C	0x87	scroll_clear	src/ui/SCROLLIO.C:334
LoadTextures_ovr140_0	ovr140_0	0x4f	init_txtlib	src/map/TEXTMAPS.C:35
ovr140_4F	ovr140_4F	0x50	ovr140_4F	src/map/TEXTMAPS.C:51
LoadTextureMapData_ovr140_9F	ovr140_9F	0xcd	Txm_Load	src/map/TEXTMAPS.C:64
SaveTextureMapsToArk_ovr140_16C	ovr140_16C	0xcb	Txm_Save	src/map/TEXTMAPS.C:93
LoadT64AndDoorsGR_ovr140_237	ovr140_237	0x14	load_txtmaps	src/map/TEXTMAPS.C:112
LoadTerrainDat_ovr140_24B	ovr140_24B	0x61	Load_Terrains	src/map/TEXTMAPS.C:121
MaybePlayerDayLoadrelated_ovr142_0	ovr142_0	0x5	MaybePlayerDayLoadrelated_ovr142_0	src/game/PLAYDATA.C:81
CopyPlayerPropsFromObjectToPDAT_ovr142_5	ovr142_5	0xfd	save_player_data	src/game/PLAYDATA.C:83
ReadPlayerDat_ovr142_102	ovr142_102	0xfe	read_player_data	src/game/PLAYDATA.C:104
ResetSomePlayerValues_ovr142_200	ovr142_200	0x7a	init_spells	src/game/PLAYDATA.C:132
ovr142_27A	ovr142_27A	0x5	swap_tmap	src/game/PLAYDATA.C:146
ShroomsCameraEffects_ovr142_27F	ovr142_27F	0xae	set_drugged	src/game/PLAYDATA.C:151
ActiveEnchantedItem_Spells_ovr142_32D	ovr142_32D	0x264	player_affected_by	src/game/PLAYDATA.C:197
RetrieveActiveSpells_ovr142_591	ovr142_591	0x84	parse_aspells	src/game/PLAYDATA.C:281
ApplyDefenceStealthBonuses_ovr142_615	ovr142_615	0xc6	parse_spells	src/game/PLAYDATA.C:294
GetArmourProtection_ovr142_6DB	ovr142_6DB	0x57	armor_val	src/game/PLAYDATA.C:322
RefreshPlayerStatus_ovr142_732	ovr142_732	0x3c0	FixPlayerEquips	src/game/PLAYDATA.C:347
OpenDL_DAT_ovr142_AF2	ovr142_AF2	0x7f	load_dl	src/game/PLAYDATA.C:428
InitPlayerObject_ovr143_0	ovr143_0	0xb0	InitPlayerRec	src/game/PLAYER.C:79
InitPlayerAndRegisterKeys_ovr143_B0	ovr143_B0	0x672	init_player	src/game/PLAYER.C:112
ovr143_722	ovr143_722	0x25d	mous_player	src/game/PLAYER.C:208
ovr143_97F	ovr143_97F	0x6e	demous_player	src/game/PLAYER.C:226
PrintPlayerPosition_ovr143_9ED	ovr143_9ED	0x7a	report_loc	src/game/PLAYER.C:242
PrintGameVersion_ovr143_A67	ovr143_A67	0x1b	show_version	src/game/PLAYER.C:260
SetCameraViewObjectDefaults_ovr143_A82	ovr143_A82	0xc9	home_cam	src/game/PLAYER.C:267
RoamingSightInput_ovr143_B4B	ovr143_B4B	0x102	move_cam	src/game/PLAYER.C:293
ChangeReferenceToCameraObject_ovr143_C4D	ovr143_C4D	0xf9	attach_eye	src/game/PLAYER.C:342
MakeObjectTheCamera_ovr143_D46	ovr143_D46	0x16	release_camera	src/game/PLAYER.C:376
HackTrapCamera_ovr143_D5C	ovr143_D5C	0xad	crystal_ball	src/game/PLAYER.C:384
LaunchPlayerAtMoongate_ovr143_E09	ovr143_E09	0xf4	Vortex_ovr143_E09	src/game/PLAYER.C:412
LookUpDown_ovr143_EFD	ovr143_EFD	0x5b	chg_plys	src/game/PLAYER.C:435
ChangeCameraRoll_ovr143_F58	ovr143_F58	0x25	RollView_ovr143_F58	src/game/PLAYER.C:451
LookUpDown_ovr143_F7D	ovr143_F7D	0x27	chg_plyp	src/game/PLAYER.C:461
ovr146_0	ovr146_0	0x5	ovr146_0	src/sys/EMPTY.C:9
ovr147_0	ovr147_0	0x22	adr_opbtn	src/ui/MAINMENU.C:44
ovr147_22	ovr147_22	0x72	move_opbtn	src/ui/MAINMENU.C:53
PlayIntroIfNoSaveGames_ovr147_94	ovr147_94	0x38	do_intro_scene	src/ui/MAINMENU.C:65
DrawMainMenuLoadScreen_ovr147_CC	ovr147_CC	0x14c	draw_start_buttons	src/ui/MAINMENU.C:80
MainMenu_ovr147_218	ovr147_218	0x327	real_start	src/ui/MAINMENU.C:117
ovr147_53F	ovr147_53F	0x1ed	parse_start_mouse	src/ui/MAINMENU.C:226
MainMenuInputHandler_ovr147_76EE_72C	ovr147_72C	0x1b7	parse_start_input	src/ui/MAINMENU.C:282
MainMenuListSaveGames_ovr147_76EE_W_8E3	ovr147_8E3	0x173	do_journey	src/ui/MAINMENU.C:337
UnknownAutomapLoop_ovr147_A56	ovr147_A56	0x1d	UnknownAutomapLoop_ovr147_A56	src/ui/MAINMENU.C:388
UnknownCallBackFunctionForAutomap_ovr147_A73	ovr147_A73	0x4f	Region_ovr147_A73	src/ui/MAINMENU.C:393
SetsAXTo0_ovr148_0	ovr148_0	0x7	rect_class_data	src/obj/RECT.C:9
MaybeCreateSaveGameFolder_ovr149_0	ovr149_0	0x92	init_save	src/game/GAMEWRAP.C:62
LoadGameMap_ovr149_92	ovr149_92	0xa1	GetLevel	src/game/GAMEWRAP.C:85
SaveGame_ovr149_133	ovr149_133	0xb3	SaveLevel	src/game/GAMEWRAP.C:114
EnumerateSaveGames_ovr149_1E6	ovr149_1E6	0xdc	get_save_descs	src/game/GAMEWRAP.C:142
ListSaveGamesInScroll_ovr149_771E_2C2	ovr149_2C2	0x96	ShowSaveRest	src/game/GAMEWRAP.C:167
LikeylSelectSaveSlot_ovr149_358	ovr149_358	0xc3	DoSaveRest	src/game/GAMEWRAP.C:192
OpenSaveGame_ovr149_771E_41B	ovr149_41B	0xc9	RestoreGame	src/game/GAMEWRAP.C:224
SaveGame_ovr149_771E_4E4	ovr149_4E4	0x187	SaveGame	src/game/GAMEWRAP.C:253
DeleteFilesInFolder_ovr149_66B	ovr149_66B	0x83	clear_dir	src/game/GAMEWRAP.C:299
CopyFile_ovr149_771E_6EE	ovr149_6EE	0x111	copy_file	src/game/GAMEWRAP.C:320
CopySaveGameFiles_ovr149_771E_7FF	ovr149_7FF	0x6f	copy_dir	src/game/GAMEWRAP.C:367
PlayerUpdatesOnLevelChange_ovr149_86E	ovr149_86E	0x95	ChangeLevel	src/game/GAMEWRAP.C:387
OpenCloseDoorInTile_ovr149_903	ovr149_903	0x7f	gruesome_door_hack	src/game/GAMEWRAP.C:412
LevelChangeEvents_ovr149_982	ovr149_982	0x1a0	do_level_hacks	src/game/GAMEWRAP.C:444
LoadBitMap_ovr150_0	ovr150_0	0x4a	display_screen	src/gfx/SHOWPIC.C:32
LoadBitmapFromBytArk_ovr150_4A	ovr150_4A	0xde	disk_to_vid	src/gfx/SHOWPIC.C:54
FindSCDRowsToExecute_ovr151_0	ovr151_0	0xd3	FindSCDRowsToExecute_ovr151_0	src/event/SCHEDULE.C:56
SetSomeValuesInSCDRows_ovr151_D3	ovr151_D3	0x59	SetSomeValuesInSCDRows_ovr151_D3	src/event/SCHEDULE.C:85
ovr151_12C	ovr151_12C	0x7a	do_migrations	src/event/SCHEDULE.C:98
SCD_AllocatePointer_ovr151_1A6	ovr151_1A6	0x1b	Sched_SetBuf	src/event/SCHEDULE.C:115
LoadScdArkData_ovr151_1C1	ovr151_1C1	0x57	Sched_Load	src/event/SCHEDULE.C:122
SaveScdArkRelated_ovr151_218	ovr151_218	0x74	Sched_Should_Save	src/event/SCHEDULE.C:137
SaveSCD_ovr151_28C	ovr151_28C	0x14	Sched_Save	src/event/SCHEDULE.C:155
GetSCDOffset_ovr151_2A0	ovr151_2A0	0x1d	Sched_GetTime	src/event/SCHEDULE.C:160
ProcessGeneralSCDBlock_ovr151_2BD	ovr151_2BD	0x71	Sched_SetTime	src/event/SCHEDULE.C:169
SCD_ProcessBlock0_ovr151_32E	ovr151_32E	0x78	Sched_WrapTime	src/event/SCHEDULE.C:187
ProcessSCDARK_ovr151_3A6	ovr151_3A6	0xb1	Sched_SetAllClocks	src/event/SCHEDULE.C:204
ovr151_457	ovr151_457	0x25	Sched_IncrTime	src/event/SCHEDULE.C:224
ovr151_47C	ovr151_47C	0x15f	Sched_InsertLong	src/event/SCHEDULE.C:234
DeleteSCDRecord_ovr151_5DB	ovr151_5DB	0x8b	Sched_Delete	src/event/SCHEDULE.C:268
ProbablyCopyEventRow_ovr151_666	ovr151_666	0x3d	Sched_Migrate	src/event/SCHEDULE.C:280
ovr151_6A3	ovr151_6A3	0x18	Sched_Insert	src/event/SCHEDULE.C:287
ovr151_6BB	ovr151_6BB	0xe	Sched_GetClock	src/event/SCHEDULE.C:293
OpenDataFile_ovr152_0	ovr152_0	0x4a	lget	src/map/LIGHTING.C:37
OpenAndApplyShadesDat_ovr152_4A	ovr152_4A	0xf7	set_light	src/map/LIGHTING.C:57
LoadLightAndXFerDat_ovr152_141	ovr152_141	0x2d	init_lighting	src/map/LIGHTING.C:91
ChangeShroomPaletteData_ovr152_16E	ovr152_16E	0x88	random_light	src/map/LIGHTING.C:106
AllocateDataOffsetsForCompression_ovr153_0	ovr153_0	0x2b	ac_setup_lzw	src/sys/ACLZW.C:24
ReadCompressedArk_ovr153_2B	ovr153_2B	0x61	ac_unshrink_disk	src/sys/ACLZW.C:35
CompressData_ovr153_8C	ovr153_8C	0x62	ac_shrink_disk	src/sys/ACLZW.C:56
SetsAXTo0_ovr155_0	ovr155_0	0x7	spec_class_data	src/obj/SPEC.C:9
ApplyManaCost_ovr156_0	ovr156_0	0x29	spend_mana	src/combat/SPELLS.C:47
GetNoMagicTileBit_ovr156_29	ovr156_29	0x23	anti_magic_p	src/combat/SPELLS.C:54
SpellTrapWandNPCCast_ovr156_4C	ovr156_4C	0x7d	cast	src/combat/SPELLS.C:62
CastSpell_ovr156_C9	ovr156_C9	0x276	do_spell	src/combat/SPELLS.C:83
ManaChange_ovr156_33F	ovr156_33F	0xae	restore_mana	src/combat/SPELLS.C:155
PlayerHPRegenerationChange_ovr156_3ED	ovr156_3ED	0x98	restore_hp	src/combat/SPELLS.C:176
ChangeHealth_ovr156_485	ovr156_485	0x72	get_hp_back	src/combat/SPELLS.C:197
Class4_HealSpells_ovr156_4F7	ovr156_4F7	0x47	healing	src/combat/SPELLS.C:207
Class9Spells_CursedObjects_ovr156_53E	ovr156_53E	0x8e	backfire	src/combat/SPELLS.C:222
Class5_ProjectileSpells_ovr156_5CC	ovr156_5CC	0x70	release_missile	src/combat/SPELLS.C:246
CreateObjectInTile_ovr156_63C	ovr156_63C	0x5f	build_new_obj	src/combat/SPELLS.C:263
SheetLightning_ovr156_69B	ovr156_69B	0x8d	sp_sheet_light	src/combat/SPELLS.C:277
FlameWind_ovr156_728	ovr156_728	0x11b	sp_meteor	src/combat/SPELLS.C:294
SmiteUndead_ovr156_843	ovr156_843	0xad	sp_ward_undead	src/combat/SPELLS.C:331
Poison_ovr156_8F0	ovr156_8F0	0x6a	sp_poison	src/combat/SPELLS.C:351
ApplyAttitudeChangingSpellToNPC__ovr156_95A	ovr156_95A	0x70	hit_critter_goal	src/combat/SPELLS.C:364
Charm_ovr156_9CA	ovr156_9CA	0xd4	sp_charm	src/combat/SPELLS.C:379
MassConfusion_ovr156_A9E	ovr156_A9E	0xa6	sp_confusion	src/combat/SPELLS.C:407
DirectDamageSpellWithVulnerability_ovr156_B44	ovr156_B44	0xde	wound_foe	src/combat/SPELLS.C:429
Shockwave_ovr156_C22	ovr156_C22	0xa4	sp_shockwave	src/combat/SPELLS.C:454
BleedingSpellCast_ovr156_CC6	ovr156_CC6	0x82	sp_bleed	src/combat/SPELLS.C:473
SmiteFoe_ovr156_D48	ovr156_D48	0x81	sp_smite	src/combat/SPELLS.C:490
Frost_ovr156_DC9	ovr156_DC9	0xf7	sp_frost	src/combat/SPELLS.C:507
CauseFear_ovr156_EC0	ovr156_EC0	0x44	sp_fear	src/combat/SPELLS.C:533
RepelUndead_ovr156_F04	ovr156_F04	0x17a	sp_repel_undead	src/combat/SPELLS.C:546
Paralyse_ovr156_107E	ovr156_107E	0x78	sp_hold	src/combat/SPELLS.C:581
RunCodeOnTargetsInArea__ovr156_10F6	ovr156_10F6	0x2b9	process_area	src/combat/SPELLS.C:602
RunCodeOnTargetsAroundObject_ovr156_13AF	ovr156_13AF	0xd7	gronk_area	src/combat/SPELLS.C:674
RunFunctionOnWhoAmI_NPC_ovr156_1486	ovr156_1486	0x6d	gronk_whoami	src/combat/SPELLS.C:703
Class6_Spells_ovr156_14F3	ovr156_14F3	0x52	nail_area	src/combat/SPELLS.C:746
Class7_Group0to7_ovr156_1545	ovr156_1545	0x9b	target_spells	src/combat/SPELLS.C:758
Class7_SpellCast_ovr156_15E0	ovr156_15E0	0x5c	nail_1area	src/combat/SPELLS.C:783
Class7Spells_Group1_ovr156_163C	ovr156_163C	0x388	obj_spells	src/combat/SPELLS.C:806
MapAreaCallBack_ovr156_19C4	ovr156_19C4	0x3b	clip_circle	src/combat/SPELLS.C:924
ClassD_Spells_ovr156_19FF	ovr156_19FF	0x2a6	special_spells	src/combat/SPELLS.C:944
SpellDamagesObjectsInTile_ovr156_1CA5	ovr156_1CA5	0xc1	damage_square	src/combat/SPELLS.C:1061
StudyMonsterSpellDetailsAndProperties_ovr157_0	ovr157_0	0x1d8	study_monster_spells	src/combat/SPELLS2.C:52
SpellCode_StudyMonster_ovr157_1D8	ovr157_1D8	0x319	sp_study_monster	src/combat/SPELLS2.C:121
CanObjectBeEnchanted_ovr157_4F1	ovr157_4F1	0x5e	chargeable	src/combat/SPELLS2.C:212
EnchantmentFailureExplosion_ovr157_54F	ovr157_54F	0xef	sp_enchant_faildestroymess	src/combat/SPELLS2.C:235
ChargeObjectSpellWithEffectID_ovr157_63E	ovr157_63E	0x142	charge_object	src/combat/SPELLS2.C:262
FailEnchantment_ovr157_780	ovr157_780	0x6b	sp_enchant_destroy	src/combat/SPELLS2.C:291
EnchantObject_ovr157_7EB	ovr157_7EB	0x385	sp_enchant	src/combat/SPELLS2.C:310
CanObjectBeRepaired_ovr157_B70	ovr157_B70	0x85	mendable	src/combat/SPELLS2.C:410
RevealSpell_ovr157_BF5	ovr157_BF5	0xb6	sp_true_sight	src/combat/SPELLS2.C:439
Class8Summoning_Spells_ovr157_CAB	ovr157_CAB	0x4e7	creat_spell	src/combat/SPELLS2.C:471
DetectCreatureString_ovr157_1192	ovr157_1192	0x51	print_monster	src/combat/SPELLS2.C:576
DetectMonsters_ovr157_11E3	ovr157_11E3	0x2f1	mdetect	src/combat/SPELLS2.C:585
QuakeSpell_ovr157_14D4	ovr157_14D4	0x144	tremor_area	src/combat/SPELLS2.C:659
ClassB_Spells_ovr157_1618	ovr157_1618	0x399	xt_spells	src/combat/SPELLS2.C:695
AltarasWand_ovr157_19B1	ovr157_19B1	0x59	thump_your_magic_twanger_froggie	src/combat/SPELLS2.C:804
AltarasWand_ovr157_1A0A	ovr157_1A0A	0x138	check_Guardian_magic_marker	src/combat/SPELLS2.C:820
PrintCharNameClassLevel_ovr158_0	ovr158_0	0xf3	sp_hdr	src/ui/STATS.C:44
PrintPlayerAttribute_ovr158_F3	ovr158_F3	0x5c	sp_att	src/ui/STATS.C:64
PrintAHPString_ovr158_14F	ovr158_14F	0x74	sp_hp	src/ui/STATS.C:72
PrintAManaString_ovr158_1C3	ovr158_1C3	0x73	sp_mp	src/ui/STATS.C:85
PrintEXPString_ovr158_236	ovr158_236	0x4e	sp_xp	src/ui/STATS.C:99
PrintSkill_ovr158_284	ovr158_284	0xf8	sp_skill	src/ui/STATS.C:110
StatsDisplay_ovr158_37C	ovr158_37C	0xe4	RedispStat	src/ui/STATS.C:127
ProbablyStatDisplayClick_ovr158_460	ovr158_460	0xed	mous_in_stat	src/ui/STATS.C:160
RedrawStatPanel_ovr158_54D	ovr158_54D	0x1b	panel_check	src/ui/STATS.C:188
SetsAXTo0_ovr159_0	ovr159_0	0x7	stuff_class_data	src/obj/STUFF.C:9
ovr162_0	ovr162_0	0x17	ovr162_0	src/event/TRIGSAVE.C:17
SpillInventory_ovr163_0	ovr163_0	0x1f1	drop_link_chain	src/obj/TREASURE.C:37
SpillCritterInventory_ovr163_1F1	ovr163_1F1	0x2c	drop_some_objects	src/obj/TREASURE.C:79
LootSpawnValuables_ovr163_21D	ovr163_21D	0x179	generate_treasure	src/obj/TREASURE.C:89
LootSpawnFood_ovr163_396	ovr163_396	0x66	generate_food	src/obj/TREASURE.C:132
LootSpawnArms_ovr163_3FC	ovr163_3FC	0x121	generate_weapons	src/obj/TREASURE.C:150
LootSpawnOther_ovr163_51D	ovr163_51D	0xec	generate_equipment	src/obj/TREASURE.C:176
SpawnNPCLoot_ovr163_609	ovr163_609	0x87	generate_inventory	src/obj/TREASURE.C:199
ovr165_0	ovr165_0	0xe	ovr165_0	src/sys/STUBS2.C:10
ovr165_E	ovr165_E	0x5	ovr165_E	src/sys/STUBS2.C:11
LoadTriggerObjDat_ovr166_0	ovr166_0	0x17	trap_init	src/event/TRIGGER.C:62
MajorClass6TriggerType_ovr166_17	ovr166_17	0x24	trap_class_data	src/event/TRIGGER.C:70
RunTrigger_ovr166_3B	ovr166_3B	0x211	UseTrigger	src/event/TRIGGER.C:86
TriggerTrap_ovr166_24C	ovr166_24C	0x4c	SetOffTrap	src/event/TRIGGER.C:135
PerformVariableOperation_ovr166_298	ovr166_298	0x55	do_math_op	src/event/TRIGGER.C:151
VariableOperationOnQuestVariablesXClock_ovr166_2ED	ovr166_2ED	0x251	set_numbered_variable	src/event/TRIGGER.C:169
GetVarQuestOrClockValue_ovr166_53E	ovr166_53E	0x98	get_numbered_variable	src/event/TRIGGER.C:210
TRAPS_ovr166_5D6	ovr166_5D6	0x15ae	UseTrap	src/event/TRIGGER.C:279
RemoveTriggersPointingAtTrapToRemove_ovr166_1B84	ovr166_1B84	0x111	kill_triggers	src/event/TRIGGER.C:717
RemoveTrapChain_ovr166_1C95	ovr166_1C95	0xbe	delete_trap	src/event/TRIGGER.C:743
HackTraps_ovr166_1D53	ovr166_1D53	0x591	do_trap_hack	src/event/TRIGGER.C:773
CreateMoveTriggerAndTrapInTile_ovr166_22E4	ovr166_22E4	0x25b	cast_trap_spell	src/event/TRIGGER.C:919
RemoveTriggerChain_ovr166_253F	ovr166_253F	0xd1	trigger_obj_del	src/event/TRIGGER.C:969
RemoveTrapTriggerChain_ovr166_2610	ovr166_2610	0x3b	trap_obj_del	src/event/TRIGGER.C:989
CheckObjectBitRelatedToCreateObject_0xD_8_ovr166_264B	ovr166_264B	0x51	is_this_wandering	src/event/TRIGGER.C:999
CheckIfMobileBit_D_8_1BB8_ovr166_269C	ovr166_269C	0x36	dont_create_wandering_monster_here	src/event/TRIGGER.C:1011
CheckIfWithin8TilesFromObject_ovr166_26D2	ovr166_26D2	0x54	check_alert	src/event/TRIGGER.C:1020
FindAndTriggerCreateObjectTrap_ovr166_2726	ovr166_2726	0xad	DoWanderingMonsters	src/event/TRIGGER.C:1033
SCDFindandCloseDoor_ovr166_27D3	ovr166_27D3	0xf5	DoClosingDoors	src/event/TRIGGER.C:1054
GetPlayerWeightPlusObjectInHand_ovr166_28C8	ovr166_28C8	0x2b	Ply_Weight	src/event/TRIGGER.C:1079
RunPressureEnterExitTriggersInChain_ovr166_28F3	ovr166_28F3	0x27e	check_pplate	src/event/TRIGGER.C:1091
PressureTriggerTextureChange_ovr166_2B71	ovr166_2B71	0xef	update_pplate	src/event/TRIGGER.C:1147
HackTrapCollapseFloor_ovr166_2C60	ovr166_2C60	0xea	do_ice_hack	src/event/TRIGGER.C:1168
BridgeTrapCreate_ovr166_2D4A	ovr166_2D4A	0x12e	place_bridge	src/event/TRIGGER.C:1190
BridgeTrapRemove_ovr166_2E78	ovr166_2E78	0xb1	destroy_bridge	src/event/TRIGGER.C:1217
Critter_RNG_STR_CHECK_ovr166_2F29	ovr166_2F29	0x47	eligible_castle_monster	src/event/TRIGGER.C:1240
OscillateSpecificTiles_ovr166_2F70	ovr166_2F70	0x5e	check_for_sunken_moongate	src/event/TRIGGER.C:1247
NOT_ovr167_0	ovr167_0	0x17	flip_bool	src/sys/MISCUTIL.C:41
ovr167_17	ovr167_17	0x65	solve_compass	src/sys/MISCUTIL.C:47
TurnVectorsIntoHeading_ovr167_7C	ovr167_7C	0x85	mpos	src/sys/MISCUTIL.C:62
GetPitWarriorPositionOffset_ovr167_101	ovr167_101	0x76	octant	src/sys/MISCUTIL.C:79
GetHeadingBetweenPoints_ovr167_177	ovr167_177	0x1a	postodir	src/sys/MISCUTIL.C:90
GetDetectedCreatureDirections_ovr167_191	ovr167_191	0xc1	print_path_to	src/sys/MISCUTIL.C:101
ovr167_252	ovr167_252	0xc1	unsolve_compass	src/sys/MISCUTIL.C:125
DartSatelliteVectoring_ovr167_313	ovr167_313	0xae	get_theta	src/sys/MISCUTIL.C:142
PrintErrorToMessageScroll_ovr167_3C1	ovr167_3C1	0x35	errmsg	src/sys/MISCUTIL.C:159
ListFiles_ovr167_3F6	ovr167_3F6	0x2b	dir_exist	src/sys/MISCUTIL.C:167
ovr167_421	ovr167_421	0x42	check_dirs	src/sys/MISCUTIL.C:177
ovr167_463	ovr167_463	0x26	OkEnoughMem_ovr167_463	src/sys/MISCUTIL.C:187
DeleteTempFiles_ovr167_489	ovr167_489	0xa8	check_fds	src/sys/MISCUTIL.C:196
ovr167_531	ovr167_531	0x56	blttodrive	src/sys/MISCUTIL.C:219
LoadDatFile_ovr167_587	ovr167_587	0x53	bltfromdrive	src/sys/MISCUTIL.C:230
FileReadToAddress_ovr167_5DA	ovr167_5DA	0x4d	intoFarBuffer_ovr167_5DA	src/sys/MISCUTIL.C:244
FileWriteWithParams_ovr167_627	ovr167_627	0x4d	FarWrite_ovr167_627	src/sys/MISCUTIL.C:258
ovr167_674	ovr167_674	0x9b	build_xor_table	src/sys/MISCUTIL.C:281
SaveDecrypt_ovr167_70F	ovr167_70F	0x5a	xor_xor_table	src/sys/MISCUTIL.C:292
DecryptPlayerDat_ovr167_769	ovr167_769	0x74	xorread	src/sys/MISCUTIL.C:304
SaveFileEncryption_ovr167_7DD	ovr167_7DD	0x7d	xorwrite	src/sys/MISCUTIL.C:322
LoadStringsPakToTable_ovr167_85A	ovr167_85A	0x35	data_fopen	src/sys/MISCUTIL.C:343
OpenDataFile_ovr167_88F	ovr167_88F	0x65	our_open	src/sys/MISCUTIL.C:350
seg000_2	seg000_2	0x71	create_sprite	src/gfx/SPRITE.ASM:98
seg000_2	seg000_73	0x33	destroy_sprite	src/gfx/SPRITE.ASM:151
seg000_A6	seg000_A6	0x45	change_sprite	src/gfx/SPRITE.ASM:181
seg000_EB	seg000_EB	0x35	draw_sprite	src/gfx/SPRITE.ASM:217
seg000_120	seg000_120	0x35	draw_mask	src/gfx/SPRITE.ASM:248
seg000_155	seg000_155	0x36	erase_sprite	src/gfx/SPRITE.ASM:279
seg000_18B	seg000_18B	0x37	move_sprite	src/gfx/SPRITE.ASM:310
seg000_1C2	seg000_1C2	0x37	resize_sprite	src/gfx/SPRITE.ASM:342
seg000_1F9	seg000_1F9	0x137	set_yoff	src/gfx/SPRITE.ASM:374
seg000_330	seg000_330	0x1ba	update_sprites	src/gfx/SPRITE.ASM:503
seg001_023B_C	seg001_023B_C	0x3e	seg001_023B_C	src/gfx/VALLOC.ASM:75
seg001_023B_4A	seg001_023B_4A	0x10	valloc	src/gfx/VALLOC.ASM:112
seg001_023B_5A	seg001_023B_5A	0xab	seg001_023B_5A	src/gfx/VALLOC.ASM:118
seg001_023B_105	seg001_023B_105	0xd0	vfree	src/gfx/VALLOC.ASM:205
seg001_023B_1D5	seg001_023B_1D5	0x1a	save_rect	src/gfx/VALLOC.ASM:300
MaybeRedrawSlot_seg001_023B_25B	seg001_023B_25B	0xd	restore_rect	src/gfx/VALLOC.ASM:365
seg002_2	seg002_2	0x92	seg002_2	src/gfx/LPFDELTA.ASM:34
seg003_0272_0	seg003_0272_0_0	0x8	seg003_0272_0	src/gfx/GRMISC.ASM:88
seg003_0272_8	seg003_0272_0_8	0x8	seg003_0272_8	src/gfx/GRMISC.ASM:98
seg003_0272_10	seg003_0272_0_10	0x8	seg003_0272_10	src/gfx/GRMISC.ASM:108
seg003_0272_18	seg003_0272_0_18	0x10	seg003_0272_18	src/gfx/GRMISC.ASM:122
seg003_0272_28	seg003_0272_0_28	0x1e	seg003_0272_28	src/gfx/GRMISC.ASM:137
seg003_0272_46	seg003_0272_0_46	0xa6	seg003_0272_46	src/gfx/GRMISC.ASM:166
seg003_0272_21D4	seg003_0272_21D4	0x669	seg003_0272_21D4	src/gfx/VIDMODE.ASM:172
seg003_0272_283D	seg003_0272_283D	0xd7	seg003_0272_283D	src/gfx/VIDMODE.ASM:902
seg003_0272_2914	seg003_0272_2914	0x31	seg003_0272_2914	src/gfx/VIDMODE.ASM:1007
seg003_0272_2945	seg003_0272_2945	0x1a	seg003_0272_2945	src/gfx/VIDMODE.ASM:1037
seg003_0272_295F	seg003_0272_295F	0x18	seg003_0272_295F	src/gfx/VIDMODE.ASM:1059
seg003_0272_2977	seg003_0272_2977	0x96	seg003_0272_2977	src/gfx/VIDMODE.ASM:1080
seg003_0272_2A0D	seg003_0272_2A0D	0x82	seg003_0272_2A0D	src/gfx/VIDMODE.ASM:1167
seg003_0272_2A8F	seg003_0272_2A8F	0x2f	seg003_0272_2A8F	src/gfx/VIDMODE.ASM:1245
seg003_0272_2ABE	seg003_0272_2ABE	0x2f	seg003_0272_2ABE	src/gfx/VIDMODE.ASM:1287
seg003_0272_2AED	seg003_0272_2AED	0x3f	seg003_0272_2AED	src/gfx/VIDMODE.ASM:1311
seg003_0272_2B2C	seg003_0272_2B2C	0x18	seg003_0272_2B2C	src/gfx/VIDMODE.ASM:1350
seg003_0272_2B44	seg003_0272_2B44	0xf	seg003_0272_2B44	src/gfx/VIDMODE.ASM:1369
seg003_0272_2B53	seg003_0272_2B53	0xf	seg003_0272_2B53	src/gfx/VIDMODE.ASM:1378
seg003_0272_2B62	seg003_0272_2B62	0x18	seg003_0272_2B62	src/gfx/VIDMODE.ASM:1394
seg003_0272_2B7A	seg003_0272_2B7A	0x21	seg003_0272_2B7A	src/gfx/VIDMODE.ASM:1414
SetVideoMode_seg003_0272_2B9B	seg003_0272_2B9B	0x5e	SetVideoMode_seg003_0272_2B9B	src/gfx/VIDMODE.ASM:1440
seg003_0272_2BF9	seg003_0272_2BF9	0x4b	seg003_0272_2BF9	src/gfx/VIDMODE.ASM:1510
seg003_0272_2C44	seg003_0272_2C44	0x13f	seg003_0272_2C44	src/gfx/VIDMODE.ASM:1543
seg003_0272_2D83	seg003_0272_2D83	0x195	seg003_0272_2D83	src/gfx/VIDMODE.ASM:1714
seg003_0272_2F18	seg003_0272_2F18	0x17c	seg003_0272_2F18	src/gfx/VIDMODE.ASM:1926
seg003_0272_3094	seg003_0272_3094	0x4f	seg003_0272_3094	src/gfx/VIDMODE.ASM:2124
seg003_0272_30E3	seg003_0272_30E3	0x18	seg003_0272_30E3	src/gfx/VIDMODE.ASM:2167
seg003_0272_30FB	seg003_0272_30FB	0x26	seg003_0272_30FB	src/gfx/VIDMODE.ASM:2181
seg003_0272_3121	seg003_0272_3121	0x43	seg003_0272_3121	src/gfx/VIDMODE.ASM:2205
seg003_0272_3164	seg003_0272_3164	0x31	seg003_0272_3164	src/gfx/VIDMODE.ASM:2240
seg003_0272_3195	seg003_0272_3195	0x29	seg003_0272_3195	src/gfx/VIDMODE.ASM:2270
seg003_0272_31BE	seg003_0272_31BE	0x27	seg003_0272_31BE	src/gfx/VIDMODE.ASM:2291
nullsub_1	seg003_0272_31E5	0x2	nullsub_1	src/gfx/VIDMODE.ASM:2312
seg003_0272_31E7	seg003_0272_31E7	0x1e	seg003_0272_31E7	src/gfx/VIDMODE.ASM:2322
seg003_0272_3206	seg003_0272_3206	0x15	seg003_0272_3206	src/gfx/GRLIBF.ASM:93
seg003_0272_321B	seg003_0272_321B	0x4f	seg003_0272_321B	src/gfx/GRLIBF.ASM:115
seg003_0272_326A	seg003_0272_326A	0x3	seg003_0272_326A	src/gfx/GRLIBF.ASM:149
seg003_0272_326D	seg003_0272_326D	0x10	seg003_0272_326D	src/gfx/GRLIBF.ASM:156
seg003_0272_327D	seg003_0272_327D	0x12	seg003_0272_327D	src/gfx/GRLIBF.ASM:168
seg003_0272_328F	seg003_0272_328F	0x53	seg003_0272_328F	src/gfx/GRLIBF.ASM:184
seg003_0272_32E2	seg003_0272_32E2	0x38	seg003_0272_32E2	src/gfx/GRLIBF.ASM:229
seg003_0272_331A	seg003_0272_331A	0x7	seg003_0272_331A	src/gfx/GRLIBF.ASM:263
seg003_0272_3321	seg003_0272_3321	0x3	seg003_0272_3321	src/gfx/GRLIBF.ASM:271
seg003_0272_3324	seg003_0272_3324	0x4a	seg003_0272_3324	src/gfx/GRLIBF.ASM:280
seg003_0272_336E	seg003_0272_336E	0x3	seg003_0272_336E	src/gfx/GRLIBF.ASM:324
seg003_0272_3371	seg003_0272_3371	0x4d	seg003_0272_3371	src/gfx/GRLIBF.ASM:331
seg003_0272_33BE	seg003_0272_33BE	0x60	seg003_0272_33BE	src/gfx/GRLIBF.ASM:369
seg003_0272_341E	seg003_0272_341E	0x5	seg003_0272_341E	src/gfx/GRLIBF.ASM:430
seg003_0272_3423	seg003_0272_3423	0xb	seg003_0272_3423	src/gfx/GRLIBF.ASM:437
seg003_0272_342E	seg003_0272_342E	0x51	seg003_0272_342E	src/gfx/GRLIBF.ASM:453
seg003_0272_347F	seg003_0272_347F	0x2f	seg003_0272_347F	src/gfx/GRLIBF.ASM:498
seg003_0272_34AE	seg003_0272_34AE	0x14	seg003_0272_34AE	src/gfx/GRLIBF.ASM:526
seg003_0272_34C2	seg003_0272_34C2	0x5	seg003_0272_34C2	src/gfx/GRLIBF.ASM:545
seg003_0272_34C7	seg003_0272_34C7	0x1be	seg003_0272_34C7	src/gfx/GRLIBF.ASM:560
seg003_0272_368E	seg003_0272_368E	0xcd	seg003_0272_368E	src/gfx/GRLIBG.ASM:54
seg003_0272_375C	seg003_0272_375C	0x62	seg003_0272_375C	src/gfx/GRLIBH.ASM:41
seg003_0272_37BE	seg003_0272_37BE	0x5e	seg003_0272_37BE	src/gfx/GRLIBH.ASM:88
seg003_0272_381C	seg003_0272_381C	0x97	seg003_0272_381C	src/gfx/GRLIBH.ASM:137
seg003_0272_38B4	seg003_0272_38B4	0xa8	seg003_0272_38B4	src/gfx/GRLIBI.ASM:93
seg003_0272_395C	seg003_0272_395C	0x2d	seg003_0272_395C	src/gfx/GRLIBI.ASM:175
seg003_0272_3989	seg003_0272_3989	0x32	seg003_0272_3989	src/gfx/GRLIBI.ASM:208
seg003_0272_39BB	seg003_0272_39BB	0x47	seg003_0272_39BB	src/gfx/GRLIBI.ASM:245
seg003_0272_3A02	seg003_0272_3A02	0x10b	seg003_0272_3A02	src/gfx/GRLIBI.ASM:287
seg003_0272_3B0D	seg003_0272_3B0D	0x11	seg003_0272_3B0D	src/gfx/GRLIBI.ASM:426
seg003_0272_3B1E	seg003_0272_3B1E	0x18	seg003_0272_3B1E	src/gfx/GRLIBI.ASM:441
seg003_0272_3B36	seg003_0272_3B36	0x59	seg003_0272_3B36	src/gfx/GRLIBI.ASM:457
seg003_0272_3B8F	seg003_0272_3B8F	0x53	seg003_0272_3B8F	src/gfx/GRLIBI.ASM:498
seg003_0272_3BE2	seg003_0272_3BE2	0x1b	seg003_0272_3BE2	src/gfx/GRLIBI.ASM:533
seg003_0272_3BFD	seg003_0272_3BFD	0x64	seg003_0272_3BFD	src/gfx/GRLIBI.ASM:561
seg003_0272_3C61	seg003_0272_3C61	0x4ef	seg003_0272_3C61	src/gfx/GRLIBI.ASM:609
seg003_0272_4150	seg003_0272_4150	0x36	seg003_0272_4150	src/gfx/GRLIBI.ASM:1312
seg003_0272_4186	seg003_0272_4186	0x23f	seg003_0272_4186	src/gfx/GRLIBI.ASM:1344
seg003_0272_43C5	seg003_0272_43C5	0x2a	seg003_0272_43C5	src/gfx/GRLIBI.ASM:1610
nullsub_2	seg003_0272_43F4	0x1	nullsub_2	src/gfx/GRCORE.ASM:279
seg003_0272_43F5	seg003_0272_43F5	0x3c	seg003_0272_43F5	src/gfx/GRCORE.ASM:285
setup_font	seg003_0272_4431	0x3c	setup_font	src/gfx/GRCORE.ASM:319
WriteTextToScreen_seg003_0272_446D	seg003_0272_446D	0x6f	string_to_screen	src/gfx/GRCORE.ASM:353
seg003_0272_44DC	seg003_0272_44DC	0x6f	seg003_0272_44DC	src/gfx/GRCORE.ASM:410
WritingTextToScreen_seg003_0272_454B	seg003_0272_454B	0x6f	string_width	src/gfx/GRCORE.ASM:465
seg003_0272_45BA	seg003_0272_45BA	0x6f	seg003_0272_45BA	src/gfx/GRCORE.ASM:521
init_graphics	seg003_0272_4629	0x3c	init_graphics	src/gfx/GRCORE.ASM:576
seg003_0272_4665	seg003_0272_4665	0x45	seg003_0272_4665	src/gfx/GRCORE.ASM:612
MaybeApplyPalette_seg003_0272_46AA	seg003_0272_46AA	0x3c	grPageFlip	src/gfx/GRCORE.ASM:649
GraphicsCall_seg003_0272_46E6	seg003_0272_46E6	0x3c	grSoftPageFlip	src/gfx/GRCORE.ASM:683
seg003_0272_4722	seg003_0272_4722	0x3c	seg003_0272_4722	src/gfx/GRCORE.ASM:718
seg003_0272_475E	seg003_0272_475E	0x42	gr_read_pixel	src/gfx/GRCORE.ASM:752
seg003_0272_47A0	seg003_0272_47A0	0x42	seg003_0272_47A0	src/gfx/GRCORE.ASM:789
seg003_0272_47E2	seg003_0272_47E2	0x42	plot_pixel	src/gfx/GRCORE.ASM:825
seg003_0272_4824	seg003_0272_4824	0x42	seg003_0272_4824	src/gfx/GRCORE.ASM:862
seg003_0272_4866	seg003_0272_4866	0x47	seg003_0272_4866	src/gfx/GRCORE.ASM:899
seg003_0272_48AD	seg003_0272_48AD	0x47	seg003_0272_48AD	src/gfx/GRCORE.ASM:938
seg003_0272_48F4	seg003_0272_48F4	0x3f	set_the_color	src/gfx/GRCORE.ASM:976
init_colors	seg003_0272_4933	0x3c	init_colors	src/gfx/GRCORE.ASM:1011
seg003_0272_496F	seg003_0272_496F	0x3f	seg003_0272_496F	src/gfx/GRCORE.ASM:1046
seg003_0272_49AE	seg003_0272_49AE	0x46	seg003_0272_49AE	src/gfx/GRCORE.ASM:1083
seg003_0272_49F4	seg003_0272_49F4	0x46	seg003_0272_49F4	src/gfx/GRCORE.ASM:1124
seg003_0272_4A3A	seg003_0272_4A3A	0x45	seg003_0272_4A3A	src/gfx/GRCORE.ASM:1164
seg003_0272_4A7F	seg003_0272_4A7F	0x42	vscreen_focus	src/gfx/GRCORE.ASM:1201
DrawBitmapScreen_seg003_0272_4AC1	seg003_0272_4AC1	0x5a	set_the_window	src/gfx/GRCORE.ASM:1237
seg003_0272_4B1B	seg003_0272_4B1B	0x3c	copy_hidden_to_visible	src/gfx/GRCORE.ASM:1280
GraphicsCall_seg003_0272_4B57	seg003_0272_4B57	0x3c	copy_visible_to_hidden	src/gfx/GRCORE.ASM:1314
seg003_0272_4B93	seg003_0272_4B93	0x47	seg003_0272_4B93	src/gfx/GRCORE.ASM:1349
seg003_0272_4BDA	seg003_0272_4BDA	0x45	seg003_0272_4BDA	src/gfx/GRCORE.ASM:1388
seg003_0272_4C1F	seg003_0272_4C1F	0x45	uhline	src/gfx/GRCORE.ASM:1425
seg003_0272_4C64	seg003_0272_4C64	0x47	seg003_0272_4C64	src/gfx/GRCORE.ASM:1463
seg003_0272_4CAB	seg003_0272_4CAB	0x47	uvline	src/gfx/GRCORE.ASM:1501
seg003_0272_4CF2	seg003_0272_4CF2	0x4a	rectangle	src/gfx/GRCORE.ASM:1539
seg003_0272_4D3C	seg003_0272_4D3C	0x4a	urectangle	src/gfx/GRCORE.ASM:1578
clear_window	seg003_0272_4D86	0x3c	clear_window	src/gfx/GRCORE.ASM:1617
box	seg003_0272_4DC2	0x4a	box	src/gfx/GRCORE.ASM:1651
seg003_0272_4E0C	seg003_0272_4E0C	0x4a	seg003_0272_4E0C	src/gfx/GRCORE.ASM:1691
seg003_0272_4E56	seg003_0272_4E56	0x5a	seg003_0272_4E56	src/gfx/GRCORE.ASM:1731
seg003_0272_4EB0	seg003_0272_4EB0	0x4a	seg003_0272_4EB0	src/gfx/GRCORE.ASM:1775
seg003_0272_4EFA	seg003_0272_4EFA	0x3f	seg003_0272_4EFA	src/gfx/GRCORE.ASM:1815
seg003_0272_4F39	seg003_0272_4F39	0x3f	seg003_0272_4F39	src/gfx/GRCORE.ASM:1851
seg003_0272_4F78	seg003_0272_4F78	0x4a	seg003_0272_4F78	src/gfx/GRCORE.ASM:1887
DrawArtToScreen_seg003_0272_4FC2	seg003_0272_4FC2	0x63	show	src/gfx/GRCORE.ASM:1926
DRAW_RELATED_seg003_0272_5025	seg003_0272_5025	0x63	seg003_0272_5025	src/gfx/GRCORE.ASM:1973
seg003_0272_5088	seg003_0272_5088	0x5f	fbshow	src/gfx/GRCORE.ASM:2020
seg003_0272_50E7	seg003_0272_50E7	0x35	seg003_0272_50E7	src/gfx/GRCORE.ASM:2067
seg003_0272_511C	seg003_0272_511C	0x5f	seg003_0272_511C	src/gfx/GRCORE.ASM:2096
seg003_0272_517B	seg003_0272_517B	0x4d	vcopyfb	src/gfx/GRCORE.ASM:2142
vcopy	seg003_0272_51C8	0x58	vcopy	src/gfx/GRCORE.ASM:2182
seg003_0272_5220	seg003_0272_5220	0x19	seg003_0272_5220	src/gfx/GRCORE.ASM:2233
seg003_0272_5239	seg003_0272_5239	0x3f	fbuf_setcolor	src/gfx/GRCORE.ASM:2252
seg003_0272_5278	seg003_0272_5278	0x3	seg003_0272_5278	src/gfx/GRCORE.ASM:2290
seg003_0272_527B	seg003_0272_527B	0x3	seg003_0272_527B	src/gfx/GRCORE.ASM:2295
seg003_0272_527E	seg003_0272_527E	0x9	seg003_0272_527E	src/gfx/GRCORE.ASM:2300
seg003_0272_5287	seg003_0272_5287	0x6	seg003_0272_5287	src/gfx/GRCORE.ASM:2307
seg003_0272_528D	seg003_0272_528D	0x6	seg003_0272_528D	src/gfx/GRCORE.ASM:2313
seg003_0272_5293	seg003_0272_5293	0x3	seg003_0272_5293	src/gfx/GRCORE.ASM:2319
seg003_0272_5296	seg003_0272_5296	0x3	seg003_0272_5296	src/gfx/GRCORE.ASM:2324
seg003_0272_5299	seg003_0272_5299	0x3	seg003_0272_5299	src/gfx/GRCORE.ASM:2329
seg003_0272_529C	seg003_0272_529C	0x3	seg003_0272_529C	src/gfx/GRCORE.ASM:2334
seg003_0272_529F	seg003_0272_529F	0x3	seg003_0272_529F	src/gfx/GRCORE.ASM:2339
seg003_0272_52A2	seg003_0272_52A2	0x3	seg003_0272_52A2	src/gfx/GRCORE.ASM:2344
seg003_0272_52A5	seg003_0272_52A5	0x3	seg003_0272_52A5	src/gfx/GRCORE.ASM:2349
seg003_0272_52A8	seg003_0272_52A8	0x9	seg003_0272_52A8	src/gfx/GRCORE.ASM:2354
seg003_0272_52B1	seg003_0272_52B1	0x3	seg003_0272_52B1	src/gfx/GRCORE.ASM:2361
seg003_0272_52B4	seg003_0272_52B4	0x3	seg003_0272_52B4	src/gfx/GRCORE.ASM:2366
seg003_0272_52B7	seg003_0272_52B7	0x3	seg003_0272_52B7	src/gfx/GRCORE.ASM:2371
seg003_0272_52BA	seg003_0272_52BA	0x3	seg003_0272_52BA	src/gfx/GRCORE.ASM:2376
seg003_0272_52BD	seg003_0272_52BD	0x3	seg003_0272_52BD	src/gfx/GRCORE.ASM:2381
seg003_0272_52C0	seg003_0272_52C0	0x24	seg003_0272_52C0	src/gfx/GRCORE.ASM:2386
seg003_0272_52E4	seg003_0272_52E4	0x9	seg003_0272_52E4	src/gfx/GRCORE.ASM:2408
seg003_0272_5311	seg003_0272_5311	0x52	seg003_0272_5311	src/gfx/GRDISP.ASM:503
seg003_0272_5363	seg003_0272_5363	0x8	seg003_0272_5363	src/gfx/GRDISP.ASM:551
seg003_0272_536B	seg003_0272_536B	0x4	seg003_0272_536B	src/gfx/GRDISP.ASM:561
seg003_0272_5869	seg003_0272_5869	0xca	seg003_0272_5869	src/gfx/GRLIBL.ASM:692
seg003_0272_5B50	seg003_0272_5B50	0x1f7	seg003_0272_5B50	src/gfx/GRLIBN.ASM:44
seg003_0272_5D47	seg003_0272_5D47	0x26	seg003_0272_5D47	src/gfx/GRLIBN.ASM:287
seg003_0272_6E2	seg003_0272_6E2	0x2	seg003_0272_6E2	src/gfx/GRENTRY.ASM:110
seg003_0272_6E4	seg003_0272_6E4	0x80	seg003_0272_6E4	src/gfx/GRENTRY.ASM:122
seg003_0272_764	seg003_0272_764	0x24	seg003_0272_764	src/gfx/GRENTRY.ASM:202
seg003_0272_788	seg003_0272_788	0x20	seg003_0272_788	src/gfx/GRENTRY.ASM:227
seg003_0272_7A8	seg003_0272_7A8	0x51	seg003_0272_7A8	src/gfx/GRENTRY.ASM:254
DRAW_RELATED_seg003_0272_7F9	seg003_0272_7F9	0x8f	DRAW_RELATED_seg003_0272_7F9	src/gfx/GRENTRY.ASM:295
seg003_0272_888	seg003_0272_888	0x141	seg003_0272_888	src/gfx/GRENTRY.ASM:365
seg003_0272_9C9	seg003_0272_9C9	0x33	seg003_0272_9C9	src/gfx/GRENTRY.ASM:532
seg003_0272_9FC	seg003_0272_9FC	0x83	seg003_0272_9FC	src/gfx/GRENTRY.ASM:568
seg003_0272_A7F	seg003_0272_A7F	0x11c	seg003_0272_A7F	src/gfx/GRENTRY.ASM:643
seg003_0272_B9B	seg003_0272_B9B	0x78	seg003_0272_B9B	src/gfx/GRENTRY.ASM:795
seg003_0272_C13	seg003_0272_C13	0x10b	seg003_0272_C13	src/gfx/GRENTRY.ASM:860
seg003_0272_D1E	seg003_0272_D1E	0x155	seg003_0272_D1E	src/gfx/SCALEBM.ASM:319
cXfer	seg003_0272_E73	0x500	cXfer	src/gfx/SCALEBM.ASM:461
seg003_0272_1373	seg003_0272_1373	0xe61	seg003_0272_1373	src/gfx/SCALEBM.ASM:562
seg003_0272_EC	seg003_0272_EC	0x97	seg003_0272_EC	src/gfx/POLYFILL.ASM:112
seg003_0272_183	seg003_0272_183	0x55e	seg003_0272_183	src/gfx/POLYFILL.ASM:176
seg004_0849_20	seg004_0849_0_20	0x19	exp_8str	src/3d/EXPAND.ASM:77
seg004_0849_39	seg004_0849_0_39	0x2a	exp_4str	src/3d/EXPAND.ASM:99
seg004_0849_63	seg004_0849_0_63	0x68	seg004_0849_63	src/3d/EXPAND.ASM:131
seg004_0849_CB	seg004_0849_0_CB	0xe	seg004_0849_CB	src/3d/EXPAND.ASM:207
seg004_0849_D9	seg004_0849_0_D9	0x43	exp_4run	src/3d/EXPAND.ASM:222
seg004_0849_11C	seg004_0849_0_11C	0x6f	exp_5run	src/3d/EXPAND.ASM:262
seg004_0849_18B	seg004_0849_0_18B	0x2	exp_8run	src/3d/EXPAND.ASM:320
seg004_0849_18D	seg004_0849_0_18D	0x7	seg004_0849_18D	src/3d/EXPAND.ASM:330
seg004_0849_194	seg004_0849_0_194	0xc2	seg004_0849_194	src/3d/EXPAND.ASM:352
seg004_0849_260	seg004_0849_260	0x1af	sphere_check	src/3d/SPHERE.ASM:65
seg004_0849_40F	seg004_0849_40F	0x8d	get_dist	src/3d/SPHERE.ASM:274
seg004_0849_49C	seg004_0849_49C	0x15f	do_obj	src/3d/SPHERE.ASM:369
seg004_0849_3000	seg004_0849_3000	0x7	seg004_0849_3000	src/3d/INSTANCE.ASM:214
render_3d	seg004_0849_3007	0xd5	render_3d	src/3d/INSTANCE.ASM:235
seg004_0849_30DC	seg004_0849_30DC	0x332	scale_matrix	src/3d/INSTANCE.ASM:320
seg004_0849_340E	seg004_0849_340E	0xb6	check_flat	src/3d/INSTANCE.ASM:661
seg004_0849_34C4	seg004_0849_34C4	0x1	set_accept	src/3d/INSTANCE.ASM:718
seg004_0849_34C5	seg004_0849_34C5	0x2d	self_modify	src/3d/INSTANCE.ASM:726
seg004_0849_34F2	seg004_0849_34F2	0x28	mini_xlate_rotate_pnt	src/3d/INSTANCE.ASM:747
seg004_0849_351A	seg004_0849_351A	0x1a	load_xlate_rotate_pnt	src/3d/INSTANCE.ASM:774
seg004_0849_3534	seg004_0849_3534	0xcb	mxmul	src/3d/INSTANCE.ASM:800
seg004_0849_35FF	seg004_0849_35FF	0x51	seg004_0849_35FF	src/3d/INSTANCE.ASM:888
seg004_0849_3650	seg004_0849_3650	0x3d	instance_vvars_head	src/3d/INSTANCE.ASM:932
seg004_0849_368D	seg004_0849_368D	0x12b	instance_head	src/3d/INSTANCE.ASM:964
seg004_0849_37B8	seg004_0849_37B8	0x3d	instance_vvars_pitch	src/3d/INSTANCE.ASM:1095
seg004_0849_37F5	seg004_0849_37F5	0x12b	instance_pitch	src/3d/INSTANCE.ASM:1122
seg004_0849_3920	seg004_0849_3920	0x3d	instance_vvars_bank	src/3d/INSTANCE.ASM:1251
seg004_0849_395D	seg004_0849_395D	0x12b	instance_bank	src/3d/INSTANCE.ASM:1278
seg004_0849_3A88	seg004_0849_3A88	0x7c	code_pnt	src/3d/INSTANCE.ASM:1411
seg004_0849_3B04	seg004_0849_3B04	0x3d	mm9x9	src/3d/INSTANCE.ASM:1505
seg004_0849_3B41	seg004_0849_3B41	0xa7	mm3x9_bpsi	src/3d/INSTANCE.ASM:1529
seg004_0849_3BE8	seg004_0849_3BE8	0xa9	mm3x9t	src/3d/INSTANCE.ASM:1613
seg004_0849_3C91	seg004_0849_3C91	0x24	overflow_handler_reg	src/3d/INSTANCE.ASM:1703
seg004_0849_3CB5	seg004_0849_3CB5	0x16	overflow_handler_mem	src/3d/INSTANCE.ASM:1721
seg004_0849_3CCB	seg004_0849_3CCB	0x21	overflow_handler_special_bp	src/3d/INSTANCE.ASM:1734
seg004_0849_3CF0	seg004_0849_3CF0	0x15	do_set_tmctxt	src/3d/TMAPOPS.ASM:251
seg004_0849_3D05	seg004_0849_3D05	0x19	do_set_gmap_ctxt	src/3d/TMAPOPS.ASM:267
seg004_0849_3D1E	seg004_0849_3D1E	0xc	do_ctxt_gtmap	src/3d/TMAPOPS.ASM:284
seg004_0849_3D2A	seg004_0849_3D2A	0xe	do_ctxt_gmap	src/3d/TMAPOPS.ASM:292
seg004_0849_3D38	seg004_0849_3D38	0x6	do_gtri	src/3d/TMAPOPS.ASM:301
seg004_0849_3D3E	seg004_0849_3D3E	0x8	do_gtmap	src/3d/TMAPOPS.ASM:315
seg004_0849_3D46	seg004_0849_3D46	0x5c	do_gwtmap	src/3d/TMAPOPS.ASM:321
seg004_0849_3DA2	seg004_0849_3DA2	0xe	do_compact_map	src/3d/TMAPOPS.ASM:369
seg004_0849_3DB0	seg004_0849_3DB0	0x8	do_compact_tmap	src/3d/TMAPOPS.ASM:377
seg004_0849_3DB8	seg004_0849_3DB8	0x74	do_compact_wtmap	src/3d/TMAPOPS.ASM:383
seg004_0849_3E2C	seg004_0849_3E2C	0x8	do_bcompact_map	src/3d/TMAPOPS.ASM:442
seg004_0849_3E34	seg004_0849_3E34	0x8	do_bcompact_tmap	src/3d/TMAPOPS.ASM:448
seg004_0849_3E3C	seg004_0849_3E3C	0x73	do_bcompact_wtmap	src/3d/TMAPOPS.ASM:454
seg004_0849_3EAF	seg004_0849_3EAF	0xb	do_tmap_tri	src/3d/TMAPOPS.ASM:511
seg004_0849_3EBA	seg004_0849_3EBA	0x8	do_wtmap	src/3d/TMAPOPS.ASM:518
seg004_0849_3EC2	seg004_0849_3EC2	0x81	do_tmap	src/3d/TMAPOPS.ASM:524
seg004_0849_3F43	seg004_0849_3F43	0x34	draw_solid_tmap	src/3d/TMAPOPS.ASM:587
seg004_0849_3F77	seg004_0849_3F77	0x28	seg004_0849_3F77	src/3d/TMAPOPS.ASM:615
seg004_0849_3F9F	seg004_0849_3F9F	0x103	do_scalebm	src/3d/TMAPOPS.ASM:650
seg004_0849_40B0	seg004_0849_40B0	0xb6	clip_vertex_x_neg_z	src/3d/CLIP.ASM:83
seg004_0849_4166	seg004_0849_4166	0xba	clip_vertex_y_neg_z	src/3d/CLIP.ASM:153
seg004_0849_4220	seg004_0849_4220	0xb3	clip_vertex_x_z	src/3d/CLIP.ASM:223
seg004_0849_42D3	seg004_0849_42D3	0xb7	clip_vertex_y_z	src/3d/CLIP.ASM:292
seg004_0849_438A	seg004_0849_438A	0xc2	_asm_clip_polygon_left	src/3d/CLIP.ASM:373
seg004_0849_444C	seg004_0849_444C	0xc5	_asm_clip_polygon_bottom	src/3d/CLIP.ASM:453
seg004_0849_4511	seg004_0849_4511	0xb9	_asm_clip_polygon_right	src/3d/CLIP.ASM:533
seg004_0849_45CA	seg004_0849_45CA	0xbc	_asm_clip_polygon_top	src/3d/CLIP.ASM:610
seg004_0849_4686	seg004_0849_4686	0x68	_asm_clip_polygon	src/3d/CLIP.ASM:697
seg004_0849_4E10	seg004_0849_4E10	0x7a	_asm_project_polygon	src/3d/PROJPOLY.ASM:76
seg004_0849_4E8A	seg004_0849_4E8A	0x75	_asm_texture_map_1	src/3d/PROJPOLY.ASM:130
seg004_0849_4EFF	seg004_0849_4EFF	0x5d	divide_overflow_handler	src/3d/PROJPOLY.ASM:195
seg004_0849_4F5C	seg004_0849_4F5C	0x17	seg004_0849_4F5C	src/3d/PROJPOLY.ASM:254
seg004_0849_4F73	seg004_0849_4F73	0x12	seg004_0849_4F73	src/3d/PROJPOLY.ASM:268
seg004_0849_4F85	seg004_0849_4F85	0x15b	asm_texture_map_from_draw_poly	src/3d/PROJPOLY.ASM:294
seg004_0849_50E0	seg004_0849_50E0	0x7a	compute_lighting_value	src/3d/PROJPOLY.ASM:468
seg004_0849_515A	seg004_0849_515A	0x48	compute_square_root_32	src/3d/PROJPOLY.ASM:520
seg004_0849_51B0	seg004_0849_51B0	0x308	seg004_0849_51B0	src/3d/SCANLINE.ASM:57
seg004_0849_54C0	seg004_0849_54C0	0x252	seg004_0849_54C0	src/3d/TEXMAP.ASM:77
seg004_0849_5712	seg004_0849_5712	0x254	seg004_0849_5712	src/3d/TEXMAP.ASM:260
seg004_0849_5966	seg004_0849_5966	0xee	compute_min_max_y	src/3d/TEXMAP.ASM:452
seg004_0849_5A54	seg004_0849_5A54	0x28b	_asm_texture_map	src/3d/TEXMAP.ASM:552
seg004_0849_5CDF	seg004_0849_5CDF	0x4f	seg004_0849_5CDF	src/3d/TEXMAP.ASM:754
seg004_0849_5D2E	seg004_0849_5D2E	0x38	seg004_0849_5D2E	src/3d/TEXMAP.ASM:790
seg004_0849_5D66	seg004_0849_5D66	0x4d0	seg004_0849_5D66	src/3d/TEXMAP.ASM:823
seg004_0849_600	seg004_0849_600	0x198	smooth_closure	src/3d/SMOOTH.ASM:72
seg004_0849_798	seg004_0849_798	0x64	seg004_0849_798	src/3d/SMOOTH.ASM:249
seg004_0849_7FC	seg004_0849_7FC	0x132	seg004_0849_7FC	src/3d/SMOOTH.ASM:294
seg004_0849_92E	seg004_0849_92E	0x136	seg004_0849_92E	src/3d/SMOOTH.ASM:434
seg004_0849_A64	seg004_0849_A64	0x134	seg004_0849_A64	src/3d/SMOOTH.ASM:576
seg004_0849_B98	seg004_0849_B98	0x138	seg004_0849_B98	src/3d/SMOOTH.ASM:718
seg004_0849_CD0	seg004_0849_CD0	0xb3	smooth_over	src/3d/SMOOTH.ASM:868
seg004_0849_D83	seg004_0849_D83	0x26	seg004_0849_D83	src/3d/SMOOTH.ASM:961
seg004_0849_6240	seg004_0849_6240	0x1f7	seg004_0849_6240	src/3d/TEXMAPV.ASM:61
seg004_0849_6437	seg004_0849_6437	0x1fb	seg004_0849_6437	src/3d/TEXMAPV.ASM:217
seg004_0849_6632	seg004_0849_6632	0xee	seg004_0849_6632	src/3d/TEXMAPV.ASM:378
seg004_0849_6720	seg004_0849_6720	0x146	_asm_texture_map_v	src/3d/TEXMAPV.ASM:477
seg004_0849_6866	seg004_0849_6866	0x4f	seg004_0849_6866	src/3d/TEXMAPV.ASM:590
seg004_0849_68B5	seg004_0849_68B5	0x9d	seg004_0849_68B5	src/3d/TEXMAPV.ASM:627
seg004_0849_6952	seg004_0849_6952	0x3c9	seg004_0849_6952	src/3d/TEXMAPV.ASM:676
seg004_0849_7D3E	seg004_0849_7D3E	0x66	do_fetchmap	src/3d/PGCACHE.ASM:409
seg004_0849_7DA4	seg004_0849_7DA4	0x6f	do_settmobj	src/3d/PGCACHE.ASM:468
seg004_0849_7E13	seg004_0849_7E13	0x7c	do_uwobj	src/3d/PGCACHE.ASM:538
seg004_0849_7E8F	seg004_0849_7E8F	0x4f	do_uwcrit	src/3d/PGCACHE.ASM:607
seg004_0849_7EDE	seg004_0849_7EDE	0x2e	seg004_0849_7EDE	src/3d/PGCACHE.ASM:658
seg004_0849_7F0C	seg004_0849_7F0C	0x6	seg004_0849_7F0C	src/3d/PGCACHE.ASM:686
update_cache	seg004_0849_7F12	0x1f	update_cache	src/3d/PGCACHE.ASM:696
seg004_0849_7F31	seg004_0849_7F31	0x5c	unload_cpg	src/3d/PGCACHE.ASM:722
seg004_0849_7F8D	seg004_0849_7F8D	0xce	load_cpg	src/3d/PGCACHE.ASM:772
seg004_0849_805B	seg004_0849_805B	0x44	lcpg_pghere	src/3d/PGCACHE.ASM:872
seg004_0849_809F	seg004_0849_809F	0x57	parse_cpg	src/3d/PGCACHE.ASM:913
seg004_0849_80F6	seg004_0849_80F6	0x14	do_setbmcol	src/3d/PGCACHE.ASM:963
seg004_0849_810A	seg004_0849_810A	0xb	do_mouseq	src/3d/PGCACHE.ASM:979
seg004_0849_8115	seg004_0849_8115	0x3f	do_uwcolv	src/3d/PGCACHE.ASM:991
seg004_0849_DB0	seg004_0849_DB0	0xe	seg004_0849_DB0	src/3d/INTERP.ASM:241
seg004_0849_DBE	seg004_0849_DBE	0x14	seg004_0849_DBE	src/3d/INTERP.ASM:252
seg004_0849_DD2	seg004_0849_DD2	0x3f	seg004_0849_DD2	src/3d/INTERP.ASM:267
seg004_0849_E11	seg004_0849_E11	0x4	seg004_0849_E11	src/3d/INTERP.ASM:294
seg004_0849_E15	seg004_0849_E15	0x3d	create_matrix	src/3d/INTERP.ASM:305
seg004_0849_E52	seg004_0849_E52	0x8b	head_view	src/3d/INTERP.ASM:345
seg004_0849_EDD	seg004_0849_EDD	0x2b	seg004_0849_EDD	src/3d/INTERP.ASM:411
seg004_0849_F08	seg004_0849_F08	0x4	seg004_0849_F08	src/3d/INTERP.ASM:437
seg004_0849_F0C	seg004_0849_F0C	0xfa	angles_2_matrix	src/3d/INTERP.ASM:448
seg004_0849_1006	seg004_0849_1006	0x8a	seg004_0849_1006	src/3d/INTERP.ASM:548
seg004_0849_1090	seg004_0849_1090	0x8	do_int2	src/3d/INTERP.ASM:601
seg004_0849_1098	seg004_0849_1098	0x1	do_eof	src/3d/INTERP.ASM:611
seg004_0849_1099	seg004_0849_1099	0x3f	do_pntres	src/3d/INTERP.ASM:619
seg004_0849_10D8	seg004_0849_10D8	0x2ec	do_lnres	src/3d/INTERP.ASM:655
seg004_0849_13C4	seg004_0849_13C4	0x12	do_movei	src/3d/INTERP.ASM:985
seg004_0849_13D6	seg004_0849_13D6	0xa	do_movec	src/3d/INTERP.ASM:1001
seg004_0849_13E0	seg004_0849_13E0	0xf	do_movem	src/3d/INTERP.ASM:1012
seg004_0849_13EF	seg004_0849_13EF	0xe	do_move_odata	src/3d/INTERP.ASM:1027
seg004_0849_13FD	seg004_0849_13FD	0x35	do_multires	src/3d/INTERP.ASM:1043
seg004_0849_1432	seg004_0849_1432	0x3c	do_minimulti	src/3d/INTERP.ASM:1069
seg004_0849_146E	seg004_0849_146E	0x19	do_setshade	src/3d/INTERP.ASM:1098
seg004_0849_1487	seg004_0849_1487	0x37	do_uwshade	src/3d/INTERP.ASM:1120
seg004_0849_14BE	seg004_0849_14BE	0x1f	do_defres	src/3d/INTERP.ASM:1155
seg004_0849_14DD	seg004_0849_14DD	0x24	do_minires	src/3d/INTERP.ASM:1172
seg004_0849_1501	seg004_0849_1501	0x23	do_strres	src/3d/INTERP.ASM:1191
seg004_0849_1524	seg004_0849_1524	0x26	do_cntres	src/3d/INTERP.ASM:1214
seg004_0849_154A	seg004_0849_154A	0x105	do_rod	src/3d/INTERP.ASM:1240
seg004_0849_164F	seg004_0849_164F	0xe4	flat_rod	src/3d/INTERP.ASM:1378
seg004_0849_1733	seg004_0849_1733	0x39	do_polyres	src/3d/INTERP.ASM:1501
seg004_0849_176C	seg004_0849_176C	0x181	do_closure	src/3d/INTERP.ASM:1541
seg004_0849_18ED	seg004_0849_18ED	0x9	do_asmcal	src/3d/INTERP.ASM:1707
seg004_0849_18F6	seg004_0849_18F6	0x11	do_sfcal	src/3d/INTERP.ASM:1718
seg004_0849_1907	seg004_0849_1907	0x13	do_ifge	src/3d/INTERP.ASM:1735
seg004_0849_191A	seg004_0849_191A	0x13	do_ifle	src/3d/INTERP.ASM:1751
seg004_0849_192D	seg004_0849_192D	0x41	do_sortvar	src/3d/INTERP.ASM:1769
seg004_0849_196E	seg004_0849_196E	0x48	do_sortnorm	src/3d/INTERP.ASM:1820
seg004_0849_19B6	seg004_0849_19B6	0x3d	do_sortnorm_x0	src/3d/INTERP.ASM:1864
seg004_0849_19F3	seg004_0849_19F3	0x3d	do_sortnorm_y0	src/3d/INTERP.ASM:1903
seg004_0849_1A30	seg004_0849_1A30	0x3d	do_sortnorm_z0	src/3d/INTERP.ASM:1942
seg004_0849_1A6D	seg004_0849_1A6D	0x60	do_org	src/3d/INTERP.ASM:1984
seg004_0849_1ACD	seg004_0849_1ACD	0x2b	do_hull	src/3d/INTERP.ASM:2034
seg004_0849_1AF8	seg004_0849_1AF8	0x53	flat_y_rel	src/3d/INTERP.ASM:2065
seg004_0849_1B4B	seg004_0849_1B4B	0x141	do_y_rel	src/3d/INTERP.ASM:2126
seg004_0849_1C8C	seg004_0849_1C8C	0x19	do_movres	src/3d/INTERP.ASM:2254
seg004_0849_1CA5	seg004_0849_1CA5	0x5c	flat_x_rel	src/3d/INTERP.ASM:2274
seg004_0849_1D01	seg004_0849_1D01	0x48	do_x_rel	src/3d/INTERP.ASM:2324
seg004_0849_1D49	seg004_0849_1D49	0x5b	flat_z_rel	src/3d/INTERP.ASM:2356
seg004_0849_1DA4	seg004_0849_1DA4	0x48	do_z_rel	src/3d/INTERP.ASM:2405
seg004_0849_1DEC	seg004_0849_1DEC	0x61	do_xz_rel	src/3d/INTERP.ASM:2437
seg004_0849_1E4D	seg004_0849_1E4D	0x61	do_xy_rel	src/3d/INTERP.ASM:2480
seg004_0849_1EAE	seg004_0849_1EAE	0x61	do_yz_rel	src/3d/INTERP.ASM:2524
seg004_0849_1F0F	seg004_0849_1F0F	0x53	flat_xz_rel	src/3d/INTERP.ASM:2567
seg004_0849_1F62	seg004_0849_1F62	0x48	flat_xy_rel	src/3d/INTERP.ASM:2604
seg004_0849_1FAA	seg004_0849_1FAA	0x48	flat_yz_rel	src/3d/INTERP.ASM:2637
seg004_0849_1FF2	seg004_0849_1FF2	0x24	do_setcolor	src/3d/INTERP.ASM:2672
seg004_0849_2016	seg004_0849_2016	0x8	do_setcolv	src/3d/INTERP.ASM:2691
seg004_0849_201E	seg004_0849_201E	0x6	do_goursurfv	src/3d/INTERP.ASM:2702
seg004_0849_2024	seg004_0849_2024	0x26	do_goursurf	src/3d/INTERP.ASM:2712
seg004_0849_204A	seg004_0849_204A	0x43	do_uwsurf	src/3d/INTERP.ASM:2733
seg004_0849_208D	seg004_0849_208D	0x29	do_transsurf	src/3d/INTERP.ASM:2760
seg004_0849_20B6	seg004_0849_20B6	0x12	do_vexsurf	src/3d/INTERP.ASM:2776
seg004_0849_20C8	seg004_0849_20C8	0x223	do_cavesurf	src/3d/INTERP.ASM:2791
seg004_0849_22EB	seg004_0849_22EB	0x9	do_ijmp	src/3d/INTERP.ASM:3026
seg004_0849_22F4	seg004_0849_22F4	0xb	do_ijmp_i	src/3d/INTERP.ASM:3036
seg004_0849_22FF	seg004_0849_22FF	0x18	do_rorg	src/3d/INTERP.ASM:3048
seg004_0849_2317	seg004_0849_2317	0x2b	do_defdelta	src/3d/INTERP.ASM:3065
seg004_0849_2342	seg004_0849_2342	0x3d	do_addres	src/3d/INTERP.ASM:3089
seg004_0849_237F	seg004_0849_237F	0x3d	do_subres	src/3d/INTERP.ASM:3114
seg004_0849_23BC	seg004_0849_23BC	0x7	do_ihcall_ind	src/3d/INTERP.ASM:3139
seg004_0849_23C3	seg004_0849_23C3	0x82	do_ihcall	src/3d/INTERP.ASM:3150
seg004_0849_2445	seg004_0849_2445	0x7	do_ibcall_ind	src/3d/INTERP.ASM:3198
seg004_0849_244C	seg004_0849_244C	0x82	do_ibcall	src/3d/INTERP.ASM:3207
seg004_0849_24CE	seg004_0849_24CE	0x7	do_ipcall_ind	src/3d/INTERP.ASM:3255
seg004_0849_24D5	seg004_0849_24D5	0x82	do_ipcall	src/3d/INTERP.ASM:3264
seg004_0849_2557	seg004_0849_2557	0x16	do_pushc	src/3d/INTERP.ASM:3313
seg004_0849_256D	seg004_0849_256D	0x19	do_popc	src/3d/INTERP.ASM:3325
seg004_0849_2586	seg004_0849_2586	0x29	do_jnorm_x0	src/3d/INTERP.ASM:3338
seg004_0849_25AF	seg004_0849_25AF	0x29	do_jnorm_y0	src/3d/INTERP.ASM:3365
seg004_0849_25D8	seg004_0849_25D8	0x29	do_jnorm_z0	src/3d/INTERP.ASM:3392
seg004_0849_2601	seg004_0849_2601	0x17	do_jnorm_yz0	src/3d/INTERP.ASM:3420
seg004_0849_2618	seg004_0849_2618	0x17	do_jnorm_xz0	src/3d/INTERP.ASM:3438
seg004_0849_262F	seg004_0849_262F	0x17	do_jnorm_xy0	src/3d/INTERP.ASM:3456
seg004_0849_2646	seg004_0849_2646	0x37	do_jnorm	src/3d/INTERP.ASM:3477
seg004_0849_267D	seg004_0849_267D	0x4	clip_overflow	src/3d/INTERP.ASM:3512
seg004_0849_2681	seg004_0849_2681	0x60	do_3d_clip	src/3d/INTERP.ASM:3522
seg004_0849_26E1	seg004_0849_26E1	0x109	clip_top	src/3d/INTERP.ASM:3567
seg004_0849_27EA	seg004_0849_27EA	0x110	clip_bot	src/3d/INTERP.ASM:3689
seg004_0849_28FA	seg004_0849_28FA	0x10e	clip_right	src/3d/INTERP.ASM:3815
seg004_0849_2A08	seg004_0849_2A08	0x112	clip_left	src/3d/INTERP.ASM:3941
seg004_0849_2B1A	seg004_0849_2B1A	0x4e1	do_parapiped	src/3d/INTERP.ASM:4074
DropNPCRemains_seg006_1413_5	seg006_1413_5	0x16e	build_corpse	src/critter/PATHFIND.C:146
MotionProcessing_seg006_1413_173	seg006_1413_173	0x154	move_me_joe	src/critter/PATHFIND.C:175
HomingDartTargeting_seg006_1413_2C8	seg006_1413_2C7	0x81	store_targ	src/critter/PATHFIND.C:204
GetDeflectionMaybe_seg006_1413_34B	seg006_1413_348	0x58	merge_angles	src/critter/PATHFIND.C:220
HomingDart_seg006_1413_3A0	seg006_1413_3A0	0x30d	check_homing	src/critter/PATHFIND.C:240
Satellite_seg006_1413_6AD	seg006_1413_6AD	0x26f	check_sat	src/critter/PATHFIND.C:307
InitVariablesAndDelegates_seg006_1413_91C	seg006_1413_91C	0xd9	init_ai	src/critter/PATHFIND.C:353
InitMotionCalcArrayForNPC_seg006_1413_9F5	seg006_1413_9F5	0xca	get_terrain	src/critter/PATHFIND.C:368
GroundNPCMotionCollision_seg006_1413_ABF	seg006_1413_ABF	0x1de	crit_hndlr_walk	src/critter/PATHFIND.C:387
FlierNPCCollision_seg006_1413_C9D	seg006_1413_C9D	0x60	crit_hndlr_fly	src/critter/PATHFIND.C:447
SwimmerNPCCollision_seg006_1413_CFD	seg006_1413_CFD	0x6d	crit_hndlr_swim	src/critter/PATHFIND.C:465
CalculateMotionTopLevel_seg006_1413_D6A	seg006_1413_D6A	0x2b	do_crit_phys	src/critter/PATHFIND.C:483
TraverseMultipleTiles_seg006_1413_D95	seg006_1413_D95	0x99a	hyp_move	src/critter/PATHFIND.C:498
TestBasicTileTraversal_seg006_1413_172F	seg006_1413_172F	0x265	hyp_see	src/critter/PATHFIND.C:711
PathFindBetweenTiles_seg006_1413_1994	seg006_1413_1994	0x5d2	flood_path	src/critter/PATHFIND.C:749
StorePath_seg006_1413_1F66	seg006_1413_1F66	0xf5	make_path_from_flood_data	src/critter/PATHFIND.C:861
FindPathAlongStraghtLine_seg006_1413_205B	seg006_1413_205B	0x29c	beeline	src/critter/PATHFIND.C:879
TestBetweenCoordinates_seg006_1413_22F7	seg006_1413_22F7	0x472	line_of_sight	src/critter/PATHFIND.C:943
TestStraightPathTraversal_seg006_1413_2769	seg006_1413_2769	0x192	add_to_beeline_path	src/critter/PATHFIND.C:1049
FindSetIndexOfBitField_seg006_1413_28FB	seg006_1413_28FB	0x39	find_free_path	src/critter/PATHFIND.C:1074
UpdateSeg57TurningValues_seg006_1413_2934	seg006_1413_2934	0x187	store_path	src/critter/PATHFIND.C:1087
MaybeUpdatePathFlag_seg006_1413_2ABB	seg006_1413_2ABB	0xdd	set_next_square_on_path	src/critter/PATHFIND.C:1111
CheckIfAtOrNearTargetTile_seg006_1413_2B98	seg006_1413_2B98	0x5d	close_to_square	src/critter/PATHFIND.C:1128
TurnTowardsPath_seg006_1413_2BF5	seg006_1413_2BF5	0x14a	move_along_path	src/critter/PATHFIND.C:1142
TurnTowardsPath_Adjusted_seg006_1413_2D3F	seg006_1413_2D3F	0x18a	do_that_jump_kinda_thing	src/critter/PATHFIND.C:1175
GetVectorHeading_seg006_1413_2EC9	seg006_1413_2EC9	0x88	deltatotheta	src/critter/PATHFIND.C:1204
SetNPCTargetDestination_seg006_1413_2F51	seg006_1413_2F51	0xb7	set_loc	src/critter/PATHFIND.C:1218
NPC_GOTO_seg006_1413_3008	seg006_1413_3008	0x6b0	crit_head_for_loc	src/critter/PATHFIND.C:1240
FlyingCritterPitching_seg006_1413_36B8	seg006_1413_36B8	0x144	adjust_height	src/critter/PATHFIND.C:1363
NPCTryToOpenDoor_seg006_1413_37FC	seg006_1413_37FC	0xf8	try_to_open_door	src/critter/PATHFIND.C:1392
UpdateNPCAnimation_seg007_17A2_4	seg007_17A2_4	0x85	change_or_inc_seq	src/critter/AI.C:125
ChangeNPCHeadings_seg007_17A2_89	seg007_17A2_89	0x3c	set_htx	src/critter/AI.C:136
NPCWanderUpdate_seg007_17A2_C5	seg007_17A2_C5	0x442	crit_drunkwalk	src/critter/AI.C:150
NPC_Goal8_seg007_17A2_507	seg007_17A2_507	0xd2	crit_mill	src/critter/AI.C:243
StandStill_seg007_17A2_5D9	seg007_17A2_5D9	0x1a9	crit_guard	src/critter/AI.C:268
NPC_Goal5_Attack_seg007_17A2_782	seg007_17A2_782	0x225	crit_offense	src/critter/AI.C:331
ChooseMeleeAttackToMake_seg007_17A2_9A7	seg007_17A2_9A7	0x2d7	crit_attack	src/critter/AI.C:383
AttackGoalSearchForTarget_seg007_17A2_C7E	seg007_17A2_C7E	0x17c	crit_offense_find_target	src/critter/AI.C:452
TryToDoMagicAttack_seg007_17A2_DFA	seg007_17A2_DFA	0x89	maybe_cast_defensive_spell	src/critter/AI.C:481
NPCStartMagicAttack_seg007_17A2_E83	seg007_17A2_E83	0x13b	crit_magik_attack	src/critter/AI.C:499
NPCStartRangedAttack_seg007_17A2_FBE	seg007_17A2_FBE	0xcb	crit_missile_attack	src/critter/AI.C:522
NPCGoal9_seg007_17A2_1089	seg007_17A2_1089	0xde	crit_defense	src/critter/AI.C:541
NPC_Goal6_seg007_17A2_1167	seg007_17A2_1167	0x379	crit_flee	src/critter/AI.C:579
MaybeVectorsToPlayer_seg007_17A2_14E0	seg007_17A2_14E0	0x11a	crit_avoid_player	src/critter/AI.C:652
NPC_GoalA_TalkTo_seg007_17A2_15FA	seg007_17A2_15FA	0x136	crit_talk	src/critter/AI.C:693
ReactToPlayerPresence_seg007_17A2_1730	seg007_17A2_1730	0xc1	check_out_player	src/critter/AI.C:735
NPCGoalC_seg007_17A2_17F1	seg007_17A2_17F1	0xbc	crit_hover	src/critter/AI.C:756
SearchForGoalTarget_seg007_17A2_18AD	seg007_17A2_18AD	0x22f	target_found	src/critter/AI.C:783
TurnTowardsTarget_seg007_17A2_1ADC	seg007_17A2_1ADC	0xc2	look_for_target	src/critter/AI.C:825
NPC_Move_seg007_17A2_1B9E	seg007_17A2_1B9E	0x147	constrain_movement	src/critter/AI.C:856
TurnTowardsVector_seg007_17A2_1CE5	seg007_17A2_1CE5	0x19e	turn_real_fine	src/critter/AI.C:895
GetPitchToGTarg_seg007_17A2_1E83	seg007_17A2_1E83	0x96	compute_trz_or_try_rather	src/critter/AI.C:949
SetCurrObj_seg007_17A2_1F19	seg007_17A2_1F19	0x132	set_critter_vars	src/critter/AI.C:975
GetCritterAnimationGlobalsForCurrObj_seg007_17A2_204B	seg007_17A2_204B	0x4a	set_cur_seq_len	src/critter/AI.C:1006
NPCInitialProcessing_seg007_17A2_2095	seg007_17A2_2095	0x79f	critter_ai	src/critter/AI.C:1026
NPCBehaviours_seg007_17A2_2834	seg007_17A2_2834	0x6fe	critter_mv	src/critter/AI.C:1168
GetDistancesToGTarg_seg007_17A2_2F32	seg007_17A2_2F32	0x118	set_up_target	src/critter/AI.C:1329
MaybeShouldNPCWithdraw_seg007_17A2_304A	seg007_17A2_304A	0x87	should_i_flee	src/critter/AI.C:1355
GetCritterRange_seg007_17A2_30D1	seg007_17A2_30D1	0x6e	acceptable_danger	src/critter/AI.C:1381
SetNewGoalAndTarget_seg007_17A2_313F	seg007_17A2_313F	0x6f	critter_set_goal	src/critter/AI.C:1393
ResetGoalAndTarget_seg007_17A2_31AE	seg007_17A2_31AE	0x7a	critter_discard_goal	src/critter/AI.C:1403
NPCDeath_seg007_17A2_3228	seg007_17A2_3228	0x54	go_into_dying_sequence	src/critter/AI.C:1417
DeathBegin_seg007_17A2_327C	seg007_17A2_327C	0xbe	crit_die	src/critter/AI.C:1432
DamageCharacter_seg007_17A2_333A	seg007_17A2_333A	0x222	damage_critter	src/critter/AI.C:1469
CheckIfUpdateNeeded_seg007_17A2_355C	seg007_17A2_355C	0x43	timetodo	src/critter/AI.C:1539
ProcessMobileObjects_seg007_17A2_359F	seg007_17A2_359F	0xde	move_mobile	src/critter/AI.C:1551
StartSwimming_seg008_1B09_D	seg008_1B09_D	0x32	water_set	src/motion/PHYSICS.C:83
ProcessPlayerTileState_seg008_1B09_3F	seg008_1B09_3F	0x121	parse_player_terr	src/motion/PHYSICS.C:104
unreferenced_seg008_1B09_160	seg008_1B09_160	0xc5	unreferenced_seg008_1B09_160	src/motion/PHYSICS.C:167
EasyMoveTurnPlayerHeading_seg008_1B09_225	seg008_1B09_225	0x39f	simple_fizix	src/motion/PHYSICS.C:195
ApplyWaterCurrentIceSliding_seg008_1B09_5C4	seg008_1B09_5C4	0x1ee	munge_vectors	src/motion/PHYSICS.C:297
PlayerMotionInitialCalculation_seg008_1B09_7B2	seg008_1B09_7B2	0x326	set_player_phys_params	src/motion/PHYSICS.C:371
ReinitialisePlayerOnLevelOrPositionChange_seg008_1B09_AD8	seg008_1B09_AD8	0x245	player_setup	src/motion/PHYSICS.C:496
ApplyPlayerMotion_seg008_1B09_D1D	seg008_1B09_D1D	0x2fc	phys_affect_player	src/motion/PHYSICS.C:552
CheckIfPlayerIsNoLongerLost_seg008_1B09_1019	seg008_1B09_1019	0x34	player_newsq	src/motion/PHYSICS.C:627
StopPlayerMotion_seg008_1B09_104D	seg008_1B09_104D	0x41	player_sqhandler	src/motion/PHYSICS.C:639
CalculateMotionFromCommand_seg008_1B09_108E	seg008_1B09_108E	0x181	do_player_input	src/motion/PHYSICS.C:654
StopFalling_seg008_1B09_120F	seg008_1B09_120F	0x2a	phys_bounce_up	src/motion/PHYSICS.C:725
RefreshPlayerTileState_seg008_1B09_1239	seg008_1B09_1239	0x19	fizix_update	src/motion/PHYSICS.C:737
UpdateMotionStateAndSwimming_seg008_1B09_1252	seg008_1B09_1252	0x129	newFPS	src/motion/PHYSICS.C:746
PlacePlayerInTile_seg008_1B09_137B	seg008_1B09_137B	0x136	change_GrSq	src/motion/PHYSICS.C:779
PressureTriggerZChange_seg008_1B09_14B1	seg008_1B09_14B1	0x66	hgt_change	src/motion/PHYSICS.C:812
seg009_7	seg009_7	0x6c	seg009_7	src/gfx/GRSPIC.C:32
seg009_73	seg009_73	0xdd	seg009_73	src/gfx/GRSPIC.C:44
seg009_150	seg009_150	0x52	grs_unpack	src/gfx/GRSPIC.C:67
seg009_1A2	seg009_1A2	0x85	grs_fbplot	src/gfx/GRSPIC.C:81
GetMouseIcon_seg009_227	seg009_227	0x44	grs_which1	src/gfx/GRSPIC.C:94
DrawCursorAtCoordinate_seg009_26B	seg009_26B	0x61	pic_to_screen	src/gfx/GRSPIC.C:109
seg009_2CC	seg009_2CC	0x66	seg009_2CC	src/gfx/GRSPIC.C:121
seg009_332	seg009_332	0x21	pic_to_fbuf	src/gfx/GRSPIC.C:134
seg009_353	seg009_353	0x3f	mask_to_screen	src/gfx/GRSPIC.C:146
seg009_392	seg009_392	0x60	seg009_392	src/gfx/GRSPIC.C:155
seg009_3F2	seg009_3F2	0x81	grs_scaledown	src/gfx/GRSPIC.C:168
seg010_1CA1_3	seg010_1CA1_3	0x56	init_input	src/ui/INPUT.C:70
seg010_1CA1_59	seg010_1CA1_59	0x29	free_input	src/ui/INPUT.C:83
RegisterClickArea_seg010_1CA1_82	seg010_1CA1_82	0x82	input_addmouse	src/ui/INPUT.C:92
RegisterEventHandler_seg010_1CA1_104	seg010_1CA1_104	0x70	_input_addkey	src/ui/INPUT.C:114
seg010_1CA1_174	seg010_1CA1_174	0x12c	input_del	src/ui/INPUT.C:135
ProcessCommands_seg010_1CA1_2A0	seg010_1CA1_2A0	0x14c	input_dispatch	src/ui/INPUT.C:179
ProcessEventHandlers_seg010_1CA1_3EC	seg010_1CA1_3EC	0x7a	dispatch_key	src/ui/INPUT.C:213
seg011_6	seg011_6	0x125	seg011_6	src/ui/JOYSTICK.C:40
seg011_12B	seg011_12B	0x8d	seg011_12B	src/ui/JOYSTICK.C:79
JoyStickCalibration_seg011_1B8	seg011_1B8	0x10e	JoyStickCalibration_seg011_1B8	src/ui/JOYSTICK.C:105
seg011_2C6	seg011_2C6	0x1db	seg011_2C6	src/ui/JOYSTICK.C:149
MaybeGameLoop_seg012_1D31_1	seg012_1D31_1	0x1e	mainloop	src/game/MAINLOOP.C:28
RunGameLoopFunctions_seg012_1D31_1F	seg012_1D31_1F	0x8f	do_changes	src/game/MAINLOOP.C:37
SetGameLoopBitField_seg012_1D31_AE	seg012_1D31_AE	0xc	editchng	src/game/MAINLOOP.C:64
seg013_1D3C_A	seg013_1D3C_A	0xa8	seg013_1D3C_A	src/sys/EMS.C:46
seg013_1D3C_B2	seg013_1D3C_B2	0x15	seg013_1D3C_B2	src/sys/EMS.C:93
MapMemory_seg013_1D3C_C7	seg013_1D3C_C7	0x1d	MapMemory_seg013_1D3C_C7	src/sys/EMS.C:104
seg013_1D3C_E4	seg013_1D3C_E4	0x54	seg013_1D3C_E4	src/sys/EMS.C:118
seg013_1D3C_138	seg013_1D3C_138	0x15	seg013_1D3C_138	src/sys/EMS.C:137
seg014_A	seg014_A	0x42	setup_icon_buttons	src/ui/ICONS.C:75
seg014_4C	seg014_4C	0x10	term_icon_buttons	src/ui/ICONS.C:83
seg014_5C	seg014_5C	0x53	get_iconreg_button	src/ui/ICONS.C:90
seg014_AF	seg014_AF	0x6e	new_IconUnselect	src/ui/ICONS.C:106
seg014_11D	seg014_11D	0x6e	new_IconSelect	src/ui/ICONS.C:129
MaybeOptionsMenuEvents_seg014_18B	seg014_18B	0xc2	do_option_shortcut	src/ui/ICONS.C:155
seg015_1D7C_D	seg015_1D7C_D	0x67	init_mouse	src/ui/MOUSE.C:122
ProbablyClearMousePointer_seg015_1D7C_74	seg015_1D7C_74	0x4c	_actual_mhide	src/ui/MOUSE.C:141
LikelyDrawCursor_seg015_1D7C_C0	seg015_1D7C_C0	0x16	mouse_show	src/ui/MOUSE.C:153
seg015_1D7C_D6	seg015_1D7C_D6	0x21	mouse_hide	src/ui/MOUSE.C:159
seg015_1D7C_F7	seg015_1D7C_F7	0x1d	mous_3d_set	src/ui/MOUSE.C:169
seg015_1D7C_114	seg015_1D7C_114	0x25	mous_in_3d_p	src/ui/MOUSE.C:177
seg015_1D7C_139	seg015_1D7C_139	0xbd	mous_3d_hide	src/ui/MOUSE.C:187
seg015_1D7C_1F6	seg015_1D7C_1F6	0x5	mous_3d_show	src/ui/MOUSE.C:210
GetPositionIn3dWindow_seg015_1D7C_1FB	seg015_1D7C_1FB	0x15	mouse_getxy	src/ui/MOUSE.C:214
seg015_1D7C_210	seg015_1D7C_210	0x2a	mouse_Qgetxy	src/ui/MOUSE.C:222
seg015_1D7C_23A	seg015_1D7C_23A	0x20	mouse_clearQ	src/ui/MOUSE.C:233
seg015_1D7C_25A	seg015_1D7C_25A	0x2d	mouse_putxy	src/ui/MOUSE.C:246
GetMouseButtonStatus_seg015_1D7C_287	seg015_1D7C_287	0x22	mouse_getbut	src/ui/MOUSE.C:257
MouseClickRelated_seg015_1D7C_2A9	seg015_1D7C_2A9	0x7d	mouse_release	src/ui/MOUSE.C:269
MaybeGameLoopUpdate_seg015_1D7C_326	seg015_1D7C_326	0x8a	mouse_dragged	src/ui/MOUSE.C:296
seg015_1D7C_3B0	seg015_1D7C_3B0	0x1d	mouse_constrain	src/ui/MOUSE.C:317
MaybeSetScreenSize_seg015_1D7C_3CD	seg015_1D7C_3CD	0x19	mouse_freereign	src/ui/MOUSE.C:325
seg015_1D7C_3E6	seg015_1D7C_3E6	0x4c	do_mouse_input	src/ui/MOUSE.C:335
seg015_1D7C_432	seg015_1D7C_432	0x7c	do_keyarray_input	src/ui/MOUSE.C:360
seg015_1D7C_4AE	seg015_1D7C_4AE	0x99	do_keyboard_input	src/ui/MOUSE.C:387
WaitInputCommand_seg015_1D7C_547	seg015_1D7C_547	0x4d	get_input	src/ui/MOUSE.C:413
WaitInputCommand_seg015_1D7C_594	seg015_1D7C_594	0xd	mouse_get_input	src/ui/MOUSE.C:431
GetCommand_seg015_1D7C_5A1	seg015_1D7C_5A1	0xd	mouse_get_input_sp	src/ui/MOUSE.C:436
seg015_1D7C_5AE	seg015_1D7C_5AE	0x71	defineMouseRegion	src/ui/MOUSE.C:444
seg015_1D7C_61F	seg015_1D7C_61F	0x5e	undefineMouseRegion	src/ui/MOUSE.C:464
ChangeCursor_seg015_1D7C_67D	seg015_1D7C_67D	0x32	force_mouse_cursor	src/ui/MOUSE.C:486
LikelyResetCursor_seg015_1D7C_6AF	seg015_1D7C_6AF	0x4a	unforce_mouse_cursor	src/ui/MOUSE.C:499
seg015_1D7C_6F9	seg015_1D7C_6F9	0x4c	mouse_check_reg	src/ui/MOUSE.C:516
ProbablyUpdateMouseIcon_seg015_1D7C_745	seg015_1D7C_745	0x66	set_mouse_data	src/ui/MOUSE.C:528
seg015_1D7C_7AB	seg015_1D7C_7AB	0xd4	checkMouse	src/ui/MOUSE.C:548
seg015_1D7C_87F	seg015_1D7C_87F	0x2b1	moveMouse	src/ui/MOUSE.C:582
MouseRenderRelated_seg015_1D7C_B30	seg015_1D7C_B30	0x40	MousQUp	src/ui/MOUSE.C:671
seg015_1D7C_B70	seg015_1D7C_B70	0x47	MousReSave	src/ui/MOUSE.C:689
seg015_1D7C_BB7	seg015_1D7C_BB7	0xb9	MousReSave3d	src/ui/MOUSE.C:697
DrawCursorAtMouseXY_seg015_1D7C_C70	seg015_1D7C_C70	0x64	drawMouse	src/ui/MOUSE.C:713
seg015_1D7C_CD4	seg015_1D7C_CD4	0x68	draw3dMouse	src/ui/MOUSE.C:722
seg015_1D7C_D3C	seg015_1D7C_D3C	0x6b	warpMouse	src/ui/MOUSE.C:736
SomethingWithMousePos_seg015_1D7C_DA7	seg015_1D7C_DA7	0x16e	keyboard_mouse	src/ui/MOUSE.C:759
GetMouseButtonStatus_seg015_1D7C_F15	seg015_1D7C_F15	0x60	mouse_btns	src/ui/MOUSE.C:847
seg016_1E73_5	seg016_1E73_5	0x1aa	digi_fx_timer	src/sound/SOUND.C:200
seg016_1E73_1AF	seg016_1E73_1AF	0xb1	init_digi_fx	src/sound/SOUND.C:239
LoadVOCSoundFile_seg016_1E73_260	seg016_1E73_260	0x24	load_digi_fx	src/sound/SOUND.C:265
seg016_1E73_284	seg016_1E73_284	0x6a	punt_all_digi_fx	src/sound/SOUND.C:274
seg016_1E73_2EE	seg016_1E73_2EE	0x89	free_dfx_ems	src/sound/SOUND.C:292
seg016_1E73_377	seg016_1E73_377	0x262	load_dfx_page	src/sound/SOUND.C:311
LoadVocFile_seg016_5D9	seg016_1E73_5D9	0x7a8	digi_fx_play	src/sound/SOUND.C:348
CalculateSoundFallOffToPlayer_seg016_1E73_D81	seg016_1E73_D81	0x1ac	sound_move	src/sound/SOUND.C:558
seg016_1E73_F2D	seg016_1E73_F2D	0x2e2	update_digi_playback	src/sound/SOUND.C:612
seg016_1E73_120F	seg016_1E73_120F	0x9f	stop_digi_file	src/sound/SOUND.C:673
seg016_1E73_12AE	seg016_1E73_12AE	0x17	free_digi_stuff	src/sound/SOUND.C:690
IncrementPITTimer_seg016_1E73_12C5	seg016_1E73_12C5	0x12	cllbck_tst	src/sound/SOUND.C:696
StartPitTimer_seg016_1E73_12D7	seg016_1E73_12D7	0x4c	init_timers	src/sound/SOUND.C:701
MaybeSoundInit_seg016_1E73_1323	seg016_1E73_1323	0x33	punt_sound_stuff	src/sound/SOUND.C:712
MaybeSoundRelated_seg016_1356	seg016_1E73_1356	0x1f0	init_sounds	src/sound/SOUND.C:729
ReadUW_ADBlock_seg016_1E73_1546	seg016_1E73_1546	0xd8	load_global_timbre	src/sound/SOUND.C:792
LoadSoundEffects_seg016_1E73_161E	seg016_1E73_161E	0xd2	init_timbres	src/sound/SOUND.C:818
seg016_1E73_16F0	seg016_1E73_16F0	0x5b	install_timbre	src/sound/SOUND.C:847
LoadXMIFile_seg016_1E73_174B	seg016_1E73_174B	0x192	load_new_music	src/sound/SOUND.C:864
seg016_1E73_18DD	seg016_1E73_18DD	0xaa	load_sound_driver	src/sound/SOUND.C:912
seg016_1E73_1987	seg016_1E73_1987	0x57	play_music	src/sound/SOUND.C:932
seg016_1E73_19DE	seg016_1E73_19DE	0x7a	seg016_1E73_19DE	src/sound/SOUND.C:942
LoadSoundFile_seg016_1E73_1A58	seg016_1E73_1A58	0x5e	read_file_to_mbuf	src/sound/SOUND.C:963
GetCurrentMusicFileNo_seg016_1E73_1AB6	seg016_1E73_1AB6	0x8	get_current_music	src/sound/SOUND.C:981
GetMusicOption_seg016_1E73_1ABE	seg016_1E73_1ABE	0x15	music_is_on	src/sound/SOUND.C:986
GetSoundEffectOption_seg016_1E73_1AD3	seg016_1E73_1AD3	0x15	fx_is_on	src/sound/SOUND.C:993
seg016_1E73_1AE8	seg016_1E73_1AE8	0x8	fx_available	src/sound/SOUND.C:1000
seg016_1E73_1AF0	seg016_1E73_1AF0	0x8	music_available	src/sound/SOUND.C:1005
ToggleMusic_seg016_1E73_1AF8	seg016_1E73_1AF8	0x9d	turn_music	src/sound/SOUND.C:1010
ToggleSoundEffects_seg016_1E73_1B95	seg016_1E73_1B95	0x2e	turn_fx	src/sound/SOUND.C:1035
seg016_1E73_1BC3	seg016_1E73_1BC3	0x26	seg016_1E73_1BC3	src/sound/SOUND.C:1048
seg016_1E73_1BE9	seg016_1E73_1BE9	0x67	stop_music	src/sound/SOUND.C:1057
LoadSoundEffectAtCoordinate_seg016_1E73_1C50	seg016_1E73_1C50	0x162	play_effect	src/sound/SOUND.C:1081
PlaySoundEffectAtAvatar_seg016_1E73_1DB2	seg016_1E73_1DB2	0xcc	play_effect_here	src/sound/SOUND.C:1136
PlaySoundEffectAtObject_seg016_1E73_1E7E	seg016_1E73_1E7E	0x69	play_effect_on_mobile	src/sound/SOUND.C:1166
MakeASound_seg016_1E73_1EE7	seg016_1E73_1EE7	0x116	play_effect_on_mobile_src	src/sound/SOUND.C:1176
seg016_1E73_1FFD	seg016_1E73_1FFD	0xc4	kill_effect	src/sound/SOUND.C:1204
seg016_1E73_20C1	seg016_1E73_20C1	0xce	kill_all_effects	src/sound/SOUND.C:1222
seg016_1E73_218F	seg016_1E73_218F	0x119	kill_all_digi_effects	src/sound/SOUND.C:1241
LoadSoundsDat_seg016_1E73_22A8	seg016_1E73_22A8	0x158	read_fx_data	src/sound/SOUND.C:1275
seg016_1E73_2400	seg016_1E73_2400	0x6b	init_fx	src/sound/SOUND.C:1316
LoadBasicSound_seg016_1E73_246B	seg016_1E73_246B	0x251	fx_play	src/sound/SOUND.C:1344
PlayMusicalInstrument_seg016_26BC	seg016_1E73_26BC	0x309	play_instrument	src/sound/SOUND.C:1413
seg016_1E73_29C5	seg016_1E73_29C5	0x22	free_timers	src/sound/SOUND.C:1491
seg016_1E73_29E7	seg016_1E73_29E7	0x105	free_s_mem	src/sound/SOUND.C:1499
seg016_1E73_2AEC	seg016_1E73_2AEC	0x20	free_sounds	src/sound/SOUND.C:1523
ChangeThemeMusic_seg016_1E73_2B0C	seg016_1E73_2B0C	0x12	set_new_music	src/sound/SOUND.C:1532
PickLevelThemeMusic_seg016_1E73_2B1E	seg016_1E73_2B1E	0x55	set_random_walking_music	src/sound/SOUND.C:1541
ChangeThemeToBrittania_seg016_1E73_2B73	seg016_1E73_2B73	0x3f	loop_music_maybe	src/sound/SOUND.C:1558
RefreshMusic_seg016_1E73_2BB2	seg016_1E73_2BB2	0x206	change_music_maybe	src/sound/SOUND.C:1581
CheckMusicThemeIsPlaying_seg016_1E73_2DB8	seg016_1E73_2DB8	0x2c	music_over	src/sound/SOUND.C:1622
seg016_1E73_2DE4	seg016_1E73_2DE4	0x4d	do_settings	src/sound/SOUND.C:1631
seg016_1E73_2E31	seg016_1E73_2E31	0x168	init_speech	src/sound/SOUND.C:1643
GetSoundRelatedFlagValue_seg016_1E73_2F99	seg016_1E73_2F99	0x21	speech_available	src/sound/SOUND.C:1684
seg016_1E73_2FBA	seg016_1E73_2FBA	0x11	free_speech_stuff	src/sound/SOUND.C:1697
seg016_1E73_2FCB	seg016_1E73_2FCB	0x98	seg016_1E73_2FCB	src/sound/SOUND.C:1719
DRAW_RELATED_seg017_2179_4	seg017_2179_4	0xda	grab	src/gfx/MODEX.ASM:73
PrintStringToConsole_seg017_DE	seg017_2179_DE	0x10	PrintStringToConsole_seg017_DE	src/gfx/MODEX.ASM:195
ClearData_seg017_2179_EE	seg017_2179_EE	0x1b	mem_set	src/gfx/MODEX.ASM:210
StrLen_seg017_2179_109	seg017_2179_109	0x16	str_len	src/gfx/MODEX.ASM:229
CopySubstring_seg017_2179_11F	seg017_2179_11F	0x20	str_ncopy	src/gfx/MODEX.ASM:247
CopyStringToLocation_seg017_2179_13F	seg017_2179_13F	0x35	str_copy	src/gfx/MODEX.ASM:268
FindStringDelimiter_seg017_2179_174	seg017_2179_174	0x28	FindStringDelimiter	src/gfx/MODEX.ASM:304
seg017_2179_19C	seg017_2179_19C	0x5b	str_str	src/gfx/MODEX.ASM:331
StringCompare_seg017_2179_1F7	seg017_2179_1F7	0x29	str_cmp	src/gfx/MODEX.ASM:389
ApplyPalette_seg017_2179_220	seg017_2179_220	0x35	local_do_palette	src/gfx/MODEX.ASM:416
DRAW_RELATED_seg017_2179_255	seg017_2179_255	0x4d	gr_pixel	src/gfx/MODEX.ASM:452
DRAW_RELATED_seg017_2179_2A2	seg017_2179_2A2	0x7e	DRAW_RELATED_seg017_2179_2A2	src/gfx/MODEX.ASM:493
DRAW_RELATED_seg017_2179_320	seg017_2179_320	0x41	DRAW_RELATED_seg017_2179_320	src/gfx/MODEX.ASM:558
DRAW_RELATED_seg017_2179_361	seg017_2179_361	0x55	DRAW_RELATED_seg017_2179_361	src/gfx/MODEX.ASM:596
seg018_21b4_18	seg018_21B4_19	0x53	int0_trap	src/sys/INT0TRAP.ASM:48
seg019_21BA_41	seg019_21BA_41	0x1a	set_pix_xfer	src/3d/GRIDDB.C:161
UpdateDetailLevelIndirectFunctions_seg019_21BA_5B	seg019_21BA_5B	0x75	set_graphics_level	src/3d/GRIDDB.C:168
RenderingFunctions_seg019_21BA_D0	seg019_21BA_D0	0x2ae	process_grid	src/3d/GRIDDB.C:197
seg019_21BA_37E	seg019_21BA_37E	0x1e4	do_3d_pickup	src/3d/GRIDDB.C:259
GetTilesToRender_seg019_21BA_562	seg019_21BA_562	0x279	subprocess	src/3d/GRIDDB.C:303
FloorRender_seg019_21BA_7DB	seg019_21BA_7DB	0xe9	polyflr	src/3d/GRIDDB.C:359
seg019_21BA_8C4	seg019_21BA_8C4	0xe7	polycie	src/3d/GRIDDB.C:383
WallRender_seg019_21BA_9AB	seg019_21BA_9AB	0xe9	polywal	src/3d/GRIDDB.C:407
FloorRender_seg019_21BA_A94	seg019_21BA_A94	0x173	txtflr	src/3d/GRIDDB.C:437
WallRender_seg019_21BA_C07	seg019_21BA_C07	0x135	txtwal	src/3d/GRIDDB.C:467
StartDrawingTileAndUpdatingAutomapTile_seg019_21BA_D3C	seg019_21BA_D3C	0x685	grdb_elem	src/3d/GRIDDB.C:507
seg019_21BA_C	seg019_21BA_C	0x35	SetPnt	src/3d/SETPNT.ASM:40
seg020_24	seg020_1	0x6d	seg020_1	src/gfx/PLANECPY.ASM:41
seg021_22FD_0	seg021_22FD_0_0	0x17	seg021_22FD_0	src/sys/STARTUP.ASM:66
seg021_22FD_17	seg021_22FD_0_17	0x4e	seg021_22FD_17	src/sys/STARTUP.ASM:88
seg021_22FD_65	seg021_22FD_0_65	0x3c	seg021_22FD_65	src/sys/STARTUP.ASM:108
MaybePaletteCycling_seg021_22FD_A1	seg021_22FD_0_A1	0x48	seg021_22FD_A1	src/sys/STARTUP.ASM:139
seg021_22FD_E9	seg021_22FD_0_E9	0x29	seg021_22FD_E9	src/sys/STARTUP.ASM:175
seg021_22FD_112	seg021_22FD_0_112	0x9	seg021_22FD_112	src/sys/STARTUP.ASM:204
seg021_22FD_11B	seg021_22FD_0_11B	0x2c	seg021_22FD_11B	src/sys/STARTUP.ASM:215
seg021_22FD_150	seg021_22FD_150	0x24	setvect24	src/sys/CRITERR.ASM:37
seg021_22FD_174	seg021_22FD_174	0x15	seg021_22FD_174	src/sys/CRITERR.ASM:62
seg021_22FD_189	seg021_22FD_189	0x3a	diskerr	src/sys/CRITERR.ASM:79
seg021_22FD_1D0	seg021_22FD_1D0	0x4b	seg021_22FD_1D0	src/sys/CPUTYPE.ASM:35
seg021_22FD_220	seg021_22FD_220	0x4	seg021_22FD_220	src/sys/BIOSKEY.ASM:37
seg021_22FD_224	seg021_22FD_224	0x4	seg021_22FD_224	src/sys/BIOSKEY.ASM:44
seg021_22FD_228	seg021_22FD_228	0xe	seg021_22FD_228	src/sys/BIOSKEY.ASM:53
seg021_22FD_236	seg021_22FD_236	0x6	seg021_22FD_236	src/sys/BIOSKEY.ASM:68
seg021_22FD_240	seg021_22FD_240	0x4	seg021_22FD_240	src/sys/SYSINIT.ASM:47
seg021_22FD_244	seg021_22FD_244	0x72	init	src/sys/SYSINIT.ASM:66
seg021_22FD_2B6	seg021_22FD_2B6	0x7	seg021_22FD_2B6	src/sys/SYSINIT.ASM:129
seg021_22FD_2BD	seg021_22FD_2BD	0x1b	seg021_22FD_2BD	src/sys/SYSINIT.ASM:141
seg021_22FD_2E0	seg021_22FD_2E0	0x4	seg021_22FD_2E0	src/sys/JOYPORT.ASM:51
seg021_22FD_2E4	seg021_22FD_2E4	0x4	seg021_22FD_2E4	src/sys/JOYPORT.ASM:58
seg021_22FD_2E8	seg021_22FD_2E8	0x4	seg021_22FD_2E8	src/sys/JOYPORT.ASM:65
seg021_22FD_2EC	seg021_22FD_2EC	0x1e	seg021_22FD_2EC	src/sys/JOYPORT.ASM:73
seg021_22FD_30A	seg021_22FD_30A	0x5f	seg021_22FD_30A	src/sys/JOYPORT.ASM:98
seg021_22FD_369	seg021_22FD_369	0x4	seg021_22FD_369	src/sys/JOYPORT.ASM:146
seg021_22FD_36D	seg021_22FD_36D	0x4	seg021_22FD_36D	src/sys/JOYPORT.ASM:152
seg021_22FD_371	seg021_22FD_371	0x4	seg021_22FD_371	src/sys/JOYPORT.ASM:158
seg021_22FD_375	seg021_22FD_375	0xb	seg021_22FD_375	src/sys/JOYPORT.ASM:165
seg021_22FD_380	seg021_22FD_380	0xf	seg021_22FD_380	src/sys/JOYPORT.ASM:175
seg021_22FD_38F	seg021_22FD_38F	0x14	seg021_22FD_38F	src/sys/JOYPORT.ASM:187
seg021_22FD_3A3	seg021_22FD_3A3	0x5a	seg021_22FD_3A3	src/sys/JOYPORT.ASM:204
seg021_22FD_3FD	seg021_22FD_3FD	0x49	seg021_22FD_3FD	src/sys/JOYPORT.ASM:259
seg021_22FD_450	seg021_22FD_450	0x4	seg021_22FD_450	src/sys/KEYQUEUE.ASM:49
seg021_22FD_454	seg021_22FD_454	0x17	seg021_22FD_454	src/sys/KEYQUEUE.ASM:56
seg021_22FD_46B	seg021_22FD_46B	0x3d	seg021_22FD_46B	src/sys/KEYQUEUE.ASM:75
seg021_22FD_4A8	seg021_22FD_4A8	0x72	seg021_22FD_4A8	src/sys/KEYQUEUE.ASM:112
seg021_22FD_51A	seg021_22FD_51A	0x38	seg021_22FD_51A	src/sys/KEYQUEUE.ASM:170
seg021_22FD_552	seg021_22FD_552	0x10	seg021_22FD_552	src/sys/KEYQUEUE.ASM:199
seg021_22FD_562	seg021_22FD_562	0x15	seg021_22FD_562	src/sys/KEYQUEUE.ASM:212
seg021_22FD_577	seg021_22FD_577	0x16	seg021_22FD_577	src/sys/KEYQUEUE.ASM:226
seg021_22FD_598	seg021_22FD_598	0x30	seg021_22FD_598	src/sys/KBDINT.ASM:52
seg021_22FD_5C8	seg021_22FD_5C8	0x21	seg021_22FD_5C8	src/sys/KBDINT.ASM:78
seg021_22FD_5E9	seg021_22FD_5E9	0x8c	seg021_22FD_5E9	src/sys/KBDINT.ASM:104
seg021_22FD_680	seg021_22FD_680	0x12	seg021_22FD_680	src/sys/VIDSAVE.ASM:39
seg021_22FD_692	seg021_22FD_692	0xe	seg021_22FD_692	src/sys/VIDSAVE.ASM:53
seg021_22FD_6A0	seg021_22FD_6A0	0x6	seg021_22FD_6A0	src/sys/VIDSAVE.ASM:66
seg021_22FD_6A6	seg021_22FD_6A6	0x11	seg021_22FD_6A6	src/sys/VIDSAVE.ASM:75
seg021_22FD_6C0	seg021_22FD_6C0	0x4	seg021_22FD_6C0	src/sys/MOUSEDRV.ASM:42
seg021_22FD_6C4	seg021_22FD_6C4	0x4	seg021_22FD_6C4	src/sys/MOUSEDRV.ASM:49
seg021_22FD_6C8	seg021_22FD_6C8	0x1f	seg021_22FD_6C8	src/sys/MOUSEDRV.ASM:58
Read_Mouse_Motion_seg021_6E7	seg021_22FD_6E7	0x11	Read_Mouse_Motion_seg021_6E7	src/sys/MOUSEDRV.ASM:82
Mouse_Sensitivity_Maybe_seg021_6F8	seg021_22FD_6F8	0xb	seg021_22FD_6F8	src/sys/MOUSEDRV.ASM:98
Mouse_Position_And_Button_status_seg021_703	seg021_22FD_703	0xa	seg021_22FD_703	src/sys/MOUSEDRV.ASM:109
seg021_22FD_730	seg021_22FD_730	0xe	seg021_22FD_730	src/sys/SYSLIBL.ASM:39
seg021_22FD_73E	seg021_22FD_73E	0x3	seg021_22FD_73E	src/sys/SYSLIBL.ASM:51
seg021_22FD_755	seg021_22FD_755	0x3c	seg021_22FD_755	src/sys/SYSENTRY.ASM:142
seg021_22FD_791	seg021_22FD_791	0x3c	seg021_22FD_791	src/sys/SYSENTRY.ASM:177
seg021_22FD_7CD	seg021_22FD_7CD	0x3c	seg021_22FD_7CD	src/sys/SYSENTRY.ASM:212
seg021_22FD_809	seg021_22FD_809	0x168	seg021_22FD_809	src/sys/SYSENTRY.ASM:250
seg021_22FD_971	seg021_22FD_971	0x3c	key	src/sys/SYSENTRY.ASM:436
seg021_22FD_9AD	seg021_22FD_9AD	0x43	mouse	src/sys/SYSENTRY.ASM:472
Mouse_Button_Status_seg021_9F0	seg021_22FD_9F0	0x3c	mbuttons	src/sys/SYSENTRY.ASM:509
SquareRoot_seg021_22FD_A30	seg021_22FD_A30	0x4	SquareRoot_seg021_22FD_A30	src/sys/IMATH.ASM:44
sincos	seg021_22FD_A34	0x4	sincos	src/sys/IMATH.ASM:51
HeadingLookupCalc_seg021_22FD_A38	seg021_22FD_A38	0x31	seg021_22FD_A38	src/sys/IMATH.ASM:59
LookupHeadingTable_seg021_22FD_A69	seg021_22FD_A69	0xf	seg021_22FD_A69	src/sys/IMATH.ASM:87
SquareRoot_seg021_22FD_A78	seg021_22FD_A78	0x100	SquareRoot_seg021_22FD_A78	src/sys/IMATH.ASM:103
seg021_22FD_B78	seg021_22FD_B78	0x2a	seg021_22FD_B78	src/sys/IMATH.ASM:241
seg021_22FD_BA2	seg021_22FD_BA2	0x32	seg021_22FD_BA2	src/sys/IMATH.ASM:268
MaybeTangent_seg021_22FD_BD4	seg021_22FD_BD4	0x25	MaybeTangent_seg021_22FD_BD4	src/sys/IMATH.ASM:300
seg021_22FD_C00	seg021_22FD_C00	0x5	seg021_22FD_C00	src/sys/TICKREAD.ASM:29
seg021_22FD_C10	seg021_22FD_C10	0x1	seg021_22FD_C10	src/sys/SYSLIBP.ASM:29
seg021_22FD_C34	seg021_22FD_C34	0x4a	cZoom	src/sys/C3DENTRY.ASM:136
seg021_22FD_C7E	seg021_22FD_C7E	0x6	cFBtoScreen	src/sys/C3DENTRY.ASM:177
seg021_22FD_C84	seg021_22FD_C84	0x33	cFillFB	src/sys/C3DENTRY.ASM:184
CallbackFunctionSleepRelated_seg021_22FD_CB7	seg021_22FD_CB7	0x33	CallbackFunctionSleepRelated_seg	src/sys/C3DENTRY.ASM:215
Callback_seg021_22FD_CEA	seg021_22FD_CEA	0x33	Callback_seg021_22FD_CEA	src/sys/C3DENTRY.ASM:246
seg021_22FD_D1D	seg021_22FD_D1D	0x5d	cPlaceFB	src/sys/C3DENTRY.ASM:277
seg021_22FD_D7A	seg021_22FD_D7A	0xa0	cRender	src/sys/C3DENTRY.ASM:327
seg021_22FD_E1A	seg021_22FD_E1A	0x49	cInit3d	src/sys/C3DENTRY.ASM:389
GetVectorForDirection_seg021_22FD_E63	seg021_22FD_E63	0x4b	cFstSinCos	src/sys/C3DENTRY.ASM:427
SomethingProjectileHeading_seg021_22FD_EAE	seg021_22FD_EAE	0x4d	cSinCos	src/sys/C3DENTRY.ASM:469
MaybeGetTangent_seg021_22FD_EFB	seg021_22FD_EFB	0x44	cAtan2	src/sys/C3DENTRY.ASM:513
GetSquareRoot_seg021_22FD_F3F	seg021_22FD_F3F	0x44	cSqRt	src/sys/C3DENTRY.ASM:551
cFrmtoRaw	seg021_22FD_F83	0x5a	cFrmtoRaw	src/sys/C3DENTRY.ASM:592
seg021_22FD_FDD	seg021_22FD_FDD	0x27	seg021_22FD_FDD	src/sys/C3DENTRY.ASM:639
seg021_22FD_1004	seg021_22FD_1004	0x27	seg021_22FD_1004	src/sys/C3DENTRY.ASM:660
seg021_22FD_102B	seg021_22FD_102B	0x46	seg021_22FD_102B	src/sys/C3DENTRY.ASM:683
FindEntryInAdvFile_seg022_2405_3BA	seg022_2405_3BA	0x38	find_proc	src/sound/AIL.ASM:232
PushAdvTableEntry_seg022_2405_3F2	seg022_2405_3F2	0x18	call_driver	src/sound/AIL.ASM:265
TimerInterupt_seg022_2405_40A	seg022_2405_40A	0xd7	API_timer	src/sound/AIL.ASM:287
seg022_2405_4E1	seg022_2405_4E1	0x3c	init_DDA_arrays	src/sound/AIL.ASM:370
seg022_2405_51D	seg022_2405_51D	0x7	bios_caller	src/sound/AIL.ASM:400
seg022_2405_524	seg022_2405_524	0x4c	hook_timer_process	src/sound/AIL.ASM:409
seg022_2405_570	seg022_2405_570	0x30	unhook_timer_process	src/sound/AIL.ASM:440
seg022_2405_5A0	seg022_2405_5A0	0x29	set_PIT_divisor	src/sound/AIL.ASM:463
seg022_2405_5C9	seg022_2405_5C9	0x2a	set_PIT_period	src/sound/AIL.ASM:493
seg022_2405_5F3	seg022_2405_5F3	0x4b	seg022_2405_5F3	src/sound/AIL.ASM:521
seg022_2405_63E	seg022_2405_63E	0x95	program_timers	src/sound/AIL.ASM:574
seg022_2405_6D3	seg022_2405_6D3	0x44	AIL_startup	src/sound/AIL.ASM:633
seg022_2405_717	seg022_2405_717	0x65	AIL_shutdown	src/sound/AIL.ASM:667
seg022_2405_77C	seg022_2405_77C	0xbb	AIL_register_timer	src/sound/AIL.ASM:716
seg022_2405_837	seg022_2405_837	0x49	AIL_release_timer_handle	src/sound/AIL.ASM:779
seg022_2405_880	seg022_2405_880	0x1e	AIL_release_all_timers	src/sound/AIL.ASM:811
seg022_2405_89E	seg022_2405_89E	0x28	AIL_start_timer	src/sound/AIL.ASM:833
seg022_2405_8C6	seg022_2405_8C6	0x1e	AIL_start_all_timers	src/sound/AIL.ASM:857
seg022_2405_8E4	seg022_2405_8E4	0x28	AIL_stop_timer	src/sound/AIL.ASM:879
seg022_2405_90C	seg022_2405_90C	0x1e	AIL_stop_all_timers	src/sound/AIL.ASM:903
seg022_2405_92A	seg022_2405_92A	0x55	AIL_set_timer_period	src/sound/AIL.ASM:927
seg022_2405_97F	seg022_2405_97F	0x40	AIL_set_timer_frequency	src/sound/AIL.ASM:963
seg022_2405_9BF	seg022_2405_9BF	0x3d	AIL_set_timer_divisor	src/sound/AIL.ASM:995
seg022_2405_9FC	seg022_2405_9FC	0x14	AIL_interrupt_divisor	src/sound/AIL.ASM:1032
seg022_2405_A10	seg022_2405_A10	0x87	AIL_register_driver	src/sound/AIL.ASM:1052
seg022_2405_A97	seg022_2405_A97	0x31	AIL_release_driver_handle	src/sound/AIL.ASM:1106
seg022_2405_AC8	seg022_2405_AC8	0x26	AIL_describe_driver	src/sound/AIL.ASM:1137
seg022_2405_AEE	seg022_2405_AEE	0x6	AIL_detect_device	src/sound/AIL.ASM:1151
seg022_2405_AF4	seg022_2405_AF4	0xb2	AIL_init_driver	src/sound/AIL.ASM:1162
seg022_2405_BA6	seg022_2405_BA6	0x33	AIL_shutdown_driver	src/sound/AIL.ASM:1233
seg022_2405_BD9	seg022_2405_BD9	0x6	AIL_index_VOC_block	src/sound/AIL.ASM:1259
seg022_2405_BDF	seg022_2405_BDF	0x6	AIL_register_sound_buffer	src/sound/AIL.ASM:1265
seg022_2405_BE5	seg022_2405_BE5	0x6	AIL_format_sound_buffer	src/sound/AIL.ASM:1271
seg022_2405_BEB	seg022_2405_BEB	0x6	AIL_sound_buffer_status	src/sound/AIL.ASM:1277
seg022_2405_BF1	seg022_2405_BF1	0x6	AIL_play_VOC_file	src/sound/AIL.ASM:1283
seg022_2405_BF7	seg022_2405_BF7	0x6	AIL_format_VOC_file	src/sound/AIL.ASM:1289
seg022_2405_BFD	seg022_2405_BFD	0x6	AIL_VOC_playback_status	src/sound/AIL.ASM:1295
seg022_2405_C03	seg022_2405_C03	0x6	AIL_start_digital_playback	src/sound/AIL.ASM:1301
seg022_2405_C09	seg022_2405_C09	0x6	AIL_stop_digital_playback	src/sound/AIL.ASM:1307
seg022_2405_C0F	seg022_2405_C0F	0x6	AIL_pause_digital_playback	src/sound/AIL.ASM:1313
seg022_2405_C15	seg022_2405_C15	0x6	AIL_resume_digital_playback	src/sound/AIL.ASM:1319
seg022_2405_C1B	seg022_2405_C1B	0x6	AIL_set_digital_playback_volume	src/sound/AIL.ASM:1325
seg022_2405_C21	seg022_2405_C21	0x6	AIL_digital_playback_volume	src/sound/AIL.ASM:1331
seg022_2405_C27	seg022_2405_C27	0x6	AIL_set_digital_playback_panpot	src/sound/AIL.ASM:1337
seg022_2405_C2D	seg022_2405_C2D	0x6	AIL_digital_playback_panpot	src/sound/AIL.ASM:1343
seg022_2405_C33	seg022_2405_C33	0x6	AIL_state_table_size	src/sound/AIL.ASM:1349
seg022_2405_C39	seg022_2405_C39	0x6	AIL_register_sequence	src/sound/AIL.ASM:1355
seg022_2405_C3F	seg022_2405_C3F	0x6	AIL_release_sequence_handle	src/sound/AIL.ASM:1361
seg022_2405_C45	seg022_2405_C45	0x6	AIL_default_timbre_cache_size	src/sound/AIL.ASM:1367
seg022_2405_C4B	seg022_2405_C4B	0x6	AIL_define_timbre_cache	src/sound/AIL.ASM:1373
seg022_2405_C51	seg022_2405_C51	0x6	AIL_timbre_request	src/sound/AIL.ASM:1379
FindAndPushAdvEntry_9C_seg022_2405_C57	seg022_2405_C57	0x6	AIL_install_timbre	src/sound/AIL.ASM:1385
seg022_2405_C5D	seg022_2405_C5D	0x6	AIL_protect_timbre	src/sound/AIL.ASM:1391
seg022_2405_C63	seg022_2405_C63	0x6	AIL_unprotect_timbre	src/sound/AIL.ASM:1397
seg022_2405_C69	seg022_2405_C69	0x6	AIL_timbre_status	src/sound/AIL.ASM:1403
seg022_2405_C6F	seg022_2405_C6F	0x6	AIL_start_sequence	src/sound/AIL.ASM:1409
seg022_2405_C75	seg022_2405_C75	0x6	AIL_stop_sequence	src/sound/AIL.ASM:1415
seg022_2405_C7B	seg022_2405_C7B	0x6	AIL_resume_sequence	src/sound/AIL.ASM:1421
FindAndPushAdvEntryAE_seg022_2405_C81	seg022_2405_C81	0x6	AIL_sequence_status	src/sound/AIL.ASM:1427
seg022_2405_C87	seg022_2405_C87	0x6	AIL_relative_volume	src/sound/AIL.ASM:1433
seg022_2405_C8D	seg022_2405_C8D	0x6	AIL_relative_tempo	src/sound/AIL.ASM:1439
seg022_2405_C93	seg022_2405_C93	0x6	AIL_set_relative_volume	src/sound/AIL.ASM:1445
seg022_2405_C99	seg022_2405_C99	0x6	AIL_set_relative_tempo	src/sound/AIL.ASM:1451
seg022_2405_C9F	seg022_2405_C9F	0x6	AIL_beat_count	src/sound/AIL.ASM:1457
seg022_2405_CA5	seg022_2405_CA5	0x6	AIL_measure_count	src/sound/AIL.ASM:1463
seg022_2405_CAB	seg022_2405_CAB	0x6	AIL_branch_index	src/sound/AIL.ASM:1469
seg022_2405_CB1	seg022_2405_CB1	0x6	AIL_controller_value	src/sound/AIL.ASM:1475
seg022_2405_CB7	seg022_2405_CB7	0x6	AIL_set_controller_value	src/sound/AIL.ASM:1481
seg022_2405_CBD	seg022_2405_CBD	0x6	AIL_channel_notes	src/sound/AIL.ASM:1487
seg022_2405_CC3	seg022_2405_CC3	0x6	AIL_send_channel_voice_message	src/sound/AIL.ASM:1493
seg022_2405_CC9	seg022_2405_CC9	0x6	AIL_send_sysex_message	src/sound/AIL.ASM:1499
seg022_2405_CCF	seg022_2405_CCF	0x6	AIL_write_display	src/sound/AIL.ASM:1505
seg022_2405_CD5	seg022_2405_CD5	0x6	AIL_install_callback	src/sound/AIL.ASM:1511
seg022_2405_CDB	seg022_2405_CDB	0x6	AIL_cancel_callback	src/sound/AIL.ASM:1517
seg022_2405_CE1	seg022_2405_CE1	0x6	AIL_lock_channel	src/sound/AIL.ASM:1523
seg022_2405_CE7	seg022_2405_CE7	0x6	AIL_map_sequence_channel	src/sound/AIL.ASM:1529
seg022_2405_CED	seg022_2405_CED	0x6	AIL_release_channel	src/sound/AIL.ASM:1535
seg022_2405_CF3	seg022_2405_CF3	0x6	AIL_true_sequence_channel	src/sound/AIL.ASM:1541
seg023_9	seg023_9	0xa2	rotate_bank	src/gfx/COLCYCLE.C:23
seg023_AB	seg023_AB	0xa8	cycle_colors	src/gfx/COLCYCLE.C:49
PickBodyHitPoint_seg024_24E9_3	seg024_24E9_3	0x79	pickloc	src/combat/COMBAT.C:98
TestForClosestAttackCollisionHit_seg024_24E9_7C	seg024_24E9_7C	0x24f	set_hitobj	src/combat/COMBAT.C:124
SpawnImpactAnimo_seg024_24E9_2CB	seg024_24E9_2CB	0x1b6	find_wall_coll	src/combat/COMBAT.C:181
CheckForAttackHit_seg024_24E9_481	seg024_24E9_481	0x253	resolve_attack	src/combat/COMBAT.C:229
CheckForPoisonableDamageWeapons_seg024_24E9_6D4	seg024_24E9_6D4	0x63	is_sharp	src/combat/COMBAT.C:275
CalculateAttackResults_seg024_24E9_737	seg024_24E9_737	0x24c	frp_check	src/combat/COMBAT.C:300
AttackerAppliesFinalDamage_seg024_24E9_983	seg024_24E9_983	0x3b6	do_damage	src/combat/COMBAT.C:358
CombatMissImpactSound_seg024_24E9_D39	seg024_24E9_D39	0x13b	do_miss	src/combat/COMBAT.C:466
CalcFlankingBonus_seg024_24E9_E74	seg024_24E9_E74	0x54	compute_hitangle	src/combat/COMBAT.C:516
ExecuteAttack_seg024_24E9_EC8	seg024_24E9_EC8	0xdd	do_attack	src/combat/COMBAT.C:526
CheckForAmmo_seg024_24E9_FA5	seg024_24E9_FA5	0x86	check_ammo	src/combat/COMBAT.C:547
SetCurrentWeaponDetails_seg024_24E9_102B	seg024_24E9_102B	0x114	GetPlayerWeapon	src/combat/COMBAT.C:573
CalculateAttackScorePlayer_seg024_24E9_113F	seg024_24E9_113F	0x165	DoPlayerWeapon	src/combat/COMBAT.C:616
EndCombatSwing_seg024_24E9_12A4	seg024_24E9_12A4	0x3c	missile_finish	src/combat/COMBAT.C:657
MaybeCancelWeaponSwingAnim_seg024_24E9_12E0	seg024_24E9_12E0	0x2f	fin_attack	src/combat/COMBAT.C:668
CancelAttack_seg024_24E9_130F	seg024_24E9_130F	0x3c	clear_fight_state	src/combat/COMBAT.C:677
PlayerCombat_seg024_24E9_134B	seg024_24E9_134B	0x515	player_attack	src/combat/COMBAT.C:700
MissileAttackHit_seg024_24E9_1860	seg024_24E9_1860	0x129	missile_thwack	src/combat/COMBAT.C:861
NPC_ExecuteAttack_seg024_24E9_1989	seg024_24E9_1989	0x13e	critter_attack	src/combat/COMBAT.C:891
seg024_24E9_1AC7	seg024_24E9_1AC7	0x30	seg024_24E9_1AC7	src/combat/COMBAT.C:922
AwardKillEXP_seg024_24E9_1AF7	seg024_24E9_1AF7	0x8c	player_killed_a	src/combat/COMBAT.C:935
RemoveDoorLock_seg025_26A1_3	seg025_26A1_3	0x92	remove_lock	src/combat/DAMAGE.C:35
RemoveObjectFromTile_seg025_26A1_95	seg025_26A1_95	0x3b	try_remove	src/combat/DAMAGE.C:60
DamageObject_Destruction_seg025_D0	seg025_26A1_D0	0x374	remove_object	src/combat/DAMAGE.C:83
GetObjectDebris_seg025_26A1_444	seg025_26A1_444	0x4f	debris_type	src/combat/DAMAGE.C:190
ScaleDamageAgainstObject_seg025_26A1_493	seg025_26A1_493	0x94	check_res	src/combat/DAMAGE.C:210
DamageObject_seg025_527	seg025_26A1_527	0x8d	damage_item	src/combat/DAMAGE.C:238
DamageObjectOrDoor_seg025_26A1_5B4	seg025_26A1_5B4	0x1a4	damage_object	src/combat/DAMAGE.C:257
PlayerUpdateTick_seg026_2716_8	seg026_2716_8	0x127	display_scr	src/ui/INTERACT.C:93
ResetPaperInventoryPanel_seg026_2716_12F	seg026_2716_12F	0x25	RedispInv	src/ui/INTERACT.C:125
CheckIfPlayerCanReachAtDistance_seg026_2716_154	seg026_2716_154	0x14b	InPickRange	src/ui/INTERACT.C:137
GetHighestBridgeInTile_seg026_2716_29F	seg026_2716_29F	0x5b	BridgeHeight	src/ui/INTERACT.C:165
TestIfPlayerCanReachObjectTile_seg026_2716_2FA	seg026_2716_2FA	0x229	BlockingTerrain	src/ui/INTERACT.C:180
seg026_2716_523	seg026_2716_523	0xc4	check_around	src/ui/INTERACT.C:243
RayCast_seg026_2716_5E7	seg026_2716_5E7	0x158	pick_3d	src/ui/INTERACT.C:278
LookAtOrInteractWithSurface_seg026_2716_73F	seg026_2716_73F	0x74	look_nothing	src/ui/INTERACT.C:313
Pickup_seg026_2716_7B3	seg026_2716_7B3	0x50	release_3d	src/ui/INTERACT.C:333
Pickup_seg026_2716_803	seg026_2716_803	0x2f8	player_3dget	src/ui/INTERACT.C:349
TalkTo_seg026_2716_AFB	seg026_2716_AFB	0x1e	player_3dtalk	src/ui/INTERACT.C:407
LookAt_seg026_B19	seg026_2716_B19	0x121	player_3dlook	src/ui/INTERACT.C:416
UseObject_seg026_2716_C3A	seg026_2716_C3A	0x7b	player_3duse	src/ui/INTERACT.C:448
Combat_seg026_2716_CB5	seg026_2716_CB5	0x46	player_3dattack	src/ui/INTERACT.C:460
HandleObjectOrTileClick_seg026_2716_CFB	seg026_2716_CFB	0x179	mous_in_3d	src/ui/INTERACT.C:474
LookAt_seg026_2716_E74	seg026_2716_E74	0x124	inv_look	src/ui/INTERACT.C:531
seg026_2716_F98	seg026_2716_F98	0x41	seg026_2716_F98	src/ui/INTERACT.C:568
ProbablyInventoryPanelClick_seg026_2716_FD9	seg026_2716_FD9	0xfd	mous_in_inv	src/ui/INTERACT.C:579
ClickOnPanel_seg026_2716_10D6	seg026_2716_10D6	0x54	mous_in_panel	src/ui/INTERACT.C:621
SetInteractionMode_seg026_2716_112A	seg026_2716_112A	0x1cc	deal_with_icons	src/ui/INTERACT.C:643
DrawWeapon_seg026_2716_12F6	seg026_2716_12F6	0xa0	pick_fightmode	src/ui/INTERACT.C:698
PutWeaponAway_seg026_2716_1396	seg026_2716_1396	0x4f	punt_fightmode	src/ui/INTERACT.C:717
ClickOnWeaponInInventory_seg026_2716_13E5	seg026_2716_13E5	0x27	toggle_fightmode	src/ui/INTERACT.C:731
InitPlayerProjectilesValues_seg027_2856_C	seg027_2856_C	0x92	player_settr	src/combat/MISSILE.C:55
MissileRelease_seg027_9E	seg027_2856_9E	0x228	player_fire	src/combat/MISSILE.C:80
NPCMissileLaunch_seg027_2856_2C6	seg027_2856_2C6	0x7c	critter_fire	src/combat/MISSILE.C:130
ProjectileSpell_seg027_2856_342	seg027_2856_342	0xf7	spell_fire	src/combat/MISSILE.C:152
DropObjectByPlayer_seg027_2856_439	seg027_2856_439	0x41f	ReturnObject	src/combat/MISSILE.C:195
ArrowTrap_seg027_2856_858	seg027_2856_858	0x82	trap_fire	src/combat/MISSILE.C:262
PrepareProjectileObject_seg027_2856_8DA	seg027_2856_8DA	0x3f2	missile_fire	src/combat/MISSILE.C:288
PlaceProjectileInWorld_seg027_2856_CCC	seg027_2856_CCC	0x1f2	push_missile	src/combat/MISSILE.C:352
GetHeightAdjustedByTileType_seg028_2941_E	seg028_2941_E	0x1a1	GetHgt	src/motion/COLLIDE.C:88
GetTileZOffset_seg028_2941_1AF	seg028_2941_1AF	0x68	GetSlopeHgt	src/motion/COLLIDE.C:138
GetNeighbourTileDetails_seg028_2941_217	seg028_2941_217	0xb8	SolvePnt	src/motion/COLLIDE.C:166
seg028_2941_2CF_terrainrelated	seg028_2941_2CF	0xb6	SolveCenter	src/motion/COLLIDE.C:189
ProcessMotionTileHeights_seg028_2941_385	seg028_2941_385	0x47e	TerrainCheck	src/motion/COLLIDE.C:213
seg028_2941_803	seg028_2941_803	0x26a	ComputeHeading	src/motion/COLLIDE.C:302
GetTileAttribute8_seg028_2941_A6D	seg028_2941_A6D	0xb	get_home_tile	src/motion/COLLIDE.C:387
CreateCollisionRecord_seg028_2941_A78	seg028_2941_A78	0x196	obj_coll_check	src/motion/COLLIDE.C:398
ScanForCollisions_seg028_2941_C0E	seg028_2941_C0E	0x265	ObjectCheck	src/motion/COLLIDE.C:452
SwapCollisionRecords_seg028_2941_E73	seg028_2941_E73	0x65	oCswap	src/motion/COLLIDE.C:518
SortCollisions_seg028_2941_ED8	seg028_2941_ED8	0x149	process_objlist	src/motion/COLLIDE.C:531
TestIfObjectFitsInTile_seg028_2941_1021	seg028_2941_1021	0x224	can_place	src/motion/COLLIDE.C:564
MoveObjectToCoordinates_seg028_2941_1245	seg028_2941_1245	0xbb	put_at	src/motion/COLLIDE.C:631
PlaceObjectAtAnotherObjectPosition_seg028_2941_1300	seg028_2941_1300	0x5a	near_mob_put_at	src/motion/COLLIDE.C:646
MoveAndFitObjectToCoordinate_seg028_2941_135A	seg028_2941_135A	0x17c	drop_around_place	src/motion/COLLIDE.C:658
ClearTilemap_seg029_2A8E_6	seg029_2A8E_6	0x111	Map_ObjFix	src/obj/OBJECTS.C:76
CallFunctionOnObjectsInChain_seg029_2A8E_117	seg029_2A8E_117	0xba	Obj_Check	src/obj/OBJECTS.C:104
ObjectCullingRngTest_2A8E_1D1	seg029_2A8E_1D1	0x80	chkTenacious	src/obj/OBJECTS.C:130
ObjectCullingTest_seg029_2A8E_251	seg029_2A8E_251	0xc3	Obj_Elem_Fate	src/obj/OBJECTS.C:148
CullingCheckOnObjectChain_seg029_2A8E_314	seg029_2A8E_314	0x40	Obj_Fate	src/obj/OBJECTS.C:166
CullObjects_seg029_2A8E_354	seg029_2A8E_354	0x11d	Obj_GarbageCollect	src/obj/OBJECTS.C:181
GetAvailableObjectAddress_seg029_2A8E_471	seg029_2A8E_471	0x97	Obj_Alloc	src/obj/OBJECTS.C:221
AddToFreeObjectLists_seg029_2A8E_508	seg029_2A8E_508	0x84	Obj_Free	src/obj/OBJECTS.C:244
InsertObjectToList_seg029_2A8E_58C	seg029_2A8E_58C	0x6e	Obj_Add	src/obj/OBJECTS.C:260
LinkObjectToList_seg029_2A8E_5FA	seg029_2A8E_5FA	0x8a	Obj_AddEnd	src/obj/OBJECTS.C:266
UnlinkObjectFromLinkedList_seg029_2A8E_684	seg029_2A8E_684	0x80	Obj_Rem	src/obj/OBJECTS.C:277
RemoveObject_seg029_2A8E_704	seg029_2A8E_704	0x95	Obj_Punt	src/obj/OBJECTS.C:297
ClearLinkedList_seg029_2A8E_799	seg029_2A8E_799	0xc3	Obj_FreeChain	src/obj/OBJECTS.C:316
RemoveObjectAndChainFromLists_seg029_2A8E_85C	seg029_2A8E_85C	0x62	Obj_FreeLinkChain	src/obj/OBJECTS.C:335
GetNextOrLinkedObject_seg029_2A8E_8BE	seg029_2A8E_8BE	0x69	Obj_PtrTMem	src/obj/OBJECTS.C:346
ReverseObjectLookup_seg029_2A8E_927	seg029_2A8E_927	0x4a	Obj_MemTPtr	src/obj/OBJECTS.C:355
LookupObjectByIndex_seg029_2A8E_971	seg029_2A8E_971	0x41	Obj_IntTMem	src/obj/OBJECTS.C:362
FindObjectListHeadObject_seg029_2A8E_9B2	seg029_2A8E_9B2	0xd5	Obj_Find	src/obj/OBJECTS.C:374
TestIfStaticOrMobile_seg029_2A8E_A87	seg029_2A8E_A87	0x1e	IsMobElem	src/obj/OBJECTS.C:394
AddtoEndOfTileMapMobiles_seg029_2A8E_AA5	seg029_2A8E_AA5	0x13	active_critter	src/obj/OBJECTS.C:406
RemoveFromMobilesList_seg029_2A8E_AB8	seg029_2A8E_AB8	0x4c	free_critter	src/obj/OBJECTS.C:415
UNREFERENCED_seg029_2A8E_B04	seg029_2A8E_B04	0x67	UNREFERENCED_seg029_2A8E_B04	src/obj/OBJECTS.C:432
GetLinkedOrNextObjectWithFilter_seg029_2A8E_B6B	seg029_2A8E_B6B	0x100	Obj_InList	src/obj/OBJECTS.C:451
CheckIfItemID_Or_ContainsItemID_seg029_2A8E_C6B	seg029_2A8E_C6B	0x69	HasOrIsObj	src/obj/OBJECTS.C:475
FindItemInMapByClassWithPosition_seg029_2A8E_CD4	seg029_2A8E_CD4	0xa5	Obj_FindInMap	src/obj/OBJECTS.C:492
FindObjectWithSpecificProps_seg029_2A8E_D79	seg029_2A8E_D79	0x34	Obj_FindInMapSquare	src/obj/OBJECTS.C:516
CheckWeightOnPressureTrigger_seg029_2A8E_DAD	seg029_2A8E_DAD	0x130	check_weight	src/obj/OBJECTS.C:530
CountObjectsInChain_seg029_2A8E_EDD	seg029_2A8E_EDD	0xbd	flog_list	src/obj/OBJECTS.C:559
CountObjects_seg029_2A8E_F9A	seg029_2A8E_F9A	0xb9	count_list	src/obj/OBJECTS.C:582
CheckCountOfAllObjects_seg029_2A8E_1053	seg029_2A8E_1053	0x1ad	Obj_ListOkay	src/obj/OBJECTS.C:608
CrunchObjectList_seg029_2A8E_1200	seg029_2A8E_1200	0x98	ObjCrunch	src/obj/OBJECTS.C:661
BounceOtherObject_seg030_2BB7_8	seg030_2BB7_8	0xaa	bounce_obj	src/motion/OBJPHYS.C:59
MissileImpact_seg030_2BB7_B2	seg030_2BB7_B2	0x11c	missile_newhit	src/motion/OBJPHYS.C:90
CollideObjects_seg030_2BB7_1CE	seg030_2BB7_1CE	0x26f	do_objhit	src/motion/OBJPHYS.C:135
InitMotionParams_seg030_2BB7_43D	seg030_2BB7_43D	0x24c	get_phys_data	src/motion/OBJPHYS.C:201
ApplyProjectileMotion_seg030_2BB7_689	seg030_2BB7_689	0x483	set_phys_data	src/motion/OBJPHYS.C:267
MoveObjectToMobileObjectList_seg030_2BB7_B0C	seg030_2BB7_B0C	0x11b	static_to_mob	src/motion/OBJPHYS.C:358
InitMobileObject_seg030_2BB7_C27	seg030_2BB7_C27	0x135	mob_init	src/motion/OBJPHYS.C:384
OilOnMud_seg030_D5C	seg030_2BB7_D5C	0x83	do_filanium	src/motion/OBJPHYS.C:410
ObjectHitsFloorTile_seg030_2BB7_DDF	seg030_2BB7_DDF	0x29b	mob_to_static	src/motion/OBJPHYS.C:431
seg030_2BB7_107A	seg030_2BB7_107A	0x42	update_hack_vecs	src/motion/OBJPHYS.C:486
PlacedObjectCollision_seg030_2BB7_10BC	seg030_2BB7_10BC	0x380	obj_deal	src/motion/OBJPHYS.C:504
CalculateMotion_seg031_2CFA_C	seg031_2CFA_C	0x87	do_physics	src/motion/MOTION.C:97
CopyMotionValsFromInitialToBase25C4_seg031_2CFA_93	seg031_2CFA_93	0x7b	space_to_pos	src/motion/MOTION.C:123
SetCollisionTarget_seg031_2CFA_10E	seg031_2CFA_10E	0x304	set_targz	src/motion/MOTION.C:145
InitialMotionCalc_seg031_2CFA_412	seg031_2CFA_412	0x378	space_to_motion	src/motion/MOTION.C:205
seg031_2CFA_78A	seg031_2CFA_78A	0x35	recalc_vecs	src/motion/MOTION.C:280
ZeroiseMotionValues_seg031_2CFA_7BF	seg031_2CFA_7BF	0x41	stop_me	src/motion/MOTION.C:287
StoreNewXYZH_seg031_2CFA_800	seg031_2CFA_800	0xa6	back_to_space	src/motion/MOTION.C:294
LikelyTranslateXY_seg031_2CFA_8A6	seg031_2CFA_8A6	0x199	flat_move	src/motion/MOTION.C:309
seg031_2CFA_A3F	seg031_2CFA_A3F	0xa	seg031_2CFA_A3F	src/motion/MOTION.C:363
HeadingRelated_seg031_2CFA_A49	seg031_2CFA_A49	0x213	rehead	src/motion/MOTION.C:377
seg031_2CFA_C5C	seg031_2CFA_C5C	0x6a	do_2dbounce	src/motion/MOTION.C:450
MaybeReflection_seg031_2CFA_CC6	seg031_2CFA_CC6	0x59	bounce_that_guy	src/motion/MOTION.C:478
DoCollision_seg031_2CFA_D1F	seg031_2CFA_D1F	0x419	do_zbounce	src/motion/MOTION.C:498
MAYBEGRAVITYZ_seg031_2CFA_1138	seg031_2CFA_1138	0x180	full_move	src/motion/MOTION.C:605
ProcessCollisions_seg031_2CFA_12B8	seg031_2CFA_12B8	0x93	grid_move	src/motion/MOTION.C:651
GetTileState_seg031_2CFA_134B	seg031_2CFA_134B	0x67	set_resterr	src/motion/MOTION.C:679
GetCollisionHeightState_seg031_2CFA_13B2	seg031_2CFA_13B2	0x3ea	get_pcoll	src/motion/MOTION.C:703
DoTileCollisionMaybe_seg031_2CFA_179C	seg031_2CFA_179C	0xcc	check_positions	src/motion/MOTION.C:804
JumpTrap_seg031_2CFA_1868	seg031_2CFA_1868	0xa6	set_jmp	src/motion/MOTION.C:843
FindClosedDoorCollision_seg031_2CFA_190E	seg031_2CFA_190E	0xe9	IsaDoor	src/motion/MOTION.C:865
GetCollisionObject_seg031_2CFA_19F7	seg031_2CFA_19F7	0x28	CollObject	src/motion/MOTION.C:885
seg032_2E9B_F	seg032_2E9B_F	0x8c	place_3d_view	src/3d/VIEW3D.C:129
seg032_2E9B_9B	seg032_2E9B_9B	0xf0	set_cyb	src/3d/VIEW3D.C:156
seg032_2E9B_18B	seg032_2E9B_18B	0xa	seg032_2E9B_18B	src/3d/VIEW3D.C:197
seg032_2E9B_195	seg032_2E9B_195	0x6b	seg032_2E9B_195	src/3d/VIEW3D.C:202
seg032_2E9B_200	seg032_2E9B_200	0x4a	init_3d	src/3d/VIEW3D.C:227
SetObjectRendingDataPtr_seg032_2E9B_24A	seg032_2E9B_24A	0x13	reset_db	src/3d/VIEW3D.C:239
seg032_2E9B_25D	seg032_2E9B_25D	0x4d	send_db	src/3d/VIEW3D.C:247
seg032_2E9B_2AA	seg032_2E9B_2AA	0x53	do_3d_grab	src/3d/VIEW3D.C:262
RenderScene_seg032_2E9B_2FD	seg032_2E9B_2FD	0x58	render_FB	src/3d/VIEW3D.C:273
DRAWWorld_seg032_2E9B_355	seg032_2E9B_355	0x45	establish_view	src/3d/VIEW3D.C:286
PositionCamera_seg032_2E9B_39A	seg032_2E9B_39A	0x115	setup_vars	src/3d/VIEW3D.C:302
ShadeCalcs_seg032_2E9B_4AF	seg032_2E9B_4AF	0x109	preset_grid	src/3d/VIEW3D.C:347
SetRangeOfVisonParams_seg032_2E9B_5B8	seg032_2E9B_5B8	0xcb	init_grid	src/3d/VIEW3D.C:389
GetNextVisionTilePositive_seg032_2E9B_683	seg032_2E9B_683	0x26	incvec	src/3d/VIEW3D.C:420
GetNextVisionTileNegative_seg032_2E9B_6A9	seg032_2E9B_6A9	0x26	decvec	src/3d/VIEW3D.C:427
MaybeTestVisibilityNextTile_seg032_2E9B_6CF	seg032_2E9B_6CF	0x426	enc_n_chk	src/3d/VIEW3D.C:436
MaybeTestVisionIntoDarkness_seg032_2E9B_AF5	seg032_2E9B_AF5	0x1a8	newdels	src/3d/VIEW3D.C:511
ProcessLOSArcsseg032_2E9B_C9D	seg032_2E9B_C9D	0x377	move_to_next	src/3d/VIEW3D.C:554
TestVisionAndShade_seg032_2E9B_1014	seg032_2E9B_1014	0x14e	fill_the_grid	src/3d/VIEW3D.C:624
GetViewDistances_seg032_2E9B_1162	seg032_2E9B_1162	0xbc	build_grid	src/3d/VIEW3D.C:671
LikelyDoRender_seg032_2E9B_121E	seg032_2E9B_121E	0x1b	do_2dclip	src/3d/VIEW3D.C:704
RenderingObjects_seg033_2FBE_9	seg033_2FBE_9	0x5d5	do_obj	src/3d/DRAWOBJ.C:114
Render3DObject_seg033_2FBE_5DE	seg033_2FBE_5DE	0x915	do_rect	src/3d/DRAWOBJ.C:285
RenderDoor_seg033_2FBE_EF3	seg033_2FBE_EF3	0x5fb	do_door	src/3d/DRAWOBJ.C:486
InitSomeArrays_seg034_310D_6	seg034_310D_6	0xe4	sort_setup	src/3d/GAMESORT.C:67
seg034_310D_EA	seg034_310D_EA	0x56	sort_obj	src/3d/GAMESORT.C:96
seg034_310D_140	seg034_310D_140	0x1b	build_sort	src/3d/GAMESORT.C:111
seg034_310D_15B	seg034_310D_15B	0xd5	do_partition	src/3d/GAMESORT.C:122
seg034_310D_230	seg034_310D_230	0x7b	z_part	src/3d/GAMESORT.C:159
seg034_310D_2AB	seg034_310D_2AB	0xa8	door_part	src/3d/GAMESORT.C:173
StoreObjectPositionsInArray_seg034_310D_353	seg034_310D_353	0xa4	set_sds	src/3d/GAMESORT.C:193
seg034_310D_3F7	seg034_310D_3F7	0x39	set_osum	src/3d/GAMESORT.C:204
seg034_310D_430	seg034_310D_430	0x35	clear_objsort	src/3d/GAMESORT.C:214
RenderObjectList_seg034_310D_465	seg034_310D_465	0x583	do_objsort	src/3d/GAMESORT.C:223
LikelyMouseMove_seg035_31AB_8	seg035_31AB_8	0x4e	player_mous_move	src/motion/PLAYMOVE.C:101
MoveInDirectionEvent_seg035_31AB_56	seg035_31AB_56	0x1a0	parse_playin	src/motion/PLAYMOVE.C:120
ProcessMotionInputs_seg035_31AB_1F6	seg035_31AB_1F6	0x15a	do_player_keyboard	src/motion/PLAYMOVE.C:181
EasyMoveTurnEvent_seg035_31AB_350	seg035_31AB_350	0xd2	player_simple_move	src/motion/PLAYMOVE.C:244
ClockUpdate_seg035_31AB_422	seg035_31AB_422	0x112	check_physics	src/motion/PLAYMOVE.C:277
GameObjectLoop_seg035_31AB_534	seg035_31AB_534	0xb7	move_physics	src/motion/PLAYMOVE.C:315
RunPlayerMotions_seg035_31AB_5EB	seg035_31AB_5EB	0x40	finish_player	src/motion/PLAYMOVE.C:334
PlayerMotion_seg035_31AB_62B	seg035_31AB_62B	0x10f	move_player	src/motion/PLAYMOVE.C:344
SurfaceFootsteps_seg035_31AB_73A	seg035_31AB_73A	0x22d	make_noise	src/motion/PLAYMOVE.C:383
ApplyPlayerSneakScore_seg035_31AB_967	seg035_31AB_967	0xa5	set_sound	src/motion/PLAYMOVE.C:454
WalkOnSurfaceTypes_seg035_31AB_A0C	seg035_31AB_A0C	0x297	parse_effect	src/motion/PLAYMOVE.C:488
SetScreenShake_seg035_31AB_CA3	seg035_31AB_CA3	0x3c	set_effect	src/motion/PLAYMOVE.C:578
PositionCameraAtObject_seg035_31AB_CDF	seg035_31AB_CDF	0x310	get_eye	src/motion/PLAYMOVE.C:603
GetTile_seg036_32A9_F	seg036_32A9_F	0x35	Map_GetAddr	src/map/MAPADDR.C:18
PrepareNewObject_seg036_32A9_44	seg036_32A9_44	0x12f	CreateObj	src/map/MAPADDR.C:29
seg037_32C0_3	seg037_32C0_3	0xa4	set_flask	src/ui/PANELS.C:109
seg037_32C0_A7	seg037_32C0_A7	0x5c	set_compass	src/ui/PANELS.C:130
ResetUIElements_seg037_32C0_103	seg037_32C0_103	0x49	reset_scrgr	src/ui/PANELS.C:142
DrawHUD_seg037_32C0_14C	seg037_32C0_14C	0x15a	init_scrgr	src/ui/PANELS.C:160
ChangePanelMode_seg037_32C0_2A6	seg037_32C0_2A6	0x18	hold_scrgr	src/ui/PANELS.C:196
seg037_32C0_2BE	seg037_32C0_2BE	0xa	free_scrgr	src/ui/PANELS.C:203
UpdateUIAnim_seg037_32C0_2C8	seg037_32C0_2C8	0x141	set_screen_frame	src/ui/PANELS.C:211
MaybeUIUdates_seg037_32C0_409	seg037_32C0_409	0x174	update_screen	src/ui/PANELS.C:267
ProbablyDrawFlask_seg037_32C0_57D	seg037_32C0_57D	0x333	adjust_flasks	src/ui/PANELS.C:315
seg037_32C0_8B0	seg037_32C0_8B0	0x95	adjust_compass	src/ui/PANELS.C:404
seg037_32C0_945	seg037_32C0_945	0xc1	adjust_power	src/ui/PANELS.C:430
seg037_32C0_A06	seg037_32C0_A06	0x49	adjust_panel	src/ui/PANELS.C:462
ProbablyDrawEyes_seg037_32C0_A4F	seg037_32C0_A4F	0xbf	adjust_eyes	src/ui/PANELS.C:480
seg037_32C0_B0E	seg037_32C0_B0E	0x58	adr_weapon	src/ui/PANELS.C:508
seg037_32C0_B66	seg037_32C0_B66	0x29	move_weapon	src/ui/PANELS.C:523
seg037_32C0_B8F	seg037_32C0_B8F	0x25	load_weapon	src/ui/PANELS.C:532
LoadWeapDat_seg037_32C0_BB4	seg037_32C0_BB4	0x1fc	do_weapload	src/ui/PANELS.C:543
seg037_32C0_DB0	seg037_32C0_DB0	0x5c	jiggle_weapon	src/ui/PANELS.C:582
ProbablyDrawOrAnimateWeapon_seg037_32C0_E0C	seg037_32C0_E0C	0x1df	adjust_weapon	src/ui/PANELS.C:603
LoadWeapCM_seg037_32C0_FEB	seg037_32C0_FEB	0xad	load_weapcm	src/ui/PANELS.C:687
DisplaySelectedRunes_seg037_32C0_1098	seg037_32C0_1098	0xa9	set_runes	src/ui/PANELS.C:704
ProbablyLoadSpellIconArt_seg037_32C0_1141	seg037_32C0_1141	0xb6	active_spells	src/ui/PANELS.C:727
seg037_32C0_11F7	seg037_32C0_11F7	0xf4	init_panelflip	src/ui/PANELS.C:752
seg037_32C0_12EB	seg037_32C0_12EB	0x5	free_panelflip	src/ui/PANELS.C:778
RedrawPanel_seg037_32C0_12F0	seg037_32C0_12F0	0x7b	pretty_panelagain	src/ui/PANELS.C:783
seg037_32C0_136B	seg037_32C0_136B	0x191	do_panel_frame	src/ui/PANELS.C:799
seg037_32C0_14FC	seg037_32C0_14FC	0x22	restore_sliding_panel	src/ui/PANELS.C:845
seg037_32C0_151E	seg037_32C0_151E	0x49	get_wfr	src/ui/PANELS.C:856
seg037_32C0_1567	seg037_32C0_1567	0x143	do_fbuf_bms	src/ui/PANELS.C:876
seg037_32C0_16AA	seg037_32C0_16AA	0x15	send_FB	src/ui/PANELS.C:903
ReturnFar_seg037_32C0_16BF	seg037_32C0_16BF	0x5	player_look_shaft	src/ui/PANELS.C:914
seg037_32C0_16C4	seg037_32C0_16C4	0x5	player_look_grave	src/ui/PANELS.C:918
SkillCheck_seg038_342C_9	seg038_342C_9	0x3c	skill_check	src/game/SKILLCHK.C:39
Experience_seg038_342C_45	seg038_342C_45	0x1bc	player_get_exp	src/game/SKILLCHK.C:63
RefreshPanels_seg038_342C_201	seg038_342C_201	0x63	panel_check_hpmp	src/game/SKILLCHK.C:107
BeginLoadStringsPak_seg039_4	seg039_3452_4	0x80	init_strings	src/ui/GAMESTRN.C:67
seg039_3452_84	seg039_3452_84	0xa	free_strings	src/ui/GAMESTRN.C:79
GetStringByID_seg039_3452_8E	seg039_3452_8E	0x89	get_string	src/ui/GAMESTRN.C:83
CreateAGameString_seg039_3452_117	seg039_3452_117	0x104	make_string	src/ui/GAMESTRN.C:102
seg039_3452_21B	seg039_3452_21B	0x7b	replace_string	src/ui/GAMESTRN.C:127
seg039_3452_296	seg039_3452_296	0x91	clear_dynamics	src/ui/GAMESTRN.C:144
AppendItemName_seg039_3452_327	seg039_3452_327	0xc6	get_name	src/ui/GAMESTRN.C:161
SplitObjectNames_seg039_3452_3ED	seg039_3452_3ED	0xb7	fix_name_string	src/ui/GAMESTRN.C:184
PrintStringFromBlock1_seg039_3452_4A4	seg039_3452_4A4	0x29	game_sprint	src/ui/GAMESTRN.C:200
PrintMultipleStrings_seg039_3452_4CD	seg039_3452_4CD	0x7a	game_strings_3	src/ui/GAMESTRN.C:206
LoadFileStringsPak_seg039_547	seg039_3452_547	0x9a	LoadFileStringsPak_seg039_547	src/ui/GAMESTRN.C:218
seg039_3452_5E1	seg039_3452_5E1	0x20	seg039_3452_5E1	src/ui/GAMESTRN.C:234
GetString_seg039_3452_601	seg039_3452_601	0x180	read_string	src/ui/GAMESTRN.C:242
seg039_3452_781	seg039_3452_781	0x31	seg039_3452_781	src/ui/GAMESTRN.C:281
seg039_3452_7B2	seg039_3452_7B2	0x62	seg039_3452_7B2	src/ui/GAMESTRN.C:296
ToUpper_seg039_3452_814	seg039_3452_814	0x43	seg039_3452_814	src/ui/GAMESTRN.C:309
seg039_3452_857	seg039_3452_857	0x43	seg039_3452_857	src/ui/GAMESTRN.C:317
seg039_3452_89A	seg039_3452_89A	0x71	seg039_3452_89A	src/ui/GAMESTRN.C:330
AppendString_seg039_3452_90B	seg039_3452_90B	0x54	str_cat	src/ui/GAMESTRN.C:344
ObjectUse_seg040_34E7_F	seg040_34E7_F	0x374	UseObj	src/obj/OBJUSE.C:48
RemoveUsedObject_seg040_34E7_383	seg040_34E7_383	0x131	using_punt	src/obj/OBJUSE.C:154
CreateObjectInHand_seg040_34E7_4B4	seg040_34E7_4B4	0x60	place_new	src/obj/OBJUSE.C:181
KeyLockpickUsage_seg040_34E7_514	seg040_34E7_514	0x46	UseKey	src/obj/OBJUSE.C:197
UseObjectWithPrompt_seg040_35E7_55A	seg040_34E7_55A	0x95	UseThing	src/obj/OBJUSE.C:210
WandUsage_seg040_34E7_5EF	seg040_34E7_5EF	0xef	UseWand	src/obj/OBJUSE.C:229
PotionDrink_seg040_34E7_6DE	seg040_34E7_6DE	0x42	UseReag	src/obj/OBJUSE.C:257
ToggleSwitch_seg040_34E7_720	seg040_34E7_720	0x8f	flip_switch	src/obj/OBJUSE.C:274
CharacterDoorLockAndKeyInteraction_seg040_34E7_7AF	seg040_34E7_7AF	0x1e9	checkLock	src/obj/OBJUSE.C:301
CastSpellFromObject_seg040_34E7_998	seg040_34E7_998	0xfd	checkSpell	src/obj/OBJUSE.C:353
TriggerObjectLink_seg040_34E7_A95	seg040_34E7_A95	0x1a3	checkTrap	src/obj/OBJUSE.C:388
ReleaseSpell_seg040_34E7_C38	seg040_34E7_C38	0x31	BlastFunction	src/obj/OBJUSE.C:432
GetItemEnchantment_seg040_34E7_C69	seg040_34E7_C69	0x175	decode_obj_spell	src/obj/OBJUSE.C:448
ClearsEnchantmentFlag_seg040_34E7_DDE	seg040_34E7_DDE	0x33	remove_spell	src/obj/OBJUSE.C:483
MagicObjectUpdateCharge_seg040_34E7_E11	seg040_34E7_E11	0xf2	useNSpellCharges	src/obj/OBJUSE.C:492
ChangesLookupDown_seg041_35D7_3	seg041_35D7_3	0x4b	mvcheck	src/sys/UTIL.C:19
GetCoordinateInDirection_seg041_35D7_4E	seg041_35D7_4E	0x9b	move_along	src/sys/UTIL.C:35
seg041_35D7_E9	seg041_35D7_E9	0x36	seg041_35D7_E9	src/sys/UTIL.C:63
DiceRoll_seg041_35D7_11F	seg041_35D7_11F	0x47	rollem	src/sys/UTIL.C:73
EMM_seg042_35ED_6	seg042_35ED_6	0x95	init_mem	src/sys/TMPALLOC.C:49
seg042_35ED_9B	seg042_35ED_9B	0xa	free_mem	src/sys/TMPALLOC.C:70
seg042_35ED_A5	seg042_35ED_A5	0x86	mem_setup	src/sys/TMPALLOC.C:74
seg042_35ED_12B	seg042_35ED_12B	0x26	seg042_35ED_12B	src/sys/TMPALLOC.C:88
AllocateMemory_seg042_35ED_151	seg042_35ED_151	0x25	map_crit_pages	src/sys/TMPALLOC.C:97
seg042_35ED_176	seg042_35ED_176	0x68	get_workspace	src/sys/TMPALLOC.C:106
seg042_35ED_1DE	seg042_35ED_1DE	0x55	set_workspace	src/sys/TMPALLOC.C:126
seg042_35ED_233	seg042_35ED_233	0x90	release_workspace	src/sys/TMPALLOC.C:139
seg043_3619_3	seg043_3619_3	0x1f	set_mouse_in	src/ui/SCROLL.C:80
seg043_3619_22	seg043_3619_22	0x16	do_main_scroll	src/ui/SCROLL.C:90
seg043_3619_38	seg043_3619_38	0x16	do_npc_scroll	src/ui/SCROLL.C:97
seg043_3619_4E	seg043_3619_4E	0x16	do_play_scroll	src/ui/SCROLL.C:104
seg043_3619_64	seg043_3619_64	0x54	draw_edges	src/ui/SCROLL.C:114
seg043_3619_B8	seg043_3619_B8	0x67	draw_conv_edges	src/ui/SCROLL.C:124
seg043_3619_11F	seg043_3619_11F	0x81	scroll_up	src/ui/SCROLL.C:139
WriteTextToMessageScroll_seg043_3619_1A0	seg043_3619_1A0	0x130	scroll_print	src/ui/SCROLL.C:152
RelatedToWritingToMessageScrollseg043_3619_2D0	seg043_3619_2D0	0x52	scroll_print1	src/ui/SCROLL.C:213
seg043_3619_322	seg043_3619_322	0x53	scroll_print2	src/ui/SCROLL.C:232
WriteTextToMessageScroll_seg043_3619_375	seg043_3619_375	0x18a	scroll_print3	src/ui/SCROLL.C:258
seg043_3619_4FF	seg043_3619_4FF	0x119	scroll_wrap	src/ui/SCROLL.C:329
seg043_3619_618	seg043_3619_618	0x51	draw_scroll	src/ui/SCROLL.C:377
seg043_3619_618	seg043_3619_669	0xf8	seg043_3619_669	src/ui/SCROLL.C:393
RemoveCompletedAnimo_seg044_368F_1	seg044_368F_1	0x7e	rem_anim_from_map	src/obj/EFFECT.C:55
RemoveTheAnimationOverlay_seg044_368F_7F	seg044_368F_7F	0x6b	rem_anim_from_list	src/obj/EFFECT.C:67
EndDoorAnimation_seg044_368F_EA	seg044_368F_EA	0x2a8	toast_animobj	src/obj/EFFECT.C:84
seg044_368F_392	seg044_368F_392	0x3c	seg044_368F_392	src/obj/EFFECT.C:145
MoveAnimationOverlayLink_seg044_368F_3CE	seg044_368F_3CE	0x70	Change_AnimPtr	src/obj/EFFECT.C:157
AddAnimationOverlay_seg044_368F_43E	seg044_368F_43E	0x11e	add_animobj	src/obj/EFFECT.C:175
AnimoUpdate_seg044_368F_55C	seg044_368F_55C	0x1bd	do_animobj	src/obj/EFFECT.C:200
LoopAnimationOverlaysAndTimers_seg044_368F_719	seg044_368F_719	0x1d1	update_animobj	src/obj/EFFECT.C:243
SpawnMultipleAnimoObjectCopies_seg044_8EA	seg044_368F_8EA	0x1ca	fireball_effect	src/obj/EFFECT.C:289
DetonateProjectile_seg044_368F_AB4	seg044_368F_AB4	0xd9	mts_doanim	src/obj/EFFECT.C:326
SpawnClass7_ObjectAtTarget_seg044_368F_B8D	seg044_368F_B8D	0x156	put_effect	src/obj/EFFECT.C:349
CreateAnimoForSrcObject_seg044_368F_CE3	seg044_368F_CE3	0x127	CreateAnimoForSrcObject_seg044_368F_CE3	src/obj/EFFECT.C:381
GetAnimationOverlayIndex_seg044_368F_E0A	seg044_368F_E0A	0x4c	find_anim	src/obj/EFFECT.C:409
GetDoorAnimationDuration_seg044_368F_E56	seg044_368F_E56	0x2c	get_animlen	src/obj/EFFECT.C:423
seg044_368F_E82	seg044_368F_E82	0x28	set_animlen	src/obj/EFFECT.C:433
MovingDoor_seg044_368F_EAA	seg044_368F_EAA	0x1ea	check_door	src/obj/EFFECT.C:445
MoveObjectIndexInArrayToNewPositionTimerRelated_seg044_1094	seg044_368F_1094	0x42	rem_timer_obj	src/obj/EFFECT.C:493
seg045_379C_6	seg045_379C_6	0x97	grdb_blank	src/conv/GRDB.C:54
seg045_379C_6	seg045_379C_9D	0x1a	grdb_size	src/conv/GRDB.C:77
seg045_379C_B7	seg045_379C_B7	0x14	Clk	src/conv/GRDB.C:86
seg045_379C_CB	seg045_379C_CB	0xb	gr_entry	src/conv/GRDB.C:91
seg045_379C_D6	seg045_379C_D6	0xf	gr_tostrt	src/conv/GRDB.C:96
seg045_379C_E5	seg045_379C_E5	0xf6	Ref	src/conv/GRDB.C:104
seg045_379C_1DB	seg045_379C_1DB	0x18	gr_getpre	src/conv/GRDB.C:122
seg045_379C_1DB	seg045_379C_1F3	0x20	gr_getlab	src/conv/GRDB.C:129
seg045_379C_213	seg045_379C_213	0xc3	gr_putlab	src/conv/GRDB.C:137
seg045_379C_2D6	seg045_379C_2D6	0x3f	gr_freelab	src/conv/GRDB.C:151
seg046_37CD_10	seg046_37CD_10	0x125	_OVRINIT	src/lib/OVERLAY.ASM:206
seg046_37CD_135	seg046_37CD_135	0x51	seg046_37CD_135	src/lib/OVERLAY.ASM:332
seg046_37CD_186	seg046_37CD_186	0x22	_OVREXIT	src/lib/OVERLAY.ASM:372
seg046_37CD_1A8	seg046_37CD_1A8	0xc	seg046_37CD_1A8	src/lib/OVERLAY.ASM:391
seg046_37CD_1B4	seg046_37CD_1B4	0x40	seg046_37CD_1B4	src/lib/OVERLAY.ASM:402
seg046_37CD_1F4	seg046_37CD_1F4	0x5d	seg046_37CD_1F4	src/lib/OVERLAY.ASM:443
seg046_37CD_251	seg046_37CD_251	0x26	seg046_37CD_251	src/lib/OVERLAY.ASM:505
ReadCXFileBytes_seg046_277	seg046_37CD_277	0x10	ReadCXFileBytes_seg046_277	src/lib/OVERLAY.ASM:529
seg046_37CD_287	seg046_37CD_287	0x80	_InitModules	src/lib/OVERLAY.ASM:544
seg046_37CD_307	seg046_37CD_307	0xcd	seg046_37CD_307	src/lib/OVERLAY.ASM:596
ReadFromFilePosition_seg046_37CD_3D4	seg046_37CD_3D4	0x39	ReadFromFilePosition_seg046_3D4	src/lib/OVERLAY.ASM:682
seg046_37CD_40D	seg046_37CD_40D	0x45	seg046_37CD_40D	src/lib/OVERLAY.ASM:718
seg046_37CD_452	seg046_37CD_452	0x60	seg046_37CD_452	src/lib/OVERLAY.ASM:757
seg046_37CD_4B2	seg046_37CD_4B2	0x2e	_ReadOvrDisk	src/lib/OVERLAY.ASM:804
Interrupt_3F_seg046_37CD_4E0	seg046_37CD_4E0	0x66	Interrupt_3F_seg046_37CD_4E0	src/lib/OVERLAY.ASM:829
seg046_37CD_546	seg046_37CD_546	0x4a	seg046_37CD_546	src/lib/OVERLAY.ASM:883
seg046_37CD_590	seg046_37CD_590	0x7b	seg046_37CD_590	src/lib/OVERLAY.ASM:921
seg046_37CD_60B	seg046_37CD_60B	0x18	seg046_37CD_60B	src/lib/OVERLAY.ASM:974
seg046_37CD_623	seg046_37CD_623	0x3b	seg046_37CD_623	src/lib/OVERLAY.ASM:985
seg046_37CD_65E	seg046_37CD_65E	0x21	seg046_37CD_65E	src/lib/OVERLAY.ASM:1015
seg046_37CD_67F	seg046_37CD_67F	0x1e	seg046_37CD_67F	src/lib/OVERLAY.ASM:1030
seg046_37CD_69D	seg046_37CD_69D	0x33	seg046_37CD_69D	src/lib/OVERLAY.ASM:1049
seg046_37CD_6D0	seg046_37CD_6D0	0x51	seg046_37CD_6D0	src/lib/OVERLAY.ASM:1074
seg046_37CD_721	seg046_37CD_721	0x1e	seg046_37CD_721	src/lib/OVERLAY.ASM:1118
seg046_37CD_73F	seg046_37CD_73F	0xc	seg046_37CD_73F	src/lib/OVERLAY.ASM:1135
seg046_37CD_74B	seg046_37CD_74B	0x26	seg046_37CD_74B	src/lib/OVERLAY.ASM:1145
seg046_37CD_771	seg046_37CD_771	0x1c	seg046_37CD_771	src/lib/OVERLAY.ASM:1172
seg046_37CD_78D	seg046_37CD_78D	0xc	seg046_37CD_78D	src/lib/OVERLAY.ASM:1189
seg046_37CD_799	seg046_37CD_799	0x18	seg046_37CD_799	src/lib/OVERLAY.ASM:1198
seg046_37CD_7B1	seg046_37CD_7B1	0x36	_ISOVERLAYMOD	src/lib/OVERLAY.ASM:1213
seg046_37CD_7E7	seg046_37CD_7E7	0x98	_CHECKSTACK	src/lib/OVERLAY.ASM:1244
seg046_37CD_87F	seg046_37CD_87F	0x58	_CHECKOVERLAY	src/lib/OVERLAY.ASM:1316
_OvrInitEms	seg046_37CD_8D7	0x1ca	_OvrInitEms	src/lib/OVERLAY.ASM:1360
seg046_37CD_AA1	seg046_37CD_AA1	0x11a	_OvrInitExt	src/lib/OVERLAY.ASM:1580
seg046_37CD_BBB	seg046_37CD_BBB	0x53	seg046_37CD_BBB	src/lib/OVERLAY.ASM:1705
seg046_37CD_C0E	seg046_37CD_C0E	0xc	seg046_37CD_C0E	src/lib/OVERLAY.ASM:1748
seg046_37CD_C1A	seg046_37CD_C1A	0xa7	seg046_37CD_C1A	src/lib/OVERLAY.ASM:1757
seg046_37CD_CC1	seg046_37CD_CC1	0x2f	seg046_37CD_CC1	src/lib/OVERLAY.ASM:1826
seg046_37CD_CF0	seg046_37CD_CF0	0xd	seg046_37CD_CF0	src/lib/OVERLAY.ASM:1855
seg046_37CD_CFD	seg046_37CD_CFD	0x18	_SwapOverlay	src/lib/OVERLAY.ASM:1868
seg046_37CD_D15	seg046_37CD_D15	0x64	_OvrPrepare	src/lib/OVERLAY.ASM:1895
EMMXXXX_seg046_37CD_D79	seg046_37CD_D79	0xb2	_INITEMS	src/lib/OVERLAY.ASM:1950
seg046_37CD_E2B	seg046_37CD_E2B	0x65	_INITEMSPAGE	src/lib/OVERLAY.ASM:2040
seg046_37CD_E90	seg046_37CD_E90	0x2a	_EXITEMS	src/lib/OVERLAY.ASM:2087
seg046_37CD_EBA	seg046_37CD_EBA	0x1b0	_INITEXT	src/lib/OVERLAY.ASM:2108
seg046_37CD_106A	seg046_37CD_106A	0xd8	_INITEXTMEM	src/lib/OVERLAY.ASM:2284
seg046_37CD_1142	seg046_37CD_1142	0x54	_EXITEXT	src/lib/OVERLAY.ASM:2371
seg046_37CD_1196	seg046_37CD_1196	0xad	_EXTCOPY	src/lib/OVERLAY.ASM:2408
