API_timer	send_EOI
AddToEmptySlot_	AddToInventory_
AddToEmptySlot_	DisplayInvObject_
AddToEmptySlot_	DisplayOpenBag_
AddToEmptySlot_	FixOpenBag_
AddToInventory_	FixPlayerEquips_
AddToInventory_	ItemFitsSlot_
AddToInventory_	ItemWeight_
AddToInventory_	Obj_AddEnd_
AddToInventory_	Obj_MemTPtr_
AddToInventory_	Obj_PtrTMem_
AddToOccupiedSlot_	AddToEmptySlot_
AddToOccupiedSlot_	AddTogether_
AddToOccupiedSlot_	CombineObjs_
AddToOccupiedSlot_	DisplayInvObject_
AddToOccupiedSlot_	FixPlayerEquips_
AddToOccupiedSlot_	InvRemoveObject_
AddToOccupiedSlot_	ItemFitsSlot_
AddToOccupiedSlot_	Obj_Free_
AddToOccupiedSlot_	Obj_PtrTMem_
AddToOccupiedSlot_	Obj_Punt_
AddToOccupiedSlot_	ObjsBeCombinable_
AddToOccupiedSlot_	PutObjectInBag_
AddToOccupiedSlot_	RemoveAfterCombine_
AddToOccupiedSlot_	SwapItemsInBag_
AddToOccupiedSlot_	force_mouse_cursor_
AddToOccupiedSlot_	removeFromSlot_
AddToOccupiedSlot_	unforce_mouse_cursor_
Anim_Load_	memcpy_
Anim_Save_	memcpy_
Anim_Save_	memset_
AskHowMany_	Obj_Alloc_
AskHowMany_	atoi_
AskHowMany_	mouse_dragged_
AskHowMany_	scroll_print_
AskHowMany_	wd_replace_
AskHowMany_	wdialog_
AutoMap_	GetAutoMapLevel_
AutoMap_	SaveAutoMapLevel_
AutoMap_	ShowAutoMapLevel_
AutoMap_	_input_addkey_
AutoMap_	change_music_maybe_
AutoMap_	fadeout_
AutoMap_	force_mouse_cursor_
AutoMap_	get_current_music_
AutoMap_	input_addmouse_
AutoMap_	kill_all_effects_
AutoMap_	mouse_constrain_
AutoMap_	mouse_hide_
AutoMap_	mouse_show_
AutoMap_	set_random_walking_music_
BagWeight_	Obj_PtrTMem_
BeginInventory_	defineMouseRegion_
BeginInventory_	input_addmouse_
BeginInventory_	load_inventory_pix_
BeginInventory_	save_rect_
BeginInventory_	valloc_
BlastFunction_	mouse_release_
BlastFunction_	release_missile_
BlastFunction_	unforce_mouse_cursor_
BlockingTerrain_	BridgeHeight_
BlockingTerrain_	Map_GetAddr_
BonesLook_	get_name_
BonesLook_	scroll_print_
BookLook_	game_sprint_
BookLook_	get_name_
BookLook_	get_string_
BookLook_	scroll_print_
BookLook_	show_cutscene_
BookLook_	strcat_
BridgeHeight_	Obj_PtrTMem_
ChangeAutoMapLevel_	ClearAutoMap_
ChangeAutoMapLevel_	GetAutoMapLevel_
ChangeAutoMapLevel_	SaveTheWords_
ChangeAutoMapLevel_	ShowAutoMapLevel_
ChangeLevel_	GetLevel_
ChangeLevel_	SaveLevel_
ChangeLevel_	Sched_SetAllClocks_
ChangeLevel_	clear_fight_state_
ChangeLevel_	do_level_hacks_
ChangeLevel_	restore_mana_
ChangeLevel_	unforce_mouse_cursor_
Change_AnimPtr_	Obj_MemTPtr_
ClearAutoMap_	memset_
CloseAllBags_	MakeBagClose_
CloseAllBags_	free_
CloseDoor_	changeDoor_
CloseDoor_	checkTrap_
CloseDoor_	moveDoor_
CloseDoor_	play_effect_
CloseTheBag_	DisplayOpenBag_
CloseTheBag_	FixBagArea_
CloseTheBag_	FixOpenBag_
CloseTheBag_	MakeBagClose_
CloseTheBag_	Obj_PtrTMem_
CloseTheBag_	displayInventoryArray_
CloseTheBag_	free_
CollObject_	Obj_PtrTMem_
CombineObjs_	CreateObj_
CompressLZW_disk_	DeleteNode_
CompressLZW_disk_	InsertNode_
CompressLZW_disk_	pfatal_code_
CompressLZW_disk_	write_
Converse_	bab_fun_
Converse_	bab_malloc_
Converse_	babl_run_
Converse_	generate_inventory_
Converse_	get_string_
Converse_	load_script_
Converse_	scroll_print_
Converse_	scroll_wait_
Converse_	setup_converse_data_
Converse_	update_converse_data_
CreateObj_	Obj_Alloc_
CreateObj_	init_this_critter_
CritterLook_	get_string_
CritterLook_	strcat_
DLL_load_	DLL_read_
DLL_load_	DLL_size_
DLL_load_	close_
DLL_load_	malloc_
DLL_load_	memset_
DLL_load_	open_
DLL_load_	strcmp_
DLL_read_	lseek_
DLL_read_	memcpy_
DLL_read_	read_
DLL_read_	tell_
DLL_size_	DLL_read_
DLL_size_	close_
DLL_size_	open_
DLL_size_	strcmp_
DamageInventory_	CreateObj_
DamageInventory_	FixPlayerEquips_
DamageInventory_	InvRemoveOneObject_
DamageInventory_	ObjWorn_
DamageInventory_	Obj_Punt_
DamageInventory_	RedisplayInvSlot_
DamageInventory_	WhatsInSlot_
DamageInventory_	damage_item_
DamageInventory_	debris_type_
DamageInventory_	get_name_
DamageInventory_	near_mob_put_at_
DamageInventory_	scroll_print_
DamageInventory_	strcat_
DamageInventory_	strlen_
DecompressLZW_disk_	read_
DegradeLights_	RedisplayInvSlot_
DegradeLights_	WhatsInSlot_
DetectedTrap_	Obj_InList_
DetectedTrap_	skill_check_
DetermineBetterHit_	abs_
DetermineBetterHit_	strcpy_
DetermineBetterHit_	strlen_
DisplayInvObject_	DisplayInvSpecial_
DisplayInvObject_	displayInventoryArray_
DisplayInvObject_	pic_to_screen_
DisplayInvObject_	restore_rect_
DisplayInvSpecial_	Obj_PtrTMem_
DisplayInvSpecial_	displayEnc_
DisplayInvSpecial_	displayInventoryArray_
DisplayInvSpecial_	grfx_quikfont_
DisplayInvSpecial_	load_inv_pic_
DisplayInvSpecial_	mouse_hide_
DisplayInvSpecial_	mouse_show_
DisplayInvSpecial_	pic_to_screen_
DisplayInvSpecial_	rectangle_
DisplayInvSpecial_	save_rect_
DisplayInvSpecial_	set_the_color_
DisplayInventory_	displayInventoryArray_
DisplayInventory_	pic_to_screen_
DisplayInventory_	restore_rect_
DisplayOpenBag_	DisplayInvObject_
DisplayOpenBag_	Obj_MemTPtr_
DisplayOpenBag_	Obj_PtrTMem_
DisplayOpenBag_	displayInventoryArray_
DisplayOpenBag_	mouse_hide_
DisplayOpenBag_	mouse_show_
DoClosingDoors_	CloseDoor_
DoClosingDoors_	Map_GetAddr_
DoClosingDoors_	Obj_FindInMap_
DoClosingDoors_	check_alert_
DoClosingDoors_	rand_
DoClosingDoors_	update_animobj_
DoDoorTile_	PixelDarken_
DoInventoryDrag_	DoSpecialActions_
DoInventoryDrag_	FindInventoryHit_
DoInventoryDrag_	RearrangeInventory_
DoInventoryDrag_	force_mouse_cursor_
DoInventoryDrag_	mouse_getbut_
DoInventoryDrag_	mouse_getxy_
DoInventoryDrag_	mouse_release_
DoInventoryDrag_	unforce_mouse_cursor_
DoInventoryMouse_	AskHowMany_
DoInventoryMouse_	DisplayInvObject_
DoInventoryMouse_	DisplayOpenBag_
DoInventoryMouse_	DoSpecialActions_
DoInventoryMouse_	FindInventoryHit_
DoInventoryMouse_	FixOpenBag_
DoInventoryMouse_	ItemWeight_
DoInventoryMouse_	Obj_Add_
DoInventoryMouse_	Obj_PtrTMem_
DoInventoryMouse_	RearrangeInventory_
DoInventoryMouse_	SetCursorObj_
DoInventoryMouse_	game_sprint_
DoInventoryMouse_	inv_look_
DoInventoryMouse_	mouse_dragged_
DoInventoryMouse_	mouse_getxy_
DoInventoryMouse_	mouse_release_
DoInventoryMouse_	toggle_fightmode_
DoInventoryMouse_	unforce_mouse_cursor_
DoPlayerWeapon_	decode_obj_spell_
DoSaveRest_	RestoreGame_
DoSaveRest_	SaveGame_
DoSaveRest_	display_scr_
DoSaveRest_	editchng_
DoSaveRest_	game_sprint_
DoSaveRest_	get_save_descs_
DoSaveRest_	init_scrgr_
DoSaveRest_	load_weapcm_
DoSaveRest_	newFPS_
DoSaveRest_	parse_effect_
DoSaveRest_	pretty_panelagain_
DoSaveRest_	scroll_clear_
DoSpecialActions_	CloseTheBag_
DoSpecialActions_	FixPlayerEquips_
DoSpecialActions_	HasOrIsObj_
DoSpecialActions_	Obj_PtrTMem_
DoSpecialActions_	ReturnObject_
DoSpecialActions_	ScrollItemsDown_
DoSpecialActions_	ScrollItemsUp_
DoSpecialActions_	UseObj_
DoSpecialActions_	conv_inv_special_
DoSpecialActions_	toggle_fightmode_
DoSpecialActions_	unforce_mouse_cursor_
DoTile_	DoDoorTile_
DoTile_	PixelDarken_
DoTile_	rand_
DoWanderingMonsters_	IsMobElem_
DoWanderingMonsters_	Obj_FindInMap_
DoWanderingMonsters_	Obj_PtrTMem_
DoWanderingMonsters_	UseTrap_
DoWanderingMonsters_	check_alert_
DumpTheBag_	drop_link_chain_
DumpTheBag_	editchng_
DumpTheBag_	get_name_
DumpTheBag_	player_did_bad_
DumpTheBag_	scroll_print_
DumpTheBag_	strcat_
EncumCheck_	ItemWeight_
ExitAutoMap_	GetAutoMapLevel_
ExitAutoMap_	SaveTheWords_
ExitAutoMap_	change_music_maybe_
ExitAutoMap_	grfx_clear_
ExitAutoMap_	grfx_quikpal_
ExitAutoMap_	mouse_freereign_
ExitAutoMap_	mouse_hide_
ExitAutoMap_	mouse_show_
ExitAutoMap_	set_new_music_
ExitAutoMap_	unforce_mouse_cursor_
FindObj_	Obj_PtrTMem_
FindObj_	find_obj_
FindSlot_	Obj_Find_
FindSlot_	Obj_MemTPtr_
FindSlot_	Obj_PtrTMem_
FixBagArea_	CloseAllBags_
FixBagArea_	DisplayInvObject_
FixBagArea_	DisplayInventory_
FixBagArea_	mouse_hide_
FixBagArea_	mouse_show_
FixBagArea_	restore_rect_
FixOpenBag_	Obj_MemTPtr_
FixOpenBag_	Obj_PtrTMem_
FixPlayerEquips_	ObjWorn_
FixPlayerEquips_	WhatsInSlot_
FixPlayerEquips_	armor_val_
FixPlayerEquips_	decode_obj_spell_
FixPlayerEquips_	fizix_update_
FixPlayerEquips_	get_class_data_
FixPlayerEquips_	init_spells_
FixPlayerEquips_	load_weapon_
FixPlayerEquips_	newFPS_
FixPlayerEquips_	parse_spells_
FixPlayerEquips_	player_affected_by_
FixPlayerEquips_	remove_spell_
FixPlayerEquips_	set_drugged_
FixPlayerEquips_	set_light_
FreePlayerInv_	Obj_Free_
FreePlayerInv_	Obj_PtrTMem_
FreePlayerInv_	Obj_Rem_
GetAutoMapLevel_	close_arc_
GetAutoMapLevel_	get_arc_
GetAutoMapLevel_	memset_
GetAutoMapLevel_	open_arc_
GetLevel_	ClearAutoMap_
GetLevel_	GetAutoMapLevel_
GetLevel_	Map_Load_
GetLevel_	RestorePlayerInv_
GetLevel_	SavePlayerInv_
GetLevel_	Txm_Load_
GetLevel_	change_GrSq_
GetLevel_	close_arc_
GetLevel_	init_level_creature_stuff_
GetLevel_	load_dl_
GetObjDesc_	CritterLook_
GetObjDesc_	get_name_
GetObjDesc_	get_string_
GetObjDesc_	strcat_
GetObjDesc_	strcpy_
GetObjDesc_	strlen_
GetPlayerWeapon_	WhatsInSlot_
GetPlayerWeapon_	check_ammo_
GetPlayerWeapon_	is_sharp_
GetPlayerWeapon_	mouse_release_
GetTheWords_	close_arc_
GetTheWords_	get_arc_
GetTheWords_	open_arc_
HasOrIsObj_	Obj_InList_
InPickRange_	abs_
InvRemoveObject_	invRemoveObject_
InvRemoveOneObject_	invRemoveObject_
InvRestoreNexts_	Obj_Alloc_
InvRestoreNexts_	Obj_MemTPtr_
InvRestoreNexts_	getSaveObj_
InvRestoreNexts_	putInInv_
InvSaveNexts_	Obj_PtrTMem_
InvSaveNexts_	allocSaveObj_
InvSaveNexts_	replaceInInv_
IsaDoor_	Obj_PtrTMem_
ItemFitsSlot_	BagWeight_
ItemFitsSlot_	ItemWeight_
ItemFitsSlot_	Obj_PtrTMem_
ItemFitsSlot_	UseFood_
ItemFitsSlot_	game_sprint_
ItemFitsSlot_	get_class_data_
ItemFitsSlot_	get_name_
ItemFitsSlot_	scroll_print_
ItemWeight_	BagWeight_
KeyLook_	get_string_
KeyLook_	scroll_print_
Killorn_just_crashed_	Sched_SetAllClocks_
Killorn_just_crashed_	do_sfx_
Killorn_just_crashed_	fadeout3d_
Load_Terrains_	fclose_
Load_Terrains_	fopen_
Load_Terrains_	fread_
Load_Terrains_	fseek_
Load_Terrains_	strcat_
Load_Terrains_	strcpy_
LookAt_	CritterLook_
LookAt_	RectLook_
LookAt_	SpecialLook_
LookAt_	do_mods_
LookAt_	do_of_
LookAt_	get_name_
LookAt_	get_string_
LookAt_	itoa_
LookAt_	memcpy_
LookAt_	scroll_print_
LookAt_	strcat_
LookAt_	strlen_
MakeBagClose_	Obj_IntTMem_
ManageDungeonMap_	ChangeAutoMapLevel_
ManageDungeonMap_	DetermineBetterHit_
ManageDungeonMap_	RedisplayStrings_
ManageDungeonMap_	do_keyboard_input_
ManageDungeonMap_	force_mouse_cursor_
ManageDungeonMap_	jstring_to_screen_
ManageDungeonMap_	keyboard_mouse_
ManageDungeonMap_	mouse_constrain_
ManageDungeonMap_	mouse_get_input_sp_
ManageDungeonMap_	mouse_getbut_
ManageDungeonMap_	mouse_getxy_
ManageDungeonMap_	mouse_hide_
ManageDungeonMap_	mouse_putxy_
ManageDungeonMap_	mouse_release_
ManageDungeonMap_	mouse_show_
ManageDungeonMap_	newscr_
ManageDungeonMap_	rectangle_
ManageDungeonMap_	set_font_size_
ManageDungeonMap_	set_the_color_
ManageDungeonMap_	strcpy_
ManageDungeonMap_	strlen_
ManageDungeonMap_	toupper_
ManageDungeonMap_	true_gem_region_
ManageDungeonMap_	unforce_mouse_cursor_
Map_Init_	Map_ObjFix_
Map_Init_	first_punt_
Map_Init_	malloc_
Map_Load_	Anim_Load_
Map_Load_	close_arc_
Map_Load_	get_arc_
Map_Load_	open_arc_
Map_Load_	pfatal_code_
Map_ObjFix_	ClearInventory_
Map_Save_	Anim_Save_
Map_Save_	ObjCrunch_
Map_Save_	close_arc_
Map_Save_	open_arc_
Map_Save_	put_arc_
Map_Save_	wyorn_
MousQUp_	mouse_btns_
MousQUp_	moveMouse_
MousReSave3d_	fbuf_setcolor_
MousReSave3d_	rectangle_
MousReSave3d_	vcopyfb_
MousReSave_	rectangle_
MousReSave_	set_the_color_
ObjCrunch_	Obj_IntTMem_
ObjCrunch_	Obj_ListOkay_
ObjCrunch_	errmsg_
ObjCrunch_	memset_
Obj_AddEnd_	Obj_PtrTMem_
Obj_Alloc_	Obj_GarbageCollect_
Obj_Alloc_	active_critter_
Obj_Check_	Obj_PtrTMem_
Obj_Elem_Fate_	Obj_Check_
Obj_Elem_Fate_	Obj_PtrTMem_
Obj_Elem_Fate_	chkTenacious_
Obj_Elem_Fate_	rand_
Obj_Fate_	Obj_Elem_Fate_
Obj_Fate_	Obj_PtrTMem_
Obj_FindInMapSquare_	Map_GetAddr_
Obj_FindInMapSquare_	Obj_InList_
Obj_FindInMap_	Obj_InList_
Obj_Find_	Obj_MemTPtr_
Obj_Find_	Obj_PtrTMem_
Obj_FreeChain_	Obj_Free_
Obj_FreeChain_	Obj_PtrTMem_
Obj_FreeChain_	Obj_Rem_
Obj_FreeChain_	trap_obj_del_
Obj_FreeLinkChain_	Obj_FreeChain_
Obj_FreeLinkChain_	Obj_Free_
Obj_FreeLinkChain_	Obj_Rem_
Obj_Free_	free_critter_
Obj_Free_	release_camera_
Obj_GarbageCollect_	Obj_Fate_
Obj_GarbageCollect_	Obj_FreeLinkChain_
Obj_GarbageCollect_	Obj_IntTMem_
Obj_GarbageCollect_	Obj_PtrTMem_
Obj_GarbageCollect_	abs_
Obj_InList_	Obj_PtrTMem_
Obj_ListOkay_	calloc_
Obj_ListOkay_	count_list_
Obj_ListOkay_	flog_list_
Obj_ListOkay_	free_
Obj_Punt_	Obj_Elem_Fate_
Obj_Punt_	Obj_FreeChain_
Obj_Punt_	Obj_FreeLinkChain_
Obj_Punt_	Obj_MemTPtr_
Obj_Punt_	rem_anim_from_list_
Obj_Rem_	Obj_PtrTMem_
ObjectCheck_	Map_GetAddr_
ObjectCheck_	Obj_IntTMem_
ObjectCheck_	Obj_PtrTMem_
ObjectCheck_	obj_coll_check_
OpenDoor_	changeDoor_
OpenDoor_	checkTrap_
OpenDoor_	moveDoor_
OpenDoor_	play_effect_
OpenTheBag_	BagWeight_
OpenTheBag_	CloseAllBags_
OpenTheBag_	DisplayInvObject_
OpenTheBag_	DisplayOpenBag_
OpenTheBag_	FixBagArea_
OpenTheBag_	Obj_MemTPtr_
OpenTheBag_	Obj_PtrTMem_
OpenTheBag_	displayInventoryArray_
OpenTheBag_	malloc_
OpenTheBag_	mouse_hide_
OpenTheBag_	mouse_show_
OpenTheBag_	pic_to_screen_
OpenTheBag_	save_rect_
OpenTheBag_	set_screen_frame_
OpenTheBag_	valloc_
PixelDarken_	rand_
Ply_Weight_	ItemWeight_
PreLoadCritPages_	bltfromdrive_
PreLoadCritPages_	strlen_
Punt_player_inv_	ClearInventory_
Punt_player_inv_	FixBagArea_
Punt_player_inv_	FreePlayerInv_
PutObjectInBag_	AddTogether_
PutObjectInBag_	FixOpenBag_
PutObjectInBag_	ItemFitsSlot_
PutObjectInBag_	ItemWeight_
PutObjectInBag_	Obj_AddEnd_
PutObjectInBag_	Obj_Free_
PutObjectInBag_	Obj_MemTPtr_
PutObjectInBag_	Obj_PtrTMem_
PutObjectInBag_	add_rune_
PutObjectInBag_	displayEnc_
PutObjectInBag_	displayInventoryArray_
PutObjectInBag_	game_sprint_
PutObjectInBag_	grfx_quikfont_
RearrangeInventory_	AddToEmptySlot_
RearrangeInventory_	AddToOccupiedSlot_
RectLook_	close_
RectLook_	find_obj_
RectLook_	fix_name_string_
RectLook_	game_sprint_
RectLook_	get_string_
RectLook_	look_nothing_
RectLook_	lseek_
RectLook_	open_
RectLook_	player_look_shaft_
RectLook_	read_
RectLook_	scroll_clear_
RectLook_	scroll_print_
RectLook_	strcat_
RectLook_	strcpy_
RedispInv_	DisplayInvSpecial_
RedispInv_	DisplayInventory_
RedispInv_	load_inventory_pix_
RedispRune_	ShowRune_
RedispRune_	mouse_hide_
RedispRune_	mouse_show_
RedispStat_	mouse_hide_
RedispStat_	mouse_show_
RedispStat_	restore_rect_
RedispStat_	save_rect_
RedispStat_	set_font_size_
RedispStat_	sp_att_
RedispStat_	sp_hdr_
RedispStat_	sp_hp_
RedispStat_	sp_mp_
RedispStat_	sp_skill_
RedispStat_	sp_xp_
RedispStat_	valloc_
RedisplayBarterSlots_	Obj_AddEnd_
RedisplayBarterSlots_	Obj_Add_
RedisplayBarterSlots_	Obj_Free_
RedisplayBarterSlots_	Obj_IntTMem_
RedisplayBarterSlots_	Obj_MemTPtr_
RedisplayBarterSlots_	Obj_PtrTMem_
RedisplayBarterSlots_	does_npc_like_
RedisplayBarterSlots_	force_mouse_cursor_
RedisplayBarterSlots_	grfx_quikfont_
RedisplayBarterSlots_	itoa_
RedisplayBarterSlots_	jstring_to_screen_
RedisplayBarterSlots_	mouse_hide_
RedisplayBarterSlots_	mouse_show_
RedisplayBarterSlots_	pic_to_screen_
RedisplayBarterSlots_	plot_pixel_
RedisplayBarterSlots_	restore_rect_
RedisplayBarterSlots_	set_the_color_
RedisplayBarterSlots_	set_workspace_
RedisplayBarterSlots_	uhline_
RedisplayBarterSlots_	unforce_mouse_cursor_
RedisplayBarterSlots_	uvline_
RedisplayInvSlot_	DisplayInvObject_
RedisplayStrings_	grfx_quikfont_
RedisplayStrings_	jstring_to_screen_
RedisplayStrings_	set_font_size_
RedisplayStrings_	strcpy_
RemoveAllFromSlot_	DisplayInvObject_
RemoveAllFromSlot_	DisplayOpenBag_
RemoveAllFromSlot_	FixOpenBag_
RemoveAllFromSlot_	Obj_PtrTMem_
RemoveAllFromSlot_	removeFromSlot_
RemoveOneFromSlot_	DisplayInvObject_
RemoveOneFromSlot_	DisplayOpenBag_
RemoveOneFromSlot_	FixOpenBag_
RemoveOneFromSlot_	Obj_PtrTMem_
RemoveOneFromSlot_	removeFromSlot_
RemoveTrap_	Map_GetAddr_
RemoveTrap_	Obj_InList_
RemoveTrap_	Obj_PtrTMem_
RemoveTrap_	SetOffTrap_
RemoveTrap_	UseTrigger_
RemoveTrap_	delete_trap_
RemoveTrap_	game_sprint_
RemoveTrap_	get_name_
RemoveTrap_	scroll_print_
RemoveTrap_	skill_check_
RestoreGame_	GetLevel_
RestoreGame_	RestorePlayerInv_
RestoreGame_	clear_dir_
RestoreGame_	copy_dir_
RestoreGame_	do_level_hacks_
RestoreGame_	game_sprint_
RestoreGame_	reset_game_
RestoreGame_	scroll_print_
RestoreGame_	set_creatures_from_saved_game_
RestoreGame_	strcpy_
RestoreGame_	strrchr_
RestorePlayerInv_	FixPlayerEquips_
RestorePlayerInv_	Punt_player_inv_
RestorePlayerInv_	change_GrSq_
RestorePlayerInv_	close_
RestorePlayerInv_	getPlayerInvCopy_
RestorePlayerInv_	get_workspace_
RestorePlayerInv_	load_inventory_pix_
RestorePlayerInv_	open_
RestorePlayerInv_	read_
RestorePlayerInv_	read_player_data_
RestorePlayerInv_	release_workspace_
RestorePlayerInv_	strcat_
RestorePlayerInv_	strcpy_
ReturnObject_	Map_GetAddr_
ReturnObject_	Obj_AddEnd_
ReturnObject_	Obj_Free_
ReturnObject_	can_place_
ReturnObject_	check_pplate_
ReturnObject_	game_sprint_
ReturnObject_	missile_fire_
ReturnObject_	move_along_
ReturnObject_	obj_deal_
ReturnObject_	play_effect_here_
ReturnObject_	player_settr_
SaveAutoMapLevel_	close_arc_
SaveAutoMapLevel_	open_arc_
SaveAutoMapLevel_	put_arc_
SaveGame_	SaveLevel_
SaveGame_	SavePlayerInv_
SaveGame_	access_
SaveGame_	blttodrive_
SaveGame_	clear_dir_
SaveGame_	copy_dir_
SaveGame_	game_sprint_
SaveGame_	mkdir_
SaveGame_	scroll_clear_
SaveGame_	scroll_print_
SaveGame_	set_creatures_to_saved_game_
SaveGame_	strcat_
SaveGame_	strcpy_
SaveGame_	strlen_
SaveGame_	strrchr_
SaveGame_	wdialog_
SaveLevel_	FreePlayerInv_
SaveLevel_	Map_Save_
SaveLevel_	RestorePlayerInv_
SaveLevel_	SaveAutoMapLevel_
SaveLevel_	SavePlayerInv_
SaveLevel_	Txm_Save_
SaveLevel_	change_GrSq_
SaveLevel_	close_arc_
SavePlayerInv_	close_
SavePlayerInv_	editchng_
SavePlayerInv_	get_workspace_
SavePlayerInv_	makePlayerInvCopy_
SavePlayerInv_	open_
SavePlayerInv_	release_workspace_
SavePlayerInv_	save_player_data_
SavePlayerInv_	strcat_
SavePlayerInv_	strcpy_
SavePlayerInv_	write_
SaveTheWords_	close_arc_
SaveTheWords_	memcpy_
SaveTheWords_	open_arc_
SaveTheWords_	put_arc_
Sched_Delete_	memcpy_
Sched_DoEvent_	Sched_Delete_
Sched_IncrTime_	Sched_SetTime_
Sched_InsertLong_	Sched_DoEvent_
Sched_Insert_	Sched_InsertLong_
Sched_Load_	close_arc_
Sched_Load_	get_arc_
Sched_Load_	open_arc_
Sched_Save_	Sched_Should_Save_
Sched_SetAllClocks_	Sched_Load_
Sched_SetAllClocks_	Sched_Save_
Sched_SetAllClocks_	Sched_SetBuf_
Sched_SetAllClocks_	Sched_SetTime_
Sched_SetAllClocks_	Sched_WrapTime_
Sched_SetAllClocks_	get_workspace_
Sched_SetAllClocks_	release_workspace_
Sched_SetAllClocks_	set_workspace_
Sched_Should_Save_	close_arc_
Sched_Should_Save_	do_migrations_
Sched_Should_Save_	open_arc_
Sched_Should_Save_	put_arc_
Sched_WrapTime_	Sched_SetTime_
ScrollItemsDown_	DisplayOpenBag_
ScrollItemsDown_	FixOpenBag_
ScrollItemsDown_	Obj_MemTPtr_
ScrollItemsDown_	Obj_PtrTMem_
ScrollItemsUp_	DisplayOpenBag_
ScrollItemsUp_	FixOpenBag_
SetCursorObj_	FixPlayerEquips_
SetCursorObj_	Obj_MemTPtr_
SetCursorObj_	Obj_PtrTMem_
SetCursorObj_	WhatsInSlot_
SetCursorObj_	force_mouse_cursor_
SetCursorObj_	mouse_hide_
SetCursorObj_	mouse_show_
SetCursorObj_	takeFromSlot_
SetCursorObj_	unforce_mouse_cursor_
SetOffTrap_	UseTrap_
ShadeSide_	PixelDarken_
ShowAutoMapLevel_	ExitAutoMap_
ShowAutoMapLevel_	GetTheWords_
ShowAutoMapLevel_	RedisplayStrings_
ShowAutoMapLevel_	ShowDungeonMap_
ShowAutoMapLevel_	close_arc_
ShowAutoMapLevel_	copy_hidden_to_visible_
ShowAutoMapLevel_	get_arc_
ShowAutoMapLevel_	get_workspace_
ShowAutoMapLevel_	grfx_quikfont_
ShowAutoMapLevel_	grfx_quikpal_
ShowAutoMapLevel_	mouse_hide_
ShowAutoMapLevel_	mouse_show_
ShowAutoMapLevel_	open_arc_
ShowAutoMapLevel_	pic_to_screen_
ShowAutoMapLevel_	release_workspace_
ShowAutoMapLevel_	set_the_window_
ShowAutoMapLevel_	set_workspace_
ShowAutoMapLevel_	show_
ShowAutoMapLevel_	show_gem_parts_
ShowAutoMapLevel_	string_to_screen_
ShowDungeonMap_	DoTile_
ShowDungeonMap_	PixelDarken_
ShowDungeonMap_	ShadeSide_
ShowDungeonMap_	memset_
ShowRune_	pic_to_screen_
ShowSaveRest_	game_sprint_
ShowSaveRest_	get_save_descs_
ShowSaveRest_	scroll_clear_
ShowSaveRest_	scroll_print_
SolveCenter_	GetHgt_
SolvePnt_	GetHgt_
SpecialLook_	BonesLook_
SpecialLook_	BookLook_
SpecialLook_	KeyLook_
SpecialLook_	game_sprint_
SwapItemsInBag_	FixOpenBag_
SwapItemsInBag_	FixPlayerEquips_
SwapItemsInBag_	ItemFitsSlot_
SwapItemsInBag_	ItemWeight_
SwapItemsInBag_	Obj_Add_
SwapItemsInBag_	Obj_MemTPtr_
SwapItemsInBag_	Obj_PtrTMem_
SwapItemsInBag_	SetCursorObj_
SwapItemsInBag_	displayInventoryArray_
SwapItemsInBag_	force_mouse_cursor_
SwapItemsInBag_	unforce_mouse_cursor_
TalkTo_	check_arc_
TalkTo_	get_string_
TalkTo_	kill_all_effects_
TalkTo_	newscr_
TalkTo_	scroll_print_
TalkTo_	talk_to_disembodied_
TerrainCheck_	Map_GetAddr_
TerrainCheck_	SolveCenter_
TerrainCheck_	SolvePnt_
TerrainCheck_	memset_
ToggleDoor_	CloseDoor_
ToggleDoor_	OpenDoor_
Txm_Load_	Load_Terrains_
Txm_Load_	close_arc_
Txm_Load_	get_arc_
Txm_Load_	load_txtmaps_
Txm_Load_	open_arc_
Txm_Save_	close_arc_
Txm_Save_	open_arc_
Txm_Save_	put_arc_
UseAnvilOn_	repair_item_
UseAnvilOn_	unforce_mouse_cursor_
UseBonesOn_	game_sprint_
UseBonesOn_	unforce_mouse_cursor_
UseBonesOn_	using_punt_
UseBook_	FindObj_
UseBook_	checkSpell_
UseBook_	checkTrap_
UseBook_	game_sprint_
UseBook_	get_name_
UseBook_	get_string_
UseBook_	make_stew_
UseBook_	newscr_
UseBook_	scroll_print_
UseBook_	show_cutscene_
UseBook_	strcat_
UseBook_	update_map_scraps_
UseBook_	using_punt_
UseCont_	DumpTheBag_
UseCont_	FindSlot_
UseCont_	OpenTheBag_
UseCont_	checkLock_
UseCont_	game_sprint_
UseCont_	get_name_
UseCont_	scroll_print_
UseCrystal_	game_sprint_
UseCrystal_	scroll_print_
UseFood_	CreateObj_
UseFood_	FindSlot_
UseFood_	FixPlayerEquips_
UseFood_	RedisplayInvSlot_
UseFood_	checkSpell_
UseFood_	checkTrap_
UseFood_	displayEnc_
UseFood_	force_mouse_cursor_
UseFood_	game_sprint_
UseFood_	get_name_
UseFood_	play_effect_here_
UseFood_	player_eat_
UseFood_	player_sleep_
UseFood_	rand_
UseFood_	restore_hp_
UseFood_	restore_mana_
UseFood_	scroll_print_
UseFood_	set_effect_
UseFood_	skill_check_
UseFood_	strlen_
UseFood_	unforce_mouse_cursor_
UseFood_	using_punt_
UseKeyGem_	do_sfx_
UseKeyGem_	game_sprint_
UseKeyGem_	play_effect_here_
UseKeyGem_	unforce_mouse_cursor_
UseKeyGem_	using_punt_
UseKeyOn_	checkLock_
UseKeyOn_	game_sprint_
UseKeyOn_	unforce_mouse_cursor_
UseKey_	UseThing_
UseLight_	AddToInventory_
UseLight_	DisplayInventory_
UseLight_	FindSlot_
UseLight_	FixPlayerEquips_
UseLight_	InvRemoveOneObject_
UseLight_	RedisplayInvSlot_
UseLight_	WhatsInSlot_
UseLight_	game_sprint_
UseLight_	play_effect_here_
UseLockpickOn_	checkLock_
UseLockpickOn_	game_sprint_
UseLockpickOn_	play_effect_here_
UseLockpickOn_	skill_check_
UseLockpickOn_	unforce_mouse_cursor_
UseLockpickOn_	using_punt_
UseMagic_	UseThing_
UseMagic_	backfire_
UseMagic_	decode_obj_spell_
UseMagic_	game_sprint_
UseMagic_	go_fish_
UseMagic_	inanimate_spell_
UseMagic_	mouse_release_
UseMagic_	place_new_
UseMagic_	play_instrument_
UseMagic_	player_sleep_
UseMagic_	using_punt_
UseObj_	CloseDoor_
UseObj_	Obj_PtrTMem_
UseObj_	OpenDoor_
UseObj_	UseBook_
UseObj_	UseCont_
UseObj_	UseCrystal_
UseObj_	UseFood_
UseObj_	UseKey_
UseObj_	UseLight_
UseObj_	UseMagic_
UseObj_	UseReag_
UseObj_	UseRect_
UseObj_	UseRune_
UseObj_	UseUnique_
UseObj_	UseUtil_
UseObj_	UseWand_
UseObj_	UseWatch_
UseObj_	checkSpell_
UseObj_	checkTrap_
UseObj_	missile_newhit_
UseOilOn_	FindSlot_
UseOilOn_	InvRemoveOneObject_
UseOilOn_	RedisplayInvSlot_
UseOilOn_	displayEnc_
UseOilOn_	force_mouse_cursor_
UseOilOn_	game_sprint_
UseOilOn_	unforce_mouse_cursor_
UseOilOn_	using_punt_
UsePoleOn_	FixPlayerEquips_
UsePoleOn_	UseObj_
UsePoleOn_	game_sprint_
UseReag_	UseFood_
UseRect_	CloseDoor_
UseRect_	OpenDoor_
UseRect_	RectLook_
UseRect_	UseCont_
UseRect_	checkLock_
UseRect_	editchng_
UseRect_	flip_switch_
UseRect_	game_sprint_
UseRect_	get_name_
UseRect_	play_effect_
UseRect_	player_did_bad_
UseRect_	player_sleep_
UseRect_	scroll_print_
UseRockHammerOn_	CreateObj_
UseRockHammerOn_	Map_GetAddr_
UseRockHammerOn_	Obj_Find_
UseRockHammerOn_	Obj_MemTPtr_
UseRockHammerOn_	Obj_Punt_
UseRockHammerOn_	editchng_
UseRockHammerOn_	game_sprint_
UseRockHammerOn_	put_at_
UseRockHammerOn_	rand_
UseRockHammerOn_	unforce_mouse_cursor_
UseRune_	Obj_MemTPtr_
UseRune_	add_animobj_
UseRune_	damage_item_
UseRune_	fireball_effect_
UseRune_	game_sprint_
UseRune_	hit_critter_goal_
UseRune_	rand_
UseRune_	rollem_
UseRune_	using_punt_
UseThing_	force_mouse_cursor_
UseThing_	get_name_
UseThing_	scroll_print_
UseThing_	strcat_
UseThing_	strlen_
UseTrap_	CloseDoor_
UseTrap_	FindObj_
UseTrap_	IsMobElem_
UseTrap_	Map_GetAddr_
UseTrap_	ObjWorn_
UseTrap_	Obj_Add_
UseTrap_	Obj_Alloc_
UseTrap_	Obj_FreeLinkChain_
UseTrap_	Obj_Free_
UseTrap_	Obj_InList_
UseTrap_	Obj_IntTMem_
UseTrap_	Obj_MemTPtr_
UseTrap_	Obj_PtrTMem_
UseTrap_	Obj_Rem_
UseTrap_	OpenDoor_
UseTrap_	SetOffTrap_
UseTrap_	ToggleDoor_
UseTrap_	UseTrigger_
UseTrap_	add_animobj_
UseTrap_	change_terrain_
UseTrap_	check_for_sunken_moongate_
UseTrap_	destroy_bridge_
UseTrap_	do_change_grokking_
UseTrap_	do_sfx_
UseTrap_	do_teleport_
UseTrap_	do_trap_hack_
UseTrap_	dont_create_wandering_monster_here_
UseTrap_	editchng_
UseTrap_	eligible_castle_monster_
UseTrap_	get_numbered_variable_
UseTrap_	get_string_
UseTrap_	inanimate_spell_
UseTrap_	init_this_critter_
UseTrap_	place_bridge_
UseTrap_	player_get_exp_
UseTrap_	print_path_to_
UseTrap_	put_at_
UseTrap_	rand_
UseTrap_	rem_anim_from_list_
UseTrap_	scroll_print_
UseTrap_	set_jmp_
UseTrap_	set_numbered_variable_
UseTrap_	skill_check_
UseTrap_	trap_fire_
UseTrap_	trap_obj_del_
UseTrap_	whack_thing_
UseTrigger_	Map_GetAddr_
UseTrigger_	Obj_PtrTMem_
UseTrigger_	SetOffTrap_
UseTrigger_	delete_trap_
UseTrigger_	skill_check_
UseTrigger_	update_pplate_
UseUnique_	UseFood_
UseUnique_	UseThing_
UseUnique_	game_sprint_
UseUnique_	play_instrument_
UseUtil_	FixPlayerEquips_
UseUtil_	UseFood_
UseUtil_	UseThing_
UseWand_	FindSlot_
UseWand_	Obj_InList_
UseWand_	RedisplayInvSlot_
UseWand_	checkSpell_
UseWand_	checkTrap_
UseWand_	game_sprint_
UseWatch_	get_string_
UseWatch_	scroll_print_
UseWatch_	sprintf_
WhatsInSlot_	Obj_PtrTMem_
_AIL_describe_driver	call_driver
_AIL_init_driver	_AIL_describe_driver
_AIL_init_driver	_AIL_register_timer
_AIL_init_driver	_AIL_set_timer_frequency
_AIL_init_driver	_AIL_start_timer
_AIL_init_driver	call_driver
_AIL_init_driver	find_proc
_AIL_register_driver	_AIL_describe_driver
_AIL_register_timer	_AIL_set_timer_period
_AIL_register_timer	_AIL_start_timer
_AIL_register_timer	hook_timer_process
_AIL_register_timer	init_DDA_arrays
_AIL_release_all_timers	_AIL_release_timer_handle
_AIL_release_timer_handle	set_PIT_divisor
_AIL_release_timer_handle	unhook_timer_process
_AIL_set_timer_divisor	_AIL_set_timer_period
_AIL_set_timer_frequency	_AIL_set_timer_period
_AIL_set_timer_period	program_timers
_AIL_shutdown	_AIL_release_all_timers
_AIL_shutdown	_AIL_release_timer_handle
_AIL_shutdown	_AIL_shutdown_driver
_AIL_shutdown_driver	_AIL_release_timer_handle
_AIL_start_all_timers	_AIL_start_timer
_AIL_stop_all_timers	_AIL_stop_timer
__CHK	__STK
__CMain	_init_files_
__CMain	main_
__EINVAL_	__get_errno_ptr_
__ExpandDGROUP_	__LastFree_
__ExpandDGROUP_	__brk_
__ExpandDGROUP_	free_
__Init_Argv_	malloc_
__allocfp_	__get_errno_ptr_
__brk_	__get_errno_ptr_
__brktime_	__leapyear_
__chktty_	isatty_
__doclose_	close_
__doclose_	fflush_
__doclose_	free_
__doclose_	remove_
__doserror_	_set_errno_
__exit_with_msg_	__FiniRtns
__filbuf_	__fill_buffer_
__fill_buffer_	__flushall_
__fill_buffer_	__ioalloc_
__fill_buffer_	__qread_
__fill_buffer_	getche_
__flushall_	fflush_
__fprtf_	__ioalloc_
__fprtf_	__prtf_
__fprtf_	fflush_
__full_io_exit_	fflush_
__ioalloc_	__chktty_
__ioalloc_	malloc_
__isindst_	__leapyear_
__open_flags_	__chktty_
__open_flags_	__freefp_
__open_flags_	__get_errno_ptr_
__open_flags_	fseek_
__open_flags_	open_
__open_flags_	tolower_
__prtf_	itoa_
__prtf_	ltoa_
__prtf_	toupper_
__prtf_	ultoa_
__qread_	_set_errno_
__qwrite_	__get_errno_ptr_
__qwrite_	_set_errno_
__set_binary_	_set_errno_
_actual_mhide_	rectangle_
_actual_mhide_	set_the_color_
_asm_clip_polygon	_asm_clip_polygon_bottom
_asm_clip_polygon	_asm_clip_polygon_left
_asm_clip_polygon	_asm_clip_polygon_right
_asm_clip_polygon	_asm_clip_polygon_top
_asm_clip_polygon_bottom	clip_vertex_y_neg_z
_asm_clip_polygon_left	clip_vertex_x_neg_z
_asm_clip_polygon_right	clip_vertex_x_z
_asm_clip_polygon_top	clip_vertex_y_z
_asm_project_polygon	compute_lighting_value
_asm_texture_map	compute_min_max_y
_asm_texture_map_1	_asm_clip_polygon
_asm_texture_map_1	_asm_project_polygon
_asm_texture_map_1	_asm_texture_map
_asm_texture_map_1	_asm_texture_map_v
_asm_texture_map_v	_asm_texture_map_scanline_lin_tlpv
_copy_file_	read_
_copy_file_	write_
_cstart_	__CMain
_cstart_	__InitRtns
_d2ttime_	mktime_
_digi_fx_timer	_AIL_register_sound_buffer
_digi_fx_timer	_AIL_release_channel
_digi_fx_timer	_AIL_send_channel_voice_message
_digi_fx_timer	_AIL_set_digital_playback_panpot
_digi_fx_timer	_AIL_set_digital_playback_volume
_digi_fx_timer	_AIL_sound_buffer_status
_digi_fx_timer	_AIL_start_digital_playback
_dos_findfirst_	__doserror_
_dos_findnext_	__doserror_
_dos_getdiskfree_	__EINVAL_
_dos_getftime_	__doserror_
_dos_setftime_	__doserror_
_exit_	__exit_
_fx_timer	_AIL_release_channel
_fx_timer	_AIL_send_channel_voice_message
_init_files_	_set_errno_
_init_files_	isatty_
_input_addkey_	pfatal_code_
_input_addkey_	realloc_
_ld_close_	fclose_
_ld_gr_	fread_
_ld_gr_	fseek_
_ld_gr_	ftell_
_ld_open_	fclose_
_ld_open_	fopen_
_ld_open_	fread_
_ld_open_	fseek_
_ld_open_	get_pals_
_ld_open_	strcat_
_ld_open_	strcpy_
_nexpand_	__ExpandDGROUP_
_nexpand_	free_
_set_errno_	__get_errno_ptr_
_vbi_interupt	_vbi_mouse
aShutdown_	call_real
aShutdown_	reset_vectors
aShutdown_	resetmouse
aShutdown_	restoreMode
aShutdown_	restorekey
ac_shrink_disk_	CompressLZW_disk_
ac_shrink_disk_	ac_setup_lzw_
ac_shrink_disk_	write_
ac_suck_data_	read_
ac_suck_data_	write_
ac_unshrink_disk_	DecompressLZW_disk_
ac_unshrink_disk_	ac_setup_lzw_
ac_unshrink_disk_	read_
access_	_dosret0_
active_spells_	change_sprite_
active_spells_	create_sprite_
active_spells_	draw_sprite_
active_spells_	erase_sprite_
active_spells_	update_sprites_
add_animobj_	Obj_PtrTMem_
add_gamma_	local_do_palette_
add_gamma_	scroll_print_
add_gamma_	sprintf_
add_rune_	Obj_Free_
add_to_	bab_realloc_
add_to_	strcpy_
add_to_	strlen_
add_to_beeline_path_	hyp_move_
add_to_npc_inv_	Obj_AddEnd_
add_to_npc_inv_	Obj_IntTMem_
add_to_npc_inv_	getmem_
add_to_skill_	prime_
add_to_skill_	rand_
add_to_skill_	skill_check_
adjust_compass_	draw_sprite_
adjust_compass_	move_sprite_
adjust_eyes_	draw_sprite_
adjust_flasks_	change_sprite_
adjust_flasks_	create_sprite_
adjust_flasks_	draw_mask_
adjust_flasks_	draw_sprite_
adjust_flasks_	move_sprite_
adjust_flasks_	set_flask_
adjust_flasks_	set_yoff_
adjust_height_	Map_GetAddr_
adjust_height_	rand_
adjust_panel_	do_panel_frame_
adjust_panel_	init_panelflip_
adjust_power_	change_sprite_
adjust_power_	create_sprite_
adjust_power_	draw_sprite_
adjust_weapon_	do_weapload_
adjust_weapon_	editchng_
adjust_weapon_	get_wfr_
advance_	game_sprint_
advance_	panel_check_
advance_	player_compute_
advance_	scroll_print_
advance_	sprintf_
angles_2_matrix	sincos
animobj_load_	fread_
ank_input_	do_backward_
ank_input_	insert_ank_
ank_input_	insert_kana_
ank_input_	insert_kanji_
ank_input_	kana_input_
ank_input_	kconv_
ank_input_	str_search_
ank_input_	toupper_
anm_cycle_	local_do_palette_
anm_cycle_	rotate_bank_
anm_sound_	change_music_maybe_
anm_sound_	speech_over_
anm_sound_	update_big_speech_
anm_sound_callback_	update_big_speech_
anti_magic_p_	Map_GetAddr_
arc_read_tables_	lseek_
arc_read_tables_	read_
arc_read_tables_	tell_
arc_write_tables_	lseek_
arc_write_tables_	tell_
arc_write_tables_	write_
arena_opponent_runs_	remove_opponent_
arena_player_runs_	Obj_IntTMem_
arena_player_runs_	TalkTo_
asm_texture_map_from_draw_poly	_asm_texture_map_1
assess_value_	Obj_IntTMem_
assess_value_	does_npc_like_
assess_value_	range_
assess_value_	srand_
assess_value_	time_
attach_eye_	Obj_MemTPtr_
attach_eye_	editchng_
automap_area_	Map_GetAddr_
automap_area_	Obj_PtrTMem_
automap_scr_	loop_music_maybe_
bab_free_	tag_check_
bab_fun_	strcmp_
bab_get_globals_	close_
bab_get_globals_	lseek_
bab_get_globals_	our_open_
bab_get_globals_	read_
bab_put_globals_	close_
bab_put_globals_	lseek_
bab_put_globals_	our_open_
bab_put_globals_	read_
bab_put_globals_	write_
bab_realloc_	bab_free_
bab_realloc_	bab_malloc_
bab_realloc_	memcpy_
bab_realloc_	pfatal_code_
bab_var_	strcmp_
bab_var_	strlen_
bab_var_	tolower_
bab_var_out_	strcmp_
babl_hack_	Obj_IntTMem_
babl_hack_	Obj_MemTPtr_
babl_hack_	Obj_PtrTMem_
babl_hack_	getmem_
babl_hack_	gronk_whoami_
babl_hack_	place_pitfighter_
babl_hack_	speech_available_
babl_hack_	srand_
babl_hack_	time_
babl_hack_	useNSpellCharges_
babl_run_	bab_free_
babl_run_	convert_string_
babl_run_	get_string_
babl_run_	strcmp_
back_to_space_	GetSlopeHgt_
back_to_space_	abs_
backfire_	fill_FB_
backfire_	game_sprint_
backfire_	rollem_
barter_init_	Obj_MemTPtr_
barter_init_	range_
barter_init_	save_rect_
barter_init_	srand_
barter_init_	valloc_
beeline_	Map_GetAddr_
beeline_	add_to_beeline_path_
beeline_	hyp_move_
better_mouse_release_	get_buttonreg_button_
better_mouse_release_	is_really_button_
better_mouse_release_	mouse_get_input_
better_mouse_release_	mouse_getxy_
better_mouse_release_	new_hilit_button_
big_speech_play_	_AIL_index_VOC_block
big_speech_play_	_AIL_register_sound_buffer
big_speech_play_	_AIL_set_digital_playback_panpot
big_speech_play_	_AIL_set_digital_playback_volume
big_speech_play_	close_
big_speech_play_	eof_
big_speech_play_	fstat_
big_speech_play_	itoa_
big_speech_play_	kill_all_digi_effects_
big_speech_play_	memcpy_
big_speech_play_	open_
big_speech_play_	read_
big_speech_play_	strcat_
big_speech_play_	strcpy_
black_gem_rotate_	editchng_
black_gem_rotate_	rand_
black_gem_trip_	abs_
black_gem_trip_	do_teleport_
black_gem_trip_	game_sprint_
blit_panel_to_main_	mouse_hide_
blit_panel_to_main_	mouse_show_
blit_panel_to_main_	rectangle_
blit_panel_to_main_	set_the_color_
bltfromdrive_	close_
bltfromdrive_	open_
bltfromdrive_	read_
blttodrive_	close_
blttodrive_	open_
blttodrive_	write_
bounce_obj_	get_phys_data_
bounce_obj_	set_phys_data_
bounce_that_guy_	rand_
box	clip_rect
box_	box
build_corpse_	CreateObj_
build_corpse_	Map_GetAddr_
build_corpse_	Obj_Add_
build_corpse_	near_mob_put_at_
build_corpse_	obj_deal_
build_corpse_	rand_
build_grid_	fill_the_grid_
build_grid_	move_to_next_
build_new_obj_	CreateObj_
build_new_obj_	rand_
busywaiting_new_options_	better_mouse_release_
busywaiting_new_options_	deal_with_button_
busywaiting_new_options_	install_buttongroup_
busywaiting_new_options_	loop_music_maybe_
busywaiting_new_options_	mouse_get_input_
busywaiting_new_options_	mouse_hide_
busywaiting_new_options_	mouse_show_
busywaiting_new_options_	move_hilite_
busywaiting_new_options_	new_IconSelect_
busywaiting_new_options_	pic_to_screen_
busywaiting_new_options_	reload_gr_vpic_
busywaiting_new_options_	restore_sliding_panel_
busywaiting_new_options_	scroll_clear_
cAtan2_	atan2
cFillFB_	fill_fbuf
cFstSinCos_	fast_sincos
cInit3d_	set_the_window
cPlaceFB_	setup_frame_buf
cRender_	clear_fbuf
cRender_	render_3d
cRender_	update_cache
cSinCos_	sincos
cSqRt_	lsqrt
cache_timbre_header_	lseek_
cache_timbre_header_	malloc_
cache_timbre_header_	read_
call_driver	find_proc
call_out_the_guards_	Obj_FindInMapSquare_
call_out_the_guards_	Obj_PtrTMem_
call_out_the_guards_	UseTrigger_
call_out_the_guards_	abs_
call_out_the_guards_	player_looking_
calloc_	malloc_
cameras_fade_	attach_eye_
cameras_fade_	fadein3d_
cameras_fade_	fadeout3d_
cameras_fade_	mouse_release_
cameras_fade_	render_FB_
can_place_	Obj_PtrTMem_
can_place_	ObjectCheck_
can_place_	TerrainCheck_
can_place_	process_objlist_
cast_	do_spell_
cast_trap_spell_	Map_GetAddr_
cast_trap_spell_	Obj_Add_
cast_trap_spell_	Obj_Alloc_
cast_trap_spell_	Obj_Free_
cast_trap_spell_	Obj_MemTPtr_
changeDoor_	checkTrap_
changeDoor_	get_animlen_
changeDoor_	set_animlen_
change_GrSq_	Obj_Add_
change_GrSq_	Obj_Rem_
change_GrSq_	check_pplate_
change_GrSq_	set_light_
change_critter_goal_	critter_set_goal_
change_music_maybe_	load_new_music_
change_music_maybe_	music_over_
change_music_maybe_	set_random_walking_music_
change_or_inc_seq_	rand_
change_terrain_	Map_GetAddr_
change_terrain_	Obj_PtrTMem_
change_terrain_	editchng_
change_terrain_	filter_
change_terrain_	put_down_
change_terrain_	raise_up_
change_terrain_	rand_
change_weapon_playerbest_	Obj_FindInMapSquare_
change_weapon_playerbest_	rand_
char_prop	string_width
charge_object_	Obj_Free_
charge_object_	Obj_InList_
charge_object_	Obj_Rem_
charge_object_	debris_type_
charge_object_	rand_
charge_object_	sp_enchant_faildestroymess_
charge_object_	useNSpellCharges_
chdir_	_set_errno_
checkLock_	Obj_Free_
checkLock_	Obj_InList_
checkLock_	Obj_Rem_
checkLock_	checkTrap_
checkLock_	skill_check_
checkMouse_	set_mouse_data_
checkSpell_	decode_obj_spell_
checkSpell_	game_sprint_
checkSpell_	inanimate_spell_
checkSpell_	play_effect_here_
checkSpell_	useNSpellCharges_
checkTrap_	Obj_InList_
checkTrap_	SetOffTrap_
checkTrap_	UseTrigger_
checkTrap_	delete_trap_
check_Guardian_magic_marker_	Obj_Free_
check_Guardian_magic_marker_	Obj_Rem_
check_Guardian_magic_marker_	do_sfx_
check_Guardian_magic_marker_	put_effect_
check_alert_	abs_
check_ammo_	FindObj_
check_ammo_	get_name_
check_ammo_	scroll_print_
check_arc_	close_
check_arc_	decode_ark_
check_arc_	get_ulong_
check_arc_	open_
check_arc_	read_
check_dirs_	dir_exist_
check_dirs_	first_punt_
check_door_	Obj_MemTPtr_
check_door_	Obj_PtrTMem_
check_door_	can_place_
check_door_	checkTrap_
check_door_	get_animlen_
check_fds_	close_
check_fds_	first_punt_
check_fds_	open_
check_fds_	unlink_
check_for_hostile_creature_	Obj_MemTPtr_
check_for_sunken_moongate_	Map_GetAddr_
check_for_sunken_moongate_	change_terrain_
check_fraznium_	Map_GetAddr_
check_fraznium_	Obj_InList_
check_fraznium_	Obj_PtrTMem_
check_homing_	Obj_IntTMem_
check_homing_	get_theta_
check_homing_	merge_angles_
check_homing_	process_area_
check_homing_	put_effect_
check_homing_	rand_
check_inv_quality_	Obj_IntTMem_
check_inv_quality_	getmem_
check_out_player_	change_or_inc_seq_
check_out_player_	deltatotheta_
check_out_player_	set_up_target_
check_physics_	move_physics_
check_physics_	update_animobj_
check_positions_	do_2dbounce_
check_positions_	get_pcoll_
check_positions_	grid_move_
check_positions_	recalc_vecs_
check_positions_	set_resterr_
check_positions_	stop_me_
check_pplate_	Obj_PtrTMem_
check_pplate_	Ply_Weight_
check_pplate_	UseTrigger_
check_pplate_	check_weight_
check_pplate_	update_pplate_
check_res_	rand_
check_rest_	unforce_mouse_cursor_
check_sat_	Obj_IntTMem_
check_sat_	abs_
check_sat_	get_theta_
check_sat_	merge_angles_
check_sat_	rand_
check_save_	game_sprint_
check_weight_	Obj_PtrTMem_
chg_plyp_	chg_plys_
chg_plys_	editchng_
chg_plys_	mvcheck_
clear_all_loretries_	Obj_Check_
clear_all_loretries_	Obj_PtrTMem_
clear_dir_	_dos_findfirst_
clear_dir_	_dos_findnext_
clear_dir_	remove_
clear_dir_	strcat_
clear_dir_	strcpy_
clear_dir_	strlen_
clear_fight_state_	fin_attack_
clear_fight_state_	unforce_mouse_cursor_
clear_gamedisp_	EndInventory_
clear_gamedisp_	clear_gameinp_
clear_gameinp_	input_del_
clear_gameinp_	term_icon_buttons_
clear_loretry_	IsMobElem_
clear_objsort_	do_objsort_
clear_paths_	Obj_IntTMem_
clear_shelf_	memset_
clear_shelf_	set_runes_
clear_window_	clear_window
clearobj_	Map_ObjFix_
clearobj_	editchng_
cline_	cline
clip_bot	code_pnt
clip_left	code_pnt
clip_right	code_pnt
clip_top	code_pnt
close_	__get_errno_ptr_
close_arc_	close_
compress_	lz_filbf_
compress_	lz_flsbf_
compute_hitangle_	Obj_IntTMem_
compute_lighting_value	compute_square_root_32
compute_trz_or_try_rather_	cSqRt_
compute_trz_or_try_rather_	set_up_target_
concave	concave_shclip
confirm_menu_	iprint_
confirm_menu_	mouse_hide_
confirm_menu_	mouse_show_
confirm_menu_	parse_start_input_
confirm_menu_	sprintf_
congratulations_	jstring_to_screen_
congratulations_	set_font_size_
congratulations_	strlen_
conv_check_inv_	babl_setmem_
conv_check_inv_	player_barter_items_
conv_find_inv_	getmem_
conv_find_inv_	npc_barter_find_
conv_give_inv_	getmem_
conv_give_inv_	player_barter_give_
conv_give_inv_	player_barter_items_
conv_inv_create_	getmem_
conv_inv_create_	npc_inv_create_
conv_inv_delete_	getmem_
conv_inv_delete_	npc_inv_delete_
conv_inv_name_	Obj_IntTMem_
conv_inv_name_	assess_value_
conv_inv_name_	bab_malloc_
conv_inv_name_	babl_setmem_
conv_inv_name_	do_mods_
conv_inv_name_	do_of_
conv_inv_name_	get_name_
conv_inv_name_	getmem_
conv_inv_name_	itoa_
conv_inv_name_	make_string_
conv_inv_name_	strcat_
conv_inv_name_	strcpy_
conv_inv_name_	strlen_
conv_inv_special_	mouse_getxy_
conv_inv_special_	play_slot_hit_abs_
conv_inv_special_	set_workspace_
conv_play_menu_	bab_free_
conv_play_menu_	do_npc_scroll_
conv_play_menu_	do_play_scroll_
conv_play_menu_	mouse_release_
conv_play_menu_	play_say_
conv_play_menu_	scroll_clear_
conv_play_menu_	set_workspace_
conv_print_	bab_free_
conv_print_	convert_string_
conv_print_	do_npc_scroll_
conv_print_	do_play_scroll_
conv_print_	get_string_
conv_print_	getmem_
conv_print_	make_string_
conv_print_	mouse_release_
conv_print_	replace_string_
conv_print_	scroll_print_
conv_print_	scroll_wait_
conv_print_	set_workspace_
conv_print_	strcat_
conv_print_	strcpy_
conv_print_	wdialog_
conv_take_inv_	getmem_
conv_take_inv_	npc_barter_give_
conv_take_inv_id_	getmem_
conv_take_inv_id_	npc_barter_give_id_
converse_event_loop_	bab_malloc_
converse_event_loop_	convert_string_
converse_event_loop_	do_changes_
converse_event_loop_	do_play_scroll_
converse_event_loop_	get_string_
converse_event_loop_	getmem_
converse_event_loop_	input_dispatch_
converse_event_loop_	loop_music_maybe_
converse_event_loop_	scroll_clear_
converse_event_loop_	scroll_print_
converse_event_loop_	scroll_wait_
converse_event_loop_	set_workspace_
converse_event_loop_	strcat_
converse_event_loop_	strcpy_
converse_event_loop_	strlen_
convert_string_	add_to_
convert_string_	atoi_
convert_string_	bab_free_
convert_string_	bab_malloc_
convert_string_	bab_put_globals_
convert_string_	bab_realloc_
convert_string_	clear_dynamics_
convert_string_	get_string_
convert_string_	getmem_
convert_string_	itoa_
convert_string_	knjchr_
convert_string_	memcpy_
convert_string_	strcpy_
convert_string_	strlen_
convert_string_	strncpy_
copy_dir_	_dos_findfirst_
copy_dir_	_dos_findnext_
copy_dir_	copy_file_
copy_dir_	strcat_
copy_dir_	strcpy_
copy_file_	close_
copy_file_	get_workspace_
copy_file_	lseek_
copy_file_	open_
copy_file_	read_
copy_file_	release_workspace_
copy_file_	strcat_
copy_file_	strcpy_
copy_file_	write_
copy_hidden_to_visible_	copy_visible_to_hidden_
copy_rectangle_	mouse_hide_
copy_rectangle_	mouse_show_
copy_rectangle_	rectangle_
copy_rectangle_	set_the_color_
copy_rectangle_	vcopy_
copy_visible_to_hidden_	urectangle
copyfiles_	_copy_file_
copyfiles_	_dos_findfirst_
copyfiles_	_dos_findnext_
copyfiles_	_dos_getftime_
copyfiles_	_dos_setftime_
copyfiles_	_splitpath_
copyfiles_	close_
copyfiles_	iprint_
copyfiles_	loop_music_maybe_
copyfiles_	open_
copyfiles_	rectangle_
copyfiles_	set_the_color_
copyfiles_	sprintf_
copyfiles_	strcpy_
count_arc_	close_
count_arc_	open_
count_arc_	read_
count_inv_	Obj_IntTMem_
count_inv_	getmem_
count_list_	IsMobElem_
count_list_	Obj_MemTPtr_
count_list_	Obj_PtrTMem_
courtyard_hacking_	CreateObj_
courtyard_hacking_	Map_GetAddr_
courtyard_hacking_	Obj_Add_
courtyard_hacking_	Obj_Check_
courtyard_hacking_	Obj_FindInMapSquare_
courtyard_hacking_	Obj_PtrTMem_
courtyard_hacking_	Obj_Punt_
courtyard_hacking_	can_place_
courtyard_hacking_	rand_
creat_spell_	CreateObj_
creat_spell_	IsMobElem_
creat_spell_	Map_GetAddr_
creat_spell_	Obj_Add_
creat_spell_	Obj_MemTPtr_
creat_spell_	can_place_
creat_spell_	creature_obj_init_
creat_spell_	editchng_
creat_spell_	game_sprint_
creat_spell_	mob_init_
creat_spell_	move_along_
creat_spell_	obj_deal_
creat_spell_	rand_
create_player_	init_char_
create_player_	load_weapcm_
create_player_	strt_chargen_
create_sprite_	valloc_
creature_init_	fread_
creature_obj_init_	init_this_critter_
crit_attack_	deltatotheta_
crit_attack_	rand_
crit_attack_	set_htx_
crit_avoid_player_	Obj_IntTMem_
crit_avoid_player_	deltatotheta_
crit_defense_	change_or_inc_seq_
crit_defense_	crit_attack_
crit_defense_	crit_flee_
crit_defense_	crit_magik_attack_
crit_defense_	crit_missile_attack_
crit_defense_	deltatotheta_
crit_defense_	maybe_cast_defensive_spell_
crit_defense_	set_htx_
crit_die_	go_into_dying_sequence_
crit_die_	play_effect_
crit_drunkwalk_	Map_GetAddr_
crit_drunkwalk_	check_out_player_
crit_drunkwalk_	crit_avoid_player_
crit_drunkwalk_	crit_guard_
crit_drunkwalk_	rand_
crit_drunkwalk_	set_cur_seq_len_
crit_flee_	abs_
crit_flee_	change_or_inc_seq_
crit_flee_	crit_avoid_player_
crit_flee_	critter_set_goal_
crit_flee_	deltatotheta_
crit_flee_	maybe_cast_defensive_spell_
crit_flee_	rand_
crit_flee_	set_htx_
crit_guard_	change_or_inc_seq_
crit_guard_	crit_drunkwalk_
crit_guard_	crit_head_for_loc_
crit_guard_	crit_mill_
crit_guard_	critter_set_goal_
crit_guard_	look_for_target_
crit_guard_	rand_
crit_guard_	set_loc_
crit_guard_	set_up_target_
crit_guard_	target_found_
crit_head_for_loc_	acceptable_danger_
crit_head_for_loc_	adjust_height_
crit_head_for_loc_	beeline_
crit_head_for_loc_	crit_drunkwalk_
crit_head_for_loc_	critter_set_goal_
crit_head_for_loc_	deltatotheta_
crit_head_for_loc_	find_free_path_
crit_head_for_loc_	flood_path_
crit_head_for_loc_	move_along_path_
crit_head_for_loc_	rand_
crit_head_for_loc_	set_cur_seq_len_
crit_head_for_loc_	set_htx_
crit_head_for_loc_	set_loc_
crit_head_for_loc_	set_next_square_on_path_
crit_head_for_loc_	store_path_
crit_head_for_loc_	try_to_open_door_
crit_hndlr_fly_	CollObject_
crit_hndlr_swim_	CollObject_
crit_hndlr_walk_	CollObject_
crit_hndlr_walk_	IsaDoor_
crit_hndlr_walk_	put_effect_
crit_hndlr_walk_	set_cur_seq_len_
crit_hover_	Map_GetAddr_
crit_hover_	change_or_inc_seq_
crit_hover_	crit_head_for_loc_
crit_hover_	critter_set_goal_
crit_magik_attack_	anti_magic_p_
crit_magik_attack_	line_of_sight_
crit_magik_attack_	look_for_target_
crit_magik_attack_	rand_
crit_mill_	Map_GetAddr_
crit_mill_	crit_drunkwalk_
crit_mill_	crit_head_for_loc_
crit_mill_	critter_set_goal_
crit_missile_attack_	line_of_sight_
crit_missile_attack_	look_for_target_
crit_missile_attack_	rand_
crit_offense_	abs_
crit_offense_	change_or_inc_seq_
crit_offense_	crit_attack_
crit_offense_	crit_magik_attack_
crit_offense_	crit_missile_attack_
crit_offense_	crit_offense_find_target_
crit_offense_	critter_set_goal_
crit_offense_	maybe_cast_defensive_spell_
crit_offense_find_target_	abs_
crit_offense_find_target_	crit_head_for_loc_
crit_offense_find_target_	critter_discard_goal_
crit_offense_find_target_	rand_
crit_offense_find_target_	set_loc_
crit_offense_find_target_	target_found_
crit_talk_	TalkTo_
crit_talk_	change_or_inc_seq_
crit_talk_	critter_set_goal_
crit_talk_	deltatotheta_
crit_talk_	mouse_freereign_
crit_talk_	set_htx_
crit_talk_	set_up_target_
crit_talk_	target_found_
critter_ai_	Map_GetAddr_
critter_ai_	Obj_Free_
critter_ai_	Obj_IntTMem_
critter_ai_	Obj_MemTPtr_
critter_ai_	Obj_Rem_
critter_ai_	build_corpse_
critter_ai_	cast_
critter_ai_	compute_trz_or_try_rather_
critter_ai_	critter_attack_
critter_ai_	critter_fire_
critter_ai_	critter_mv_
critter_ai_	death_check_
critter_ai_	do_crit_phys_
critter_ai_	drop_some_objects_
critter_ai_	generate_inventory_
critter_ai_	get_current_music_
critter_ai_	get_phys_data_
critter_ai_	get_terrain_
critter_ai_	rand_
critter_ai_	set_cur_seq_len_
critter_ai_	set_new_music_
critter_ai_	set_phys_data_
critter_attack_	Obj_MemTPtr_
critter_attack_	check_res_
critter_attack_	do_attack_
critter_attack_	rand_
critter_fire_	missile_fire_
critter_fire_	play_effect_on_mobile_src_
critter_get_told_	get_name_
critter_get_told_	get_string_
critter_get_told_	line_of_sight_
critter_get_told_	scroll_print_
critter_get_told_	strcat_
critter_mv_	Map_GetAddr_
critter_mv_	Obj_IntTMem_
critter_mv_	abs_
critter_mv_	anti_magic_p_
critter_mv_	constrain_movement_
critter_mv_	crit_defense_
critter_mv_	crit_drunkwalk_
critter_mv_	crit_flee_
critter_mv_	crit_guard_
critter_mv_	crit_head_for_loc_
critter_mv_	crit_hover_
critter_mv_	crit_mill_
critter_mv_	crit_offense_
critter_mv_	crit_talk_
critter_mv_	critter_discard_goal_
critter_mv_	critter_set_goal_
critter_mv_	play_effect_
critter_mv_	rand_
critter_mv_	set_loc_
critter_mv_	set_up_target_
critter_mv_	should_i_flee_
crystal_ball_	FixPlayerEquips_
crystal_ball_	cameras_fade_
crystal_ball_	set_light_
cs_check_	change_screen_
cs_check_	player_won_game_
cs_check_	show_cutscene_
cs_check_	strt_demscr_
cutoff_cutscene_speech_	_AIL_stop_digital_playback
cuts_do_fadein_	cuts_perform_fadein_
cuts_do_fadein_	grfx_setpal_
cuts_do_fadein_	set_the_color_
cuts_do_fadein_	urectangle_
cuts_do_fadeout_	cuts_perform_fadeout_
cuts_draw_text_	jstring_to_screen_
cuts_draw_text_	rectangle_
cuts_draw_text_	set_the_color_
cuts_draw_text_	strlen_
cuts_init_info_	speech_available_
cuts_make_fname_	strcat_
cuts_make_fname_	strcpy_
cuts_perform_fadein_	fadein_
cuts_perform_fadein_	gobble_input_events_
cuts_perform_fadein_	set_the_color_
cuts_perform_fadein_	urectangle_
cuts_perform_fadeout_	fadeout_
cuts_perform_fadeout_	gobble_input_events_
cuts_process_anm_	build_lptab_
cuts_process_anm_	close_
cuts_process_anm_	conv_anmpal_
cuts_process_anm_	cuts_process_lp_
cuts_process_anm_	cuts_process_opcodes_
cuts_process_anm_	grfx_clear_
cuts_process_anm_	open_
cuts_process_anm_	read_anmhdr_
cuts_process_anm_	readlp_
cuts_process_anm_	reset_inf_values_eof_
cuts_process_anm_	run_timebased_tasks_
cuts_process_anm_	set_cuts_ems_
cuts_process_lp_	cuts_draw_text_
cuts_process_lp_	cuts_process_opcodes_
cuts_process_lp_	cuts_run_pause_
cuts_process_lp_	do_pan_
cuts_process_lp_	do_update_
cuts_process_lp_	draw_into_buffer_
cuts_process_lp_	draw_rsd_
cuts_process_lp_	gobble_input_events_
cuts_process_lp_	grfx_clear_
cuts_process_lp_	grfx_setpal_
cuts_process_lp_	readlpinc_
cuts_process_lp_	run_time_critical_things_
cuts_process_lp_	set_cuts_ems_
cuts_process_opcodes_	lseek_
cuts_process_opcodes_	read_
cuts_run_pause_	gobble_input_events_
cuts_run_pause_	run_time_critical_things_
cutsop_data_	rand_
cutsop_fadein_	cuts_do_fadein_
cutsop_fadeout_	cuts_do_fadeout_
cutsop_focus_	vscreen_focus_
cutsop_lback_	lback_vscreen_
cutsop_music_	set_new_music_
cutsop_music_	stop_music_
cutsop_palfade_	install_timebased_task_
cutsop_palsimplefade_	install_timebased_task_
cutsop_palsimplefade_	read_quikpal_
cutsop_palsimplefade_	remove_task_
cutsop_say_	big_speech_play_
cutsop_say_	cutsop_txt_
cutsop_txt_	get_string_
cutsop_txt_	strchr_
cutsop_vscreen_	virtual_screen_
cutsop_wait_for_sound_	cutoff_cutscene_speech_
cutsop_wait_for_sound_	speech_over_
cutsop_wait_for_sound_	update_big_speech_
cycle_colors_	local_do_palette_
cycle_colors_	rotate_bank_
cycle_floor_	Map_GetAddr_
cycle_floor_	editchng_
damage_critter_	Obj_MemTPtr_
damage_critter_	crit_die_
damage_critter_	panel_check_hpmp_
damage_critter_	player_killed_a_
damage_critter_	set_new_music_
damage_item_	check_res_
damage_item_	damage_critter_
damage_item_	damage_object_
damage_item_	remove_object_
damage_object_	IsMobElem_
damage_object_	checkTrap_
damage_object_	player_did_bad_
damage_square_	Map_GetAddr_
damage_square_	Obj_IntTMem_
damage_square_	Obj_PtrTMem_
damage_square_	damage_item_
damage_square_	rollem_
data_fopen_	fopen_
data_fopen_	strcat_
data_fopen_	strcpy_
deal_with_button_	install_buttongroup_
deal_with_button_	new_hilit_button_
deal_with_icons_	busywaiting_new_options_
deal_with_icons_	clear_fight_state_
deal_with_icons_	force_mouse_cursor_
deal_with_icons_	get_current_music_
deal_with_icons_	get_iconreg_button_
deal_with_icons_	mouse_release_
deal_with_icons_	new_IconSelect_
deal_with_icons_	new_IconUnselect_
deal_with_icons_	set_new_music_
deal_with_icons_	set_random_walking_music_
deal_with_icons_	set_screen_frame_
deal_with_icons_	unforce_mouse_cursor_
death_check_	InvRemoveOneObject_
death_check_	Map_GetAddr_
death_check_	Obj_Punt_
death_check_	WhatsInSlot_
death_check_	call_out_the_guards_
death_check_	do_sfx_
death_check_	fire_trigger_at_
death_check_	genocide_
death_check_	gronk_race_
death_check_	is_my_race_
death_check_	near_mob_put_at_
death_check_	player_did_bad_
death_check_	player_get_exp_
death_check_	remove_opponent_
death_check_	set_numbered_variable_
death_check_	stop_and_talk_
decode_ark_	strcat_
decode_ark_	strcpy_
decode_obj_spell_	Obj_InList_
decode_obj_spell_	rand_
decompress_	lz_filbf_
decompress_	lz_flsbf_
defineMouseRegion_	checkMouse_
delete_trap_	Obj_Find_
delete_trap_	Obj_FreeLinkChain_
delete_trap_	Obj_MemTPtr_
delete_trap_	kill_triggers_
demous_player_	input_del_
demous_player_	undefineMouseRegion_
destroy_bridge_	Map_GetAddr_
destroy_bridge_	Obj_Free_
destroy_bridge_	Obj_PtrTMem_
destroy_bridge_	Obj_Rem_
destroy_floatskull_	Obj_FreeChain_
destroy_floatskull_	Obj_MemTPtr_
destroy_floatskull_	can_place_
detail_group_fun_	detail_setting_message_
detail_group_fun_	new_hilit_button_
detail_set_opt_	detail_setting_message_
detail_set_opt_	do_3d_view_
detail_set_opt_	load_buttongroup_images_
detail_set_opt_	mouse_hide_
detail_set_opt_	mouse_show_
detail_set_opt_	render_FB_
detail_set_opt_	send_FB_
detail_set_opt_	set_graphics_level_
detail_setting_message_	load_message_
digi_fx_play_	_AIL_pause_digital_playback
digi_fx_play_	_AIL_register_sound_buffer
digi_fx_play_	_AIL_resume_digital_playback
digi_fx_play_	_AIL_set_digital_playback_panpot
digi_fx_play_	_AIL_set_digital_playback_volume
digi_fx_play_	_AIL_sound_buffer_status
digi_fx_play_	close_
digi_fx_play_	eof_
digi_fx_play_	free_dfx_ems_
digi_fx_play_	fstat_
digi_fx_play_	itoa_
digi_fx_play_	kill_all_digi_effects_
digi_fx_play_	load_dfx_page_
digi_fx_play_	memset_
digi_fx_play_	open_
digi_fx_play_	read_
digi_fx_play_	strcat_
dir_exist_	stat_
disk_to_vid_	Sched_DoEvent_
disk_to_vid_	close_arc_
disk_to_vid_	get_arc_
disk_to_vid_	get_workspace_
disk_to_vid_	open_arc_
disk_to_vid_	release_workspace_
disk_to_vid_	set_the_window_
disk_to_vid_	show_
dispel_spell_	attach_eye_
displayEnc_	itoa_
displayEnc_	jstring_to_screen_
displayEnc_	restore_rect_
displayEnc_	string_width_
displayInventoryArray_	DisplayInvObject_
displayInventoryArray_	Obj_PtrTMem_
displayInventoryArray_	displayEnc_
displayInventoryArray_	grfx_quikfont_
displayInventoryArray_	itoa_
displayInventoryArray_	jstring_to_screen_
displayInventoryArray_	mouse_hide_
displayInventoryArray_	mouse_show_
displayInventoryArray_	pic_to_screen_
displayInventoryArray_	restore_rect_
display_scr_	change_music_maybe_
display_scr_	cycle_colors_
display_scr_	duration_check_
display_scr_	player_attack_
display_scr_	player_is_dead_
display_scr_	set_screen_frame_
display_screen_	disk_to_vid_
display_screen_	grfx_clear_
display_screen_	grfx_quikpal_
display_screen_	set_workspace_
do_2dbounce_	ComputeHeading_
do_2dbounce_	grid_move_
do_2dbounce_	recalc_vecs_
do_2dbounce_	rehead_
do_2dclip_	MousQUp_
do_2dclip_	build_grid_
do_2dclip_	init_grid_
do_2dclip_	process_grid_
do_3d_clip	clip_bot
do_3d_clip	clip_left
do_3d_clip	clip_right
do_3d_clip	clip_top
do_3d_grab_	cRender_
do_3d_grab_	do_3d_pickup_
do_3d_grab_	gr_putlab_
do_3d_grab_	reset_db_
do_3d_grab_	set_the_window_
do_3d_pickup_	Clk_
do_3d_pickup_	Ref_
do_3d_pickup_	set_pix_xfer_
do_3d_pickup_	subprocess_
do_3d_view_	establish_view_
do_addres	code_pnt
do_animate_h	check_flat
do_animate_h	self_modify
do_animobj_	Obj_PtrTMem_
do_animobj_	check_door_
do_animobj_	rand_
do_attack_	IsMobElem_
do_attack_	Obj_IntTMem_
do_attack_	compute_hitangle_
do_attack_	damage_item_
do_attack_	do_damage_
do_attack_	do_miss_
do_attack_	frp_check_
do_attack_	resolve_attack_
do_babl_teleport_	do_teleport_
do_babl_teleport_	new_player_pos_
do_babl_teleport_	teleport_critter_
do_backward_	strlen_
do_change_grokking_	change_terrain_
do_changes_	mouse_freereign_
do_changes_	update_digi_playback_
do_crit_phys_	do_physics_
do_damage_	Obj_IntTMem_
do_damage_	damage_item_
do_damage_	play_effect_
do_damage_	play_effect_here_
do_damage_	put_effect_
do_damage_	rand_
do_damage_	rollem_
do_damage_	set_effect_
do_damage_	set_screen_frame_
do_defdelta	mxmul
do_defres	code_pnt
do_defres	modify_mes
do_demand_	bab_var_
do_demand_	bab_var_out_
do_demand_	change_critter_goal_
do_demand_	get_string_
do_demand_	getmem_
do_demand_	nothing_there_
do_demand_	npc_say_
do_door_	Clk_
do_door_	do_rect_
do_door_	txtwal_
do_dreamret_	set_new_music_
do_fbuf_bms_	fbshow_
do_fbuf_bms_	get_wfr_
do_fbuf_bms_	grs_unpack_
do_fbuf_bms_	jiggle_weapon_
do_fbuf_bms_	pic_to_fbuf_
do_filanium_	Map_GetAddr_
do_filanium_	decode_obj_spell_
do_filanium_	game_sprint_
do_gem_	CreateObj_
do_gem_	FixPlayerEquips_
do_gem_	Map_GetAddr_
do_gem_	move_along_
do_gem_	obj_deal_
do_gem_	put_at_
do_gem_	rand_
do_gem_	set_new_music_
do_graffiti_	Obj_FindInMapSquare_
do_graffiti_	Obj_InList_
do_graffiti_	Obj_PtrTMem_
do_graffiti_	rand_
do_hull	set_accept
do_ibcall	check_flat
do_ibcall	instance_bank
do_ibcall	self_modify
do_ice_hack_	Map_GetAddr_
do_ice_hack_	change_terrain_
do_ice_hack_	skill_check_
do_ihcall	check_flat
do_ihcall	instance_head
do_ihcall	self_modify
do_intro_scene_	get_save_descs_
do_intro_scene_	show_cutscene_
do_ipcall	check_flat
do_ipcall	instance_pitch
do_ipcall	self_modify
do_journey_	RestoreGame_
do_journey_	display_screen_
do_journey_	get_save_descs_
do_journey_	get_string_
do_journey_	jstring_to_screen_
do_journey_	load_weapcm_
do_journey_	mouse_hide_
do_journey_	mouse_show_
do_journey_	parse_start_input_
do_journey_	set_font_size_
do_journey_	strlen_
do_judgement_	assess_value_
do_judgement_	get_string_
do_judgement_	play_say_
do_judgement_	strcat_
do_judgement_	strcpy_
do_keyboard_input_	do_keyarray_input_
do_keyboard_input_	key_
do_level_hacks_	Killorn_just_crashed_
do_level_hacks_	clearobj_
do_level_hacks_	fire_trigger_at_
do_level_hacks_	genocide_
do_level_hacks_	gruesome_door_hack_
do_level_hacks_	init_level_creature_stuff_
do_level_hacks_	load_digi_fx_
do_level_hacks_	prison_alarm_check_
do_level_hacks_	punt_all_digi_fx_
do_level_hacks_	remove_TK_wand_
do_level_hacks_	set_random_walking_music_
do_level_hacks_	update_all_critters_whilst_player_snoozes_
do_lnres	cline
do_lnres	uline
do_migrations_	Sched_Insert_
do_migrations_	Sched_Load_
do_migrations_	Sched_Save_
do_minimulti	code_pnt
do_minimulti	mini_xlate_rotate_pnt
do_minires	code_pnt
do_minires	mini_xlate_rotate_pnt
do_miss_	Obj_IntTMem_
do_miss_	WhatsInSlot_
do_miss_	play_effect_on_mobile_
do_mods_	decode_obj_spell_
do_mods_	get_string_
do_mods_	memcpy_
do_mods_	strcat_
do_mods_	strlen_
do_mouse_input_	mouse_btns_
do_mouse_input_	moveMouse_
do_mouseq	MousQUp_
do_mstone_	moveto_
do_multires	code_pnt
do_multires	modify_mes
do_musicsound_opt_	fx_available_
do_musicsound_opt_	load_message_
do_musicsound_opt_	music_available_
do_musicsound_opt_	new_hilit_button_
do_musicsound_opt_	turn_fx_
do_musicsound_opt_	turn_music_
do_obj_	Clk_
do_obj_	IsMobElem_
do_obj_	Obj_MemTPtr_
do_obj_	do_door_
do_obj_	do_rect_
do_obj_	txtwal_
do_objhit_	Obj_IntTMem_
do_objhit_	UseObj_
do_objhit_	UseTrigger_
do_objhit_	bounce_obj_
do_objsort_	IsMobElem_
do_objsort_	Obj_IntTMem_
do_objsort_	Obj_PtrTMem_
do_objsort_	build_sort_
do_objsort_	cSqRt_
do_objsort_	do_obj_
do_objsort_	door_part_
do_objsort_	memcpy_
do_objsort_	set_osum_
do_objsort_	set_sds_
do_objsort_	sort_obj_
do_objsort_	z_part_
do_of_	Obj_InList_
do_of_	decode_obj_spell_
do_of_	get_string_
do_of_	strcat_
do_offer_	get_string_
do_offer_	getmem_
do_offer_	nothing_there_
do_offer_	npc_say_
do_offer_	set_workspace_
do_option_shortcut_	busywaiting_new_options_
do_option_shortcut_	game_sprint_
do_option_shortcut_	mouse_freereign_
do_option_shortcut_	mouse_release_
do_option_shortcut_	music_opt_
do_option_shortcut_	restore_opt_
do_option_shortcut_	save_opt_
do_option_shortcut_	sound_opt_
do_org	self_modify
do_pan_	vscreen_focus_
do_panel_frame_	mouse_hide_
do_panel_frame_	mouse_show_
do_panel_frame_	set_the_window_
do_panel_frame_	show320_
do_partition_	Obj_IntTMem_
do_physics_	back_to_space_
do_physics_	check_positions_
do_physics_	grid_move_
do_physics_	space_to_motion_
do_pntres	pixel
do_popc	self_modify
do_putpat	code_pnt
do_putpat	modify_mes
do_qbert_	CreateObj_
do_qbert_	Map_GetAddr_
do_qbert_	Obj_Add_
do_qbert_	Obj_FindInMapSquare_
do_qbert_	Obj_Free_
do_qbert_	Obj_IntTMem_
do_qbert_	Obj_Rem_
do_qbert_	abs_
do_qbert_	crystal_ball_
do_qbert_	do_teleport_
do_qbert_	rand_
do_rect_	Clk_
do_rect_	Ref_
do_rect_	txtflr_
do_repair_	get_rep_diff_
do_repair_	rand_
do_repair_	skill_check_
do_rod	code_pnt
do_rorg	self_modify
do_saverest_opt_	DoSaveRest_
do_saverest_opt_	mouse_hide_
do_saverest_opt_	mouse_show_
do_saverest_opt_	punt_fightmode_
do_setpat	mxmul
do_sfx_	fill_FB_
do_sfx_	play_effect_
do_sfx_	set_effect_
do_spell_	anti_magic_p_
do_spell_	backfire_
do_spell_	creat_spell_
do_spell_	force_mouse_cursor_
do_spell_	game_sprint_
do_spell_	healing_
do_spell_	nail_1area_
do_spell_	nail_area_
do_spell_	phys_bounce_up_
do_spell_	release_missile_
do_spell_	restore_mana_
do_spell_	set_curmagic_
do_spell_	show_cutscene_
do_spell_	special_spells_
do_spell_	update_animobj_
do_spell_	xt_spells_
do_subres	code_pnt
do_teleport_	arena_player_runs_
do_teleport_	editchng_
do_teleport_	find_good_x_and_y_
do_teleport_	in_arena_
do_teleport_	mpos_
do_that_jump_kinda_thing_	abs_
do_that_jump_kinda_thing_	deltatotheta_
do_that_jump_kinda_thing_	set_htx_
do_trap_hack_	Obj_IntTMem_
do_trap_hack_	Obj_MemTPtr_
do_trap_hack_	Sched_SetAllClocks_
do_trap_hack_	arena_opponent_runs_
do_trap_hack_	arena_player_runs_
do_trap_hack_	black_gem_rotate_
do_trap_hack_	black_gem_trip_
do_trap_hack_	change_weapon_playerbest_
do_trap_hack_	check_fraznium_
do_trap_hack_	courtyard_hacking_
do_trap_hack_	crystal_ball_
do_trap_hack_	cycle_floor_
do_trap_hack_	do_graffiti_
do_trap_hack_	do_ice_hack_
do_trap_hack_	do_qbert_
do_trap_hack_	editchng_
do_trap_hack_	eight_pos_switch_
do_trap_hack_	find_and_gronk_force_field_
do_trap_hack_	go_vend_
do_trap_hack_	gronk_whoami_
do_trap_hack_	make_terrain_unseen_
do_trap_hack_	maybe_cheat_arena_fire_
do_trap_hack_	move_folks_around_
do_trap_hack_	play_with_switches_
do_trap_hack_	player_did_bad_
do_trap_hack_	player_sleep_
do_trap_hack_	recharge_lightbulbs_
do_trap_hack_	redeem_all_bottles_
do_trap_hack_	reset_arrow_pillars_
do_trap_hack_	ruin_cure_potions_
do_trap_hack_	skup_ductosnore_
do_trap_hack_	standing_wave_
do_trap_hack_	switch_flip_hack_
do_trap_hack_	toggle_object_height_
do_trap_hack_	toggle_pillars_hack_
do_update_	show_
do_usepat	code_pnt
do_usepat	mxmul
do_uwcrit	load_cpg
do_weapload_	fclose_
do_weapload_	fopen_
do_weapload_	fread_
do_weapload_	fseek_
do_weapload_	gronk_gr_
do_weapload_	memset_
do_weapload_	strcat_
do_weapload_	strcpy_
do_x_rel	code_pnt
do_xy_rel	code_pnt
do_xz_rel	code_pnt
do_y_rel	code_pnt
do_yz_rel	code_pnt
do_z_rel	code_pnt
do_zbounce_	Obj_IntTMem_
do_zbounce_	abs_
do_zbounce_	bounce_that_guy_
do_zbounce_	do_objhit_
do_zbounce_	play_effect_
do_zbounce_	recalc_vecs_
do_zbounce_	stop_me_
does_npc_like_	Obj_IntTMem_
done_clipping_here	code_pnt
done_clipping_here	set_accept
dont_create_wandering_monster_here_	gronk_area_
door_part_	Obj_IntTMem_
door_part_	do_partition_
draw3dMouse_	MousReSave3d_
draw3dMouse_	pic_to_fbuf_
drawMouse_	MousReSave_
drawMouse_	pic_to_screen_
drawMouse_	set_the_color_
draw_button_	copy_rectangle_
draw_conv_edges_	pic_to_screen_
draw_edges_	pic_to_screen_
draw_rsd_	get_token_
draw_rsd_	memcpy_
draw_rsd_	memset_
draw_scroll_	rectangle_
draw_scroll_	set_the_color_
draw_solid_tmap	asm_texture_map_from_draw_poly
draw_start_buttons_	jstring_to_screen_
draw_start_buttons_	mouse_hide_
draw_start_buttons_	mouse_show_
draw_start_buttons_	show_
draw_start_buttons_	strlen_
drawopt_	get_string_
drawopt_	jstring_to_screen_
drawopt_	set_cuts_ems_
drawopt_	show_
drawopt_	strlen_
dream_	game_sprint_
dream_	go_void_
dream_	rand_
dream_	show_cutscene_
drop_around_place_	IsMobElem_
drop_around_place_	Map_GetAddr_
drop_around_place_	Obj_AddEnd_
drop_around_place_	Obj_MemTPtr_
drop_around_place_	can_place_
drop_around_place_	obj_deal_
drop_around_place_	rand_
drop_drunk_player_	FixPlayerEquips_
drop_drunk_player_	damage_item_
drop_drunk_player_	finish_player_
drop_drunk_player_	rand_
drop_link_chain_	IsMobElem_
drop_link_chain_	Obj_MemTPtr_
drop_link_chain_	Obj_PtrTMem_
drop_link_chain_	UseTrigger_
drop_link_chain_	put_at_
drop_link_chain_	remove_lock_
drop_some_objects_	drop_link_chain_
duration_check_	DegradeLights_
duration_check_	DoWanderingMonsters_
duration_check_	FixPlayerEquips_
duration_check_	Killorn_just_crashed_
duration_check_	Sched_Load_
duration_check_	Sched_Save_
duration_check_	Sched_SetBuf_
duration_check_	Sched_WrapTime_
duration_check_	damage_item_
duration_check_	dispel_spell_
duration_check_	do_sfx_
duration_check_	editchng_
duration_check_	get_workspace_
duration_check_	player_eat_
duration_check_	punt_void_
duration_check_	rand_
duration_check_	release_workspace_
duration_check_	restore_hp_
duration_check_	restore_mana_
duration_check_	set_workspace_
duration_check_	sink_sink_sink_
duration_check_	skill_check_
duration_check_	yearly_checkup_
eight_pos_switch_	Obj_IntTMem_
eight_pos_switch_	change_terrain_
eligible_castle_monster_	rand_
enc_n_chk_	abs_
enc_n_chk_	decvec_
enc_n_chk_	incvec_
end_barter_	Obj_IntTMem_
end_barter_	mouse_hide_
end_barter_	mouse_show_
end_barter_	near_mob_put_at_
end_barter_	restore_rect_
end_barter_	set_workspace_
end_barter_	vfree_
eof_	filelength_
eof_	tell_
erase_kmode_	rectangle_
erase_kmode_	set_the_color_
errmsg_	scroll_print_
establish_view_	do_2dclip_
establish_view_	gr_putlab_
establish_view_	reset_db_
establish_view_	send_db_
establish_view_	setup_vars_
ev_attitude_	gronk_critid_
ev_attitude_	memcpy_
ev_change_goal_	gronk_critid_
ev_change_goal_	memcpy_
ev_checkvar_	Sched_DoEvent_
ev_checkvar_	do_math_op_
ev_checkvar_	get_numbered_variable_
ev_door_hack_	DoClosingDoors_
ev_freeze_hack_	Map_GetAddr_
ev_freeze_hack_	change_terrain_
ev_freeze_hack_	rand_
ev_garg_hack_	gronk_critid_
ev_gotha_hack_	gronk_critid_
ev_kill_	gronk_critid_
ev_kill_	memcpy_
ev_nystul_hack_	gronk_critid_
ev_remove_	gronk_critid_
ev_remove_	memcpy_
ev_soldier_hack_	gronk_critid_
ev_teleport_	gronk_critid_
ev_teleport_	memcpy_
ev_trapvar_	set_numbered_variable_
ev_trigger_	Map_GetAddr_
ev_trigger_	Obj_PtrTMem_
ev_trigger_	UseTrigger_
fadein3d_	in3d_
fadein_	anm_sound_callback_
fadein_	grfx_setpal_
fadein_	memset_
fadeout3d_	out3d_
fadeout_	anm_sound_callback_
fadeout_	grfx_setpal_
fail_spell_	game_sprint_
fail_spell_	play_effect_here_
fbshow_	fbshow
fbuf_setcolor_	fbuf_setcolor
fclose_	__doclose_
fclose_	__freefp_
fcloseall_	fclose_
fflush_	__get_errno_ptr_
fflush_	__qwrite_
fflush_	flushall_
fflush_	lseek_
fgetc_	__filbuf_
fgets_	fgetc_
file_group_fun_	load_message_
file_group_fun_	new_hilit_button_
filelength_	lseek_
fill_FB_	cFillFB_
fill_FB_	editchng_
fill_FB_	mouse_hide_
fill_FB_	mouse_show_
fill_FB_	send_FB_
fill_the_grid_	enc_n_chk_
fill_the_grid_	incvec_
fill_the_grid_	newdels_
filter_	Obj_PtrTMem_
fin_attack_	set_screen_frame_
find_TK_wand_check_	Obj_MemTPtr_
find_TK_wand_check_	decode_obj_spell_
find_and_gronk_force_field_	Map_GetAddr_
find_and_gronk_force_field_	Obj_Check_
find_and_gronk_force_field_	Obj_PtrTMem_
find_anim_	Obj_MemTPtr_
find_barter_	getmem_
find_barter_	player_barter_items_
find_barter_total_	Obj_IntTMem_
find_barter_total_	babl_setmem_
find_barter_total_	getmem_
find_barter_total_	player_barter_items_
find_good_x_and_y_	IsMobElem_
find_good_x_and_y_	Map_GetAddr_
find_good_x_and_y_	Obj_MemTPtr_
find_good_x_and_y_	Obj_PtrTMem_
find_good_x_and_y_	Obj_Punt_
find_good_x_and_y_	can_place_
find_good_x_and_y_	memset_
find_obj_	Obj_PtrTMem_
find_wall_coll_	CreateObj_
find_wall_coll_	Map_GetAddr_
find_wall_coll_	Obj_AddEnd_
find_wall_coll_	Obj_Free_
find_wall_coll_	Obj_MemTPtr_
find_wall_coll_	TerrainCheck_
find_wall_coll_	add_animobj_
find_wall_coll_	move_along_
find_wall_coll_	play_effect_
finish_player_	move_player_
fire_trigger_at_	Map_GetAddr_
fire_trigger_at_	Obj_InList_
fire_trigger_at_	SetOffTrap_
fire_trigger_at_	UseTrigger_
fireball_effect_	Map_GetAddr_
fireball_effect_	Obj_Add_
fireball_effect_	Obj_Alloc_
fireball_effect_	Obj_Free_
fireball_effect_	Obj_MemTPtr_
fireball_effect_	Obj_Rem_
fireball_effect_	add_animobj_
fireball_effect_	rand_
first_punt_	error_code_
first_punt_	free_mem_
first_punt_	free_sounds_
first_punt_	free_timers_
fix_name_string_	knjchr_
fizix_update_	parse_player_terr_
flask_info_	game_strings_3_
flask_info_	get_string_
flask_info_	itoa_
flask_info_	mouse_release_
flask_info_	pull_chain_
flask_info_	scroll_print_
flask_info_	strcat_
flask_info_	strcpy_
flat_rod	code_pnt
flat_xy_rel	code_pnt
flat_xz_rel	code_pnt
flat_yz_rel	code_pnt
flip_switch_	editchng_
flip_switch_	play_effect_
flog_list_	IsMobElem_
flog_list_	Obj_MemTPtr_
flog_list_	Obj_PtrTMem_
flood_path_	abs_
flood_path_	hyp_move_
flood_path_	make_path_from_flood_data_
flood_path_	memset_
fopen_	__allocfp_
force_mouse_cursor_	mouse_hide_
force_mouse_cursor_	mouse_show_
force_mouse_cursor_	set_mouse_data_
foundfreepage	lcpg_pghere
fputc_	__get_errno_ptr_
fputc_	__ioalloc_
fputc_	fflush_
fread_	__filbuf_
fread_	__fill_buffer_
fread_	__ioalloc_
fread_	__qread_
free_	__MemFree
free_converse_	Sched_SetAllClocks_
free_converse_	cs_check_
free_converse_	do_babl_teleport_
free_converse_	do_main_scroll_
free_converse_	end_barter_
free_converse_	release_workspace_
free_converse_	set_random_walking_music_
free_converse_	update_animobj_
free_demscr_	clear_gamedisp_
free_demscr_	demous_player_
free_demscr_	hold_scrgr_
free_input_	free_
free_panelflip_	free_
free_s_mem_	_AIL_shutdown_driver
free_s_mem_	free_
free_scrgr_	free_panelflip_
free_sounds_	_AIL_shutdown
free_sounds_	free_digi_stuff_
free_sounds_	free_s_mem_
free_strings_	fclose_
free_timers_	_AIL_release_timer_handle
free_timers_	_AIL_stop_timer
free_world_	chdir_
free_world_	clear_dir_
free_world_	fclose_
free_world_	fopen_
free_world_	free_input_
free_world_	free_mem_
free_world_	free_scrgr_
free_world_	free_sounds_
free_world_	free_strings_
free_world_	free_timers_
free_world_	fwrite_
free_world_	grfx_close_
free_world_	resetexit
freopen_	__doclose_
frp_check_	DamageInventory_
frp_check_	Obj_IntTMem_
frp_check_	WhatsInSlot_
frp_check_	fill_FB_
frp_check_	is_sharp_
frp_check_	rand_
frp_check_	rollem_
frp_check_	skill_check_
fseek_	__fill_buffer_
fseek_	__get_errno_ptr_
fseek_	__ioalloc_
fseek_	fflush_
fseek_	ftell_
fseek_	lseek_
fseek_	tell_
fstat_	_d2ttime_
fstat_	_set_errno_
fstat_	filelength_
ftell_	tell_
full_move_	do_zbounce_
full_move_	flat_move_
full_move_	labs_
fwrite_	__get_errno_ptr_
fwrite_	__ioalloc_
fwrite_	fflush_
fwrite_	fputc_
fwrite_	write_
fx_play_	_AIL_lock_channel
fx_play_	_AIL_request_fx
fx_play_	_AIL_send_channel_voice_message
fx_play_	_AIL_timbre_status
fx_play_	install_timbre_
game_group_fun_	new_hilit_button_
game_sprint_	get_string_
game_sprint_	scroll_print_
game_stats_	get_string_
game_stats_	itoa_
game_stats_	jstring_to_screen_
game_stats_	ltoa_
game_stats_	set_font_size_
game_stats_	strcat_
game_stats_	strcpy_
game_stats_	strlen_
game_strings_3_	get_string_
game_strings_3_	scroll_print_
game_strings_3_	strcat_
game_strings_3_	strcpy_
gen_char_	copy_hidden_to_visible_
gen_char_	copy_visible_to_hidden_
gen_char_	drawopt_
gen_char_	get_string_
gen_char_	jstring_to_screen_
gen_char_	memset_
gen_char_	mouse_hide_
gen_char_	mouse_show_
gen_char_	pickopt_
gen_char_	player_compute_
gen_char_	rectangle_
gen_char_	roll_stats_
gen_char_	selopt_
gen_char_	set_cuts_ems_
gen_char_	set_skills_
gen_char_	set_sklmnu_
gen_char_	set_the_color_
gen_char_	show_
gen_char_	show_atts_
gen_char_	show_skills_
gen_char_	strlen_
gen_char_	strncpy_
generate_equipment_	CreateObj_
generate_equipment_	Obj_Add_
generate_equipment_	rand_
generate_food_	CreateObj_
generate_food_	Obj_Add_
generate_food_	rand_
generate_inventory_	generate_equipment_
generate_inventory_	generate_food_
generate_inventory_	generate_treasure_
generate_inventory_	generate_weapons_
generate_treasure_	CreateObj_
generate_treasure_	Obj_Add_
generate_treasure_	rand_
generate_treasure_	rollem_
generate_weapons_	CreateObj_
generate_weapons_	Obj_Add_
generate_weapons_	rand_
genocide_	Obj_IntTMem_
genocide_	destroy_floatskull_
genocide_	instant_kill_
genocide_	is_my_race_
getPlayerInvCopy_	InvRestoreNexts_
getPlayerInvCopy_	Obj_Alloc_
get_animlen_	find_anim_
get_arc_	ac_unshrink_disk_
get_arc_	get_ulong_
get_arc_	lseek_
get_arc_	read_
get_buttonreg_button_	mouse_getxy_
get_eye_	cSinCos_
get_hp_back_	panel_check_hpmp_
get_iconreg_button_	mouse_getxy_
get_input_	do_keyboard_input_
get_input_	do_mouse_input_
get_name_	fix_name_string_
get_name_	get_string_
get_name_	strcpy_
get_pals_	fread_
get_pals_	fseek_
get_pals_	malloc_
get_pcoll_	ObjectCheck_
get_pcoll_	TerrainCheck_
get_pcoll_	abs_
get_pcoll_	do_objhit_
get_pcoll_	process_objlist_
get_pcoll_	set_targz_
get_phys_data_	Obj_MemTPtr_
get_phys_data_	rand_
get_quest_	getmem_
get_save_descs_	access_
get_save_descs_	fclose_
get_save_descs_	fgets_
get_save_descs_	fopen_
get_save_descs_	strcat_
get_save_descs_	strcpy_
get_save_descs_	strrchr_
get_skill_	clear_all_loretries_
get_skill_	prime_
get_skill_	rand_
get_string_	read_string_
get_terrain_	Obj_MemTPtr_
get_terrain_	TerrainCheck_
get_theta_	cAtan2_
get_theta_	cSqRt_
get_ulong_	lseek_
get_ulong_	read_
get_ulong_	tell_
get_workspace_	pfatal_code_
getcwd_	__get_errno_ptr_
getcwd_	malloc_
getcwd_	strncpy_
getenv_	strnicmp_
give_all_stuff_	nothing_there_
give_ptr_npc_	Obj_Alloc_
give_ptr_npc_	Obj_IntTMem_
give_ptr_npc_	RedisplayBarterSlots_
give_ptr_npc_	getmem_
give_ptr_npc_	invRemoveObject_
give_ptr_npc_	npc_inv_add_
give_ptr_npc_	player_barter_give_
give_ptr_npc_	player_barter_items_
gmtime_	_gmtime_
go_fish_	Map_GetAddr_
go_fish_	game_sprint_
go_fish_	move_along_
go_fish_	rand_
go_into_dying_sequence_	death_check_
go_vend_	CreateObj_
go_vend_	Map_GetAddr_
go_vend_	Obj_Add_
go_vend_	game_sprint_
go_vend_	get_name_
go_vend_	obj_deal_
go_vend_	scroll_print_
go_vend_	sprintf_
go_vend_	vend_check_gold_
go_void_	do_teleport_
go_void_	editchng_
go_void_	player_setup_
go_void_	rand_
gobble_input_events_	cutoff_cutscene_speech_
gobble_input_events_	mouse_get_input_
graceful_exit_	busywaiting_new_options_
grant_skill_advance_	get_skill_
grant_skill_advance_	memset_
grant_skill_advance_	player_compute_
grant_skill_advance_	rand_
grdb_elem_	SetPnt_
grdb_elem_	clear_objsort_
grdb_elem_	do_objsort_
grfx_clear_	clear_window_
grfx_clear_	mouse_hide_
grfx_clear_	mouse_show_
grfx_clear_	set_the_color_
grfx_clear_	set_the_window_
grfx_close_	mouse_hide_
grfx_init_	DLL_load_
grfx_init_	close_
grfx_init_	free_
grfx_init_	grfx_quikfont_
grfx_init_	init_colors_
grfx_init_	init_graphics_
grfx_init_	lseek_
grfx_init_	malloc_
grfx_init_	open_
grfx_init_	pfatal_code_
grfx_init_	read_
grfx_init_	set_font_size_
grfx_init_	set_the_window_
grfx_load_font_	close_
grfx_load_font_	our_open_
grfx_load_font_	read_
grfx_load_font_	setup_font_
grfx_palrange_	local_do_palette_
grfx_palrange_	memcpy_
grfx_quikfont_	grfx_load_font_
grfx_quikfont_	strcat_
grfx_quikpal_	local_do_palette_
grfx_quikpal_	read_quikpal_
grfx_setpal_	local_do_palette_
grfx_setpal_	memcpy_
grid_move_	ObjectCheck_
grid_move_	flat_move_
grid_move_	full_move_
grid_move_	get_pcoll_
grid_move_	set_resterr_
grid_move_	set_targz_
gronk_all_critters_	Obj_IntTMem_
gronk_area_	Obj_MemTPtr_
gronk_area_	move_along_
gronk_area_	process_area_
gronk_critid_	Obj_IntTMem_
gronk_critid_	gronk_all_critters_
gronk_critid_	gronk_race_
gronk_critid_	gronk_whoami_
gronk_door_	CloseDoor_
gronk_door_	Map_GetAddr_
gronk_door_	Obj_InList_
gronk_door_	OpenDoor_
gronk_door_	ToggleDoor_
gronk_door_	getmem_
gronk_gr_	_ld_close_
gronk_gr_	_ld_gr_
gronk_gr_	_ld_open_
gronk_race_	Obj_IntTMem_
gronk_whoami_	Obj_IntTMem_
gronkify_change_goal_	change_critter_goal_
gronkify_find_	Obj_MemTPtr_
gronkify_garg_	set_numbered_variable_
gronkify_gotha_	teleport_critter_
gronkify_remove_	Map_GetAddr_
gronkify_remove_	Obj_Punt_
gronkify_slay_	instant_kill_
gronkify_soldier_	rand_
gronkify_soldier_	teleport_critter_
gronkify_teleport_	Sched_Migrate_
gronkify_teleport_	player_looking_
gronkify_teleport_	teleport_critter_
grs_fbplot_	cFrmtoRaw_
grs_fbplot_	fbshow_
grs_plot_	cFrmtoRaw_
grs_plot_	show_
grs_unpack_	cFrmtoRaw_
gruesome_door_hack_	Obj_FindInMapSquare_
gruesome_door_hack_	OpenDoor_
gruesome_door_hack_	checkLock_
gruesome_door_hack_	find_anim_
gruesome_door_hack_	toast_animobj_
hack_init_	fread_
head_view	angles_2_matrix
head_view	mm3x9t
healing_	get_hp_back_
healing_	rollem_
hgt_change_	check_pplate_
hit_critter_goal_	change_critter_goal_
hit_critter_goal_	check_res_
hit_critter_goal_	put_effect_
hline_	hline
home_cam_	Obj_IntTMem_
home_cam_	editchng_
hostile_creatures_near_	gronk_area_
hyp_move_	Map_GetAddr_
hyp_move_	Obj_PtrTMem_
hyp_see_	Map_GetAddr_
in3d_	cFillFB_
in3d_	get_workspace_
in3d_	memcpy_
in3d_	mouse_hide_
in3d_	mouse_show_
in3d_	release_workspace_
in3d_	send_FB_
in3d_	set_workspace_
in_arena_	abs_
in_arena_	mpos_
in_scalebm	code_pnt
in_scalebm	scale_nibble_bitmap
inanimate_spell_	cast_
inanimate_spell_	do_spell_
init	init_vectors
init	initmouse
init	initvideo
init	installkey
init	setvect24
init_3d_	cInit3d_
init_3d_	gr_entry_
init_3d_	gr_tostrt_
init_3d_	grdb_blank_
init_3d_	preset_grid_
init_babl_	close_
init_babl_	memset_
init_babl_	our_open_
init_babl_	read_
init_babl_	write_
init_char_	FixPlayerEquips_
init_char_	init_babl_
init_char_	init_player_structure_
init_char_	memset_
init_char_	pfatal_code_
init_char_	player_compute_
init_char_	rand_
init_char_	rollem_
init_char_	set_graphics_level_
init_char_	srand_
init_combinables_	bltfromdrive_
init_combinables_	strcat_
init_combinables_	strcpy_
init_edit_	_input_addkey_
init_edit_	getcwd_
init_edit_	strcpy_
init_edit_	strupr_
init_fx_	_AIL_register_timer
init_fx_	_AIL_set_timer_frequency
init_fx_	_AIL_start_timer
init_fx_	init_digi_fx_
init_fx_	read_fx_data_
init_gamedisp_	BeginInventory_
init_gamedisp_	display_scr_
init_gamedisp_	init_scrgr_
init_gamedisp_	init_scroll_
init_gamedisp_	new_IconSelect_
init_gamedisp_	play_music_
init_gamedisp_	start_gameinp_
init_graphics_	init_font_
init_graphics_	set_the_window
init_grid_	cSinCos_
init_input_	first_punt_
init_input_	malloc_
init_level_creature_stuff_	clear_paths_
init_lighting_	lget_
init_mem_	mem_setup_
init_mouse_	set_mouse_data_
init_mouse_	valloc_
init_objects_	conv_comobj_
init_objects_	fclose_
init_objects_	fopen_
init_objects_	fread_
init_objects_	strcat_
init_objects_	strcpy_
init_panelflip_	grab_
init_panelflip_	malloc_
init_panelflip_	mouse_hide_
init_panelflip_	mouse_show_
init_panelflip_	pfatal_code_
init_panelflip_	read_gr_far_
init_panelflip_	show_
init_player_	_input_addkey_
init_player_	fclose_
init_player_	fopen_
init_player_	fread_
init_player_	init_player_structure_
init_player_	input_addmouse_
init_player_structure_	InitPlayerRec_
init_player_structure_	make_string_
init_player_structure_	memset_
init_player_structure_	set_light_
init_save_	_dos_getdiskfree_
init_save_	clear_dir_
init_save_	mkdir_
init_save_	strcpy_
init_save_	strlen_
init_scrgr_	change_sprite_
init_scrgr_	copy_visible_to_hidden_
init_scrgr_	create_sprite_
init_scrgr_	draw_sprite_
init_scrgr_	pfatal_code_
init_scrgr_	read_gr_far_
init_scrgr_	set_compass_
init_scrgr_	set_flask_
init_scrgr_	set_runes_
init_scrgr_	show_
init_scrgr_	update_sprites_
init_scroll_	draw_edges_
init_scroll_	draw_scroll_
init_sounds_	_AIL_describe_driver
init_sounds_	_AIL_detect_device
init_sounds_	_AIL_init_driver
init_sounds_	_AIL_register_driver
init_sounds_	_AIL_startup
init_sounds_	_AIL_state_table_size
init_sounds_	init_fx_
init_sounds_	init_speech_
init_sounds_	init_timbres_
init_sounds_	load_sound_driver_
init_sounds_	malloc_
init_sounds_	punt_sound_stuff_
init_sounds_	sprintf_
init_speech_	_AIL_describe_driver
init_speech_	_AIL_detect_device
init_speech_	_AIL_init_driver
init_speech_	_AIL_register_driver
init_speech_	do_settings_
init_speech_	load_sound_driver_
init_speech_	sprintf_
init_spells_	memset_
init_strings_	first_punt_
init_strings_	fopen_
init_this_critter_	rand_
init_timbres_	_AIL_default_timbre_cache_size
init_timbres_	_AIL_define_timbre_cache
init_timbres_	cache_timbre_header_
init_timbres_	install_timbre_
init_timbres_	malloc_
init_timbres_	open_
init_timbres_	strcat_
init_timbres_	strcpy_
init_timers_	_AIL_register_timer
init_timers_	_AIL_set_timer_frequency
init_timers_	_AIL_start_timer
init_timers_	first_punt_
init_txtlib_	load_txtmaps_
init_vectors	call_real
init_world_	Map_Init_
init_world_	check_dirs_
init_world_	check_fds_
init_world_	display_screen_
init_world_	grfx_clear_
init_world_	grfx_quikpal_
init_world_	init
init_world_	init_3d_
init_world_	init_ai_
init_world_	init_babl_
init_world_	init_combinables_
init_world_	init_debug_
init_world_	init_edit_
init_world_	init_input_
init_world_	init_lighting_
init_world_	init_mem_
init_world_	init_mouse_
init_world_	init_objects_
init_world_	init_player_
init_world_	init_save_
init_world_	init_sounds_
init_world_	init_strings_
init_world_	init_timers_
init_world_	init_txtlib_
init_world_	install_cd_
init_world_	load_all_gr_
init_world_	load_new_music_
init_world_	move_initial_files_
init_world_	pfatal_
init_world_	pfatal_code_
initvideo	colorScreen
input_addmouse_	pfatal_code_
input_addmouse_	realloc_
input_del_	pfatal_code_
input_del_	realloc_
input_dispatch_	dispatch_key_
input_dispatch_	mouse_Qgetxy_
input_dispatch_	mouse_get_input_sp_
insert_ank_	strlen_
insert_kana_	insert_kanji_
insert_kana_	kanaconv_
insert_kanji_	strlen_
install_	aShutdown_
install_	chdir_
install_	copy_visible_to_hidden_
install_	copyfiles_
install_	free_mem_
install_	free_sounds_
install_	free_timers_
install_	grfx_close_
install_	install_error_
install_	iprint_
install_	loop_music_maybe_
install_	make_dir_
install_	mouse_get_input_
install_	pfatal_code_
install_	set_font_size_
install_buttongroup_	blit_panel_to_main_
install_buttongroup_	copy_rectangle_
install_buttongroup_	load_buttongroup_images_
install_cd_	_dos_findfirst_
install_cd_	_dos_getdiskfree_
install_cd_	_dos_getdrive_
install_cd_	_dos_setdrive_
install_cd_	chdir_
install_cd_	confirm_menu_
install_cd_	copy_visible_to_hidden_
install_cd_	disk_to_vid_
install_cd_	display_screen_
install_cd_	force_mouse_cursor_
install_cd_	get_workspace_
install_cd_	grfx_clear_
install_cd_	grfx_init_
install_cd_	grfx_quikpal_
install_cd_	init_input_
install_cd_	init_mem_
install_cd_	init_mouse_
install_cd_	init_sounds_
install_cd_	init_timers_
install_cd_	install_
install_cd_	iprint_
install_cd_	load_all_gr_
install_cd_	load_new_music_
install_cd_	loop_music_maybe_
install_cd_	pfatal_code_
install_cd_	release_workspace_
install_cd_	select_harddrive_
install_cd_	set_font_size_
install_cd_	set_the_color_
install_cd_	set_workspace_
install_cd_	show_inst_buttons_
install_cd_	uhline_
install_cd_	uvline_
install_error_	iprint_
install_error_	loop_music_maybe_
install_timbre_	_AIL_install_timbre
install_timbre_	free_
install_timbre_	load_global_timbre_
installkey	call_real
instance_bank	instance_vvars_bank
instance_bank	sincos
instance_head	instance_vvars_head
instance_head	sincos
instance_pitch	instance_vvars_pitch
instance_pitch	sincos
instant_kill_	Map_GetAddr_
instant_kill_	Obj_Free_
instant_kill_	Obj_Rem_
instant_kill_	build_corpse_
instant_kill_	death_check_
instant_kill_	drop_some_objects_
instant_kill_	generate_inventory_
invRemoveObject_	DisplayInvObject_
invRemoveObject_	DisplayOpenBag_
invRemoveObject_	FixOpenBag_
invRemoveObject_	FixPlayerEquips_
invRemoveObject_	ItemWeight_
invRemoveObject_	Obj_Add_
invRemoveObject_	Obj_Alloc_
invRemoveObject_	Obj_Find_
invRemoveObject_	Obj_MemTPtr_
invRemoveObject_	Obj_Rem_
invRemoveObject_	removeFromSlot_
inv_look_	DoInventoryMouse_
inv_look_	LookAt_
inv_look_	checkTrap_
inv_look_	pick_inv_
inv_look_	skill_check_
iprint_	jstring_to_screen_
iprint_	strlen_
is_my_race_	check_res_
itoa_	utoa_
jgame_stuff_	jstring_to_screen_
jgame_stuff_	set_font_size_
jgame_stuff_	strlen_
jiggle_weapon_	rand_
jname_input_	get_string_
jname_input_	jstring_to_screen_
jname_input_	key_mode_
jname_input_	kk_conv_
jname_input_	mouse_get_input_
jname_input_	mouse_hide_
jname_input_	mouse_show_
jname_input_	show_
jname_input_	strcpy_
jname_input_	strlen_
kana_input_	can_daku_
kana_input_	insert_ank_
kana_input_	insert_kanji_
kana_input_	kanaconv_
kconv_	kanaconv_
kconv_	str_search_
keyboard_mouse_	warpMouse_
kill_all_digi_effects_	stop_digi_file_
kill_all_effects_	_AIL_release_channel
kill_all_effects_	_AIL_send_channel_voice_message
kill_all_effects_	kill_all_digi_effects_
kill_effect_	_AIL_release_channel
kill_effect_	_AIL_send_channel_voice_message
kill_effect_	stop_digi_file_
kill_plants_	rand_
kill_triggers_	Obj_Free_
kill_triggers_	Obj_MemTPtr_
kill_triggers_	Obj_PtrTMem_
kill_triggers_	Obj_Rem_
kill_triggers_	rem_timer_obj_
kk_conv_	ank_input_
kk_conv_	kana_input_
lback_vscreen_	bltfromdrive_
lback_vscreen_	memcpy_
lback_vscreen_	set_the_window_
lback_vscreen_	strcat_
lback_vscreen_	strcpy_
lback_vscreen_	vscreen_focus_
lget_	close_
lget_	our_open_
lget_	read_
line_of_sight_	hyp_see_
load_all_gr_	fclose_
load_all_gr_	fopen_
load_all_gr_	fread_
load_all_gr_	load_gr_ems_
load_all_gr_	load_gr_video_
load_all_gr_	load_obj_ems_
load_all_gr_	preload_cr_
load_all_gr_	reload_obj_ems_
load_all_gr_	strcat_
load_all_gr_	strcpy_
load_buttongroup_images_	copy_rectangle_
load_buttongroup_images_	mouse_hide_
load_buttongroup_images_	mouse_show_
load_buttongroup_images_	pic_to_screen_
load_buttongroup_images_	reload_gr_vpic_
load_chrgen_data_	close_
load_chrgen_data_	memcpy_
load_chrgen_data_	open_
load_chrgen_data_	read_
load_chrgen_data_	strcat_
load_chrgen_data_	strcpy_
load_dfx_page_	_AIL_index_VOC_block
load_dfx_page_	memcpy_
load_digi_fx_	digi_fx_play_
load_dl_	close_
load_dl_	lseek_
load_dl_	our_open_
load_dl_	read_
load_doors_	gronk_gr_
load_global_timbre_	lseek_
load_global_timbre_	malloc_
load_global_timbre_	read_
load_gr_ems_	gronk_gr_
load_gr_video_	gronk_gr_
load_inv_pic_	reload_gr_vpic_
load_inventory_pix_	reload_gr_vpic_
load_message_	copy_rectangle_
load_message_	mouse_hide_
load_message_	mouse_show_
load_new_music_	_AIL_register_sequence
load_new_music_	_AIL_release_sequence_handle
load_new_music_	_AIL_send_channel_voice_message
load_new_music_	_AIL_set_relative_tempo
load_new_music_	_AIL_set_relative_volume
load_new_music_	_AIL_start_sequence
load_new_music_	_AIL_stop_sequence
load_new_music_	_AIL_timbre_request
load_new_music_	install_timbre_
load_new_music_	read_file_to_mbuf_
load_new_music_	strcat_
load_new_music_	strcpy_
load_obj_ems_	gronk_gr_
load_script_	atoi_
load_script_	bab_free_
load_script_	bab_fun_
load_script_	bab_get_globals_
load_script_	bab_malloc_
load_script_	bab_var_clear_
load_script_	close_arc_
load_script_	convert_string_
load_script_	get_arc_
load_script_	get_string_
load_script_	getmem_
load_script_	jstrlwr_
load_script_	make_string_
load_script_	open_arc_
load_script_	pfatal_code_
load_script_	rand_
load_script_	scroll_print_
load_script_	strcmp_
load_script_	strcpy_
load_script_	strlen_
load_script_	strstr_
load_sound_driver_	bltfromdrive_
load_sound_driver_	fclose_
load_sound_driver_	filelength_
load_sound_driver_	fopen_
load_sound_driver_	malloc_
load_tr_ems_	_ld_close_
load_tr_ems_	_ld_open_
load_tr_ems_	fread_
load_tr_ems_	fseek_
load_tr_ems_	memset_
load_txtmaps_	load_doors_
load_txtmaps_	load_tr_ems_
load_weapcm_	fclose_
load_weapcm_	fopen_
load_weapcm_	fread_
load_weapcm_	fseek_
load_weapcm_	strcat_
load_weapcm_	strcpy_
look_for_target_	deltatotheta_
look_for_target_	turn_real_fine_
look_nothing_	game_sprint_
look_nothing_	get_string_
look_nothing_	scroll_print_
loop_music_maybe_	load_new_music_
loop_music_maybe_	music_over_
lseek_	_set_errno_
ltoa_	ultoa_
lz_filbf_	read_
lz_flsbf_	write_
main_	init_world_
main_	mainloop_
main_	mouse_get_input_
main_	real_start_
main_	scroll_clear_
main_	scroll_print_
main_	titlescr_
mainloop_	do_changes_
mainloop_	input_dispatch_
makePlayerInvCopy_	FixBagArea_
makePlayerInvCopy_	InvSaveNexts_
makePlayerInvCopy_	Obj_FreeChain_
makePlayerInvCopy_	Obj_MemTPtr_
make_dir_	_dos_findfirst_
make_dir_	mkdir_
make_noise_	kill_effect_
make_noise_	play_effect_here_
malloc_	__ExpandDGROUP_
malloc_	__MemAllocator
malloc_	__nmemneed_
mask_to_screen_	grs_which1_
mask_to_screen_	show_
max_dbase_size	Obj_PtrTMem_
max_dbase_size	checkLock_
maybe_cast_defensive_spell_	anti_magic_p_
maybe_cast_defensive_spell_	rand_
maybe_cheat_arena_fire_	Obj_IntTMem_
maybe_cheat_arena_fire_	maybe_rescue_guy_from_fire_
maybe_flip_a_switch_	flip_switch_
maybe_flip_a_switch_	rand_
maybe_go_hang_out_	player_looking_
maybe_go_hang_out_	teleport_critter_
maybe_go_hang_out_	where_shall_we_hang_out_
maybe_rescue_guy_from_fire_	Map_GetAddr_
maybe_rescue_guy_from_fire_	octant_
maybe_rescue_guy_from_fire_	player_looking_
maybe_rescue_guy_from_fire_	teleport_critter_
mdetect_	abs_
mdetect_	fix_name_string_
mdetect_	game_sprint_
mdetect_	get_string_
mdetect_	memset_
mdetect_	mpos_
mdetect_	print_monster_
mdetect_	rand_
mdetect_	scroll_print_
mdetect_	skill_check_
mem_setup_	first_punt_
mem_setup_	malloc_
misc_init_	fread_
missile_finish_	set_screen_frame_
missile_finish_	unforce_mouse_cursor_
missile_fire_	CreateObj_
missile_fire_	Map_GetAddr_
missile_fire_	Obj_Add_
missile_fire_	Obj_Free_
missile_fire_	Obj_MemTPtr_
missile_fire_	mob_init_
missile_fire_	play_effect_on_mobile_
missile_fire_	push_missile_
missile_newhit_	Obj_MemTPtr_
missile_newhit_	missile_thwack_
missile_newhit_	skill_check_
missile_thwack_	IsMobElem_
missile_thwack_	Obj_MemTPtr_
missile_thwack_	do_damage_
missile_thwack_	pickloc_
missile_thwack_	play_effect_here_
missile_thwack_	play_effect_on_mobile_
mkdir_	_set_errno_
mktime_	__brktime_
mktime_	__isindst_
mktime_	__leapyear_
mktime_	tzset_
mm9x9	mm3x9_bpsi
mob_to_static_	Change_AnimPtr_
mob_to_static_	Map_GetAddr_
mob_to_static_	Obj_Add_
mob_to_static_	Obj_Alloc_
mob_to_static_	Obj_Elem_Fate_
mob_to_static_	Obj_Punt_
mob_to_static_	check_pplate_
mob_to_static_	do_filanium_
mob_to_static_	mts_doanim_
mob_to_static_	put_effect_
mob_to_static_	rand_
modify_axis2	self_modify
modify_axis2	set_accept
modify_axis2	sphere_check
morpheus_ruin_potion_	CreateObj_
morpheus_ruin_potion_	FindSlot_
morpheus_ruin_potion_	Obj_Add_
morpheus_ruin_potion_	Obj_Check_
morpheus_ruin_potion_	RedisplayInvSlot_
morpheus_ruin_potion_	force_mouse_cursor_
morpheus_ruin_potion_	rand_
morpheus_ruin_potion_	unforce_mouse_cursor_
mous_3d_hide_	draw3dMouse_
mous_in_3d_	BlastFunction_
mous_in_3d_	BlockingTerrain_
mous_in_3d_	DoSpecialActions_
mous_in_3d_	InPickRange_
mous_in_3d_	game_sprint_
mous_in_3d_	look_nothing_
mous_in_3d_	mouse_release_
mous_in_3d_	pick_3d_
mous_in_3d_	player_mous_move_
mous_in_3d_	unforce_mouse_cursor_
mous_in_3d_p_	mouse_check_reg_
mous_in_inv_	DoInventoryMouse_
mous_in_inv_	FindInventoryHit_
mous_in_inv_	mouse_release_
mous_in_inv_	pick_inv_
mous_in_inv_	unforce_mouse_cursor_
mous_in_panel_	mous_in_inv_
mous_in_panel_	mous_in_rune_
mous_in_panel_	mous_in_stat_
mous_in_rune_	LookAt_
mous_in_rune_	clear_shelf_
mous_in_rune_	mouse_release_
mous_in_rune_	set_runes_
mous_in_stat_	mouse_get_input_sp_
mous_in_stat_	mouse_hide_
mous_in_stat_	mouse_show_
mous_in_stat_	mvcheck_
mous_in_stat_	rectangle_
mous_in_stat_	restore_rect_
mous_in_stat_	set_font_size_
mous_in_stat_	set_the_color_
mous_in_stat_	sp_skill_
mous_player_	defineMouseRegion_
mous_player_	input_addmouse_
mous_player_	input_del_
mouse_	mouse
mouse_btns_	mbuttons
mouse_dragged_	abs_
mouse_dragged_	do_changes_
mouse_dragged_	do_keyboard_input_
mouse_dragged_	keyboard_mouse_
mouse_dragged_	mouse_getbut_
mouse_dragged_	mouse_getxy_
mouse_dragged_	moveMouse_
mouse_get_input_	get_input_
mouse_get_input_sp_	get_input_
mouse_getbut_	mouse_btns_
mouse_hide_	_actual_mhide_
mouse_hide_	set_the_color_
mouse_putxy_	checkMouse_
mouse_putxy_	mouse_
mouse_putxy_	mouse_hide_
mouse_putxy_	mouse_show_
mouse_release_	do_changes_
mouse_release_	do_keyboard_input_
mouse_release_	keyboard_mouse_
mouse_release_	mouse_btns_
mouse_release_	mouse_get_input_sp_
mouse_release_	moveMouse_
mouse_show_	drawMouse_
mousopt_	jstring_to_screen_
mousopt_	mouse_get_input_
mousopt_	mouse_getxy_
mousopt_	mouse_hide_
mousopt_	mouse_show_
mousopt_	rectangle_
mousopt_	selopt_
mousopt_	set_the_color_
moveDoor_	Obj_MemTPtr_
moveDoor_	add_animobj_
moveMouse_	_actual_mhide_
moveMouse_	checkMouse_
moveMouse_	drawMouse_
moveMouse_	mouse_
moveMouse_	set_the_window_
move_along_	cFstSinCos_
move_along_path_	adjust_height_
move_along_path_	close_to_square_
move_along_path_	deltatotheta_
move_along_path_	do_that_jump_kinda_thing_
move_along_path_	set_htx_
move_along_path_	set_next_square_on_path_
move_cam_	cSinCos_
move_cam_	editchng_
move_folks_around_	gronk_whoami_
move_hilite_	is_really_button_
move_hilite_	new_hilit_button_
move_initial_files_	copy_file_
move_me_joe_	Map_GetAddr_
move_me_joe_	Obj_Punt_
move_me_joe_	check_homing_
move_me_joe_	check_sat_
move_me_joe_	do_crit_phys_
move_me_joe_	get_phys_data_
move_me_joe_	set_phys_data_
move_mobile_	critter_ai_
move_mobile_	editchng_
move_mobile_	move_me_joe_
move_mobile_	timetodo_
move_physics_	do_player_keyboard_
move_physics_	make_noise_
move_physics_	move_mobile_
move_physics_	move_player_
move_physics_	parse_effect_
move_physics_	set_sound_
move_player_	do_physics_
move_player_	editchng_
move_player_	phys_affect_player_
move_player_	set_player_phys_params_
move_to_next_	abs_
move_to_next_	decvec_
move_to_next_	enc_n_chk_
move_to_next_	incvec_
move_vram_	memcpy_
movenew_vram_	malloc_
movenew_vram_	memcpy_
moveto_	Obj_FindInMap_
mpos_	abs_
mts_doanim_	Obj_MemTPtr_
mts_doanim_	add_animobj_
mts_doanim_	damage_square_
mts_doanim_	fireball_effect_
munge_vectors_	cAtan2_
munge_vectors_	cFstSinCos_
munge_vectors_	cSqRt_
music_over_	_AIL_sequence_status
musicsound_group_fun_	fx_is_on_
musicsound_group_fun_	load_message_
musicsound_group_fun_	music_is_on_
musicsound_group_fun_	new_hilit_button_
must_clip_3d	clip_bot
must_clip_3d	clip_left
must_clip_3d	clip_right
must_clip_3d	clip_top
nail_1area_	force_mouse_cursor_
nail_area_	gronk_area_
near_mob_put_at_	put_at_
new_IconSelect_	mouse_hide_
new_IconSelect_	mouse_show_
new_IconSelect_	pic_to_screen_
new_IconSelect_	set_the_color_
new_IconSelect_	urectangle_
new_IconUnselect_	mouse_hide_
new_IconUnselect_	mouse_show_
new_IconUnselect_	pic_to_screen_
new_IconUnselect_	set_the_color_
new_IconUnselect_	urectangle_
new_hilit_button_	draw_button_
new_player_pos_	ChangeLevel_
new_player_pos_	editchng_
new_player_pos_	fadein3d_
new_player_pos_	fadeout3d_
new_player_pos_	find_good_x_and_y_
new_player_pos_	pfatal_code_
new_player_pos_	player_newsq_
new_player_pos_	player_setup_
new_player_pos_	render_FB_
newdels_	abs_
newdels_	decvec_
newdels_	enc_n_chk_
newdels_	incvec_
newscr_	change_screen_
newscr_	editchng_
not_a_spell_	scroll_print_
npc_barter_	AskHowMany_
npc_barter_	DoInventoryMouse_
npc_barter_	EncumCheck_
npc_barter_	LookAt_
npc_barter_	Obj_Add_
npc_barter_	Obj_Free_
npc_barter_	Obj_IntTMem_
npc_barter_	Obj_Rem_
npc_barter_	game_sprint_
npc_barter_	mouse_dragged_
npc_barter_	mouse_getxy_
npc_barter_	mouse_release_
npc_barter_	npc_slot_hit_abs_
npc_barter_	set_workspace_
npc_barter_	skill_check_
npc_barter_	unforce_mouse_cursor_
npc_barter_find_	Obj_InList_
npc_barter_find_	Obj_MemTPtr_
npc_barter_find_	generate_inventory_
npc_barter_give_	EncumCheck_
npc_barter_give_	Obj_MemTPtr_
npc_barter_give_	Obj_PtrTMem_
npc_barter_give_	Obj_Rem_
npc_barter_give_	force_mouse_cursor_
npc_barter_give_	generate_inventory_
npc_barter_give_	mouse_hide_
npc_barter_give_	mouse_show_
npc_barter_give_	near_mob_put_at_
npc_barter_give_	set_workspace_
npc_barter_give_id_	EncumCheck_
npc_barter_give_id_	Obj_MemTPtr_
npc_barter_give_id_	Obj_PtrTMem_
npc_barter_give_id_	Obj_Rem_
npc_barter_give_id_	force_mouse_cursor_
npc_barter_give_id_	mouse_hide_
npc_barter_give_id_	mouse_show_
npc_barter_give_id_	near_mob_put_at_
npc_barter_give_id_	set_workspace_
npc_inv_add_	Obj_Add_
npc_inv_add_	Obj_Free_
npc_inv_add_	Obj_PtrTMem_
npc_inv_create_	CreateObj_
npc_inv_create_	Obj_Add_
npc_inv_create_	Obj_MemTPtr_
npc_inv_delete_	Obj_FreeLinkChain_
npc_inv_delete_	Obj_PtrTMem_
npc_likes_dislikes_	getmem_addr_
npc_say_	do_npc_scroll_
npc_say_	do_play_scroll_
npc_say_	scroll_print_
npc_say_	set_workspace_
npc_say_	strcat_
npc_slot_hit_abs_	play_slot_hit_abs_
obj_deal_	Map_GetAddr_
obj_deal_	Obj_MemTPtr_
obj_deal_	Obj_PtrTMem_
obj_deal_	Obj_Punt_
obj_deal_	ObjectCheck_
obj_deal_	TerrainCheck_
obj_deal_	check_res_
obj_deal_	do_filanium_
obj_deal_	process_objlist_
obj_deal_	put_effect_
obj_deal_	rand_
obj_deal_	static_to_mob_
obj_spells_	DetectedTrap_
obj_spells_	FixPlayerEquips_
obj_spells_	GetObjDesc_
obj_spells_	LookAt_
obj_spells_	Map_GetAddr_
obj_spells_	Obj_FindInMap_
obj_spells_	Obj_Punt_
obj_spells_	RemoveTrap_
obj_spells_	checkLock_
obj_spells_	do_teleport_
obj_spells_	editchng_
obj_spells_	game_sprint_
obj_spells_	mendable_
obj_spells_	mouse_release_
obj_spells_	player_setup_
obj_spells_	scroll_print_
obj_spells_	sp_enchant_
obj_spells_	spend_mana_
obj_spells_	unforce_mouse_cursor_
octant_	abs_
open_	sopen_
open_arc_	close_
open_arc_	decode_ark_
open_arc_	open_
open_arc_	read_
open_arc_	strcpy_
our_open_	open_
our_open_	strcat_
our_open_	strcpy_
out3d_	cFillFB_
out3d_	mouse_hide_
out3d_	mouse_show_
out3d_	send_FB_
palette_fade_	grfx_palrange_
panel_check_	pretty_panelagain_
panel_check_hpmp_	mouse_hide_
panel_check_hpmp_	mouse_show_
panel_check_hpmp_	restore_rect_
panel_check_hpmp_	set_font_size_
panel_check_hpmp_	sp_hp_
panel_check_hpmp_	sp_mp_
panel_check_hpmp_	sp_xp_
parse_aspells_	memset_
parse_effect_	abs_
parse_effect_	damage_item_
parse_effect_	editchng_
parse_effect_	game_sprint_
parse_effect_	rand_
parse_player_terr_	abs_
parse_player_terr_	newFPS_
parse_player_terr_	water_set_
parse_playin_	do_player_keyboard_
parse_playin_	mouse_getbut_
parse_playin_	move_cam_
parse_spells_	active_spells_
parse_spells_	parse_aspells_
parse_start_input_	draw_start_buttons_
parse_start_input_	grfx_quikfont_
parse_start_input_	loop_music_maybe_
parse_start_input_	mouse_get_input_
parse_start_input_	parse_start_mouse_
parse_start_input_	set_font_size_
parse_start_mouse_	draw_start_buttons_
parse_start_mouse_	grfx_quikfont_
parse_start_mouse_	mouse_get_input_
parse_start_mouse_	mouse_getxy_
parse_start_mouse_	set_font_size_
parse_start_mouse_	strlen_
pass_time_	Sched_SetAllClocks_
pfatal_	free_world_
pfatal_	strcpy_
pfatal_code_	free_world_
pfatal_code_	memcpy_
pfatal_code_	strlen_
phys_affect_player_	abs_
phys_affect_player_	change_GrSq_
phys_affect_player_	damage_item_
phys_affect_player_	hgt_change_
phys_affect_player_	parse_player_terr_
phys_affect_player_	play_effect_here_
phys_affect_player_	player_newsq_
phys_affect_player_	skill_check_
pic_to_fbuf_	grs_fbplot_
pic_to_fbuf_	grs_which1_
pic_to_screen_	grs_plot_
pic_to_screen_	grs_which1_
pick_3d_	IsMobElem_
pick_3d_	Obj_IntTMem_
pick_3d_	check_around_
pick_3d_	do_3d_grab_
pick_fightmode_	get_current_music_
pick_fightmode_	new_IconSelect_
pick_fightmode_	new_IconUnselect_
pick_fightmode_	set_new_music_
pick_fightmode_	set_screen_frame_
pick_fightmode_	unforce_mouse_cursor_
pick_inv_	FindInventoryHit_
pick_inv_	RemoveAllFromSlot_
pick_inv_	WhatsInSlot_
pick_scroll_	do_main_scroll_
pick_scroll_	do_play_scroll_
pickloc_	rand_
pickopt_	jname_input_
pickopt_	loop_music_maybe_
pickopt_	mouse_get_input_
pickopt_	mousopt_
pickopt_	selopt_
place_3d_view_	cPlaceFB_
place_3d_view_	cZoom_
place_3d_view_	mous_3d_set_
place_3d_view_	mous_player_
place_bridge_	CreateObj_
place_bridge_	Map_GetAddr_
place_bridge_	Obj_PtrTMem_
place_bridge_	put_at_
place_new_	CreateObj_
place_new_	force_mouse_cursor_
place_object_	Map_GetAddr_
place_object_	Obj_AddEnd_
place_object_	Obj_IntTMem_
place_object_	Obj_PtrTMem_
place_object_	Obj_Rem_
place_object_	can_place_
place_object_	getmem_
place_object_	obj_deal_
place_object_	put_at_
place_pitfighter_	CreateObj_
place_pitfighter_	Map_GetAddr_
place_pitfighter_	Obj_Add_
place_pitfighter_	can_place_
place_pitfighter_	creature_obj_init_
place_pitfighter_	editchng_
place_pitfighter_	rand_
play_barter_	play_slot_hit_abs_
play_barter_	set_workspace_
play_effect_	digi_fx_play_
play_effect_	fx_play_
play_effect_	sound_move_
play_effect_here_	digi_fx_play_
play_effect_here_	fx_play_
play_effect_on_mobile_	play_effect_
play_effect_on_mobile_src_	digi_fx_play_
play_effect_on_mobile_src_	fx_play_
play_effect_on_mobile_src_	sound_move_
play_instrument_	_AIL_release_channel
play_instrument_	_AIL_send_channel_voice_message
play_instrument_	_AIL_timbre_status
play_instrument_	game_sprint_
play_instrument_	install_timbre_
play_instrument_	memset_
play_instrument_	mouse_get_input_
play_music_	_AIL_sequence_status
play_music_	_AIL_set_relative_volume
play_music_	_AIL_start_sequence
play_respond_	do_play_scroll_
play_respond_	scroll_print_
play_respond_	set_workspace_
play_respond_	strcat_
play_respond_	strcpy_
play_say_	do_npc_scroll_
play_say_	do_play_scroll_
play_say_	scroll_print_
play_say_	set_workspace_
play_say_	strcat_
play_with_switches_	Map_GetAddr_
play_with_switches_	Obj_Check_
play_with_switches_	Obj_PtrTMem_
play_with_switches_	editchng_
player_3dattack_	player_attack_
player_3dget_	AskHowMany_
player_3dget_	BlockingTerrain_
player_3dget_	DoInventoryDrag_
player_3dget_	EncumCheck_
player_3dget_	HasOrIsObj_
player_3dget_	InPickRange_
player_3dget_	IsMobElem_
player_3dget_	Obj_Add_
player_3dget_	Obj_Free_
player_3dget_	Obj_Rem_
player_3dget_	UseObj_
player_3dget_	check_pplate_
player_3dget_	game_sprint_
player_3dget_	mouse_release_
player_3dget_	player_3dtalk_
player_3dget_	player_3duse_
player_3dget_	player_did_bad_
player_3dget_	player_grabbed_
player_3dget_	release_3d_
player_3dlook_	DetectedTrap_
player_3dlook_	InPickRange_
player_3dlook_	LookAt_
player_3dlook_	RemoveTrap_
player_3dlook_	checkTrap_
player_3dlook_	mouse_dragged_
player_3dlook_	mouse_release_
player_3dlook_	player_3dget_
player_3dlook_	scroll_print_
player_3dlook_	wd_bool_
player_3dlook_	wyorn_
player_3dtalk_	TalkTo_
player_3dtalk_	mouse_release_
player_3duse_	BlockingTerrain_
player_3duse_	InPickRange_
player_3duse_	UseObj_
player_3duse_	game_sprint_
player_3duse_	mouse_release_
player_affected_by_	backfire_
player_attack_	DoPlayerWeapon_
player_attack_	GetPlayerWeapon_
player_attack_	IsMobElem_
player_attack_	Map_GetAddr_
player_attack_	Obj_Add_
player_attack_	Obj_Free_
player_attack_	Obj_IntTMem_
player_attack_	Obj_MemTPtr_
player_attack_	OpenDoor_
player_attack_	add_animobj_
player_attack_	build_new_obj_
player_attack_	damage_square_
player_attack_	do_attack_
player_attack_	fin_attack_
player_attack_	fireball_effect_
player_attack_	force_mouse_cursor_
player_attack_	get_hp_back_
player_attack_	get_wfr_
player_attack_	missile_finish_
player_attack_	mous_in_3d_p_
player_attack_	mouse_getbut_
player_attack_	obj_spells_
player_attack_	player_fire_
player_attack_	set_screen_frame_
player_attack_	sp_hold_
player_attack_	sp_ward_undead_
player_barter_give_	Obj_IntTMem_
player_barter_give_	mouse_hide_
player_barter_give_	mouse_show_
player_barter_give_	npc_inv_add_
player_barter_give_	restore_rect_
player_barter_give_	set_workspace_
player_barter_items_	Obj_IntTMem_
player_cast_	do_spell_
player_cast_	fail_spell_
player_cast_	game_sprint_
player_cast_	play_effect_here_
player_cast_	skill_check_
player_compute_	restore_mana_
player_did_bad_	player_grabbed_
player_eat_	get_hp_back_
player_fire_	Obj_Free_
player_fire_	RemoveOneFromSlot_
player_fire_	check_ammo_
player_fire_	game_sprint_
player_fire_	missile_fire_
player_fire_	play_effect_here_
player_fire_	play_effect_on_mobile_src_
player_fire_	player_settr_
player_fire_	update_digi_playback_
player_get_exp_	advance_
player_get_exp_	panel_check_
player_get_exp_	panel_check_hpmp_
player_get_exp_	rand_
player_grabbed_	Obj_Check_
player_grabbed_	process_area_
player_is_dead_	Obj_IntTMem_
player_is_dead_	cFillFB_
player_is_dead_	clear_fight_state_
player_is_dead_	do_teleport_
player_is_dead_	fadeout3d_
player_is_dead_	game_sprint_
player_is_dead_	kill_all_effects_
player_is_dead_	load_new_music_
player_is_dead_	new_player_pos_
player_is_dead_	player_get_exp_
player_is_dead_	punt_mouse_obj_
player_is_dead_	punt_void_
player_is_dead_	put_player_in_jail_
player_is_dead_	real_death_
player_is_dead_	render_FB_
player_is_dead_	scroll_clear_
player_key_sleep_	FindObj_
player_key_sleep_	player_sleep_
player_killed_a_	player_get_exp_
player_killed_a_	rand_
player_killed_a_	rollem_
player_killed_a_	set_new_music_
player_looking_	abs_
player_looking_	check_alert_
player_looking_	deltatotheta_
player_mous_move_	mouse_constrain_
player_mous_move_	move_cam_
player_mous_move_	parse_playin_
player_settr_	mouse_getxy_
player_setup_	Obj_MemTPtr_
player_setup_	TerrainCheck_
player_setup_	change_GrSq_
player_setup_	parse_effect_
player_setup_	parse_player_terr_
player_setup_	set_resterr_
player_simple_move_	editchng_
player_simple_move_	mouse_clearQ_
player_simple_move_	move_physics_
player_simple_move_	simple_fizix_
player_simple_move_	update_animobj_
player_sleep_	DegradeLights_
player_sleep_	DoClosingDoors_
player_sleep_	DoWanderingMonsters_
player_sleep_	FixPlayerEquips_
player_sleep_	Killorn_just_crashed_
player_sleep_	NightCleanCritPages_
player_sleep_	Obj_GarbageCollect_
player_sleep_	change_music_maybe_
player_sleep_	damage_item_
player_sleep_	dream_
player_sleep_	drop_drunk_player_
player_sleep_	fadein3d_
player_sleep_	fadeout3d_
player_sleep_	game_sprint_
player_sleep_	hostile_creatures_near_
player_sleep_	load_digi_fx_
player_sleep_	panel_check_
player_sleep_	pass_time_
player_sleep_	player_eat_
player_sleep_	punt_all_digi_fx_
player_sleep_	punt_void_
player_sleep_	rand_
player_sleep_	render_FB_
player_sleep_	restore_hp_
player_sleep_	restore_mana_
player_sleep_	send_FB_
player_sleep_	set_random_walking_music_
player_sleep_	update_all_critters_whilst_player_snoozes_
player_sleep_	wandering_monster_check_
player_use_skill_	use_skill_
player_won_game_	congratulations_
player_won_game_	copy_visible_to_hidden_
player_won_game_	display_screen_
player_won_game_	game_stats_
player_won_game_	grfx_clear_
player_won_game_	jgame_stuff_
player_won_game_	mouse_get_input_
player_won_game_	mouse_hide_
player_won_game_	real_death_
player_won_game_	show_cutscene_
plot_pixel_	solid_pixel
polygon	shclip
polygon_	polygon
postodir_	mpos_
preload_cr_	close_
preload_cr_	open_
preload_cr_	read_
preset_grid_	cSqRt_
pretty_panelagain_	mouse_hide_
pretty_panelagain_	mouse_show_
pretty_panelagain_	read_gr_far_
pretty_panelagain_	rectangle_
pretty_panelagain_	set_the_color_
pretty_panelagain_	show_
print_info_	game_sprint_
print_info_	game_strings_3_
print_info_	mouse_release_
print_info_	scroll_print_
print_monster_	get_string_
print_monster_	print_path_to_
print_path_to_	abs_
print_path_to_	game_sprint_
print_path_to_	postodir_
print_path_to_	scroll_print_
printf_	__fprtf_
prison_alarm_check_	Obj_IntTMem_
prison_alarm_check_	is_my_race_
process_area_	Map_GetAddr_
process_area_	Obj_MemTPtr_
process_area_	Obj_PtrTMem_
process_area_	rand_
process_grid_	Clk_
process_grid_	Ref_
process_grid_	player_get_exp_
process_grid_	set_pix_xfer_
process_grid_	subprocess_
process_objlist_	oCswap_
program_timers	set_PIT_period
pull_chain_	set_screen_frame_
punt_all_digi_fx_	stop_digi_file_
punt_fightmode_	clear_fight_state_
punt_fightmode_	new_IconUnselect_
punt_fightmode_	set_random_walking_music_
punt_fightmode_	set_screen_frame_
punt_mouse_obj_	near_mob_put_at_
punt_mouse_obj_	unforce_mouse_cursor_
punt_single_task_	remove_task_
punt_sound_stuff_	free_s_mem_
punt_sound_stuff_	printf_
punt_tasks_	punt_single_task_
punt_void_	do_teleport_
punt_void_	editchng_
punt_void_	game_sprint_
punt_void_	player_setup_
punt_void_	punt_mouse_obj_
push_missile_	Obj_MemTPtr_
push_missile_	ObjectCheck_
push_missile_	TerrainCheck_
push_missile_	move_along_
push_missile_	process_objlist_
put_arc_	ac_shrink_disk_
put_arc_	ac_suck_data_
put_arc_	arc_read_tables_
put_arc_	arc_write_tables_
put_arc_	close_
put_arc_	get_ulong_
put_arc_	lseek_
put_arc_	memset_
put_arc_	open_
put_arc_	pfatal_code_
put_arc_	put_ulong_
put_arc_	read_
put_arc_	rename_
put_arc_	strcat_
put_arc_	strcpy_
put_arc_	tell_
put_arc_	unlink_
put_arc_	write_
put_at_	Map_GetAddr_
put_at_	Obj_Add_
put_at_	Obj_Elem_Fate_
put_at_	Obj_FreeLinkChain_
put_at_	drop_around_place_
put_down_	IsMobElem_
put_down_	Obj_PtrTMem_
put_down_	Obj_Punt_
put_down_	parse_player_terr_
put_effect_	CreateObj_
put_effect_	Map_GetAddr_
put_effect_	Obj_AddEnd_
put_effect_	Obj_Free_
put_effect_	Obj_MemTPtr_
put_effect_	add_animobj_
put_player_in_jail_	FixBagArea_
put_player_in_jail_	Obj_IntTMem_
put_player_in_jail_	do_teleport_
put_player_in_jail_	fire_trigger_at_
put_player_in_jail_	gronk_race_
put_player_in_jail_	gronk_whoami_
put_player_in_jail_	gruesome_door_hack_
put_player_in_jail_	new_player_pos_
put_player_in_jail_	pass_time_
put_player_in_jail_	player_get_exp_
put_player_in_jail_	punt_fightmode_
put_player_in_jail_	rand_
put_player_in_jail_	set_new_music_
put_player_in_jail_	teleport_critter_
put_player_in_jail_	update_all_critters_whilst_player_snoozes_
put_ulong_	lseek_
put_ulong_	tell_
put_ulong_	write_
quit_do_opt_	editexit_
quit_group_fun_	new_hilit_button_
raise_up_	IsMobElem_
raise_up_	Obj_PtrTMem_
raise_up_	Obj_Punt_
raise_up_	damage_item_
random_light_	lget_
random_light_	memcpy_
range_	rand_
read_	__get_errno_ptr_
read_	_set_errno_
read_anmhdr_	read_
read_file_to_mbuf_	bltfromdrive_
read_file_to_mbuf_	fclose_
read_file_to_mbuf_	filelength_
read_file_to_mbuf_	fopen_
read_fx_data_	_AIL_register_fx
read_fx_data_	fclose_
read_fx_data_	filelength_
read_fx_data_	fopen_
read_fx_data_	fread_
read_fx_data_	malloc_
read_fx_data_	strcat_
read_fx_data_	strcpy_
read_gr_far_	gronk_gr_
read_player_data_	newFPS_
read_player_data_	read_
read_player_data_	set_graphics_level_
read_player_data_	turn_fx_
read_player_data_	turn_music_
read_player_data_	xorread_
read_quikpal_	close_
read_quikpal_	lseek_
read_quikpal_	our_open_
read_quikpal_	read_
read_string_	fread_
read_string_	fseek_
readlp_	lseek_
readlp_	read_
readlpinc_	lseek_
readlpinc_	read_
real_death_	fadeout_
real_death_	memcpy_
real_death_	mouse_freereign_
real_death_	mouse_get_input_
real_death_	mouse_hide_
real_death_	real_start_
real_death_	reset_game_
real_death_	scroll_clear_
real_death_	set_compass_
real_death_	set_flask_
real_death_	set_screen_frame_
real_death_	show_cutscene_
real_start_	GetLevel_
real_start_	PreLoadCritPages_
real_start_	change_music_maybe_
real_start_	change_screen_
real_start_	clear_dir_
real_start_	create_player_
real_start_	disk_to_vid_
real_start_	do_intro_scene_
real_start_	do_journey_
real_start_	do_level_hacks_
real_start_	draw_start_buttons_
real_start_	editchng_
real_start_	fadein_
real_start_	fadeout_
real_start_	force_mouse_cursor_
real_start_	get_save_descs_
real_start_	get_string_
real_start_	get_workspace_
real_start_	grfx_quikfont_
real_start_	gronk_gr_
real_start_	init_babl_
real_start_	jstring_to_screen_
real_start_	load_dl_
real_start_	mouse_get_input_
real_start_	mouse_hide_
real_start_	mouse_show_
real_start_	move_initial_files_
real_start_	parse_start_input_
real_start_	pfatal_code_
real_start_	player_setup_
real_start_	preload_cr_
real_start_	punt_fightmode_
real_start_	read_quikpal_
real_start_	release_workspace_
real_start_	set_font_size_
real_start_	set_new_music_
real_start_	set_random_walking_music_
real_start_	set_workspace_
real_start_	show_credits_
real_start_	show_cutscene_
real_start_	strlen_
real_start_	unforce_mouse_cursor_
realloc_	_nexpand_
realloc_	_nmsize_
realloc_	free_
realloc_	malloc_
recalc_vecs_	space_to_motion_
recharge_lightbulbs_	HasOrIsObj_
recharge_lightbulbs_	Map_GetAddr_
recharge_lightbulbs_	Obj_Check_
recharge_lightbulbs_	Obj_PtrTMem_
recharge_lightbulbs_	put_effect_
rectangle	clip_rect
rectangle_	rectangle
redeem_all_bottles_	Map_GetAddr_
redeem_all_bottles_	Obj_Check_
redeem_all_bottles_	Obj_PtrTMem_
rehead_	abs_
rehead_	get_home_tile_
release_3d_	Obj_Rem_
release_3d_	checkTrap_
release_3d_	editchng_
release_camera_	attach_eye_
release_camera_	home_cam_
release_missile_	game_sprint_
release_missile_	spell_fire_
release_missile_	spend_mana_
reload_gr_vpic_	gronk_gr_
reload_obj_ems_	gronk_gr_
rem_anim_from_map_	Map_GetAddr_
rem_anim_from_map_	Obj_Free_
rem_anim_from_map_	Obj_PtrTMem_
rem_anim_from_map_	Obj_Rem_
removeFromSlot_	FixPlayerEquips_
removeFromSlot_	takeFromSlot_
remove_TK_wand_	InvRemoveOneObject_
remove_TK_wand_	Map_GetAddr_
remove_TK_wand_	Obj_Add_
remove_TK_wand_	Obj_Check_
remove_TK_wand_	Obj_IntTMem_
remove_TK_wand_	Obj_PtrTMem_
remove_TK_wand_	Obj_Rem_
remove_TK_wand_	put_at_
remove_TK_wand_	unforce_mouse_cursor_
remove_lock_	Obj_Free_
remove_lock_	Obj_InList_
remove_lock_	Obj_Rem_
remove_object_	DumpTheBag_
remove_object_	IsMobElem_
remove_object_	Map_GetAddr_
remove_object_	Obj_Elem_Fate_
remove_object_	Obj_FreeChain_
remove_object_	OpenDoor_
remove_object_	UseCont_
remove_object_	damage_item_
remove_object_	debris_type_
remove_object_	fill_FB_
remove_object_	game_sprint_
remove_object_	obj_deal_
remove_object_	put_effect_
remove_object_	rand_
remove_object_	remove_lock_
remove_object_	rollem_
remove_object_	try_remove_
remove_opponent_	Obj_MemTPtr_
remove_talker_	Map_GetAddr_
remove_talker_	Obj_Punt_
remove_whoami_	Map_GetAddr_
remove_whoami_	Obj_FreeLinkChain_
rename_	_set_errno_
render_3d	check_flat
render_3d	create_matrix
render_3d	scale_matrix
render_FB_	cRender_
render_FB_	do_2dclip_
render_FB_	gr_putlab_
render_FB_	reset_db_
render_FB_	set_the_window_
render_FB_	setup_vars_
repair_item_	FixPlayerEquips_
repair_item_	InvRemoveOneObject_
repair_item_	Map_GetAddr_
repair_item_	Obj_Elem_Fate_
repair_item_	Obj_Punt_
repair_item_	do_repair_
repair_item_	editchng_
repair_item_	game_sprint_
repair_item_	get_name_
repair_item_	get_rep_diff_
repair_item_	pass_time_
repair_item_	scroll_print_
repair_item_	wd_bool_
repair_item_	wyorn_
report_loc_	scroll_print_
report_loc_	sprintf_
reset_arrow_pillars_	Map_GetAddr_
reset_arrow_pillars_	Obj_InList_
reset_arrow_pillars_	change_terrain_
reset_game_	FixPlayerEquips_
reset_game_	Punt_player_inv_
reset_game_	attach_eye_
reset_game_	load_digi_fx_
reset_game_	punt_all_digi_fx_
reset_game_	punt_fightmode_
reset_game_	reset_scrgr_
reset_game_	reset_times_
reset_game_	set_drugged_
reset_game_	unforce_mouse_cursor_
reset_scrgr_	update_sprites_
reset_vectors	call_real
resetexit	reset_vectors
resetexit	resetmouse
resetexit	restoreMode
resetexit	restorekey
resolve_attack_	ObjectCheck_
resolve_attack_	TerrainCheck_
resolve_attack_	find_wall_coll_
resolve_attack_	move_along_
resolve_attack_	pickloc_
resolve_attack_	process_objlist_
resolve_attack_	set_hitobj_
restore_hp_	panel_check_hpmp_
restore_hp_	rand_
restore_mana_	panel_check_hpmp_
restore_mana_	rand_
restore_opt_	ShowSaveRest_
restore_opt_	check_rest_
restore_rect_	rectangle
restore_rect_	set_the_color_
restore_sliding_panel_	pretty_panelagain_
restorekey	call_real
resume_play_opt_	scroll_clear_
roll_stats_	player_compute_
roll_stats_	rand_
rollem_	rand_
ruin_cure_potions_	Map_GetAddr_
ruin_cure_potions_	Obj_Check_
ruin_cure_potions_	Obj_PtrTMem_
run_time_critical_things_	anm_cycle_
run_time_critical_things_	anm_sound_
run_time_critical_things_	run_timebased_tasks_
run_timebased_tasks_	remove_task_
s_shclip	pack_vertices
save_opt_	ShowSaveRest_
save_opt_	check_save_
save_player_data_	fx_is_on_
save_player_data_	music_is_on_
save_player_data_	write_
save_player_data_	xorwrite_
save_rect	rectangle
save_rect	set_the_color_
save_rect_	save_rect
sbrk_	__brk_
sbrk_	__get_errno_ptr_
scale_matrix	lsqrt
scroll_clear_	draw_conv_edges_
scroll_clear_	draw_edges_
scroll_clear_	mouse_hide_
scroll_clear_	mouse_show_
scroll_clear_	rectangle_
scroll_clear_	set_mouse_in_
scroll_clear_	set_the_color_
scroll_more_	jstring_to_screen_
scroll_more_	rectangle_
scroll_more_	scroll_up_
scroll_more_	scroll_wait_
scroll_more_	set_the_color_
scroll_print1_	knjchr_
scroll_print1_	scroll_print2_
scroll_print2_	knjchr_
scroll_print2_	scroll_print3_
scroll_print3_	jstring_to_screen_
scroll_print3_	scroll_more_
scroll_print3_	scroll_up_
scroll_print3_	scroll_wait_
scroll_print3_	scroll_wrap_
scroll_print3_	strlen_
scroll_print_	memcpy_
scroll_print_	mouse_hide_
scroll_print_	mouse_show_
scroll_print_	scroll_clear_
scroll_print_	scroll_print1_
scroll_print_	set_mouse_in_
scroll_print_	strlen_
scroll_up_	draw_conv_edges_
scroll_up_	draw_edges_
scroll_up_	rectangle_
scroll_up_	set_the_color_
scroll_up_	vcopy_
scroll_wait_	change_music_maybe_
scroll_wait_	mouse_get_input_
scroll_wait_	mouse_hide_
scroll_wait_	mouse_release_
scroll_wait_	mouse_show_
scroll_wait_	set_mouse_in_
scroll_wrap_	jstring_to_screen_
scroll_wrap_	scroll_print3_
scroll_wrap_	strlen_
select_harddrive_	iprint_
select_harddrive_	loop_music_maybe_
select_harddrive_	mouse_get_input_
select_harddrive_	mouse_getxy_
select_harddrive_	mouse_hide_
select_harddrive_	mouse_show_
selopt_	get_string_
selopt_	jstring_to_screen_
selopt_	mouse_hide_
selopt_	mouse_show_
selopt_	set_cuts_ems_
selopt_	show_
selopt_	strlen_
send_FB_	cFBtoScreen_
send_FB_	do_fbuf_bms_
send_db_	cFBtoScreen_
send_db_	cRender_
send_db_	do_fbuf_bms_
send_db_	mous_3d_hide_
send_db_	mous_3d_show_
send_db_	set_the_window_
set_animlen_	find_anim_
set_attitude_	getmem_
set_attitude_	gronk_whoami_
set_compass_	draw_sprite_
set_compass_	move_sprite_
set_compass_	update_sprites_
set_critter_vars_	Obj_MemTPtr_
set_curmagic_	FixPlayerEquips_
set_curmagic_	rollem_
set_cyb_	rand_
set_drugged_	grfx_quikpal_
set_drugged_	rand_
set_drugged_	random_light_
set_drugged_	set_cyb_
set_flask_	draw_sprite_
set_flask_	move_sprite_
set_flask_	pic_to_screen_
set_flask_	update_sprites_
set_hitobj_	IsMobElem_
set_hitobj_	Obj_IntTMem_
set_inv_quality_	Obj_IntTMem_
set_inv_quality_	getmem_
set_jmp_	abs_
set_light_	close_
set_light_	editchng_
set_light_	lget_
set_light_	lseek_
set_light_	our_open_
set_light_	preset_grid_
set_light_	read_
set_mouse_data_	MousReSave_
set_mouse_data_	_actual_mhide_
set_mouse_data_	grs_which1_
set_mouse_in_	mouse_check_reg_
set_numbered_variable_	do_math_op_
set_phys_data_	Map_GetAddr_
set_phys_data_	Obj_Add_
set_phys_data_	Obj_Rem_
set_phys_data_	check_pplate_
set_phys_data_	damage_item_
set_phys_data_	hgt_change_
set_phys_data_	mob_to_static_
set_phys_data_	obj_deal_
set_phys_data_	play_effect_on_mobile_
set_phys_data_	rand_
set_phys_data_	static_to_mob_
set_phys_data_	update_hack_vecs_
set_player_phys_params_	abs_
set_player_phys_params_	do_player_input_
set_player_phys_params_	munge_vectors_
set_player_phys_params_	rand_
set_player_phys_params_	set_effect_
set_quest_	getmem_
set_race_attitude_	Map_GetAddr_
set_race_attitude_	Obj_PtrTMem_
set_race_attitude_	getmem_
set_random_walking_music_	rand_
set_runes_	change_sprite_
set_runes_	create_sprite_
set_runes_	draw_sprite_
set_runes_	erase_sprite_
set_runes_	update_sprites_
set_sequence_	getmem_
set_sequence_	gronk_whoami_
set_skills_	add_to_skill_
set_targz_	Obj_IntTMem_
set_targz_	Obj_PtrTMem_
set_targz_	process_objlist_
set_the_window_	set_the_window
set_up_target_	Obj_IntTMem_
setcol_common	set_the_color_
setup_converse_data_	bab_var_
setup_icon_buttons_	input_addmouse_
setup_icon_buttons_	mouse_hide_
setup_icon_buttons_	mouse_show_
setup_icon_buttons_	pic_to_screen_
setup_to_barter_	Obj_Add_
setup_to_barter_	Obj_IntTMem_
setup_to_barter_	Obj_MemTPtr_
setup_to_barter_	Obj_PtrTMem_
setup_to_barter_	Obj_Rem_
setup_to_barter_	generate_inventory_
setup_to_barter_	rand_
setup_to_barter_	set_workspace_
setup_vars_	Map_GetAddr_
setup_vars_	get_eye_
sex_	getmem_
shadowed_string_to_screen_	shadowed_string_to_screen
should_i_flee_	rand_
show_	show
show_a_part_	pic_to_screen_
show_anm_	close_
show_anm_	cutoff_cutscene_speech_
show_anm_	cuts_init_info_
show_anm_	cuts_make_fname_
show_anm_	cuts_process_anm_
show_anm_	fadeout_
show_anm_	free_speech_stuff_
show_anm_	get_cuts_ems_
show_anm_	gobble_input_events_
show_anm_	grfx_clear_
show_anm_	memcpy_
show_anm_	open_
show_anm_	pfatal_
show_anm_	punt_tasks_
show_anm_	read_
show_anm_	set_the_window_
show_anm_	virtual_screen_
show_anm_	vscreen_focus_
show_atts_	itoa_
show_atts_	rectangle_
show_atts_	set_the_color_
show_atts_	string_to_screen_
show_atts_	string_width_
show_credits_	editchng_
show_credits_	show_cutscene_
show_cutscene_	cutoff_cutscene_speech_
show_cutscene_	editchng_
show_cutscene_	get_workspace_
show_cutscene_	grfx_quikfont_
show_cutscene_	grfx_quikpal_
show_cutscene_	load_new_music_
show_cutscene_	load_txtmaps_
show_cutscene_	mouse_hide_
show_cutscene_	mouse_show_
show_cutscene_	newscr_
show_cutscene_	punt_all_digi_fx_
show_cutscene_	release_workspace_
show_cutscene_	set_font_size_
show_cutscene_	show_anm_
show_gem_parts_	show_a_part_
show_inst_buttons_	show_
show_kmode_	erase_kmode_
show_kmode_	jstring_to_screen_
show_skills_	get_string_
show_skills_	itoa_
show_skills_	jstring_to_screen_
show_skills_	rectangle_
show_skills_	set_the_color_
show_skills_	strlen_
show_version_	game_sprint_
show_version_	scroll_print_
simple_fizix_	Obj_PtrTMem_
simple_fizix_	ObjectCheck_
simple_fizix_	UseTrigger_
simple_fizix_	can_place_
simple_fizix_	change_GrSq_
simple_fizix_	move_along_
simple_fizix_	parse_player_terr_
simple_fizix_	process_objlist_
sink_sink_sink_	damage_item_
sink_sink_sink_	editchng_
sink_sink_sink_	fill_FB_
sink_sink_sink_	rollem_
sink_sink_sink_	skill_check_
skill_check_	rand_
skup_ductosnore_	Map_GetAddr_
skup_ductosnore_	Obj_FindInMapSquare_
skup_ductosnore_	Obj_Rem_
skup_ductosnore_	fire_trigger_at_
skup_ductosnore_	put_at_
smooth_closure	code_pnt
smooth_over	supolygon_1
sopen_	__get_errno_ptr_
sopen_	_set_errno_
sopen_	isatty_
sort_setup_	memcpy_
sort_setup_	memset_
sound_move_	cFstSinCos_
sound_move_	cSqRt_
sp_att_	itoa_
sp_att_	jstring_to_screen_
sp_att_	strlen_
sp_bleed_	game_sprint_
sp_bleed_	wound_foe_
sp_charm_	change_critter_goal_
sp_charm_	check_res_
sp_charm_	get_string_
sp_charm_	put_effect_
sp_charm_	remove_opponent_
sp_confusion_	Obj_IntTMem_
sp_confusion_	hit_critter_goal_
sp_confusion_	put_effect_
sp_confusion_	rand_
sp_enchant_	DisplayInventory_
sp_enchant_	GetObjDesc_
sp_enchant_	Obj_PtrTMem_
sp_enchant_	charge_object_
sp_enchant_	chargeable_
sp_enchant_	decode_obj_spell_
sp_enchant_	editchng_
sp_enchant_	game_sprint_
sp_enchant_	rand_
sp_enchant_	scroll_print_
sp_enchant_	sp_enchant_destroy_
sp_enchant_destroy_	DamageInventory_
sp_enchant_destroy_	DisplayInventory_
sp_enchant_destroy_	FindSlot_
sp_enchant_destroy_	FixPlayerEquips_
sp_enchant_destroy_	damage_item_
sp_enchant_destroy_	sp_enchant_faildestroymess_
sp_enchant_faildestroymess_	GetObjDesc_
sp_enchant_faildestroymess_	Map_GetAddr_
sp_enchant_faildestroymess_	Obj_Add_
sp_enchant_faildestroymess_	Obj_Free_
sp_enchant_faildestroymess_	Obj_MemTPtr_
sp_enchant_faildestroymess_	add_animobj_
sp_enchant_faildestroymess_	build_new_obj_
sp_enchant_faildestroymess_	damage_square_
sp_enchant_faildestroymess_	fireball_effect_
sp_enchant_faildestroymess_	game_sprint_
sp_enchant_faildestroymess_	scroll_print_
sp_fear_	hit_critter_goal_
sp_frost_	Obj_Add_
sp_frost_	Obj_Free_
sp_frost_	Obj_IntTMem_
sp_frost_	Obj_MemTPtr_
sp_frost_	add_animobj_
sp_frost_	build_new_obj_
sp_frost_	damage_item_
sp_frost_	rand_
sp_frost_	wound_foe_
sp_hdr_	get_string_
sp_hdr_	itoa_
sp_hdr_	jstring_to_screen_
sp_hdr_	strlen_
sp_hdr_	strncpy_
sp_hold_	check_res_
sp_hold_	hit_critter_goal_
sp_hold_	rand_
sp_hp_	itoa_
sp_hp_	jstring_to_screen_
sp_hp_	strlen_
sp_meteor_	Obj_Add_
sp_meteor_	Obj_Free_
sp_meteor_	Obj_MemTPtr_
sp_meteor_	add_animobj_
sp_meteor_	build_new_obj_
sp_meteor_	damage_square_
sp_meteor_	fireball_effect_
sp_meteor_	rand_
sp_mp_	itoa_
sp_mp_	jstring_to_screen_
sp_mp_	strlen_
sp_poison_	Obj_IntTMem_
sp_poison_	damage_item_
sp_poison_	put_effect_
sp_poison_	rollem_
sp_repel_undead_	Obj_IntTMem_
sp_repel_undead_	Obj_MemTPtr_
sp_repel_undead_	check_res_
sp_repel_undead_	destroy_floatskull_
sp_repel_undead_	hit_critter_goal_
sp_repel_undead_	put_effect_
sp_repel_undead_	rand_
sp_repel_undead_	wound_foe_
sp_sheet_light_	Obj_Add_
sp_sheet_light_	Obj_Free_
sp_sheet_light_	Obj_MemTPtr_
sp_sheet_light_	add_animobj_
sp_sheet_light_	build_new_obj_
sp_sheet_light_	damage_square_
sp_sheet_light_	rand_
sp_shockwave_	Obj_IntTMem_
sp_shockwave_	Obj_MemTPtr_
sp_shockwave_	put_effect_
sp_shockwave_	wound_foe_
sp_skill_	get_string_
sp_skill_	itoa_
sp_skill_	jstring_to_screen_
sp_skill_	strlen_
sp_smite_	game_sprint_
sp_smite_	wound_foe_
sp_study_monster_	GetObjDesc_
sp_study_monster_	check_res_
sp_study_monster_	game_sprint_
sp_study_monster_	get_string_
sp_study_monster_	itoa_
sp_study_monster_	scroll_print_
sp_study_monster_	strcat_
sp_study_monster_	study_monster_spells_
sp_true_sight_	Obj_InList_
sp_true_sight_	UseTrigger_
sp_ward_undead_	Obj_IntTMem_
sp_ward_undead_	check_res_
sp_ward_undead_	damage_item_
sp_ward_undead_	destroy_floatskull_
sp_xp_	jstring_to_screen_
sp_xp_	ltoa_
sp_xp_	strlen_
space_to_motion_	ObjectCheck_
space_to_motion_	TerrainCheck_
space_to_motion_	abs_
space_to_motion_	cSinCos_
space_to_motion_	set_targz_
space_to_motion_	space_to_pos_
special_spells_	FixPlayerEquips_
special_spells_	automap_area_
special_spells_	chg_plyp_
special_spells_	damage_item_
special_spells_	do_spell_
special_spells_	fill_FB_
special_spells_	game_sprint_
special_spells_	panel_check_hpmp_
special_spells_	rand_
special_spells_	set_effect_
special_spells_	skill_check_
special_spells_	thump_your_magic_twanger_froggie_
speech_over_	_AIL_sound_buffer_status
spell_fire_	missile_fire_
spell_fire_	play_effect_on_mobile_
spell_fire_	play_effect_on_mobile_src_
spell_fire_	player_settr_
spolygon	s_shclip
sprintf_	__prtf_
standing_wave_	Map_GetAddr_
standing_wave_	abs_
standing_wave_	change_terrain_
start_gameinp_	input_addmouse_
start_gameinp_	setup_icon_buttons_
stat_	__get_errno_ptr_
stat_	_d2ttime_
stat_	chdir_
stat_	getcwd_
stat_	strchr_
stat_	strcmp_
stat_	strpbrk_
stat_	tolower_
static_to_mob_	Change_AnimPtr_
static_to_mob_	Map_GetAddr_
static_to_mob_	Obj_Add_
static_to_mob_	Obj_Alloc_
static_to_mob_	Obj_Free_
static_to_mob_	Obj_Rem_
static_to_mob_	mob_init_
stop_and_talk_	FixPlayerEquips_
stop_and_talk_	TalkTo_
stop_and_talk_	clear_fight_state_
stop_digi_file_	_AIL_stop_digital_playback
stop_music_	_AIL_stop_sequence
store_targ_	Obj_MemTPtr_
store_targ_	abs_
string_to_screen_	string_to_screen
string_width_	string_width
strpbrk_	__setbits_
strt_chargen_	close_
strt_chargen_	disk_to_vid_
strt_chargen_	drawopt_
strt_chargen_	fadein_
strt_chargen_	fadeout_
strt_chargen_	free_cuts_ems_
strt_chargen_	gen_char_
strt_chargen_	get_cuts_ems_
strt_chargen_	grfx_clear_
strt_chargen_	grfx_quikfont_
strt_chargen_	gronk_gr_
strt_chargen_	init_char_
strt_chargen_	load_chrgen_data_
strt_chargen_	load_txtmaps_
strt_chargen_	mouse_hide_
strt_chargen_	mouse_show_
strt_chargen_	open_
strt_chargen_	pfatal_code_
strt_chargen_	read_
strt_chargen_	read_quikpal_
strt_chargen_	selopt_
strt_chargen_	set_cuts_ems_
strt_chargen_	set_font_size_
strt_chargen_	strcat_
strt_chargen_	strcpy_
strt_converse_	BeginInventory_
strt_converse_	Converse_
strt_converse_	RedispInv_
strt_converse_	barter_init_
strt_converse_	change_music_maybe_
strt_converse_	disk_to_vid_
strt_converse_	do_npc_scroll_
strt_converse_	do_play_scroll_
strt_converse_	get_name_
strt_converse_	get_string_
strt_converse_	get_workspace_
strt_converse_	grfx_quikfont_
strt_converse_	gronk_gr_
strt_converse_	jstring_to_screen_
strt_converse_	mouse_freereign_
strt_converse_	mouse_hide_
strt_converse_	mouse_show_
strt_converse_	newscr_
strt_converse_	pfatal_code_
strt_converse_	rectangle_
strt_converse_	scroll_clear_
strt_converse_	set_font_size_
strt_converse_	set_random_walking_music_
strt_converse_	set_the_color_
strt_converse_	set_workspace_
strt_converse_	show_
strt_converse_	strcpy_
strt_converse_	strlen_
strt_converse_	update_sprites_
strt_demscr_	FixPlayerEquips_
strt_demscr_	demous_player_
strt_demscr_	display_screen_
strt_demscr_	editchng_
strt_demscr_	fadein_
strt_demscr_	fadeout_
strt_demscr_	init_gamedisp_
strt_demscr_	memcpy_
strt_demscr_	mouse_hide_
strt_demscr_	mouse_show_
strt_demscr_	pfatal_code_
strt_demscr_	place_3d_view_
strt_demscr_	read_quikpal_
strt_demscr_	render_FB_
strt_demscr_	send_FB_
strt_txtscr_	newscr_
study_monster_spells_	check_res_
study_monster_spells_	get_string_
study_monster_spells_	strcat_
subprocess_	Map_GetAddr_
subprocess_	grdb_elem_
subprocess_	sort_setup_
supolygon	pack_vertices
sutpolygon	vsy_ylr_lp
switch_flip_hack_	Obj_FindInMapSquare_
switch_flip_hack_	checkTrap_
switch_flip_hack_	flip_switch_
switch_pic_	bab_free_
switch_pic_	bab_malloc_
switch_pic_	get_name_
switch_pic_	getmem_
switch_pic_	gronk_gr_
switch_pic_	jstring_to_screen_
switch_pic_	mouse_hide_
switch_pic_	mouse_show_
switch_pic_	set_the_color_
switch_pic_	set_workspace_
switch_pic_	show_
switch_pic_	urectangle_
takeFromSlot_	ItemWeight_
takeFromSlot_	Obj_Add_
takeFromSlot_	Obj_Alloc_
takeFromSlot_	Obj_MemTPtr_
takeFromSlot_	Obj_PtrTMem_
takeFromSlot_	Obj_Rem_
takeFromSlot_	find_obj_
take_from_npc_inv_	Obj_PtrTMem_
take_from_npc_inv_	getmem_
talk_to_disembodied_	CreateObj_
talk_to_disembodied_	Map_GetAddr_
talk_to_disembodied_	Obj_Add_
talk_to_disembodied_	Obj_Free_
talk_to_disembodied_	Obj_Rem_
talk_to_disembodied_	TalkTo_
target_found_	deltatotheta_
target_found_	line_of_sight_
target_spells_	Obj_MemTPtr_
target_spells_	mouse_release_
target_spells_	spend_mana_
target_spells_	unforce_mouse_cursor_
task_palfade_	palette_fade_
teleport_critter_	Map_GetAddr_
teleport_critter_	Obj_Add_
teleport_critter_	Obj_MemTPtr_
teleport_critter_	Obj_Rem_
teleport_critter_	can_place_
teleport_critter_	set_critter_vars_
teleport_critter_	set_gridx_and_y_based_on_tile_type_
teleport_player_	getmem_
teleport_talker_	getmem_
tell_	_set_errno_
term_icon_buttons_	input_del_
thump_your_magic_twanger_froggie_	game_sprint_
thump_your_magic_twanger_froggie_	gronk_area_
thump_your_magic_twanger_froggie_	play_effect_here_
time_	__getctime_
time_	mktime_
titlescr_	mouse_get_input_
titlescr_	show_cutscene_
toast_animobj_	Obj_MemTPtr_
toast_animobj_	Obj_PtrTMem_
toast_animobj_	can_place_
toast_animobj_	changeDoor_
toast_animobj_	do_animobj_
toast_animobj_	play_effect_
toast_animobj_	rem_anim_from_map_
toggle_fightmode_	pick_fightmode_
toggle_fightmode_	punt_fightmode_
toggle_object_height_	Obj_IntTMem_
toggle_object_height_	editchng_
toggle_pillars_hack_	Map_GetAddr_
toggle_pillars_hack_	change_terrain_
transform_creature_	Map_GetAddr_
transform_creature_	Obj_MemTPtr_
transform_creature_	can_place_
transform_talker_	getmem_
transform_talker_	transform_creature_
trap_fire_	missile_fire_
trap_fire_	play_effect_on_mobile_src_
trap_init_	fread_
trap_obj_del_	delete_trap_
trap_obj_del_	trigger_obj_del_
trap_save_	fwrite_
tremor_area_	CreateObj_
tremor_area_	IsMobElem_
tremor_area_	put_at_
tremor_area_	rand_
trigger_obj_del_	Map_GetAddr_
trigger_obj_del_	Obj_Free_
trigger_obj_del_	Obj_MemTPtr_
trigger_obj_del_	Obj_PtrTMem_
trigger_obj_del_	Obj_Rem_
trigger_obj_del_	delete_trap_
trigger_obj_del_	rem_timer_obj_
true_gem_region_	abs_
true_gem_region_	octant_
try_cast_	game_sprint_
try_cast_	mouse_release_
try_cast_	not_a_spell_
try_cast_	play_effect_here_
try_cast_	player_cast_
try_clear_	FixPlayerEquips_
try_clear_	dispel_spell_
try_clear_	game_sprint_
try_clear_	get_string_
try_clear_	mouse_release_
try_clear_	parse_aspells_
try_clear_	scroll_print_
try_remove_	Obj_Punt_
try_to_open_door_	UseObj_
try_to_open_door_	checkLock_
try_to_open_door_	damage_item_
try_to_open_door_	rand_
turn_fx_	kill_all_effects_
turn_music_	_AIL_start_sequence
turn_music_	_AIL_stop_sequence
turn_music_	load_new_music_
turn_music_	set_random_walking_music_
turn_real_fine_	cAtan2_
turn_real_fine_	cSqRt_
txtflr_	polyflr_
txtwal_	polywal_
tzset_	getenv_
ubox	uhline
ubox	uvline
ubox_	ubox
uhline_	uhline
uline_	uline
undefineMouseRegion_	checkMouse_
unforce_mouse_cursor_	checkMouse_
unforce_mouse_cursor_	mouse_hide_
unforce_mouse_cursor_	mouse_show_
unforce_mouse_cursor_	set_mouse_data_
unlink_	_set_errno_
unsolve_compass_	abs_
unsolve_compass_	box_
unsolve_compass_	set_the_color_
up_crit_	Map_GetAddr_
up_crit_	Obj_Add_
up_crit_	Obj_FreeLinkChain_
up_crit_	Obj_MemTPtr_
up_crit_	Obj_Rem_
up_crit_	can_place_
up_crit_	rand_
up_crit_	set_gridx_and_y_based_on_tile_type_
up_mob_	Map_GetAddr_
up_mob_	Obj_Add_
up_mob_	Obj_Punt_
up_mob_	Obj_Rem_
up_mob_	drop_around_place_
up_mob_	mob_to_static_
update_all_critters_whilst_player_snoozes_	memset_
update_all_critters_whilst_player_snoozes_	up_crit_
update_all_critters_whilst_player_snoozes_	up_mob_
update_animobj_	Obj_IntTMem_
update_animobj_	Obj_PtrTMem_
update_animobj_	UseTrigger_
update_animobj_	abs_
update_animobj_	do_animobj_
update_animobj_	editchng_
update_animobj_	toast_animobj_
update_big_speech_	_AIL_register_sound_buffer
update_big_speech_	_AIL_sound_buffer_status
update_big_speech_	_AIL_start_digital_playback
update_big_speech_	close_
update_big_speech_	memcpy_
update_big_speech_	read_
update_converse_data_	bab_var_out_
update_converse_data_	change_critter_goal_
update_converse_data_	player_get_exp_
update_digi_playback_	_AIL_register_sound_buffer
update_digi_playback_	_AIL_set_digital_playback_panpot
update_digi_playback_	_AIL_set_digital_playback_volume
update_digi_playback_	_AIL_sound_buffer_status
update_digi_playback_	_AIL_start_digital_playback
update_digi_playback_	load_dfx_page_
update_digi_playback_	sound_move_
update_hack_vecs_	rand_
update_map_scraps_	GetAutoMapLevel_
update_map_scraps_	GetTheWords_
update_map_scraps_	SaveAutoMapLevel_
update_map_scraps_	SaveTheWords_
update_map_scraps_	get_workspace_
update_map_scraps_	map_section_
update_map_scraps_	memcpy_
update_map_scraps_	player_get_exp_
update_map_scraps_	release_workspace_
update_map_scraps_	set_workspace_
update_pplate_	Obj_PtrTMem_
update_screen_	rand_
update_screen_	update_sprites_
update_sprites_	mask_to_screen_
update_sprites_	mouse_hide_
update_sprites_	mouse_show_
update_sprites_	pic_to_screen_
update_sprites_	restore_rect_
update_sprites_	save_rect
update_sprites_	vfree_
upolygon_	upolygon
urectangle_	urectangle
useNSpellCharges_	Obj_Free_
useNSpellCharges_	Obj_InList_
useNSpellCharges_	Obj_Rem_
useNSpellCharges_	rand_
use_skill_	game_sprint_
use_skill_	get_string_
use_skill_	mdetect_
use_skill_	scroll_print_
ushadowed_string_to_screen	char_prop
ushadowed_string_to_screen	shift_left_1
using_punt_	InvRemoveOneObject_
using_punt_	Map_GetAddr_
using_punt_	Obj_Find_
using_punt_	Obj_FreeChain_
using_punt_	Obj_FreeLinkChain_
using_punt_	Obj_MemTPtr_
using_punt_	Obj_PtrTMem_
using_punt_	Obj_Punt_
using_punt_	editchng_
ustring_to_screen	char_prop
uvline_	uvline
valloc_	malloc_
vcopy_	vcopy
vcopyfb_	vcopyfb
vend_check_gold_	Map_GetAddr_
vend_check_gold_	Obj_FreeLinkChain_
vend_check_gold_	Obj_PtrTMem_
vend_check_gold_	Obj_Rem_
vfree_	free_
virtual_screen_	make_ytable_
virtual_screen_	memset_
vscreen_focus_	make_ytable_
vsprintf_	__prtf_
wander_that_monster_	Map_GetAddr_
wander_that_monster_	Obj_Add_
wander_that_monster_	Obj_MemTPtr_
wander_that_monster_	Obj_PtrTMem_
wander_that_monster_	Obj_Rem_
wander_that_monster_	UseTrap_
wander_that_monster_	can_place_
wander_that_monster_	flood_path_
wander_that_monster_	rand_
wander_that_monster_	set_critter_vars_
wander_that_monster_	set_gridx_and_y_based_on_tile_type_
wander_that_monster_	set_loc_
wandering_monster_check_	gronk_area_
water_set_	punt_fightmode_
wd_bool_	pick_scroll_
wd_bool_	rectangle_
wd_bool_	scroll_print_
wd_bool_	set_the_color_
wd_replace_	itoa_
wd_replace_	pick_scroll_
wd_replace_	rectangle_
wd_replace_	scroll_print_
wd_replace_	set_the_color_
wdialog_	abs_
wdialog_	erase_kmode_
wdialog_	jstring_to_screen_
wdialog_	key_mode_
wdialog_	kk_conv_
wdialog_	mouse_get_input_
wdialog_	mouse_hide_
wdialog_	mouse_release_
wdialog_	mouse_show_
wdialog_	pick_scroll_
wdialog_	rectangle_
wdialog_	scroll_print_
wdialog_	set_the_color_
wdialog_	show_kmode_
wdialog_	strcpy_
wdialog_	strlen_
whack_thing_	Obj_IntTMem_
whack_thing_	check_res_
whack_thing_	damage_item_
where_shall_we_hang_out_	rand_
wmap_bitmap	get_wleft
wmap_bitmap	start_wmapbm
wound_foe_	Obj_IntTMem_
wound_foe_	damage_item_
wound_foe_	put_effect_
wound_foe_	set_screen_frame_
write_	__STKOVERFLOW_
write_	__get_errno_ptr_
write_	_set_errno_
write_	stackavail_
wyorn_	game_sprint_
wyorn_	mouse_get_input_
wyorn_	mouse_hide_
wyorn_	mouse_release_
wyorn_	mouse_show_
wyorn_	pick_scroll_
wyorn_	scroll_print_
wyorn_	wd_bool_
x_clock_	getmem_
x_exp_	getmem_
x_exp_	player_get_exp_
x_exp_	set_workspace_
x_obj_pos_	Map_GetAddr_
x_obj_pos_	Obj_IntTMem_
x_obj_pos_	getmem_
x_obj_pos_	getmem_addr_
x_obj_stuff_	Obj_IntTMem_
x_obj_stuff_	getmem_
x_obj_stuff_	getmem_addr_
x_skills_	get_skill_
x_skills_	getmem_
x_skills_	grant_skill_advance_
x_traps_	get_numbered_variable_
x_traps_	getmem_
x_traps_	set_numbered_variable_
xor_xor_table_	pfatal_code_
xorread_	build_xor_table_
xorread_	read_
xorread_	xor_xor_table_
xorwrite_	build_xor_table_
xorwrite_	write_
xorwrite_	xor_xor_table_
xt_spells_	FixPlayerEquips_
xt_spells_	FreePlayerInv_
xt_spells_	Map_GetAddr_
xt_spells_	Obj_MemTPtr_
xt_spells_	attach_eye_
xt_spells_	can_place_
xt_spells_	clear_runes_
xt_spells_	clear_shelf_
xt_spells_	clearobj_
xt_spells_	do_teleport_
xt_spells_	editchng_
xt_spells_	game_sprint_
xt_spells_	get_hp_back_
xt_spells_	gronk_area_
xt_spells_	home_cam_
xt_spells_	move_along_
xt_spells_	play_effect_on_mobile_
xt_spells_	player_setup_
xt_spells_	pretty_panelagain_
xt_spells_	rollem_
xt_spells_	set_curmagic_
xt_spells_	set_drugged_
xt_spells_	set_effect_
yearly_checkup_	rand_
z_part_	Obj_IntTMem_
z_part_	do_partition_
